0.1 0.95618799
0.2 0.90968809
0.3 0.86308735
0.4 0.81908037
0.5 0.78029621
0.6 0.74904358
0.7 0.72699598
0.8 0.71489786
0.9 0.71241412
1 0.71820785
1.1 0.73036525
1.2 0.7463797
1.3 0.76372026
1.4 0.78001776
1.5 0.79314739
1.6 0.80122414
1.7 0.80255032
1.8 0.79554572
1.9 0.7786761
2 0.75039411
2.1 0.70909646
2.2 0.65310336
2.3 0.58066078
2.4 0.48996782
2.5 0.37923001
2.6 0.24675124
2.7 0.091351041
2.8 0.091452923
2.9 0.2974687
3 0.53061824
3.1 0.79070009
3.2 1.077473
3.3 1.390256
3.4 1.7279068
3.5 2.0888463
3.6 2.4711062
3.7 2.8723948
3.8 3.2901805
3.9 3.721784
4 4.1600543
4.1 4.6066188
4.2 5.0590542
4.3 5.5151855
4.4 5.9731591
4.5 6.431488
4.6 6.8890636
4.7 7.3451244
4.8 7.7991778
4.9 8.2508732
5 8.6998313
5.1 9.145439
5.2 9.5866273
5.3 10.021653
5.4 10.447915
5.5 10.861829
5.6 11.258802
5.7 11.63332
5.8 11.979192
5.9 12.289944
6 12.55938
6.1 12.78228
6.2 12.955202
6.3 13.077311
6.4 13.151138
6.5 13.183143
6.6 13.183928
6.7 13.16797
6.8 13.152776
6.9 13.157452
7 13.200844
7.1 13.29953
7.2 13.466126
7.3 13.708275
7.4 14.028551
7.5 14.425215
7.6 14.89348
7.7 15.426882
7.8 16.018419
7.9 16.661275
8 17.349148
8.1 18.083723
8.2 18.852829
8.3 19.651232
8.4 20.473881
8.5 21.315886
8.6 22.172572
8.7 23.039544
8.8 23.912732
8.9 24.788385
9 25.663006
9.1 26.53323
9.2 27.395697
9.3 28.246937
9.4 29.083307
9.5 29.901015
9.6 30.696226
9.7 31.465256
9.8 32.20483
9.9 32.912374
10 33.586296
10.1 34.226207
10.2 34.833047
10.3 35.409075
10.4 35.95768
10.5 36.48302
10.6 36.98948
10.7 37.480988
10.8 37.960252
10.9 38.428002
11 38.882348
11.1 39.318367
11.2 39.728013
11.3 40.100435
11.4 40.422699
11.5 40.680873
11.6 40.861369
11.7 40.952362
11.8 40.945124
11.9 40.835066
12 40.622381
12.1 40.312179
12.2 39.914133
12.3 39.441699
12.4 38.911062
12.5 38.339981
12.6 37.746758
12.7 37.149479
12.8 36.565683
12.9 36.012463
13 35.506918
13.1 35.066793
13.2 34.711036
13.3 34.46002
13.4 34.335214
13.5 34.358223
13.6 34.54927
13.7 34.925384
13.8 35.498698
13.9 36.275247
14 37.254556
14.1 38.430093
14.2 39.790409
14.3 41.320662
14.4 43.00416
14.5 44.823628
14.6 46.76202
14.7 48.80281
14.8 50.929819
14.9 53.126697
15 55.376271
15.1 57.659966
15.2 59.957536
15.3 62.247297
15.4 64.506987
15.5 66.715281
15.6 68.853892
15.7 70.910032
15.8 72.878967
15.9 74.766252
16 76.571397
16.1 78.341949
16.2 80.11676
16.3 81.942083
16.4 83.86688
16.5 85.936747
16.6 88.187183
16.7 90.637229
16.8 93.28456
16.9 96.102894
17 99.042126
17.1 102.03103
17.2 104.98194
17.3 107.79664
17.4 110.37259
17.5 112.60903
17.6 114.41251
17.7 115.70178
17.8 116.41208
17.9 116.49904
18 115.94256
18.1 114.75087
18.2 112.96522
18.3 110.66556
18.4 107.97727
18.5 105.07876
18.6 102.2086
18.7 99.669304
18.8 97.822123
18.9 97.065715
19 97.793573
19.1 100.33536
19.2 104.9021
19.3 111.56097
19.4 120.25107
19.5 130.82792
19.6 143.11347
19.7 156.93452
19.8 172.14482
19.9 188.63308
20 206.32139
20.1 225.15744
20.2 245.10285
20.3 266.11925
20.4 288.15329
20.5 311.12194
20.6 334.89925
20.7 359.30601
20.8 384.10323
20.9 408.99024
21 433.60793
21.1 457.54713
21.2 480.36189
21.3 501.5869
21.4 520.75833
21.5 537.43674
21.6 551.23081
21.7 561.82028
21.8 568.97679
21.9 572.58079
22 572.63359
22.1 569.26322
22.2 562.72344
22.3 553.38565
22.4 541.72374
22.5 528.29242
22.6 513.70022
22.7 498.57846
22.8 483.54803
22.9 469.18605
23 455.99467
23.1 444.37401
23.2 434.6015
23.3 426.81926
23.4 421.03076
23.5 417.10753
23.6 414.80554
23.7 413.79026
23.8 413.66847
23.9 414.0242
24 414.45615
24.1 414.61353
24.2 414.22792
24.3 413.13858
24.4 411.30945
24.5 408.83583
24.6 405.93944
24.7 402.95055
24.8 400.27706
24.9 398.36172
25 397.63132
25.1 398.44476
25.2 401.04892
25.3 405.55159
25.4 411.91721
25.5 419.98543
25.6 429.507
25.7 440.18804
25.8 451.73401
25.9 463.88708
26 476.45386
26.1 489.32292
26.2 502.47288
26.3 515.97254
26.4 529.97425
26.5 544.70161
26.6 560.43247
26.7 577.47803
26.8 596.15926
26.9 616.78206
27 639.61267
27.1 664.85511
27.2 692.63172
27.3 722.96803
27.4 755.78203
27.5 790.87816
27.6 827.94611
27.7 866.56467
27.8 906.21166
27.9 946.28064
28 986.10553
28.1 1024.9932
28.2 1062.2632
28.3 1097.2919
28.4 1129.5576
28.5 1158.6805
28.6 1184.4525
28.7 1206.8509
28.8 1226.0313
28.9 1242.2998
29 1256.0626
29.1 1267.7603
29.2 1277.7922
29.3 1286.4409
29.4 1293.8057
29.5 1299.7569
29.6 1303.9164
29.7 1305.6725
29.8 1304.2307
29.9 1298.6993
30 1288.2054
30.1 1272.0317
30.2 1249.7622
30.3 1221.4196
30.4 1187.5814
30.5 1149.4554
30.6 1108.905
30.7 1068.4146
30.8 1030.9934
30.9 1000.0256
31 979.08523
31.1 971.74357
31.2 981.40178
31.3 1011.164
31.4 1063.7395
31.5 1141.3406
31.6 1245.5582
31.7 1377.2293
31.8 1536.3374
31.9 1721.9794
32 1934.6277
32.1 2169.9838
32.2 2424.8427
32.3 2695.5327
32.4 2978.0819
32.5 3268.3775
32.6 3562.308
32.7 3855.8856
32.8 4145.3453
32.9 4427.2205
33 4698.3965
33.1 4956.1441
33.2 5198.1369
33.3 5422.4575
33.4 5627.5938
33.5 5812.4329
33.6 5976.2526
33.7 6118.7152
33.8 6239.8652
33.9 6340.1315
34 6420.3339
34.1 6481.6952
34.2 6525.8551
34.3 6554.8864
34.4 6571.309
34.5 6578.1001
34.6 6578.696
34.7 6576.9816
34.8 6577.2601
34.9 6584.1978
35 6602.7324
35.1 6637.9377
35.2 6694.8357
35.3 6778.1556
35.4 6892.0479
35.5 7039.7755
35.6 7223.4157
35.7 7443.614
35.8 7699.4276
35.9 7988.2838
36 8306.0614
36.1 8647.284
36.2 9005.4015
36.3 9373.1322
36.4 9742.8327
36.5 10106.871
36.6 10457.976
36.7 10789.548
36.8 11095.913
36.9 11372.508
37 11615.994
37.1 11824.301
37.2 11996.589
37.3 12133.161
37.4 12235.321
37.5 12305.188
37.6 12345.501
37.7 12359.413
37.8 12350.298
37.9 12321.573
38 12276.562
38.1 12218.394
38.2 12149.935
38.3 12073.779
38.4 11992.261
38.5 11907.518
38.6 11821.571
38.7 11736.433
38.8 11654.225
38.9 11577.296
39 11508.335
39.1 11450.462
39.2 11407.283
39.3 11382.915
39.4 11381.944
39.5 11409.331
39.6 11470.252
39.7 11569.865
39.8 11713.023
39.9 11903.923
40 12145.734
40.1 12440.201
40.2 12787.275
40.3 13184.79
40.4 13628.221
40.5 14110.54
40.6 14622.213
40.7 15151.319
40.8 15683.817
40.9 16203.939
41 16694.711
41.1 17138.567
41.2 17518.066
41.3 17816.69
41.4 18019.745
41.5 18115.399
41.6 18095.937
41.7 17959.342
41.8 17711.395
41.9 17368.483
42 16961.316
42.1 16539.496
42.2 16176.115
42.3 15969.969
42.4 16040.805
42.5 16512.806
42.6 17487.776
42.7 19020.722
42.8 21112.962
42.9 23724.17
43 26791.296
43.1 30243.412
43.2 34009.676
43.3 38022.437
43.4 42218.069
43.5 46537.143
43.6 50924.646
43.7 55330.441
43.8 59709.909
43.9 64024.675
44 68243.26
44.1 72341.552
44.2 76303.01
44.3 80118.55
44.4 83786.099
44.5 87309.845
44.6 90699.235
44.7 93967.768
44.8 97131.678
44.9 100208.57
45 103216.05
45.1 106170.44
45.2 109085.52
45.3 111971.42
45.4 114833.55
45.5 117671.7
45.6 120479.22
45.7 123242.51
45.8 125940.68
45.9 128545.77
46 131023.41
46.1 133334.27
46.2 135436.22
46.3 137287.34
46.4 138849.55
46.5 140092.93
46.6 141000.02
46.7 141570.03
46.8 141822.26
46.9 141798.23
47 141562.16
47.1 141199.51
47.2 140813.52
47.3 140520.07
47.4 140441.59
47.5 140700.75
47.6 141414.99
47.7 142692.45
47.8 144629.71
47.9 147310.89
48 150807.26
48.1 155176.49
48.2 160460.85
48.3 166684.37
48.4 173849.62
48.5 181935.22
48.6 190895.26
48.7 200661.43
48.8 211148.06
48.9 222259.71
49 233900.58
49.1 245984.69
49.2 258445.76
49.3 271245.87
49.4 284382.03
49.5 297890.12
49.6 311845.57
49.7 326360.85
49.8 341579.54
49.9 357667.57
50 374802.24
50.1 393160.12
50.2 412905.18
50.3 434178.58
50.4 457091.56
50.5 481722.3
50.6 508117.28
50.7 536296.63
50.8 566262.7
50.9 598010.07
51 631535.3
51.1 666844.48
51.2 703957.1
51.3 742904.85
51.4 783724.96
51.5 826447.99
51.6 871080.63
51.7 917584.86
51.8 965854.97
51.9 1015694.5
52 1066795.6
52.1 1118722.7
52.2 1170903.2
52.3 1222626.9
52.4 1273055
52.5 1321238.6
52.6 1366146
52.7 1406694.4
52.8 1441784.1
52.9 1470328.6
53 1491277.8
53.1 1503631
53.2 1506440.2
53.3 1498805.5
53.4 1479869.8
53.5 1448823.4
53.6 1404930
53.7 1347597
53.8 1276522.3
53.9 1191977.7
54 1095353.7
54.1 990215.28
54.2 884346.47
54.3 793329.08
54.4 744303.34
54.5 771126.73
54.6 893009.34
54.7 1102692.3
54.8 1382100.8
54.9 1716410.4
55 2096014.3
55.1 2514652.6
55.2 2967784.7
55.3 3451661.7
55.4 3962859
55.5 4498060.9
55.6 5053973.6
55.7 5627299
55.8 6214720.6
55.9 6812876
56 7418296.1
56.1 8027308
56.2 8635908.7
56.3 9239636.5
56.4 9833473.4
56.5 10411824
56.6 10968608
56.7 11497491
56.8 11992246
56.9 12447203
57 12857722
57.1 13220594
57.2 13534284
57.3 13798984
57.4 14016450
57.5 14189679
57.6 14322471
57.7 14418956
57.8 14483122
57.9 14518370
58 14527124
58.1 14510498
58.2 14468047
58.3 14397628
58.4 14295402
58.5 14155997
58.6 13972855
58.7 13738773
58.8 13446609
58.9 13090151
59 12665085
59.1 12170026
59.2 11607537
59.3 10985066
59.4 10315705
59.5 9618615.8
59.6 8918893.8
59.7 8246487.5
59.8 7633644.8
59.9 7110425
60 6698527.7
60.1 6405278.7
60.2 6221068.1
60.3 6122634.2
60.4 6080952.8
60.5 6069449.5
60.6 6068648.3
60.7 6065990.7
60.8 6051964.5
60.9 6015054.9
61 5938424.9
61.1 5800609.9
61.2 5581158.9
61.3 5271136
61.4 4888673.3
61.5 4500374.2
61.6 4242452
61.7 4302646.9
61.8 4808195
61.9 5720798.6
62 6891487.2
62.1 8158322.4
62.2 9379783.8
62.3 10434027
62.4 11214517
62.5 11628874
62.6 11601171
62.7 11078576
62.8 10047487
62.9 8578346.8
63 6968886.7
63.1 6133448.2
63.2 7498120.4
63.3 11097730
63.4 16116930
63.5 22107953
63.6 28861466
63.7 36169721
63.8 43989796
63.9 52220398
64 60760722
64.1 69510385
64.2 78371080
64.3 87248711
64.4 96055316
64.5 1.0471036e+08
64.6 1.1314119e+08
64.7 1.2128273e+08
64.8 1.2907651e+08
64.9 1.3646945e+08
65 1.4341261e+08
65.1 1.4986026e+08
65.2 1.5576947e+08
65.3 1.6110018e+08
65.4 1.6581578e+08
65.5 1.6988392e+08
65.6 1.7327741e+08
65.7 1.7597499e+08
65.8 1.7796156e+08
65.9 1.7922799e+08
66 1.7977024e+08
66.1 1.7958786e+08
66.2 1.7868206e+08
66.3 1.7705368e+08
66.4 1.747013e+08
66.5 1.7162012e+08
66.6 1.6780208e+08
66.7 1.6323767e+08
66.8 1.5792005e+08
66.9 1.5185157e+08
67 1.4505312e+08
67.1 1.3757613e+08
67.2 1.2951718e+08
67.3 1.2103492e+08
67.4 1.1236828e+08
67.5 1.0385387e+08
67.6 95936047
67.7 89155446
67.8 84091004
67.9 81234570
68 80823190
68.1 82728122
68.2 86494560
68.3 91502372
68.4 97131320
68.5 1.0285778e+08
68.6 1.0828527e+08
68.7 1.1313865e+08
68.8 1.1724513e+08
68.9 1.2051358e+08
69 1.2291627e+08
69.1 1.2447429e+08
69.2 1.2524647e+08
69.3 1.2532135e+08
69.4 1.248111e+08
69.5 1.2384627e+08
69.6 1.2257016e+08
69.7 1.2113149e+08
69.8 1.1967509e+08
69.9 1.183306e+08
70 1.1720067e+08
70.1 1.1635107e+08
70.2 1.1580512e+08
70.3 1.1554469e+08
70.4 1.155182e+08
70.5 1.1565474e+08
70.6 1.1588186e+08
70.7 1.1614437e+08
70.8 1.1642157e+08
70.9 1.1674079e+08
71 1.1718514e+08
71.1 1.1789357e+08
71.2 1.1905091e+08
71.3 1.2086691e+08
71.4 1.2354528e+08
71.5 1.2724786e+08
71.6 1.3206253e+08
71.7 1.379837e+08
71.8 1.449103e+08
71.9 1.5266002e+08
72 1.6099349e+08
72.1 1.6964133e+08
72.2 1.7832866e+08
72.3 1.8679459e+08
72.4 1.9480597e+08
72.5 2.02166e+08
72.6 2.0871846e+08
72.7 2.1434847e+08
72.8 2.1898053e+08
72.9 2.2257469e+08
73 2.2512153e+08
73.1 2.2663666e+08
73.2 2.2715539e+08
73.3 2.2672807e+08
73.4 2.2541637e+08
73.5 2.2329077e+08
73.6 2.2042919e+08
73.7 2.169166e+08
73.8 2.1284537e+08
73.9 2.083159e+08
74 2.0343733e+08
74.1 1.9832796e+08
74.2 1.9311526e+08
74.3 1.8793534e+08
74.4 1.8293206e+08
74.5 1.7825571e+08
74.6 1.7406131e+08
74.7 1.7050633e+08
74.8 1.6774737e+08
74.9 1.6593531e+08
75 1.6520843e+08
75.1 1.6568348e+08
75.2 1.6744553e+08
75.3 1.7053801e+08
75.4 1.749548e+08
75.5 1.8063585e+08
75.6 1.8746705e+08
75.7 1.9528404e+08
75.8 2.0387883e+08
75.9 2.1300842e+08
76 2.2240459e+08
76.1 2.3178448e+08
76.2 2.4086196e+08
76.3 2.4935975e+08
76.4 2.5702193e+08
76.5 2.6362632e+08
76.6 2.6899614e+08
76.7 2.730098e+08
76.8 2.7560836e+08
76.9 2.7680013e+08
77 2.7666236e+08
77.1 2.7534048e+08
77.2 2.7304507e+08
77.3 2.7004676e+08
77.4 2.6666811e+08
77.5 2.6327048e+08
77.6 2.6023322e+08
77.7 2.5792228e+08
77.8 2.5664833e+08
77.9 2.5661857e+08
78 2.5789236e+08
78.1 2.6035346e+08
78.2 2.6370951e+08
78.3 2.6752105e+08
78.4 2.712536e+08
78.5 2.7434055e+08
78.6 2.7624438e+08
78.7 2.7650702e+08
78.8 2.7478461e+08
78.9 2.7086562e+08
79 2.6467372e+08
79.1 2.562584e+08
79.2 2.4577688e+08
79.3 2.3347101e+08
79.4 2.1964252e+08
79.5 2.0462928e+08
79.6 1.8878452e+08
79.7 1.7245988e+08
79.8 1.5599286e+08
79.9 1.3969828e+08
80 1.2386336e+08
80.1 1.087455e+08
80.2 94572220
80.3 81542338
80.4 69827972
80.5 59576880
80.6 50915187
80.7 43950983
80.8 38779618
80.9 35490384
81 34170283
81.1 34897033
81.2 37720512
81.3 42645855
81.4 49629191
81.5 58580413
81.6 69363192
81.7 81790302
81.8 95617613
81.9 1.1054032e+08
82 1.2619377e+08
82.1 1.4216041e+08
82.2 1.5798332e+08
82.3 1.7318646e+08
82.4 1.8730058e+08
82.5 1.9989299e+08
82.6 2.1059888e+08
82.7 2.1915126e+08
82.8 2.2540683e+08
82.9 2.2936479e+08
83 2.3117633e+08
83.1 2.3114232e+08
83.2 2.2969699e+08
83.3 2.2737584e+08
83.4 2.2476696e+08
83.5 2.2244801e+08
83.6 2.2091642e+08
83.7 2.2052615e+08
83.8 2.214475e+08
83.9 2.2366226e+08
84 2.269945e+08
84.1 2.3116527e+08
84.2 2.3585317e+08
84.3 2.4074569e+08
84.4 2.4557388e+08
84.5 2.5012983e+08
84.6 2.5427047e+08
84.7 2.5791253e+08
84.8 2.6102275e+08
84.9 2.6360637e+08
85 2.6569591e+08
85.1 2.6734127e+08
85.2 2.6860158e+08
85.3 2.6953889e+08
85.4 2.7021357e+08
85.5 2.7068128e+08
85.6 2.7099101e+08
85.7 2.7118419e+08
85.8 2.7129451e+08
85.9 2.7134819e+08
86 2.7136475e+08
86.1 2.7135793e+08
86.2 2.7133682e+08
86.3 2.7130711e+08
86.4 2.7127233e+08
86.5 2.7123512e+08
86.6 2.7119845e+08
86.7 2.7116668e+08
86.8 2.7114634e+08
86.9 2.7114654e+08
87 2.7117873e+08
87.1 2.7125573e+08
87.2 2.7138987e+08
87.3 2.7159026e+08
87.4 2.7185933e+08
87.5 2.7218903e+08
87.6 2.7255738e+08
87.7 2.7292593e+08
87.8 2.732391e+08
87.9 2.7342589e+08
88 2.7340436e+08
88.1 2.7308865e+08
88.2 2.7239803e+08
88.3 2.7126671e+08
88.4 2.6965296e+08
88.5 2.6754573e+08
88.6 2.6496744e+08
88.7 2.6197182e+08
88.8 2.5863684e+08
88.9 2.5505399e+08
89 2.5131596e+08
89.1 2.4750595e+08
89.2 2.4369104e+08
89.3 2.3992155e+08
89.4 2.3623633e+08
89.5 2.3267236e+08
89.6 2.2927592e+08
89.7 2.2611235e+08
89.8 2.2327188e+08
89.9 2.2087016e+08
90 2.1904305e+08
90.1 2.1793634e+08
90.2 2.1769164e+08
90.3 2.1843025e+08
90.4 2.2023711e+08
90.5 2.2314677e+08
90.6 2.2713306e+08
90.7 2.3210316e+08
90.8 2.3789633e+08
90.9 2.4428649e+08
91 2.50988e+08
91.1 2.5766391e+08
91.2 2.6393639e+08
91.3 2.6939953e+08
91.4 2.7363448e+08
91.5 2.7622739e+08
91.6 2.767897e+08
91.7 2.7498065e+08
91.8 2.7053101e+08
91.9 2.6326721e+08
92 2.5313484e+08
92.1 2.4022098e+08
92.2 2.2477526e+08
92.3 2.0723103e+08
92.4 1.8822917e+08
92.5 1.6864822e+08
92.6 1.4964087e+08
92.7 1.3265613e+08
92.8 1.193647e+08
92.9 1.1131766e+08
93 1.0927295e+08
93.1 1.126633e+08
93.2 1.198724e+08
93.3 1.2905143e+08
93.4 1.3869756e+08
93.5 1.4780077e+08
93.6 1.5577561e+08
93.7 1.6234946e+08
93.8 1.6746532e+08
93.9 1.7120659e+08
94 1.7373983e+08
94.1 1.7527076e+08
94.2 1.7601099e+08
94.3 1.7615424e+08
94.4 1.7586174e+08
94.5 1.7525649e+08
94.6 1.7442599e+08
94.7 1.7343206e+08
94.8 1.7232578e+08
94.9 1.7116472e+08
95 1.7002875e+08
95.1 1.6903044e+08
95.2 1.6831641e+08
95.3 1.6805691e+08
95.4 1.6842375e+08
95.5 1.6956041e+08
95.6 1.7155167e+08
95.7 1.7440227e+08
95.8 1.780313e+08
95.9 1.8228406e+08
96 1.8695692e+08
96.1 1.9182727e+08
96.2 1.9668116e+08
96.3 2.0133386e+08
96.4 2.0564175e+08
96.5 2.095063e+08
96.6 2.1287197e+08
96.7 2.1572037e+08
96.8 2.180625e+08
96.9 2.1993055e+08
97 2.2137048e+08
97.1 2.2243583e+08
97.2 2.2318316e+08
97.3 2.2366919e+08
97.4 2.2394939e+08
97.5 2.2407771e+08
97.6 2.2410705e+08
97.7 2.2408975e+08
97.8 2.240778e+08
97.9 2.2412199e+08
98 2.2427003e+08
98.1 2.2456324e+08
98.2 2.2503245e+08
98.3 2.2569351e+08
98.4 2.2654336e+08
98.5 2.2755764e+08
98.6 2.2869032e+08
98.7 2.2987554e+08
98.8 2.310312e+08
98.9 2.3206322e+08
99 2.328694e+08
99.1 2.3334172e+08
99.2 2.3336653e+08
99.3 2.3282285e+08
99.4 2.3157951e+08
99.5 2.2949259e+08
99.6 2.2640475e+08
99.7 2.2214833e+08
99.8 2.165536e+08
99.9 2.0946365e+08
100 2.0075703e+08
100.1 1.9037983e+08
100.2 1.7838953e+08
100.3 1.6501522e+08
100.4 1.5074102e+08
100.5 1.3641912e+08
100.6 1.2339803e+08
100.7 1.1356536e+08
100.8 1.0902372e+08
100.9 1.1115286e+08
101 1.1965952e+08
101.1 1.3274834e+08
101.2 1.4813281e+08
101.3 1.6376762e+08
101.4 1.7805859e+08
101.5 1.8984019e+08
101.6 1.9831382e+08
101.7 2.0299838e+08
101.8 2.0369296e+08
101.9 2.0044332e+08
102 1.9350676e+08
102.1 1.8331426e+08
102.2 1.704317e+08
102.3 1.5552401e+08
102.4 1.3932724e+08
102.5 1.2263442e+08
102.6 1.063013e+08
102.7 91273795
102.8 78618045
102.9 69467622
103 64718713
103.1 64485476
103.2 67890662
103.3 73577261
103.4 80337543
103.5 87345156
103.6 94110695
103.7 1.0037634e+08
103.8 1.0603093e+08
103.9 1.11054e+08
104 1.1548063e+08
104.1 1.1937923e+08
104.2 1.2283701e+08
104.3 1.2595005e+08
104.4 1.2881624e+08
104.5 1.3152982e+08
104.6 1.3417723e+08
104.7 1.3683361e+08
104.8 1.3956004e+08
104.9 1.4240145e+08
105 1.4538521e+08
105.1 1.4852055e+08
105.2 1.517988e+08
105.3 1.5519445e+08
105.4 1.5866705e+08
105.5 1.621639e+08
105.6 1.6562324e+08
105.7 1.6897809e+08
105.8 1.7216025e+08
105.9 1.7510452e+08
106 1.7775271e+08
106.1 1.8005728e+08
106.2 1.819843e+08
106.3 1.835156e+08
106.4 1.8464985e+08
106.5 1.8540271e+08
106.6 1.8580597e+08
106.7 1.8590615e+08
106.8 1.8576259e+08
106.9 1.8544559e+08
107 1.8503464e+08
107.1 1.8461697e+08
107.2 1.8428635e+08
107.3 1.8414189e+08
107.4 1.8428656e+08
107.5 1.848249e+08
107.6 1.8585978e+08
107.7 1.8748764e+08
107.8 1.8979266e+08
107.9 1.928399e+08
108 1.9666824e+08
108.1 2.0128398e+08
108.2 2.0665591e+08
108.3 2.127125e+08
108.4 2.1934157e+08
108.5 2.2639245e+08
108.6 2.3368027e+08
108.7 2.4099207e+08
108.8 2.4809431e+08
108.9 2.5474146e+08
109 2.6068536e+08
109.1 2.6568512e+08
109.2 2.6951723e+08
109.3 2.7198555e+08
109.4 2.7293078e+08
109.5 2.7223888e+08
109.6 2.6984813e+08
109.7 2.657542e+08
109.8 2.6001317e+08
109.9 2.5274205e+08
110 2.4411678e+08
110.1 2.3436773e+08
110.2 2.2377242e+08
110.3 2.1264569e+08
110.4 2.0132688e+08
110.5 1.901642e+08
110.6 1.7949608e+08
110.7 1.6963054e+08
110.8 1.6082406e+08
110.9 1.5326309e+08
111 1.470525e+08
111.1 1.4221458e+08
111.2 1.3869997e+08
111.3 1.3640769e+08
111.4 1.3520827e+08
111.5 1.3496263e+08
111.6 1.3553228e+08
111.7 1.3677995e+08
111.8 1.3856398e+08
111.9 1.4073146e+08
112 1.4311517e+08
112.1 1.4553732e+08
112.2 1.4782075e+08
112.3 1.498051e+08
112.4 1.5136475e+08
112.5 1.5242394e+08
112.6 1.5296582e+08
112.7 1.5303294e+08
112.8 1.5271857e+08
112.9 1.5215011e+08
113 1.5146721e+08
113.1 1.5079884e+08
113.2 1.5024347e+08
113.3 1.4985635e+08
113.4 1.4964578e+08
113.5 1.4957841e+08
113.6 1.4959117e+08
113.7 1.4960681e+08
113.8 1.4954941e+08
113.9 1.4935757e+08
114 1.4899377e+08
114.1 1.4844955e+08
114.2 1.4774695e+08
114.3 1.4693687e+08
114.4 1.4609517e+08
114.5 1.453174e+08
114.6 1.4471253e+08
114.7 1.4439607e+08
114.8 1.4448278e+08
114.9 1.4507889e+08
115 1.4627434e+08
115.1 1.4813538e+08
115.2 1.5069841e+08
115.3 1.539659e+08
115.4 1.5790521e+08
115.5 1.6245031e+08
115.6 1.6750644e+08
115.7 1.7295665e+08
115.8 1.7866955e+08
115.9 1.8450714e+08
116 1.9033206e+08
116.1 1.9601377e+08
116.2 2.0143336e+08
116.3 2.0648704e+08
116.4 2.1108825e+08
116.5 2.1516874e+08
116.6 2.1867875e+08
116.7 2.2158658e+08
116.8 2.2387784e+08
116.9 2.2555445e+08
117 2.2663368e+08
117.1 2.2714713e+08
117.2 2.271398e+08
117.3 2.2666903e+08
117.4 2.2580324e+08
117.5 2.246202e+08
117.6 2.2320481e+08
117.7 2.2164608e+08
117.8 2.2003337e+08
117.9 2.1845206e+08
118 2.1697878e+08
118.1 2.1567685e+08
118.2 2.1459237e+08
118.3 2.1375152e+08
118.4 2.1315965e+08
118.5 2.1280209e+08
118.6 2.126469e+08
118.7 2.1264907e+08
118.8 2.1275561e+08
118.9 2.129111e+08
119 2.1306302e+08
119.1 2.1316653e+08
119.2 2.1318831e+08
119.3 2.1310929e+08
119.4 2.1292599e+08
119.5 2.1265039e+08
119.6 2.1230805e+08
119.7 2.1193458e+08
119.8 2.1157035e+08
119.9 2.1125404e+08
120 2.1101562e+08
120.1 2.1086996e+08
120.2 2.1081223e+08
120.3 2.1081605e+08
120.4 2.1083508e+08
120.5 2.1080763e+08
120.6 2.1066373e+08
120.7 2.1033315e+08
120.8 2.0975299e+08
120.9 2.0887386e+08
121 2.0766385e+08
121.1 2.0611011e+08
121.2 2.0421834e+08
121.3 2.0201061e+08
121.4 1.9952213e+08
121.5 1.9679752e+08
121.6 1.9388707e+08
121.7 1.9084324e+08
121.8 1.8771777e+08
121.9 1.8455934e+08
122 1.8141191e+08
122.1 1.7831369e+08
122.2 1.7529672e+08
122.3 1.7238686e+08
122.4 1.6960425e+08
122.5 1.6696408e+08
122.6 1.6447757e+08
122.7 1.6215312e+08
122.8 1.5999741e+08
122.9 1.5801643e+08
123 1.5621634e+08
123.1 1.5460392e+08
123.2 1.5318661e+08
123.3 1.5197219e+08
123.4 1.509679e+08
123.5 1.5017943e+08
123.6 1.4960977e+08
123.7 1.4925849e+08
123.8 1.4912162e+08
123.9 1.4919277e+08
124 1.4946542e+08
124.1 1.4993663e+08
124.2 1.5061175e+08
124.3 1.5150946e+08
124.4 1.52666e+08
124.5 1.5413738e+08
124.6 1.5599792e+08
124.7 1.5833418e+08
124.8 1.6123356e+08
124.9 1.6476873e+08
125 1.689799e+08
125.1 1.7385856e+08
125.2 1.7933641e+08
125.3 1.8528207e+08
125.4 1.9150642e+08
125.5 1.9777538e+08
125.6 2.0382748e+08
125.7 2.0939333e+08
125.8 2.1421419e+08
125.9 2.1805797e+08
126 2.2073146e+08
126.1 2.2208859e+08
126.2 2.2203475e+08
126.3 2.205278e+08
126.4 2.1757634e+08
126.5 2.1323613e+08
126.6 2.0760503e+08
126.7 2.0081749e+08
126.8 1.9303865e+08
126.9 1.8445864e+08
127 1.7528714e+08
127.1 1.6574821e+08
127.2 1.560753e+08
127.3 1.4650592e+08
127.4 1.3727556e+08
127.5 1.2860983e+08
127.6 1.2071434e+08
127.7 1.1376164e+08
127.8 1.078763e+08
127.9 1.031205e+08
128 99484639
128.1 96887366
128.2 95187033
128.3 94202532
128.4 93737953
128.5 93605140
128.6 93640320
128.7 93713816
128.8 93733814
128.9 93645866
129 93429623
129.1 93093830
129.2 92670079
129.3 92205546
129.4 91754806
129.5 91370910
129.6 91096129
129.7 90953061
129.8 90936923
129.9 91009854
130 91097737
130.1 91089610
130.2 90839371
130.3 90169282
130.4 88874941
130.5 86731690
130.6 83502902
130.7 78950989
130.8 72852586
130.9 65020703
131 55341613
131.1 43855538
131.2 31027410
131.3 19228397
131.4 18809863
131.5 33487855
131.6 53354398
131.7 75100989
131.8 97582002
131.9 1.2003006e+08
132 1.4178401e+08
132.1 1.6225479e+08
132.2 1.8094008e+08
132.3 1.9744741e+08
132.4 2.1151307e+08
132.5 2.2301151e+08
132.6 2.3195331e+08
132.7 2.3847217e+08
132.8 2.4280272e+08
132.9 2.4525219e+08
133 2.4616938e+08
133.1 2.4591436e+08
133.2 2.44832e+08
133.3 2.4323132e+08
133.4 2.4137215e+08
133.5 2.394591e+08
133.6 2.3764232e+08
133.7 2.3602351e+08
133.8 2.3466534e+08
133.9 2.336025e+08
134 2.3285256e+08
134.1 2.3242537e+08
134.2 2.3233021e+08
134.3 2.3258011e+08
134.4 2.331932e+08
134.5 2.3419133e+08
134.6 2.3559613e+08
134.7 2.3742305e+08
134.8 2.3967442e+08
134.9 2.4233229e+08
135 2.4535256e+08
135.1 2.4866147e+08
135.2 2.521555e+08
135.3 2.5570528e+08
135.4 2.5916304e+08
135.5 2.6237325e+08
135.6 2.6518471e+08
135.7 2.6746291e+08
135.8 2.6910091e+08
135.9 2.700278e+08
136 2.7021372e+08
136.1 2.6967121e+08
136.2 2.68453e+08
136.3 2.6664673e+08
136.4 2.6436711e+08
136.5 2.6174656e+08
136.6 2.5892516e+08
136.7 2.5604074e+08
136.8 2.5321997e+08
136.9 2.5057124e+08
137 2.4817957e+08
137.1 2.4610411e+08
137.2 2.4437793e+08
137.3 2.430101e+08
137.4 2.4198939e+08
137.5 2.4128918e+08
137.6 2.4087293e+08
137.7 2.406998e+08
137.8 2.4072984e+08
137.9 2.4092867e+08
138 2.4127118e+08
138.1 2.4174431e+08
138.2 2.4234848e+08
138.3 2.4309779e+08
138.4 2.4401854e+08
138.5 2.4514621e+08
138.6 2.4652066e+08
138.7 2.4817963e+08
138.8 2.5015071e+08
138.9 2.5244224e+08
139 2.5503369e+08
139.1 2.5786665e+08
139.2 2.6083723e+08
139.3 2.6379134e+08
139.4 2.6652355e+08
139.5 2.687803e+08
139.6 2.7026767e+08
139.7 2.7066347e+08
139.8 2.6963309e+08
139.9 2.6684855e+08
140 2.6201016e+08
140.1 2.5487022e+08
140.2 2.4525881e+08
140.3 2.3311224e+08
140.4 2.1850579e+08
140.5 2.0169424e+08
140.6 1.8316759e+08
140.7 1.6373442e+08
140.8 1.4464812e+08
140.9 1.2776542e+08
141 1.1558643e+08
141.1 1.1071281e+08
141.2 1.1441883e+08
141.3 1.2562749e+08
141.4 1.4178262e+08
141.5 1.6033733e+08
141.6 1.7938767e+08
141.7 1.9765831e+08
141.8 2.1433645e+08
141.9 2.2893201e+08
142 2.4118196e+08
142.1 2.5098427e+08
142.2 2.5834915e+08
142.3 2.6336064e+08
142.4 2.661457e+08
142.5 2.6684941e+08
142.6 2.6561634e+08
142.7 2.6257772e+08
142.8 2.5784453e+08
142.9 2.5150624e+08
143 2.4363514e+08
143.1 2.3429592e+08
143.2 2.2356085e+08
143.3 2.1153069e+08
143.4 1.9836266e+08
143.5 1.8430713e+08
143.6 1.6975588e+08
143.7 1.5530357e+08
143.8 1.4181685e+08
143.9 1.3047841e+08
144 1.2271362e+08
144.1 1.1986158e+08
144.2 1.2261014e+08
144.3 1.3061079e+08
144.4 1.4267754e+08
144.5 1.5733393e+08
144.6 1.7322784e+08
144.7 1.8928505e+08
144.8 2.0471351e+08
144.9 2.1896196e+08
145 2.3167577e+08
145.1 2.4265967e+08
145.2 2.5184689e+08
145.3 2.5927252e+08
145.4 2.6504944e+08
145.5 2.693466e+08
145.6 2.7236918e+08
145.7 2.7434119e+08
145.8 2.7549033e+08
145.9 2.7603562e+08
146 2.7617745e+08
146.1 2.7609013e+08
146.2 2.759166e+08
146.3 2.7576497e+08
146.4 2.7570646e+08
146.5 2.7577438e+08
146.6 2.759638e+08
146.7 2.762317e+08
146.8 2.7649769e+08
146.9 2.7664531e+08
147 2.765243e+08
147.1 2.7595436e+08
147.2 2.7473066e+08
147.3 2.7263172e+08
147.4 2.6942963e+08
147.5 2.6490272e+08
147.6 2.5885027e+08
147.7 2.5110867e+08
147.8 2.4156804e+08
147.9 2.3018837e+08
148 2.1701416e+08
148.1 2.0218689e+08
148.2 1.8595528e+08
148.3 1.6868423e+08
148.4 1.5086481e+08
148.5 1.331285e+08
148.6 1.1626807e+08
148.7 1.0125646e+08
148.8 89218015
148.9 81238203
149 77917816
149.1 78925980
149.2 83099228
149.3 89042268
149.4 95615864
149.5 1.0207276e+08
149.6 1.0800031e+08
149.7 1.1322213e+08
149.8 1.1771252e+08
149.9 1.2153052e+08
150 1.2476969e+08
150.1 1.2752023e+08
150.2 1.2984173e+08
150.3 1.3174627e+08
150.4 1.3319134e+08
150.5 1.3408113e+08
150.6 1.3427461e+08
150.7 1.3359763e+08
150.8 1.3185742e+08
150.9 1.2885784e+08
151 1.244153e+08
151.1 1.1837569e+08
151.2 1.1063443e+08
151.3 1.0116375e+08
151.4 90057122
151.5 77615832
151.6 64545803
151.7 52435694
151.8 44656505
151.9 45894310
152 57056263
152.1 74520623
152.2 95058799
152.3 1.1684935e+08
152.4 1.3880813e+08
152.5 1.6018556e+08
152.6 1.8041004e+08
152.7 1.9903302e+08
152.8 2.157124e+08
152.9 2.3020967e+08
153 2.4239025e+08
153.1 2.5222239e+08
153.2 2.5977213e+08
153.3 2.6519336e+08
153.4 2.6871284e+08
153.5 2.7061102e+08
153.6 2.7120043e+08
153.7 2.7080386e+08
153.8 2.6973493e+08
153.9 2.6828279e+08
154 2.667022e+08
154.1 2.6520836e+08
154.2 2.6397515e+08
154.3 2.6313463e+08
154.4 2.6277625e+08
154.5 2.6294503e+08
154.6 2.636396e+08
154.7 2.6481176e+08
154.8 2.663697e+08
154.9 2.6818614e+08
155 2.7011133e+08
155.1 2.719894e+08
155.2 2.7367567e+08
155.3 2.7505217e+08
155.4 2.7603929e+08
155.5 2.7660221e+08
155.6 2.7675173e+08
155.7 2.7654006e+08
155.8 2.7605233e+08
155.9 2.7539532e+08
156 2.746846e+08
156.1 2.7403161e+08
156.2 2.7353185e+08
156.3 2.7325534e+08
156.4 2.7323998e+08
156.5 2.7348825e+08
156.6 2.7396687e+08
156.7 2.7460909e+08
156.8 2.7531882e+08
156.9 2.7597601e+08
157 2.7644294e+08
157.1 2.7657116e+08
157.2 2.7620922e+08
157.3 2.7521122e+08
157.4 2.734459e+08
157.5 2.7080601e+08
157.6 2.6721722e+08
157.7 2.6264559e+08
157.8 2.5710297e+08
157.9 2.5064948e+08
158 2.4339274e+08
158.1 2.3548382e+08
158.2 2.2711019e+08
158.3 2.1848597e+08
158.4 2.0984031e+08
158.5 2.0140441e+08
158.6 1.9339787e+08
158.7 1.8601552e+08
158.8 1.7941542e+08
158.9 1.7370964e+08
159 1.6895873e+08
159.1 1.6517102e+08
159.2 1.6230671e+08
159.3 1.602861e+08
159.4 1.5900033e+08
159.5 1.5832279e+08
159.6 1.5811959e+08
159.7 1.5825804e+08
159.8 1.5861304e+08
159.9 1.5907163e+08
160 1.595363e+08
160.1 1.5992782e+08
160.2 1.6018791e+08
160.3 1.6028233e+08
160.4 1.6020432e+08
160.5 1.5997834e+08
160.6 1.5966372e+08
160.7 1.5935746e+08
160.8 1.5919509e+08
160.9 1.5934803e+08
161 1.6001563e+08
161.1 1.6141065e+08
161.2 1.6373784e+08
161.3 1.6716768e+08
161.4 1.7181001e+08
161.5 1.7769323e+08
161.6 1.8475452e+08
161.7 1.9284282e+08
161.8 2.0173299e+08
161.9 2.1114704e+08
162 2.2077767e+08
162.1 2.3031073e+08
162.2 2.3944439e+08
162.3 2.4790438e+08
162.4 2.55455e+08
162.5 2.6190649e+08
162.6 2.6711879e+08
162.7 2.7100242e+08
162.8 2.7351677e+08
162.9 2.7466628e+08
163 2.7449499e+08
163.1 2.7307992e+08
163.2 2.7052385e+08
163.3 2.6694771e+08
163.4 2.6248331e+08
163.5 2.5726646e+08
163.6 2.5143096e+08
163.7 2.4510359e+08
163.8 2.3840028e+08
163.9 2.314235e+08
164 2.2426094e+08
164.1 2.1698544e+08
164.2 2.0965601e+08
164.3 2.0231991e+08
164.4 1.9501541e+08
164.5 1.8777523e+08
164.6 1.8063007e+08
164.7 1.7361219e+08
164.8 1.6675844e+08
164.9 1.6011244e+08
165 1.5372556e+08
165.1 1.4765632e+08
165.2 1.4196811e+08
165.3 1.3672517e+08
165.4 1.319873e+08
165.5 1.27804e+08
165.6 1.2420904e+08
165.7 1.2121662e+08
165.8 1.1881985e+08
165.9 1.1699193e+08
166 1.1568929e+08
166.1 1.1485581e+08
166.2 1.1442661e+08
166.3 1.1433074e+08
166.4 1.1449235e+08
166.5 1.1483092e+08
166.6 1.1526138e+08
166.7 1.1569522e+08
166.8 1.1604319e+08
166.9 1.1621985e+08
167 1.161495e+08
167.1 1.1577285e+08
167.2 1.150532e+08
167.3 1.1398125e+08
167.4 1.1257739e+08
167.5 1.1089113e+08
167.6 1.0899719e+08
167.7 1.0698865e+08
167.8 1.0496783e+08
167.9 1.0303595e+08
168 1.0128322e+08
168.1 99780877
168.2 98576665
168.3 97694496
168.4 97138292
168.5 96898961
168.6 96962903
168.7 97320242
168.8 97971205
168.9 98929521
169 1.0022223e+08
169.1 1.0188585e+08
169.2 1.0395931e+08
169.3 1.0647478e+08
169.4 1.0944783e+08
169.5 1.1286875e+08
169.6 1.1669686e+08
169.7 1.2085872e+08
169.8 1.2525087e+08
169.9 1.2974635e+08
170 1.3420422e+08
170.1 1.3848077e+08
170.2 1.4244103e+08
170.3 1.4596958e+08
170.4 1.4897963e+08
170.5 1.5141954e+08
170.6 1.5327622e+08
170.7 1.5457502e+08
170.8 1.5537609e+08
170.9 1.5576741e+08
171 1.5585513e+08
171.1 1.5575231e+08
171.2 1.5556714e+08
171.3 1.553924e+08
171.4 1.5529736e+08
171.5 1.5532339e+08
171.6 1.5548367e+08
171.7 1.5576674e+08
171.8 1.5614301e+08
171.9 1.5657266e+08
172 1.5701363e+08
172.1 1.5742824e+08
172.2 1.5778788e+08
172.3 1.5807523e+08
172.4 1.5828437e+08
172.5 1.5841908e+08
172.6 1.5849003e+08
172.7 1.5851164e+08
172.8 1.5849901e+08
172.9 1.5846567e+08
173 1.5842214e+08
173.1 1.5837557e+08
173.2 1.5833025e+08
173.3 1.582888e+08
173.4 1.5825383e+08
173.5 1.5822972e+08
173.6 1.5822432e+08
173.7 1.5825035e+08
173.8 1.5832627e+08
173.9 1.5847645e+08
174 1.5873024e+08
174.1 1.5911977e+08
174.2 1.5967606e+08
174.3 1.6042352e+08
174.4 1.613729e+08
174.5 1.6251367e+08
174.6 1.6380689e+08
174.7 1.6518055e+08
174.8 1.6652902e+08
174.9 1.6771792e+08
175 1.6859501e+08
175.1 1.6900626e+08
175.2 1.6881533e+08
175.3 1.6792379e+08
175.4 1.6628876e+08
175.5 1.6393482e+08
175.6 1.6095745e+08
175.7 1.575162e+08
175.8 1.5381715e+08
175.9 1.500864e+08
176 1.4653844e+08
176.1 1.4334553e+08
176.2 1.4061536e+08
176.3 1.3838346e+08
176.4 1.3662327e+08
176.5 1.3527218e+08
176.6 1.3426817e+08
176.7 1.3358976e+08
176.8 1.3329279e+08
176.9 1.3353753e+08
177 1.3459881e+08
177.1 1.3685014e+08
177.2 1.4071372e+08
177.3 1.4657695e+08
177.4 1.5469297e+08
177.5 1.6509689e+08
177.6 1.7756455e+08
177.7 1.916195e+08
177.8 2.0657277e+08
177.9 2.2157568e+08
178 2.3567395e+08
178.1 2.4786052e+08
178.2 2.5712942e+08
178.3 2.6253325e+08
178.4 2.6324522e+08
178.5 2.5862479e+08
178.6 2.48285e+08
178.7 2.3216109e+08
178.8 2.1058643e+08
178.9 1.8439884e+08
179 1.5514712e+08
179.1 1.2558564e+08
179.2 1.0081017e+08
179.3 89279647
179.4 97388964
179.5 1.204856e+08
179.6 1.4981938e+08
179.7 1.7978564e+08
179.8 2.0741362e+08
179.9 2.3107187e+08
180 2.498604e+08
180.1 2.6335473e+08
180.2 2.7148261e+08
180.3 2.7444909e+08
180.4 2.7267903e+08
180.5 2.6676595e+08
180.6 2.5742372e+08
180.7 2.4544052e+08
180.8 2.3163561e+08
180.9 2.1681995e+08
181 2.0176103e+08
181.1 1.8715213e+08
181.2 1.735851e+08
181.3 1.615265e+08
181.4 1.5129773e+08
181.5 1.4306297e+08
181.6 1.3683065e+08
181.7 1.3247358e+08
181.8 1.2976676e+08
181.9 1.2843443e+08
182 1.2819421e+08
182.1 1.2878895e+08
182.2 1.3000308e+08
182.3 1.3166592e+08
182.4 1.336467e+08
182.5 1.3584563e+08
182.6 1.3818462e+08
182.7 1.4059921e+08
182.8 1.4303291e+08
182.9 1.4543391e+08
183 1.4775407e+08
183.1 1.499496e+08
183.2 1.5198312e+08
183.3 1.5382629e+08
183.4 1.5546285e+08
183.5 1.5689149e+08
183.6 1.5812822e+08
183.7 1.5920799e+08
183.8 1.6018493e+08
183.9 1.6113115e+08
184 1.6213366e+08
184.1 1.6328951e+08
184.2 1.6469953e+08
184.3 1.664611e+08
184.4 1.6866084e+08
184.5 1.7136801e+08
184.6 1.74629e+08
184.7 1.7846356e+08
184.8 1.828626e+08
184.9 1.8778758e+08
185 1.9317151e+08
185.1 1.9892138e+08
185.2 2.0492201e+08
185.3 2.1104139e+08
185.4 2.1713712e+08
185.5 2.2306394e+08
185.6 2.2868153e+08
185.7 2.3386228e+08
185.8 2.3849827e+08
185.9 2.4250698e+08
186 2.4583508e+08
186.1 2.4846024e+08
186.2 2.5039063e+08
186.3 2.5166242e+08
186.4 2.5233549e+08
186.5 2.5248796e+08
186.6 2.5221e+08
186.7 2.5159772e+08
186.8 2.5074752e+08
186.9 2.4975133e+08
187 2.4869307e+08
187.1 2.4764631e+08
187.2 2.46673e+08
187.3 2.4582317e+08
187.4 2.4513526e+08
187.5 2.4463694e+08
187.6 2.4434607e+08
187.7 2.4427179e+08
187.8 2.444155e+08
187.9 2.447718e+08
188 2.4532924e+08
188.1 2.4607098e+08
188.2 2.469754e+08
188.3 2.4801662e+08
188.4 2.4916505e+08
188.5 2.5038804e+08
188.6 2.5165067e+08
188.7 2.5291668e+08
188.8 2.5414964e+08
188.9 2.5531436e+08
189 2.5637839e+08
189.1 2.573136e+08
189.2 2.5809765e+08
189.3 2.5871527e+08
189.4 2.5915914e+08
189.5 2.5943028e+08
189.6 2.5953789e+08
189.7 2.5949873e+08
189.8 2.5933598e+08
189.9 2.5907783e+08
190 2.5875589e+08
190.1 2.5840365e+08
190.2 2.5805501e+08
190.3 2.5774309e+08
190.4 2.5749925e+08
190.5 2.5735242e+08
190.6 2.5732853e+08
190.7 2.5745013e+08
190.8 2.5773607e+08
190.9 2.5820103e+08
191 2.5885511e+08
191.1 2.5970318e+08
191.2 2.6074415e+08
191.3 2.6197008e+08
191.4 2.6336523e+08
191.5 2.6490506e+08
191.6 2.6655517e+08
191.7 2.6827047e+08
191.8 2.699944e+08
191.9 2.7165854e+08
192 2.7318261e+08
192.1 2.7447504e+08
192.2 2.7543411e+08
192.3 2.7595005e+08
192.4 2.7590784e+08
192.5 2.75191e+08
192.6 2.7368624e+08
192.7 2.7128891e+08
192.8 2.6790892e+08
192.9 2.6347697e+08
193 2.5795049e+08
193.1 2.5131891e+08
193.2 2.4360751e+08
193.3 2.3487951e+08
193.4 2.2523566e+08
193.5 2.1481132e+08
193.6 2.0377076e+08
193.7 1.9229907e+08
193.8 1.805923e+08
193.9 1.6884673e+08
194 1.5724843e+08
194.1 1.4596434e+08
194.2 1.3513595e+08
194.3 1.2487645e+08
194.4 1.1527144e+08
194.5 1.0638291e+08
194.6 98255570
194.7 90924047
194.8 84419664
194.9 78775413
195 74028306
195.1 70218698
195.2 67386726
195.3 65566716
195.4 64781009
195.5 65035020
195.6 66314910
195.7 68588101
195.8 71805556
195.9 75904221
196 80808461
196.1 86430244
196.2 92668632
196.3 99409407
196.4 1.0652556e+08
196.5 1.1387909e+08
196.6 1.2132408e+08
196.7 1.2871107e+08
196.8 1.3589192e+08
196.9 1.4272512e+08
197 1.4908064e+08
197.1 1.5484405e+08
197.2 1.5991962e+08
197.3 1.6423234e+08
197.4 1.6772895e+08
197.5 1.7037853e+08
197.6 1.7217318e+08
197.7 1.731294e+08
197.8 1.7329087e+08
197.9 1.7273266e+08
198 1.7156678e+08
198.1 1.6994795e+08
198.2 1.680774e+08
198.3 1.662018e+08
198.4 1.6460308e+08
198.5 1.6357563e+08
198.6 1.6338957e+08
198.7 1.6424397e+08
198.8 1.6622018e+08
198.9 1.6924954e+08
199 1.7310656e+08
199.1 1.7743033e+08
199.2 1.8176714e+08
199.3 1.8562295e+08
199.4 1.8851571e+08
199.5 1.9002132e+08
199.6 1.8981098e+08
199.7 1.8767948e+08
199.8 1.8356473e+08
199.9 1.7755877e+08
200 1.6991072e+08
200.1 1.6102136e+08
200.2 1.5142843e+08
200.3 1.4177944e+08
200.4 1.3278489e+08
200.5 1.2514231e+08
200.6 1.1942702e+08
200.7 1.1596896e+08
200.8 1.1476785e+08
200.9 1.1550272e+08
201 1.1763846e+08
201.1 1.205698e+08
201.2 1.2373627e+08
201.3 1.2668192e+08
201.4 1.2906928e+08
201.5 1.3066779e+08
201.6 1.3133253e+08
201.7 1.3098217e+08
201.8 1.2958008e+08
201.9 1.2711981e+08
202 1.2361506e+08
202.1 1.1909354e+08
202.2 1.1359422e+08
202.3 1.071671e+08
202.4 99874898
202.5 91796245
202.6 83030316
202.7 73703782
202.8 63982599
202.9 54095257
203 44384125
203.1 35424829
203.2 28276709
203.3 24684731
203.4 26007807
203.5 31310625
203.6 38594730
203.7 46510860
203.8 54352506
203.9 61736206
204 68431771
204.1 74289256
204.2 79207195
204.3 83118324
204.4 85983625
204.5 87791388
204.6 88560443
204.7 88348024
204.8 87263423
204.9 85488956
205 83308907
205.1 81143221
205.2 79572191
205.3 79319798
205.4 81151752
205.5 85681982
205.6 93178782
205.7 1.0350252e+08
205.8 1.1619404e+08
205.9 1.3061234e+08
206 1.4603547e+08
206.1 1.6171124e+08
206.2 1.7687992e+08
206.3 1.907897e+08
206.4 2.0271542e+08
206.5 2.1198319e+08
206.6 2.1799944e+08
206.7 2.2028097e+08
206.8 2.1848213e+08
206.9 2.1241523e+08
207 2.0206191e+08
207.1 1.8757429e+08
207.2 1.6926728e+08
207.3 1.4760596e+08
207.4 1.2319784e+08
207.5 96816110
207.6 69554378
207.7 43667482
207.8 27693909
207.9 38097175
208 62063833
208.1 87990505
208.2 1.1318015e+08
208.3 1.3670927e+08
208.4 1.5811234e+08
208.5 1.7712382e+08
208.6 1.936068e+08
208.7 2.0752648e+08
208.8 2.1893626e+08
208.9 2.2796711e+08
209 2.348168e+08
209.1 2.3973756e+08
209.2 2.4302173e+08
209.3 2.449856e+08
209.4 2.4595203e+08
209.5 2.4623263e+08
209.6 2.4611098e+08
209.7 2.4582816e+08
209.8 2.4557202e+08
209.9 2.4547161e+08
210 2.4559729e+08
210.1 2.4596666e+08
210.2 2.4655518e+08
210.3 2.4730992e+08
210.4 2.4816406e+08
210.5 2.4905012e+08
210.6 2.4991027e+08
210.7 2.5070278e+08
210.8 2.5140452e+08
210.9 2.5201026e+08
211 2.5252958e+08
211.1 2.5298288e+08
211.2 2.5339717e+08
211.3 2.5380265e+08
211.4 2.5422998e+08
211.5 2.5470851e+08
211.6 2.5526493e+08
211.7 2.5592198e+08
211.8 2.5669702e+08
211.9 2.5760042e+08
212 2.5863384e+08
212.1 2.5978907e+08
212.2 2.6104771e+08
212.3 2.6238222e+08
212.4 2.6375827e+08
212.5 2.6513812e+08
212.6 2.6648455e+08
212.7 2.677644e+08
212.8 2.689514e+08
212.9 2.7002768e+08
213 2.7098414e+08
213.1 2.7181963e+08
213.2 2.7253949e+08
213.3 2.7315376e+08
213.4 2.7367538e+08
213.5 2.7411862e+08
213.6 2.7449781e+08
213.7 2.7482644e+08
213.8 2.751165e+08
213.9 2.7537796e+08
214 2.756184e+08
214.1 2.7584252e+08
214.2 2.7605169e+08
214.3 2.762435e+08
214.4 2.764112e+08
214.5 2.7654336e+08
214.6 2.7662384e+08
214.7 2.7663207e+08
214.8 2.765441e+08
214.9 2.7633445e+08
215 2.7597877e+08
215.1 2.7545736e+08
215.2 2.7475925e+08
215.3 2.7388612e+08
215.4 2.7285553e+08
215.5 2.7170241e+08
215.6 2.7047798e+08
215.7 2.6924568e+08
215.8 2.6807428e+08
215.9 2.6702904e+08
216 2.6616271e+08
216.1 2.6550822e+08
216.2 2.6507495e+08
216.3 2.6484925e+08
216.4 2.6479891e+08
216.5 2.6488033e+08
216.6 2.6504631e+08
216.7 2.6525293e+08
216.8 2.6546421e+08
216.9 2.6565426e+08
217 2.6580725e+08
217.1 2.6591591e+08
217.2 2.6597941e+08
217.3 2.6600136e+08
217.4 2.6598822e+08
217.5 2.6594845e+08
217.6 2.6589183e+08
217.7 2.6582905e+08
217.8 2.6577087e+08
217.9 2.6572688e+08
218 2.6570359e+08
218.1 2.6570214e+08
218.2 2.6571579e+08
218.3 2.6572747e+08
218.4 2.657078e+08
218.5 2.6561381e+08
218.6 2.6538847e+08
218.7 2.6496113e+08
218.8 2.6424895e+08
218.9 2.6315902e+08
219 2.6159127e+08
219.1 2.5944195e+08
219.2 2.5660767e+08
219.3 2.5298986e+08
219.4 2.4849958e+08
219.5 2.4306263e+08
219.6 2.3662478e+08
219.7 2.29157e+08
219.8 2.2066026e+08
219.9 2.1116977e+08
220 2.0075806e+08
220.1 1.8953664e+08
220.2 1.7765557e+08
220.3 1.6530092e+08
220.4 1.5268955e+08
220.5 1.400615e+08
220.6 1.2767002e+08
220.7 1.1576994e+08
220.8 1.0460509e+08
220.9 94395928
221 85328508
221.1 77545982
221.2 71143206
221.3 66164394
221.4 62603039
221.5 60403537
221.6 59465362
221.7 59652177
221.8 60807871
221.9 62778832
222 65438521
222.1 68708678
222.2 72571482
222.3 77068196
222.4 82282486
222.5 88310840
222.6 95227509
222.7 1.0305426e+08
222.8 1.1174359e+08
222.9 1.2117855e+08
223 1.3118623e+08
223.1 1.4155876e+08
223.2 1.5207547e+08
223.3 1.6252217e+08
223.4 1.7270528e+08
223.5 1.824606e+08
223.6 1.916572e+08
223.7 2.0019756e+08
223.8 2.08015e+08
223.9 2.1506957e+08
224 2.2134326e+08
224.1 2.2683505e+08
224.2 2.3155653e+08
224.3 2.3552791e+08
224.4 2.3877488e+08
224.5 2.4132605e+08
224.6 2.4321106e+08
224.7 2.4445929e+08
224.8 2.4509929e+08
224.9 2.4515889e+08
225 2.4466613e+08
225.1 2.4365097e+08
225.2 2.4214754e+08
225.3 2.4019644e+08
225.4 2.3784638e+08
225.5 2.3515417e+08
225.6 2.3218198e+08
225.7 2.2899116e+08
225.8 2.2563263e+08
225.9 2.2213513e+08
226 2.184937e+08
226.1 2.1466212e+08
226.2 2.1055261e+08
226.3 2.0604481e+08
226.4 2.0100359e+08
226.5 1.9530249e+08
226.6 1.8884798e+08
226.7 1.8159975e+08
226.8 1.7358305e+08
226.9 1.6489198e+08
227 1.5568394e+08
227.1 1.4616751e+08
227.2 1.3658641e+08
227.3 1.2720215e+08
227.4 1.1827715e+08
227.5 1.1005986e+08
227.6 1.0277209e+08
227.7 96599193
227.8 91683330
227.9 88120462
228 85961432
228.1 85216658
228.2 85862793
228.3 87849083
228.4 91101789
228.5 95526550
228.6 1.0100982e+08
228.7 1.0742081e+08
228.8 1.1461468e+08
228.9 1.2243708e+08
229 1.3072941e+08
229.1 1.3933428e+08
229.2 1.4810043e+08
229.3 1.5688699e+08
229.4 1.6556673e+08
229.5 1.7402836e+08
229.6 1.8217785e+08
229.7 1.8993898e+08
229.8 1.9725315e+08
229.9 2.040786e+08
230 2.1038921e+08
230.1 2.1617296e+08
230.2 2.2143013e+08
230.3 2.261714e+08
230.4 2.304159e+08
230.5 2.3418919e+08
230.6 2.3752146e+08
230.7 2.4044578e+08
230.8 2.4299658e+08
230.9 2.452084e+08
231 2.4711474e+08
231.1 2.4874727e+08
231.2 2.5013505e+08
231.3 2.5130388e+08
231.4 2.5227576e+08
231.5 2.5306829e+08
231.6 2.5369418e+08
231.7 2.5416084e+08
231.8 2.5447017e+08
231.9 2.5461848e+08
232 2.5459669e+08
232.1 2.5439062e+08
232.2 2.5398145e+08
232.3 2.533461e+08
232.4 2.5245754e+08
232.5 2.5128502e+08
232.6 2.4979417e+08
232.7 2.4794696e+08
232.8 2.4570184e+08
232.9 2.4301393e+08
233 2.3983555e+08
233.1 2.3611715e+08
233.2 2.3180884e+08
233.3 2.2686241e+08
233.4 2.2123415e+08
233.5 2.1488817e+08
233.6 2.0780035e+08
233.7 1.999627e+08
233.8 1.9138815e+08
233.9 1.821157e+08
234 1.7221595e+08
234.1 1.6179754e+08
234.2 1.5101496e+08
234.3 1.4007854e+08
234.4 1.2926758e+08
234.5 1.1894602e+08
234.6 1.0957661e+08
234.7 1.0172071e+08
234.8 95997558
234.9 92973392
235 92989732
235.1 96021686
235.2 1.0167884e+08
235.3 1.0934645e+08
235.4 1.1835393e+08
235.5 1.280833e+08
235.6 1.3801165e+08
235.7 1.477173e+08
235.8 1.5687497e+08
235.9 1.6525145e+08
236 1.727039e+08
236.1 1.7917896e+08
236.2 1.8470931e+08
236.3 1.8940436e+08
236.4 1.934334e+08
236.5 1.9700134e+08
236.6 2.0031958e+08
236.7 2.0357678e+08
236.8 2.0691505e+08
236.9 2.1041617e+08
237 2.1409969e+08
237.1 2.1793169e+08
237.2 2.218405e+08
237.3 2.2573453e+08
237.4 2.2951853e+08
237.5 2.3310579e+08
237.6 2.364257e+08
237.7 2.3942712e+08
237.8 2.4207858e+08
237.9 2.4436654e+08
238 2.4629264e+08
238.1 2.4787072e+08
238.2 2.4912399e+08
238.3 2.5008258e+08
238.4 2.5078158e+08
238.5 2.5125949e+08
238.6 2.5155701e+08
238.7 2.5171607e+08
238.8 2.5177898e+08
238.9 2.5178755e+08
239 2.5178212e+08
239.1 2.5180035e+08
239.2 2.5187575e+08
239.3 2.5203585e+08
239.4 2.5229999e+08
239.5 2.5267686e+08
239.6 2.531619e+08
239.7 2.5373471e+08
239.8 2.5435693e+08
239.9 2.5497087e+08
240 2.5549949e+08
240.1 2.5584791e+08
240.2 2.5590698e+08
240.3 2.5555893e+08
240.4 2.5468484e+08
240.5 2.5317361e+08
240.6 2.5093143e+08
240.7 2.478908e+08
240.8 2.4401796e+08
240.9 2.3931775e+08
241 2.3383528e+08
241.1 2.2765435e+08
241.2 2.2089304e+08
241.3 2.1369725e+08
241.4 2.062334e+08
241.5 1.9868105e+08
241.6 1.9122618e+08
241.7 1.8405507e+08
241.8 1.7734884e+08
241.9 1.7127773e+08
242 1.6599518e+08
242.1 1.6163134e+08
242.2 1.582869e+08
242.3 1.5602841e+08
242.4 1.5488642e+08
242.5 1.5485734e+08
242.6 1.559089e+08
242.7 1.5798767e+08
242.8 1.6102651e+08
242.9 1.6494988e+08
243 1.6967546e+08
243.1 1.7511201e+08
243.2 1.8115437e+08
243.3 1.8767715e+08
243.4 1.9452921e+08
243.5 2.0153066e+08
243.6 2.0847365e+08
243.7 2.1512762e+08
243.8 2.2124881e+08
243.9 2.2659336e+08
244 2.3093287e+08
244.1 2.340707e+08
244.2 2.358575e+08
244.3 2.3620424e+08
244.4 2.3509126e+08
244.5 2.3257232e+08
244.6 2.2877329e+08
244.7 2.2388558e+08
244.8 2.1815518e+08
244.9 2.118685e+08
245 2.0533641e+08
245.1 1.9887784e+08
245.2 1.9280379e+08
245.3 1.8740252e+08
245.4 1.829262e+08
245.5 1.7957944e+08
245.6 1.7751038e+08
245.7 1.7680499e+08
245.8 1.7748559e+08
245.9 1.7951379e+08
246 1.8279736e+08
246.1 1.8719986e+08
246.2 1.925513e+08
246.3 1.9865865e+08
246.4 2.0531553e+08
246.5 2.1231082e+08
246.6 2.1943651e+08
246.7 2.2649501e+08
246.8 2.3330609e+08
246.9 2.3971327e+08
247 2.4558938e+08
247.1 2.508408e+08
247.2 2.5540979e+08
247.3 2.5927453e+08
247.4 2.6244678e+08
247.5 2.6496709e+08
247.6 2.6689816e+08
247.7 2.68317e+08
247.8 2.6930694e+08
247.9 2.6995031e+08
248 2.7032264e+08
248.1 2.7048908e+08
248.2 2.7050284e+08
248.3 2.7040559e+08
248.4 2.7022919e+08
248.5 2.6999778e+08
248.6 2.6972974e+08
248.7 2.6943889e+08
248.8 2.6913475e+08
248.9 2.6882191e+08
249 2.6849893e+08
249.1 2.6815707e+08
249.2 2.6777918e+08
249.3 2.6733891e+08
249.4 2.6680002e+08
249.5 2.6611573e+08
249.6 2.652277e+08
249.7 2.6406465e+08
249.8 2.6254088e+08
249.9 2.6055484e+08
250 2.5798868e+08
250.1 2.5470924e+08
250.2 2.5057108e+08
250.3 2.4542197e+08
250.4 2.3911061e+08
250.5 2.3149632e+08
250.6 2.2245979e+08
250.7 2.1191402e+08
250.8 1.9981407e+08
250.9 1.8616483e+08
251 1.7102583e+08
251.1 1.5451254e+08
251.2 1.3679432e+08
251.3 1.1808928e+08
251.4 98657113
251.5 78792011
251.6 58820447
251.7 39124861
251.8 20356333
251.9 7606965.1
252 19201142
252.1 34990481
252.2 49839747
252.3 63253122
252.4 75063148
252.5 85206084
252.6 93686553
252.7 1.005658e+08
252.8 1.0595311e+08
252.9 1.0999649e+08
253 1.1287185e+08
253.1 1.1477122e+08
253.2 1.1589079e+08
253.3 1.1641973e+08
253.4 1.1653089e+08
253.5 1.1637406e+08
253.6 1.1607243e+08
253.7 1.1572251e+08
253.8 1.1539753e+08
253.9 1.1515395e+08
254 1.1504052e+08
254.1 1.1510886e+08
254.2 1.1542437e+08
254.3 1.1607564e+08
254.4 1.1718018e+08
254.5 1.1888402e+08
254.6 1.2135283e+08
254.7 1.2475398e+08
254.8 1.2923139e+08
254.9 1.3487825e+08
255 1.4171478e+08
255.1 1.4967684e+08
255.2 1.5861783e+08
255.3 1.6832218e+08
255.4 1.785261e+08
255.5 1.8894104e+08
255.6 1.9937825e+08
255.7 2.0945282e+08
255.8 2.1891806e+08
255.9 2.2757368e+08
256 2.3527269e+08
256.1 2.4192384e+08
256.2 2.4748991e+08
256.3 2.5198276e+08
256.4 2.5545587e+08
256.5 2.5799555e+08
256.6 2.5971167e+08
256.7 2.6072883e+08
256.8 2.6117873e+08
256.9 2.6119394e+08
257 2.6090353e+08
257.1 2.6043018e+08
257.2 2.5988877e+08
257.3 2.5938584e+08
257.4 2.5901942e+08
257.5 2.5887863e+08
257.6 2.5904229e+08
257.7 2.5957563e+08
257.8 2.6052449e+08
257.9 2.619064e+08
258 2.6369872e+08
258.1 2.6582476e+08
258.2 2.6813975e+08
258.3 2.7041949e+08
258.4 2.7235451e+08
258.5 2.7355227e+08
258.6 2.7354917e+08
258.7 2.7183272e+08
258.8 2.6787367e+08
258.9 2.6116724e+08
259 2.5128283e+08
259.1 2.3792283e+08
259.2 2.2099364e+08
259.3 2.0069891e+08
259.4 1.7767988e+08
259.5 1.5326008e+08
259.6 1.2989725e+08
259.7 1.1183633e+08
259.8 1.048706e+08
259.9 1.1254086e+08
260 1.3217206e+08
260.1 1.5806851e+08
260.2 1.8559692e+08
260.3 2.1174929e+08
260.4 2.3460878e+08
260.5 2.5295942e+08
260.6 2.660932e+08
260.7 2.7371417e+08
260.8 2.7587849e+08
260.9 2.7294329e+08
261 2.6551427e+08
261.1 2.5439012e+08
261.2 2.4050538e+08
261.3 2.248744e+08
261.4 2.085376e+08
261.5 1.9250939e+08
261.6 1.7772331e+08
261.7 1.6496885e+08
261.8 1.5481891e+08
261.9 1.4756171e+08
262 1.4316833e+08
262.1 1.4132677e+08
262.2 1.4154054e+08
262.3 1.4325156e+08
262.4 1.4593953e+08
262.5 1.4917551e+08
262.6 1.5263467e+08
262.7 1.5608513e+08
262.8 1.5936758e+08
262.9 1.6237504e+08
263 1.6503654e+08
263.1 1.6730578e+08
263.2 1.6915402e+08
263.3 1.7056596e+08
263.4 1.7153714e+08
263.5 1.7207168e+08
263.6 1.7217957e+08
263.7 1.7187339e+08
263.8 1.7116486e+08
263.9 1.7006199e+08
264 1.685679e+08
264.1 1.6668208e+08
264.2 1.6440444e+08
264.3 1.6174211e+08
264.4 1.587179e+08
264.5 1.5537952e+08
264.6 1.5180808e+08
264.7 1.4812462e+08
264.8 1.4449341e+08
264.9 1.4112086e+08
265 1.382487e+08
265.1 1.3614013e+08
265.2 1.3505838e+08
265.3 1.3523915e+08
265.4 1.3686137e+08
265.5 1.4002327e+08
265.6 1.4473069e+08
265.7 1.5090018e+08
265.8 1.5837417e+08
265.9 1.6694193e+08
266 1.7636016e+08
266.1 1.863698e+08
266.2 1.9670833e+08
266.3 2.0711875e+08
266.4 2.1735637e+08
266.5 2.2719486e+08
266.6 2.3643186e+08
266.7 2.4489436e+08
266.8 2.5244347e+08
266.9 2.5897814e+08
267 2.6443727e+08
267.1 2.6879997e+08
267.2 2.7208376e+08
267.3 2.743408e+08
267.4 2.7565256e+08
267.5 2.7612328e+08
267.6 2.7587289e+08
267.7 2.7502995e+08
267.8 2.73725e+08
267.9 2.7208482e+08
268 2.7022772e+08
268.1 2.6826007e+08
268.2 2.66274e+08
268.3 2.6434613e+08
268.4 2.6253733e+08
268.5 2.6089312e+08
268.6 2.5944472e+08
268.7 2.582104e+08
268.8 2.5719697e+08
268.9 2.5640129e+08
269 2.5581155e+08
269.1 2.5540827e+08
269.2 2.5516484e+08
269.3 2.5504772e+08
269.4 2.5501613e+08
269.5 2.5502151e+08
269.6 2.5500691e+08
269.7 2.549064e+08
269.8 2.5464503e+08
269.9 2.5413951e+08
270 2.5329994e+08
270.1 2.5203292e+08
270.2 2.5024621e+08
270.3 2.4785512e+08
270.4 2.447905e+08
270.5 2.4100852e+08
270.6 2.365018e+08
270.7 2.3131168e+08
270.8 2.2554081e+08
270.9 2.1936486e+08
271 2.1304087e+08
271.1 2.0690866e+08
271.2 2.0137974e+08
271.3 1.969074e+08
271.4 1.939341e+08
271.5 1.928194e+08
271.6 1.937641e+08
271.7 1.9675564e+08
271.8 2.0155675e+08
271.9 2.0774121e+08
272 2.1476091e+08
272.1 2.2202038e+08
272.2 2.289407e+08
272.3 2.3500551e+08
272.4 2.3978956e+08
272.5 2.4297371e+08
272.6 2.4434988e+08
272.7 2.4381917e+08
272.8 2.4138476e+08
272.9 2.3714101e+08
273 2.3125981e+08
273.1 2.2397492e+08
273.2 2.1556536e+08
273.3 2.0633861e+08
273.4 1.966146e+08
273.5 1.8671119e+08
273.6 1.769318e+08
273.7 1.6755565e+08
273.8 1.5883076e+08
273.9 1.5096973e+08
274 1.4414795e+08
274.1 1.385036e+08
274.2 1.3413882e+08
274.3 1.3112096e+08
274.4 1.294834e+08
274.5 1.2922572e+08
274.6 1.3031326e+08
274.7 1.3267731e+08
274.8 1.362164e+08
274.9 1.4079959e+08
275 1.4627181e+08
275.1 1.5246088e+08
275.2 1.5918548e+08
275.3 1.6626347e+08
275.4 1.7351966e+08
275.5 1.8079262e+08
275.6 1.8793977e+08
275.7 1.948407e+08
275.8 2.0139835e+08
275.9 2.0753827e+08
276 2.1320612e+08
276.1 2.1836382e+08
276.2 2.229847e+08
276.3 2.2704819e+08
276.4 2.3053429e+08
276.5 2.3341813e+08
276.6 2.3566466e+08
276.7 2.372235e+08
276.8 2.3802413e+08
276.9 2.3797114e+08
277 2.3694011e+08
277.1 2.3477415e+08
277.2 2.3128209e+08
277.3 2.2623906e+08
277.4 2.1939078e+08
277.5 2.1046305e+08
277.6 1.9917812e+08
277.7 1.8528003e+08
277.8 1.6857218e+08
277.9 1.4897404e+08
278 1.2661654e+08
278.1 1.0204198e+08
278.2 76762025
278.3 55190584
278.4 48821352
278.5 65219659
278.6 93537984
278.7 1.2506028e+08
278.8 1.5604783e+08
278.9 1.8440698e+08
279 2.086534e+08
279.1 2.2768127e+08
279.2 2.4073884e+08
279.3 2.4745247e+08
279.4 2.4785025e+08
279.5 2.4236798e+08
279.6 2.3183326e+08
279.7 2.1742987e+08
279.8 2.0064737e+08
279.9 1.8321523e+08
280 1.6700193e+08
280.1 1.5382716e+08
280.2 1.451281e+08
280.3 1.4153851e+08
280.4 1.4266541e+08
280.5 1.4732215e+08
280.6 1.5405583e+08
280.7 1.6157961e+08
280.8 1.6894764e+08
280.9 1.7554905e+08
281 1.8103407e+08
281.1 1.8523433e+08
281.2 1.8809858e+08
281.3 1.8964659e+08
281.4 1.8993835e+08
281.5 1.8905499e+08
281.6 1.8708782e+08
281.7 1.8413292e+08
281.8 1.8028923e+08
281.9 1.7565835e+08
282 1.7034514e+08
282.1 1.6445803e+08
282.2 1.5810882e+08
282.3 1.5141154e+08
282.4 1.4448058e+08
282.5 1.3742831e+08
282.6 1.303624e+08
282.7 1.2338366e+08
282.8 1.1658467e+08
282.9 1.1004982e+08
283 1.0385743e+08
283.1 98084225
283.2 92812553
283.3 88140144
283.4 84191361
283.5 81127426
283.6 79150889
283.7 78497907
283.8 79413265
283.9 82110353
284 86729197
284.1 93310192
284.2 1.0179202e+08
284.3 1.1202707e+08
284.4 1.2380088e+08
284.5 1.3684637e+08
284.6 1.5085118e+08
284.7 1.6546114e+08
284.8 1.8028363e+08
284.9 1.9489404e+08
285 2.0884688e+08
285.1 2.2169213e+08
285.2 2.3299624e+08
285.3 2.4236652e+08
285.4 2.4947696e+08
285.5 2.5409342e+08
285.6 2.5609598e+08
285.7 2.5549657e+08
285.8 2.5245058e+08
285.9 2.472612e+08
286 2.4037579e+08
286.1 2.323729e+08
286.2 2.2393709e+08
286.3 2.158176e+08
286.4 2.0876608e+08
286.5 2.0345293e+08
286.6 2.0037304e+08
286.7 1.9976676e+08
286.8 2.0158823e+08
286.9 2.0553776e+08
287 2.1114492e+08
287.1 2.178679e+08
287.2 2.2517787e+08
287.3 2.326135e+08
287.4 2.3980714e+08
287.5 2.4649039e+08
287.6 2.5248773e+08
287.7 2.5770411e+08
287.8 2.6211025e+08
287.9 2.6572767e+08
288 2.6861453e+08
288.1 2.7085269e+08
288.2 2.7253655e+08
288.3 2.737636e+08
288.4 2.7462699e+08
288.5 2.7521011e+08
288.6 2.7558298e+08
288.7 2.7580057e+08
288.8 2.7590245e+08
288.9 2.7591373e+08
289 2.7584675e+08
289.1 2.7570326e+08
289.2 2.7547658e+08
289.3 2.7515377e+08
289.4 2.7471731e+08
289.5 2.7414645e+08
289.6 2.7341815e+08
289.7 2.7250767e+08
289.8 2.7138898e+08
289.9 2.7003518e+08
290 2.6841896e+08
290.1 2.665135e+08
290.2 2.6429371e+08
290.3 2.6173811e+08
290.4 2.5883137e+08
290.5 2.5556744e+08
290.6 2.5195328e+08
290.7 2.4801298e+08
290.8 2.4379178e+08
290.9 2.3935964e+08
291 2.3481356e+08
291.1 2.3027786e+08
291.2 2.2590167e+08
291.3 2.2185271e+08
291.4 2.1830726e+08
291.5 2.154364e+08
291.6 2.1339004e+08
291.7 2.1228086e+08
291.8 2.1217108e+08
291.9 2.1306488e+08
292 2.1490806e+08
292.1 2.175948e+08
292.2 2.209799e+08
292.3 2.2489372e+08
292.4 2.2915716e+08
292.5 2.3359482e+08
292.6 2.3804516e+08
292.7 2.4236766e+08
292.8 2.4644706e+08
292.9 2.5019527e+08
293 2.5355143e+08
293.1 2.5648056e+08
293.2 2.5897109e+08
293.3 2.6103169e+08
293.4 2.6268753e+08
293.5 2.6397626e+08
293.6 2.6494393e+08
293.7 2.6564106e+08
293.8 2.6611903e+08
293.9 2.6642693e+08
294 2.6660899e+08
294.1 2.6670261e+08
294.2 2.6673703e+08
294.3 2.6673262e+08
294.4 2.6670065e+08
294.5 2.666437e+08
294.6 2.6655635e+08
294.7 2.6642648e+08
294.8 2.6623678e+08
294.9 2.659668e+08
295 2.6559529e+08
295.1 2.6510294e+08
295.2 2.6447536e+08
295.3 2.6370634e+08
295.4 2.628011e+08
295.5 2.6177921e+08
295.6 2.6067689e+08
295.7 2.5954795e+08
295.8 2.5846271e+08
295.9 2.5750411e+08
296 2.5676041e+08
296.1 2.5631425e+08
296.2 2.5622864e+08
296.3 2.5653167e+08
296.4 2.5720249e+08
296.5 2.58162e+08
296.6 2.5927123e+08
296.7 2.6033926e+08
296.8 2.6114053e+08
296.9 2.6143933e+08
297 2.6101767e+08
297.1 2.597022e+08
297.2 2.57386e+08
297.3 2.5404213e+08
297.4 2.4972713e+08
297.5 2.4457419e+08
297.6 2.3877735e+08
297.7 2.3256895e+08
297.8 2.2619366e+08
297.9 2.198828e+08
298 2.1383238e+08
298.1 2.0818803e+08
298.2 2.0303829e+08
298.3 1.9841674e+08
298.4 1.9431118e+08
298.5 1.9067748e+08
298.6 1.8745489e+08
298.7 1.8458004e+08
298.8 1.8199788e+08
298.9 1.7966849e+08
299 1.7757007e+08
299.1 1.7569832e+08
299.2 1.7406322e+08
299.3 1.7268412e+08
299.4 1.7158378e+08
299.5 1.707825e+08
299.6 1.7029278e+08
299.7 1.7011521e+08
299.8 1.7023605e+08
299.9 1.7062646e+08
300 1.7124354e+08
300.1 1.7203257e+08
300.2 1.7293017e+08
300.3 1.7386787e+08
300.4 1.7477554e+08
300.5 1.7558445e+08
300.6 1.7622985e+08
300.7 1.7665301e+08
300.8 1.7680281e+08
300.9 1.76637e+08
301 1.7612342e+08
301.1 1.7524108e+08
301.2 1.7398123e+08
301.3 1.7234845e+08
301.4 1.7036149e+08
301.5 1.680536e+08
301.6 1.6547233e+08
301.7 1.6267816e+08
301.8 1.5974214e+08
301.9 1.567421e+08
302 1.5375806e+08
302.1 1.5086689e+08
302.2 1.4813727e+08
302.3 1.4562568e+08
302.4 1.4337434e+08
302.5 1.4141168e+08
302.6 1.3975544e+08
302.7 1.3841818e+08
302.8 1.3741415e+08
302.9 1.3676652e+08
303 1.3651341e+08
303.1 1.3671138e+08
303.2 1.3743503e+08
303.3 1.3877153e+08
303.4 1.4080999e+08
303.5 1.4362637e+08
303.6 1.4726637e+08
303.7 1.5172959e+08
303.8 1.5695861e+08
303.9 1.6283557e+08
304 1.6918707e+08
304.1 1.7579603e+08
304.2 1.8241848e+08
304.3 1.8880245e+08
304.4 1.9470682e+08
304.5 1.9991839e+08
304.6 2.0426592e+08
304.7 2.0763048e+08
304.8 2.0995132e+08
304.9 2.1122697e+08
305 2.1151115e+08
305.1 2.1090361e+08
305.2 2.0953629e+08
305.3 2.0755611e+08
305.4 2.051063e+08
305.5 2.0230906e+08
305.6 1.9925257e+08
305.7 1.9598465e+08
305.8 1.9251462e+08
305.9 1.8882259e+08
306 1.8487425e+08
306.1 1.8063804e+08
306.2 1.7610138e+08
306.3 1.7128324e+08
306.4 1.6624149e+08
306.5 1.6107401e+08
306.6 1.5591383e+08
306.7 1.5091881e+08
306.8 1.4625691e+08
306.9 1.4208909e+08
307 1.3855194e+08
307.1 1.3574357e+08
307.2 1.3371586e+08
307.3 1.3247556e+08
307.4 1.3199466e+08
307.5 1.322282e+08
307.6 1.3313555e+08
307.7 1.3470071e+08
307.8 1.369472e+08
307.9 1.3994424e+08
308 1.4380168e+08
308.1 1.4865325e+08
308.2 1.5462973e+08
308.3 1.6182653e+08
308.4 1.7027259e+08
308.5 1.7990731e+08
308.6 1.9057012e+08
308.7 2.0200334e+08
308.8 2.1386594e+08
308.9 2.2575421e+08
309 2.372258e+08
309.1 2.4782458e+08
309.2 2.5710492e+08
309.3 2.6465498e+08
309.4 2.7011911e+08
309.5 2.7321989e+08
309.6 2.7378075e+08
309.7 2.7175011e+08
309.8 2.6722783e+08
309.9 2.6049376e+08
310 2.5203554e+08
310.1 2.4256788e+08
310.2 2.3302647e+08
310.3 2.2450887e+08
310.4 2.181304e+08
310.5 2.1478767e+08
310.6 2.148907e+08
310.7 2.1819439e+08
310.8 2.2383753e+08
310.9 2.3056828e+08
311 2.3703003e+08
311.1 2.4199452e+08
311.2 2.4450244e+08
311.3 2.4392417e+08
311.4 2.399672e+08
311.5 2.3265203e+08
311.6 2.222718e+08
311.7 2.0934642e+08
311.8 1.9457909e+08
311.9 1.7882067e+08
312 1.6304282e+08
312.1 1.4831145e+08
312.2 1.3573485e+08
312.3 1.2634289e+08
312.4 1.2086839e+08
312.5 1.1950011e+08
312.6 1.2179361e+08
312.7 1.2685136e+08
312.8 1.3364056e+08
312.9 1.4123953e+08
313 1.489405e+08
313.1 1.5625332e+08
313.2 1.6286925e+08
313.3 1.6861798e+08
313.4 1.734299e+08
313.5 1.7730596e+08
313.6 1.8029419e+08
313.7 1.8247172e+08
313.8 1.8393106e+08
313.9 1.8477003e+08
314 1.8508462e+08
314.1 1.8496443e+08
314.2 1.8449021e+08
314.3 1.8373319e+08
314.4 1.8275573e+08
314.5 1.8161299e+08
314.6 1.8035526e+08
314.7 1.7903058e+08
314.8 1.7768736e+08
314.9 1.7637675e+08
315 1.7515425e+08
315.1 1.7408046e+08
315.2 1.7322042e+08
315.3 1.7264129e+08
315.4 1.7240829e+08
315.5 1.7257882e+08
315.6 1.731953e+08
315.7 1.742775e+08
315.8 1.7581563e+08
315.9 1.7776533e+08
316 1.8004578e+08
316.1 1.8254138e+08
316.2 1.8510713e+08
316.3 1.8757703e+08
316.4 1.8977469e+08
316.5 1.9152518e+08
316.6 1.9266712e+08
316.7 1.9306447e+08
316.8 1.9261715e+08
316.9 1.9127019e+08
317 1.8902066e+08
317.1 1.8592182e+08
317.2 1.8208364e+08
317.3 1.7766893e+08
317.4 1.7288426e+08
317.5 1.6796534e+08
317.6 1.6315697e+08
317.7 1.5868934e+08
317.8 1.5475357e+08
317.9 1.5148118e+08
318 1.4893234e+08
318.1 1.4709599e+08
318.2 1.4590195e+08
318.3 1.4524119e+08
318.4 1.4498854e+08
318.5 1.450221e+08
318.6 1.4523618e+08
318.7 1.4554659e+08
318.8 1.4589e+08
318.9 1.4621968e+08
319 1.465006e+08
319.1 1.4670625e+08
319.2 1.468184e+08
319.3 1.4683016e+08
319.4 1.4675103e+08
319.5 1.46612e+08
319.6 1.4646804e+08
319.7 1.4639586e+08
319.8 1.4648548e+08
319.9 1.4682609e+08
320 1.4748857e+08
320.1 1.4850864e+08
320.2 1.4987492e+08
320.3 1.5152504e+08
320.4 1.5335053e+08
320.5 1.5520856e+08
320.6 1.5693698e+08
320.7 1.5836928e+08
320.8 1.5934674e+08
320.9 1.5972687e+08
321 1.5938804e+08
321.1 1.5823151e+08
321.2 1.5618174e+08
321.3 1.531863e+08
321.4 1.4921608e+08
321.5 1.4426649e+08
321.6 1.3835981e+08
321.7 1.3154906e+08
321.8 1.2392335e+08
321.9 1.1561527e+08
322 1.0681092e+08
322.1 97763612
322.2 88812117
322.3 80401724
322.4 73097566
322.5 67559072
322.6 64423143
322.7 64081404
322.8 66481508
322.9 71150078
323 77420124
323.1 84653816
323.2 92345793
323.3 1.0013478e+08
323.4 1.0777908e+08
323.5 1.1512633e+08
323.6 1.2208701e+08
323.7 1.2861313e+08
323.8 1.3468108e+08
323.9 1.4027803e+08
324 1.4539123e+08
324.1 1.500001e+08
324.2 1.5407107e+08
324.3 1.5755494e+08
324.4 1.6038643e+08
324.5 1.6248571e+08
324.6 1.6376119e+08
324.7 1.6411335e+08
324.8 1.6343906e+08
324.9 1.6163623e+08
325 1.5860853e+08
325.1 1.5427022e+08
325.2 1.4855101e+08
325.3 1.4140102e+08
325.4 1.3279555e+08
325.5 1.2273972e+08
325.6 1.1127245e+08
325.7 98469679
325.8 84446650
325.9 69360703
326 53419824
326.1 36923880
326.2 20539832
326.3 9159158.6
326.4 19347252
326.5 35899251
326.6 52882642
326.7 69613500
326.8 85852374
326.9 1.0146719e+08
327 1.163786e+08
327.1 1.305437e+08
327.2 1.4394766e+08
327.3 1.5659742e+08
327.4 1.6851601e+08
327.5 1.7973724e+08
327.6 1.9030074e+08
327.7 2.0024735e+08
327.8 2.0961497e+08
327.9 2.1843471e+08
328 2.2672762e+08
328.1 2.345017e+08
328.2 2.4174954e+08
328.3 2.4844649e+08
328.4 2.5454956e+08
328.5 2.599973e+08
328.6 2.6471084e+08
328.7 2.6859639e+08
328.8 2.7154941e+08
328.9 2.7346062e+08
329 2.7422377e+08
329.1 2.7374506e+08
329.2 2.7195352e+08
329.3 2.6881156e+08
329.4 2.6432468e+08
329.5 2.5854887e+08
329.6 2.5159452e+08
329.7 2.4362567e+08
329.8 2.3485383e+08
329.9 2.2552637e+08
330 2.1591017e+08
330.1 2.0627239e+08
330.2 1.9686093e+08
330.3 1.87888e+08
330.4 1.7951997e+08
330.5 1.7187602e+08
330.6 1.6503638e+08
330.7 1.5905848e+08
330.8 1.5399762e+08
330.9 1.499272e+08
331 1.4695316e+08
331.1 1.4521796e+08
331.2 1.4489073e+08
331.3 1.4614354e+08
331.4 1.4911752e+08
331.5 1.5388749e+08
331.6 1.6043513e+08
331.7 1.6863788e+08
331.8 1.7827436e+08
331.9 1.890414e+08
332 2.0057599e+08
332.1 2.1247706e+08
332.2 2.2432472e+08
332.3 2.3569676e+08
332.4 2.4618329e+08
332.5 2.554004e+08
332.6 2.6300351e+08
332.7 2.687007e+08
332.8 2.722657e+08
332.9 2.7355009e+08
333 2.7249397e+08
333.1 2.6913419e+08
333.2 2.6360926e+08
333.3 2.5616008e+08
333.4 2.4712561e+08
333.5 2.3693259e+08
333.6 2.260782e+08
333.7 2.1510455e+08
333.8 2.0456354e+08
333.9 1.9497236e+08
334 1.8676239e+08
334.1 1.8022949e+08
334.2 1.7549881e+08
334.3 1.725169e+08
334.4 1.7107643e+08
334.5 1.7086551e+08
334.6 1.7152462e+08
334.7 1.7269444e+08
334.8 1.7404621e+08
334.9 1.7529458e+08
335 1.761983e+08
335.1 1.7655507e+08
335.2 1.761957e+08
335.3 1.749805e+08
335.4 1.7279919e+08
335.5 1.6957399e+08
335.6 1.6526465e+08
335.7 1.5987403e+08
335.8 1.5345263e+08
335.9 1.4610106e+08
336 1.3796977e+08
336.1 1.2925639e+08
336.2 1.2020126e+08
336.3 1.1108225e+08
336.4 1.0220953e+08
336.5 93920177
336.6 86569622
336.7 80514115
336.8 76076156
336.9 73490992
337 72850109
337.1 74075027
337.2 76944359
337.3 81159503
337.4 86410867
337.5 92418803
337.6 98947680
337.7 1.0580382e+08
337.8 1.1282782e+08
337.9 1.1988745e+08
338 1.2687343e+08
338.1 1.3369841e+08
338.2 1.4029814e+08
338.3 1.4663352e+08
338.4 1.5269219e+08
338.5 1.5848845e+08
338.6 1.6406077e+08
338.7 1.6946678e+08
338.8 1.7477614e+08
338.9 1.8006201e+08
339 1.8539226e+08
339.1 1.908213e+08
339.2 1.9638329e+08
339.3 2.0208716e+08
339.4 2.0791351e+08
339.5 2.1381362e+08
339.6 2.197105e+08
339.7 2.2550216e+08
339.8 2.3106705e+08
339.9 2.362716e+08
340 2.409794e+08
340.1 2.4506118e+08
340.2 2.4840494e+08
340.3 2.5092484e+08
340.4 2.525683e+08
340.5 2.5332042e+08
340.6 2.5320534e+08
340.7 2.5228466e+08
340.8 2.5065307e+08
340.9 2.4843181e+08
341 2.4576059e+08
341.1 2.4278879e+08
341.2 2.396668e+08
341.3 2.3653811e+08
341.4 2.3353302e+08
341.5 2.3076431e+08
341.6 2.2832534e+08
341.7 2.2629039e+08
341.8 2.2471702e+08
341.9 2.2364977e+08
342 2.2312394e+08
342.1 2.2316854e+08
342.2 2.2380696e+08
342.3 2.2505443e+08
342.4 2.2691192e+08
342.5 2.2935642e+08
342.6 2.3232908e+08
342.7 2.3572279e+08
342.8 2.3937199e+08
342.9 2.4304706e+08
343 2.4645562e+08
343.1 2.4925179e+08
343.2 2.5105355e+08
343.3 2.5146708e+08
343.4 2.5011606e+08
343.5 2.4667326e+08
343.6 2.4089141e+08
343.7 2.3263065e+08
343.8 2.2188036e+08
343.9 2.0877423e+08
344 1.9359923e+08
344.1 1.7680062e+08
344.2 1.5898794e+08
344.3 1.4094768e+08
344.4 1.2366718e+08
344.5 1.0835727e+08
344.6 96408082
344.7 89122756
344.8 87139567
344.9 89948526
345 96137713
345.1 1.0412773e+08
345.2 1.1266462e+08
345.3 1.2091758e+08
345.4 1.283996e+08
345.5 1.3486485e+08
345.6 1.4022788e+08
345.7 1.4450667e+08
345.8 1.477828e+08
345.9 1.5017337e+08
346 1.5181096e+08
346.1 1.5282959e+08
346.2 1.5335542e+08
346.3 1.535014e+08
346.4 1.5336501e+08
346.5 1.5302841e+08
346.6 1.5256011e+08
346.7 1.5201721e+08
346.8 1.5144771e+08
346.9 1.5089197e+08
347 1.5038333e+08
347.1 1.4994771e+08
347.2 1.4960268e+08
347.3 1.4935643e+08
347.4 1.4920735e+08
347.5 1.4914468e+08
347.6 1.4915062e+08
347.7 1.4920391e+08
347.8 1.4928463e+08
347.9 1.4937976e+08
348 1.4948872e+08
348.1 1.4962816e+08
348.2 1.4983515e+08
348.3 1.5016791e+08
348.4 1.5070341e+08
348.5 1.5153149e+08
348.6 1.5274556e+08
348.7 1.544307e+08
348.8 1.5665089e+08
348.9 1.5943757e+08
349 1.6278169e+08
349.1 1.6663106e+08
349.2 1.708933e+08
349.3 1.754437e+08
349.4 1.8013623e+08
349.5 1.848159e+08
349.6 1.8933064e+08
349.7 1.935415e+08
349.8 1.973306e+08
349.9 2.006065e+08
350 2.0330708e+08
350.1 2.0540013e+08
350.2 2.0688198e+08
350.3 2.0777449e+08
350.4 2.0812078e+08
350.5 2.0798013e+08
350.6 2.0742248e+08
350.7 2.0652295e+08
350.8 2.053568e+08
350.9 2.0399514e+08
351 2.0250168e+08
351.1 2.0093059e+08
351.2 1.9932548e+08
351.3 1.9771932e+08
351.4 1.9613513e+08
351.5 1.9458708e+08
351.6 1.9308196e+08
351.7 1.9162053e+08
351.8 1.9019898e+08
351.9 1.8881011e+08
352 1.8744445e+08
352.1 1.8609123e+08
352.2 1.8473915e+08
352.3 1.8337712e+08
352.4 1.8199486e+08
352.5 1.8058337e+08
352.6 1.791354e+08
352.7 1.7764578e+08
352.8 1.7611175e+08
352.9 1.7453328e+08
353 1.729134e+08
353.1 1.7125855e+08
353.2 1.6957898e+08
353.3 1.6788913e+08
353.4 1.66208e+08
353.5 1.6455933e+08
353.6 1.6297157e+08
353.7 1.614775e+08
353.8 1.6011331e+08
353.9 1.5891709e+08
354 1.5792659e+08
354.1 1.5717641e+08
354.2 1.5669457e+08
354.3 1.5649903e+08
354.4 1.5659439e+08
354.5 1.5696941e+08
354.6 1.5759588e+08
354.7 1.5842912e+08
354.8 1.5941036e+08
354.9 1.6047086e+08
355 1.6153736e+08
355.1 1.6253818e+08
355.2 1.6340946e+08
355.3 1.6410047e+08
355.4 1.6457755e+08
355.5 1.648261e+08
355.6 1.6485025e+08
355.7 1.6467052e+08
355.8 1.6431966e+08
355.9 1.6383748e+08
356 1.6326557e+08
356.1 1.6264262e+08
356.2 1.6200099e+08
356.3 1.6136497e+08
356.4 1.6075049e+08
356.5 1.6016605e+08
356.6 1.5961443e+08
356.7 1.5909466e+08
356.8 1.5860383e+08
356.9 1.5813848e+08
357 1.5769554e+08
357.1 1.572727e+08
357.2 1.5686835e+08
357.3 1.5648114e+08
357.4 1.5610941e+08
357.5 1.5575047e+08
357.6 1.5539997e+08
357.7 1.550514e+08
357.8 1.5469574e+08
357.9 1.5432139e+08
358 1.5391431e+08
358.1 1.5345822e+08
358.2 1.5293504e+08
358.3 1.5232525e+08
358.4 1.516084e+08
358.5 1.5076355e+08
358.6 1.4976988e+08
358.7 1.4860731e+08
358.8 1.472575e+08
358.9 1.4570498e+08
359 1.4393867e+08
359.1 1.4195363e+08
359.2 1.3975295e+08
359.3 1.3734951e+08
359.4 1.3476739e+08
359.5 1.3204253e+08
359.6 1.2922249e+08
359.7 1.2636494e+08
359.8 1.2353518e+08
359.9 1.2080263e+08
360 1.1823672e+08
360.1 1.1590282e+08
360.2 1.1385848e+08
360.3 1.1215072e+08
360.4 1.1081455e+08
360.5 1.0987297e+08
360.6 1.0933832e+08
360.7 1.0921456e+08
360.8 1.0950007e+08
360.9 1.1019024e+08
361 1.1127933e+08
361.1 1.1276108e+08
361.2 1.1462789e+08
361.3 1.168686e+08
361.4 1.1946523e+08
361.5 1.2238931e+08
361.6 1.2559867e+08
361.7 1.2903533e+08
361.8 1.3262524e+08
361.9 1.3628023e+08
362 1.3990206e+08
362.1 1.4338826e+08
362.2 1.4663917e+08
362.3 1.4956527e+08
362.4 1.5209413e+08
362.5 1.5417637e+08
362.6 1.557898e+08
362.7 1.5694188e+08
362.8 1.5767009e+08
362.9 1.5804064e+08
363 1.5814567e+08
363.1 1.5809935e+08
363.2 1.580331e+08
363.3 1.580902e+08
363.4 1.5841963e+08
363.5 1.5916909e+08
363.6 1.6047715e+08
363.7 1.6246455e+08
363.8 1.6522511e+08
363.9 1.6881704e+08
364 1.7325548e+08
364.1 1.7850717e+08
364.2 1.8448801e+08
364.3 1.9106352e+08
364.4 1.9805241e+08
364.5 2.0523315e+08
364.6 2.1235352e+08
364.7 2.1914313e+08
364.8 2.2532893e+08
364.9 2.3065311e+08
365 2.3489246e+08
365.1 2.3787754e+08
365.2 2.3950947e+08
365.3 2.3977205e+08
365.4 2.3873712e+08
365.5 2.3656187e+08
365.6 2.3347778e+08
365.7 2.2977235e+08
365.8 2.2576552e+08
365.9 2.2178397e+08
366 2.1813621e+08
366.1 2.1509167e+08
366.2 2.1286581e+08
366.3 2.116125e+08
366.4 2.114231e+08
366.5 2.1233096e+08
366.6 2.1431866e+08
366.7 2.1732588e+08
366.8 2.2125604e+08
366.9 2.2598107e+08
367 2.3134459e+08
367.1 2.3716438e+08
367.2 2.4323533e+08
367.3 2.4933382e+08
367.4 2.5522379e+08
367.5 2.6066467e+08
367.6 2.6542048e+08
367.7 2.6926942e+08
367.8 2.7201306e+08
367.9 2.7348429e+08
368 2.735536e+08
368.1 2.7213319e+08
368.2 2.6917894e+08
368.3 2.6469045e+08
368.4 2.5870929e+08
368.5 2.5131603e+08
368.6 2.4262625e+08
368.7 2.3278601e+08
368.8 2.219669e+08
368.9 2.1036086e+08
369 1.9817484e+08
369.1 1.8562525e+08
369.2 1.7293224e+08
369.3 1.6031361e+08
369.4 1.4797835e+08
369.5 1.3611982e+08
369.6 1.2490842e+08
369.7 1.1448418e+08
369.8 1.0494967e+08
369.9 96364318
370 88741696
370.1 82051588
370.2 76228206
370.3 71184700
370.4 66832338
370.5 63101131
370.6 59957868
370.7 57417348
370.8 55542754
370.9 54431694
371 54187171
371.1 54879135
371.2 56509856
371.3 58997701
371.4 62184646
371.5 65860222
371.6 69789445
371.7 73736068
371.8 77478696
371.9 80820950
372 83597745
372.1 85679310
372.2 86973840
372.3 87429177
372.4 87033632
372.5 85815804
372.6 83843196
372.7 81219255
372.8 78078446
372.9 74578986
373 70892999
373.1 67194276
373.2 63644435
373.3 60379145
373.4 57496932
373.5 55053323
373.6 53062120
373.7 51503419
373.8 50335463
373.9 49506127
374 48960580
374.1 48643819
374.2 48499158
374.3 48465080
374.4 48473001
374.5 48447557
374.6 48309817
374.7 47982745
374.8 47397698
374.9 46500723
375 45257641
375.1 43657313
375.2 41712795
375.3 39460383
375.4 36956749
375.5 34274541
375.6 31496876
375.7 28711255
375.8 26003326
375.9 23450922
376 21118663
376.1 19053461
376.2 17281376
376.3 15806510
376.4 14612683
376.5 13668145
376.6 12932515
376.7 12364283
376.8 11927192
376.9 11594849
377 11354088
377.1 11208149
377.2 11180306
377.3 11317165
377.4 11688872
377.5 12382200
377.6 13484962
377.7 15066835
377.8 17166082
377.9 19787036
378 22904762
378.1 26470741
378.2 30416458
378.3 34654972
378.4 39081827
378.5 43576531
378.6 48005422
378.7 52226331
378.8 56095051
378.9 59473334
379 62237796
379.1 64288919
379.2 65559196
379.3 66019504
379.4 65682947
379.5 64605682
379.6 62884579
379.7 60651787
379.8 58066437
379.9 55303688
380 52541299
380.1 49944098
380.2 47647532
380.3 45742985
380.4 44269064
380.5 43213012
380.6 42523614
380.7 42132687
380.8 41979186
380.9 42030023
381 42293638
381.1 42824121
381.2 43714482
381.3 45078627
381.4 47024359
381.5 49624086
381.6 52892696
381.7 56779691
381.8 61175971
381.9 65930023
382 70867020
382.1 75806530
382.2 80577128
382.3 85027692
382.4 89035679
382.5 92512599
382.6 95406850
382.7 97704078
382.8 99425259
382.9 1.0062285e+08
383 1.013754e+08
383.1 1.0178097e+08
383.2 1.019497e+08
383.3 1.0199569e+08
383.4 1.0202835e+08
383.5 1.0214342e+08
383.6 1.0241383e+08
383.7 1.0288144e+08
383.8 1.0355027e+08
383.9 1.0438294e+08
384 1.0530126e+08
384.1 1.0619253e+08
384.2 1.0692238e+08
384.3 1.0735549e+08
384.4 1.073855e+08
384.5 1.0697569e+08
384.6 1.0621105e+08
384.7 1.0535812e+08
384.8 1.0491807e+08
384.9 1.0563772e+08
385 1.0842271e+08
385.1 1.1411834e+08
385.2 1.2322481e+08
385.3 1.3571461e+08
385.4 1.5105893e+08
385.5 1.6839888e+08
385.6 1.8673244e+08
385.7 2.0505103e+08
385.8 2.2242479e+08
385.9 2.3805497e+08
386 2.5130623e+08
386.1 2.6172451e+08
386.2 2.69042e+08
386.3 2.7317021e+08
386.4 2.7418283e+08
386.5 2.7229084e+08
386.6 2.6781303e+08
386.7 2.6114507e+08
386.8 2.5273002e+08
386.9 2.4303188e+08
387 2.3251337e+08
387.1 2.216177e+08
387.2 2.1075385e+08
387.3 2.0028427e+08
387.4 1.9051447e+08
387.5 1.816843e+08
387.6 1.7396192e+08
387.7 1.6744187e+08
387.8 1.6214876e+08
387.9 1.5804722e+08
388 1.5505685e+08
388.1 1.5306966e+08
388.2 1.5196663e+08
388.3 1.5163085e+08
388.4 1.51956e+08
388.5 1.5285037e+08
388.6 1.542377e+08
388.7 1.5605603e+08
388.8 1.5825583e+08
388.9 1.6079768e+08
389 1.6364987e+08
389.1 1.6678559e+08
389.2 1.701797e+08
389.3 1.7380514e+08
389.4 1.7762912e+08
389.5 1.8160969e+08
389.6 1.856932e+08
389.7 1.8981323e+08
389.8 1.9389136e+08
389.9 1.9784013e+08
390 2.0156803e+08
390.1 2.0498617e+08
390.2 2.0801624e+08
390.3 2.1059875e+08
390.4 2.1270099e+08
390.5 2.1432347e+08
390.6 2.1550409e+08
390.7 2.1631889e+08
390.8 2.168787e+08
390.9 2.1732097e+08
391 2.1779706e+08
391.1 2.1845572e+08
391.2 2.1942493e+08
391.3 2.20795e+08
391.4 2.2260622e+08
391.5 2.2484389e+08
391.6 2.2744167e+08
391.7 2.3029257e+08
391.8 2.332647e+08
391.9 2.3621841e+08
392 2.3902114e+08
392.1 2.415576e+08
392.2 2.4373385e+08
392.3 2.4547504e+08
392.4 2.4671793e+08
392.5 2.4739932e+08
392.6 2.474428e+08
392.7 2.4674568e+08
392.8 2.4516839e+08
392.9 2.425285e+08
393 2.3860068e+08
393.1 2.3312422e+08
393.2 2.2581886e+08
393.3 2.1640974e+08
393.4 2.0466293e+08
393.5 1.9043437e+08
393.6 1.7373951e+08
393.7 1.548613e+08
393.8 1.3453875e+08
393.9 1.1432704e+08
394 97236519
394.1 88204704
394.2 91948603
394.3 1.0811249e+08
394.4 1.3202225e+08
394.5 1.5917545e+08
394.6 1.8652352e+08
394.7 2.1204108e+08
394.8 2.3432233e+08
394.9 2.5239346e+08
395 2.6563952e+08
395.1 2.7377445e+08
395.2 2.7682041e+08
395.3 2.7508192e+08
395.4 2.6911008e+08
395.5 2.5965679e+08
395.6 2.4762093e+08
395.7 2.3398863e+08
395.8 2.1976875e+08
395.9 2.0592338e+08
396 1.9329303e+08
396.1 1.8252047e+08
396.2 1.739859e+08
396.3 1.677752e+08
396.4 1.6370099e+08
396.5 1.6137681e+08
396.6 1.6031923e+08
396.7 1.6004278e+08
396.8 1.60124e+08
396.9 1.6023011e+08
397 1.6012062e+08
397.1 1.5963348e+08
397.2 1.586651e+08
397.3 1.5715017e+08
397.4 1.5504427e+08
397.5 1.5231091e+08
397.6 1.4891342e+08
397.7 1.448119e+08
397.8 1.3996506e+08
397.9 1.3433628e+08
398 1.2790343e+08
398.1 1.2067178e+08
398.2 1.1268981e+08
398.3 1.0406877e+08
398.4 95008262
398.5 85831962
398.6 77037467
398.7 69353455
398.8 63753549
398.9 61292774
399 62665394
399.1 67783015
399.2 75879763
399.3 85990013
399.4 97282672
399.5 1.0914236e+08
399.6 1.2113673e+08
399.7 1.3296655e+08
399.8 1.4442658e+08
399.9 1.5537908e+08
400 1.6573567e+08
400.1 1.7544456e+08
400.2 1.8448074e+08
400.3 1.9283817e+08
400.4 2.005236e+08
400.5 2.0755162e+08
400.6 2.1394124e+08
400.7 2.1971365e+08
400.8 2.2489112e+08
400.9 2.2949683e+08
401 2.3355512e+08
401.1 2.3709198e+08
401.2 2.4013521e+08
401.3 2.4271423e+08
401.4 2.4485935e+08
401.5 2.4660059e+08
401.6 2.4796638e+08
401.7 2.4898229e+08
401.8 2.4967014e+08
401.9 2.5004784e+08
402 2.5012969e+08
402.1 2.4992753e+08
402.2 2.4945224e+08
402.3 2.487154e+08
402.4 2.4773105e+08
402.5 2.4651705e+08
402.6 2.450961e+08
402.7 2.434962e+08
402.8 2.4175067e+08
402.9 2.3989766e+08
403 2.3797928e+08
403.1 2.3604043e+08
403.2 2.3412741e+08
403.3 2.3228639e+08
403.4 2.3056176e+08
403.5 2.2899455e+08
403.6 2.2762094e+08
403.7 2.264709e+08
403.8 2.2556724e+08
403.9 2.2492488e+08
404 2.2455066e+08
404.1 2.2444356e+08
404.2 2.2459526e+08
404.3 2.2499118e+08
404.4 2.2561157e+08
404.5 2.2643293e+08
404.6 2.2742926e+08
404.7 2.2857331e+08
404.8 2.2983766e+08
404.9 2.3119554e+08
405 2.3262146e+08
405.1 2.3409158e+08
405.2 2.35584e+08
405.3 2.370788e+08
405.4 2.3855813e+08
405.5 2.4000622e+08
405.6 2.4140948e+08
405.7 2.4275664e+08
405.8 2.4403883e+08
405.9 2.4524981e+08
406 2.4638596e+08
406.1 2.4744624e+08
406.2 2.48432e+08
406.3 2.4934661e+08
406.4 2.50195e+08
406.5 2.5098316e+08
406.6 2.5171768e+08
406.7 2.5240539e+08
406.8 2.5305314e+08
406.9 2.536678e+08
407 2.5425636e+08
407.1 2.5482614e+08
407.2 2.5538506e+08
407.3 2.5594185e+08
407.4 2.565062e+08
407.5 2.5708883e+08
407.6 2.5770135e+08
407.7 2.5835612e+08
407.8 2.5906581e+08
407.9 2.5984282e+08
408 2.6069822e+08
408.1 2.6164015e+08
408.2 2.6267149e+08
408.3 2.6378667e+08
408.4 2.6496782e+08
408.5 2.6618051e+08
408.6 2.6736986e+08
408.7 2.6845786e+08
408.8 2.6934278e+08
408.9 2.6990149e+08
409 2.6999497e+08
409.1 2.6947678e+08
409.2 2.6820362e+08
409.3 2.6604666e+08
409.4 2.6290208e+08
409.5 2.5869939e+08
409.6 2.5340651e+08
409.7 2.47031e+08
409.8 2.3961775e+08
409.9 2.312436e+08
410 2.2200998e+08
410.1 2.1203476e+08
410.2 2.0144427e+08
410.3 1.9036653e+08
410.4 1.7892613e+08
410.5 1.6724101e+08
410.6 1.5542128e+08
410.7 1.4356953e+08
410.8 1.317826e+08
410.9 1.2015413e+08
411 1.0877767e+08
411.1 97750016
411.2 87174605
411.3 77164801
411.4 67846895
411.5 59362027
411.6 51864921
411.7 45514590
411.8 40449184
411.9 36739352
412 34331707
412.1 33020907
412.2 32485666
412.3 32372732
412.4 32376687
412.5 32286293
412.6 32006060
412.7 31574702
412.8 31194709
412.9 31267115
413 32386708
413.1 35221585
413.2 40284661
413.3 47780132
413.4 57650281
413.5 69707741
413.6 83719511
413.7 99428770
413.8 1.165477e+08
413.9 1.3474475e+08
414 1.5363578e+08
414.1 1.7278226e+08
414.2 1.9169698e+08
414.3 2.0985753e+08
414.4 2.2672676e+08
414.5 2.4177925e+08
414.6 2.5453177e+08
414.7 2.6457531e+08
414.8 2.7160526e+08
414.9 2.7544635e+08
415 2.7606915e+08
415.1 2.735954e+08
415.2 2.6829131e+08
415.3 2.6054895e+08
415.4 2.5085806e+08
415.5 2.397714e+08
415.6 2.2786792e+08
415.7 2.1571757e+08
415.8 2.0385158e+08
415.9 1.9274025e+08
416 1.8277948e+08
416.1 1.7428531e+08
416.2 1.6749454e+08
416.3 1.6256827e+08
416.4 1.5959526e+08
416.5 1.5859272e+08
416.6 1.5950425e+08
416.7 1.621966e+08
416.8 1.6645773e+08
416.9 1.7199833e+08
417 1.7845749e+08
417.1 1.8541232e+08
417.2 1.9239103e+08
417.3 1.9888938e+08
417.4 2.0439137e+08
417.5 2.0839506e+08
417.6 2.104453e+08
417.7 2.1017489e+08
417.8 2.073563e+08
417.9 2.0196648e+08
418 1.9426758e+08
418.1 1.8490383e+08
418.2 1.7500266e+08
418.3 1.6622837e+08
418.4 1.6065644e+08
418.5 1.6028475e+08
418.6 1.662235e+08
418.7 1.7811847e+08
418.8 1.9434566e+08
418.9 2.1271321e+08
419 2.3106425e+08
419.1 2.475718e+08
419.2 2.6082986e+08
419.3 2.6986086e+08
419.4 2.7409479e+08
419.5 2.7333519e+08
419.6 2.6771394e+08
419.7 2.5763528e+08
419.8 2.4371158e+08
419.9 2.2669502e+08
420 2.0741028e+08
420.1 1.8669331e+08
420.2 1.6533983e+08
420.3 1.4406612e+08
420.4 1.2348267e+08
420.5 1.0408029e+08
420.6 86226840
420.7 70172618
420.8 56061934
420.9 43948836
421 33815310
421.1 25590641
421.2 19170201
421.3 14428487
421.4 11212478
421.5 9300189.3
421.6 8362868.3
421.7 8025805.6
421.8 7990781.5
421.9 8080524.2
422 8203228.8
422.1 8308820
422.2 8366448.5
422.3 8359457.1
422.4 8287681.6
422.5 8169615
422.6 8040147.1
422.7 7941848.8
422.8 7910511.1
422.9 7959974
423 8074518.8
423.1 8214261.3
423.2 8331271
423.3 8389614.6
423.4 8384277.9
423.5 8356799.2
423.6 8403640.3
423.7 8665733
423.8 9285458.6
423.9 10344259
424 11830311
424.1 13659511
424.2 15716689
424.3 17884374
424.4 20055463
424.5 22137226
424.6 24052033
424.7 25736934
424.8 27142699
424.9 28232451
425 28979970
425.1 29367775
425.2 29385165
425.3 29026413
425.4 28289359
425.5 27174606
425.6 25685589
425.7 23829790
425.8 21621573
425.9 19087640
426 16277776
426.1 13288810
426.2 10327549
426.3 7886551.9
426.4 7000899.5
426.5 8409603.5
426.6 11305391
426.7 14726660
426.8 18171957
426.9 21355733
427 24071333
427.1 26147965
427.2 27439959
427.3 27827127
427.4 27219652
427.5 25566218
427.6 22868347
427.7 19214318
427.8 14888078
427.9 10806007
428 9750843.6
428.1 14059150
428.2 21500814
428.3 30327820
428.4 39886658
428.5 49844052
428.6 59963531
428.7 70048342
428.8 79925682
428.9 89442684
429 98465991
429.1 1.0688225e+08
429.2 1.1459856e+08
429.3 1.2154261e+08
429.4 1.2766238e+08
429.5 1.3292561e+08
429.6 1.3731918e+08
429.7 1.4084852e+08
429.8 1.4353722e+08
429.9 1.4542684e+08
430 1.4657677e+08
430.1 1.4706387e+08
430.2 1.4698146e+08
430.3 1.4643715e+08
430.4 1.4554897e+08
430.5 1.4443975e+08
430.6 1.4322972e+08
430.7 1.4202811e+08
430.8 1.4092496e+08
430.9 1.3998467e+08
431 1.3924268e+08
431.1 1.3870607e+08
431.2 1.3835815e+08
431.3 1.3816588e+08
431.4 1.3808855e+08
431.5 1.3808608e+08
431.6 1.3812556e+08
431.7 1.3818499e+08
431.8 1.3825438e+08
431.9 1.3833395e+08
432 1.3843032e+08
432.1 1.3855093e+08
432.2 1.3869761e+08
432.3 1.3885974e+08
432.4 1.390077e+08
432.5 1.390874e+08
432.6 1.3901668e+08
432.7 1.3868445e+08
432.8 1.3795391e+08
432.9 1.3667077e+08
433 1.3467761e+08
433.1 1.3183541e+08
433.2 1.2805252e+08
433.3 1.2332118e+08
433.4 1.1776037e+08
433.5 1.1166159e+08
433.6 1.0552851e+08
433.7 1.000876e+08
433.8 96225260
433.9 94799892
434 96348066
434.1 1.0085246e+08
434.2 1.0776317e+08
434.3 1.1624218e+08
434.4 1.2542839e+08
434.5 1.3459552e+08
434.6 1.4320623e+08
434.7 1.5090896e+08
434.8 1.5751171e+08
434.9 1.6294932e+08
435 1.6725068e+08
435.1 1.7050889e+08
435.2 1.7285582e+08
435.3 1.7444205e+08
435.4 1.7542247e+08
435.5 1.7594769e+08
435.6 1.7616016e+08
435.7 1.7619377e+08
435.8 1.761752e+08
435.9 1.7622499e+08
436 1.7645705e+08
436.1 1.769756e+08
436.2 1.7786963e+08
436.3 1.7920581e+08
436.4 1.8102156e+08
436.5 1.8332012e+08
436.6 1.8606903e+08
436.7 1.8920274e+08
436.8 1.9262883e+08
436.9 1.9623655e+08
437 1.9990615e+08
437.1 2.0351745e+08
437.2 2.0695652e+08
437.3 2.1012001e+08
437.4 2.1291718e+08
437.5 2.1526974e+08
437.6 2.1711049e+08
437.7 2.1838098e+08
437.8 2.1902922e+08
437.9 2.1900775e+08
438 2.1827261e+08
438.1 2.1678347e+08
438.2 2.1450494e+08
438.3 2.1140914e+08
438.4 2.0747915e+08
438.5 2.0271323e+08
438.6 1.9712925e+08
438.7 1.9076902e+08
438.8 1.8370188e+08
438.9 1.7602725e+08
439 1.6787541e+08
439.1 1.594063e+08
439.2 1.5080558e+08
439.3 1.4227764e+08
439.4 1.340352e+08
439.5 1.2628543e+08
439.6 1.1921321e+08
439.7 1.1296339e+08
439.8 1.0762497e+08
439.9 1.0322162e+08
440 99711715
440.1 96999371
440.2 94953548
440.3 93430169
440.4 92291537
440.5 91419525
440.6 90721657
440.7 90131375
440.8 89604656
440.9 89115128
441 88649272
441.1 88202607
441.2 87777175
441.3 87380175
441.4 87023373
441.5 86722838
441.6 86498633
441.7 86374395
441.8 86377045
441.9 86537225
442 86891161
442.1 87484336
442.2 88376646
442.3 89647601
442.4 91399122
442.5 93753023
442.6 96840984
442.7 1.0078702e+08
442.8 1.056856e+08
442.9 1.1158105e+08
443 1.1845435e+08
443.1 1.2622056e+08
443.2 1.3473662e+08
443.3 1.4381617e+08
443.4 1.5324724e+08
443.5 1.6280948e+08
443.6 1.7228883e+08
443.7 1.8148886e+08
443.8 1.9023874e+08
443.9 1.9839815e+08
444 2.0585962e+08
444.1 2.1254886e+08
444.2 2.1842341e+08
444.3 2.2347037e+08
444.4 2.277032e+08
444.5 2.3115822e+08
444.6 2.3389086e+08
444.7 2.3597179e+08
444.8 2.3748321e+08
444.9 2.3851509e+08
445 2.391615e+08
445.1 2.3951703e+08
445.2 2.3967316e+08
445.3 2.3971483e+08
445.4 2.3971706e+08
445.5 2.3974201e+08
445.6 2.3983665e+08
445.7 2.400313e+08
445.8 2.4033937e+08
445.9 2.4075843e+08
446 2.4127257e+08
446.1 2.4185597e+08
446.2 2.424771e+08
446.3 2.4310309e+08
446.4 2.4370364e+08
446.5 2.4425391e+08
446.6 2.4473606e+08
446.7 2.4513929e+08
446.8 2.4545872e+08
446.9 2.4569345e+08
447 2.4584449e+08
447.1 2.4591321e+08
447.2 2.4590074e+08
447.3 2.4580872e+08
447.4 2.4564099e+08
447.5 2.4540614e+08
447.6 2.4511997e+08
447.7 2.4480739e+08
447.8 2.4450296e+08
447.9 2.4424986e+08
448 2.4409712e+08
448.1 2.4409547e+08
448.2 2.4429238e+08
448.3 2.4472695e+08
448.4 2.4542556e+08
448.5 2.4639879e+08
448.6 2.4764007e+08
448.7 2.491262e+08
448.8 2.5081947e+08
448.9 2.526711e+08
449 2.5462541e+08
449.1 2.5662425e+08
449.2 2.5861107e+08
449.3 2.6053449e+08
449.4 2.6235083e+08
449.5 2.640258e+08
449.6 2.6553515e+08
449.7 2.6686447e+08
449.8 2.6800837e+08
449.9 2.6896915e+08
450 2.6975533e+08
450.1 2.7038005e+08
450.2 2.7085962e+08
450.3 2.7121231e+08
450.4 2.7145731e+08
450.5 2.7161401e+08
450.6 2.7170144e+08
450.7 2.7173789e+08
450.8 2.7174062e+08
450.9 2.7172557e+08
451 2.7170703e+08
451.1 2.7169718e+08
451.2 2.7170551e+08
451.3 2.7173807e+08
451.4 2.7179656e+08
451.5 2.7187745e+08
451.6 2.7197106e+08
451.7 2.7206098e+08
451.8 2.7212404e+08
451.9 2.7213102e+08
452 2.7204853e+08
452.1 2.7184234e+08
452.2 2.7148211e+08
452.3 2.7094761e+08
452.4 2.7023604e+08
452.5 2.6936945e+08
452.6 2.68401e+08
452.7 2.6741821e+08
452.8 2.6654069e+08
452.9 2.6591041e+08
453 2.6567298e+08
453.1 2.6595072e+08
453.2 2.6681106e+08
453.3 2.6823666e+08
453.4 2.7010496e+08
453.5 2.7218387e+08
453.6 2.7414602e+08
453.7 2.7559948e+08
453.8 2.7612885e+08
453.9 2.7533901e+08
454 2.7289484e+08
454.1 2.685522e+08
454.2 2.6217771e+08
454.3 2.53757e+08
454.4 2.4339232e+08
454.5 2.3129129e+08
454.6 2.1774898e+08
454.7 2.0312559e+08
454.8 1.8782209e+08
454.9 1.7225575e+08
455 1.5683744e+08
455.1 1.419521e+08
455.2 1.2794337e+08
455.3 1.1510314e+08
455.4 1.0366682e+08
455.5 93814572
455.6 85678853
455.7 79357132
455.8 74926203
455.9 72451605
456 71985170
456.1 73549229
456.2 77115617
456.3 82592281
456.4 89824159
456.5 98604708
456.6 1.0869025e+08
456.7 1.1981213e+08
456.8 1.3168583e+08
456.9 1.4401855e+08
457 1.5651647e+08
457.1 1.6889272e+08
457.2 1.8087593e+08
457.3 1.9221904e+08
457.4 2.0270762e+08
457.5 2.1216695e+08
457.6 2.2046732e+08
457.7 2.2752684e+08
457.8 2.3331185e+08
457.9 2.378346e+08
458 2.4114868e+08
458.1 2.433425e+08
458.2 2.4453131e+08
458.3 2.4484844e+08
458.4 2.4443632e+08
458.5 2.4343796e+08
458.6 2.4198937e+08
458.7 2.4021352e+08
458.8 2.382161e+08
458.9 2.3608325e+08
459 2.3388137e+08
459.1 2.3165862e+08
459.2 2.2944792e+08
459.3 2.2727087e+08
459.4 2.2514233e+08
459.5 2.2307485e+08
459.6 2.2108288e+08
459.7 2.1918619e+08
459.8 2.1741226e+08
459.9 2.1579747e+08
460 2.1438692e+08
460.1 2.1323265e+08
460.2 2.1239024e+08
460.3 2.1191378e+08
460.4 2.1184923e+08
460.5 2.1222662e+08
460.6 2.1305176e+08
460.7 2.1429849e+08
460.8 2.1590284e+08
460.9 2.1776037e+08
461 2.1972801e+08
461.1 2.2163081e+08
461.2 2.2327367e+08
461.3 2.2445715e+08
461.4 2.2499591e+08
461.5 2.2473789e+08
461.6 2.2358186e+08
461.7 2.2149155e+08
461.8 2.1850417e+08
461.9 2.1473216e+08
462 2.1035747e+08
462.1 2.0561823e+08
462.2 2.0078879e+08
462.3 1.9615476e+08
462.4 1.9198566e+08
462.5 1.8850878e+08
462.6 1.8588842e+08
462.7 1.8421438e+08
462.8 1.8350205e+08
462.9 1.8370378e+08
463 1.8472879e+08
463.1 1.8646675e+08
463.2 1.888106e+08
463.3 1.9167442e+08
463.4 1.9500432e+08
463.5 1.9878092e+08
463.6 2.0301364e+08
463.7 2.0772776e+08
463.8 2.1294637e+08
463.9 2.1867074e+08
464 2.2486295e+08
464.1 2.314347e+08
464.2 2.3824457e+08
464.3 2.4510411e+08
464.4 2.5179123e+08
464.5 2.5806765e+08
464.6 2.6369728e+08
464.7 2.6846253e+08
464.8 2.7217682e+08
464.9 2.7469225e+08
465 2.7590285e+08
465.1 2.7574399e+08
465.2 2.7418916e+08
465.3 2.7124544e+08
465.4 2.6694854e+08
465.5 2.6135846e+08
465.6 2.5455598e+08
465.7 2.4664027e+08
465.8 2.3772736e+08
465.9 2.2794918e+08
466 2.1745262e+08
466.1 2.0639825e+08
466.2 1.9495845e+08
466.3 1.833147e+08
466.4 1.7165417e+08
466.5 1.6016576e+08
466.6 1.4903589e+08
466.7 1.3844418e+08
466.8 1.2855919e+08
466.9 1.1953379e+08
467 1.1149991e+08
467.1 1.0456196e+08
467.2 98788999
467.3 94206618
467.4 90790617
467.5 88465520
467.6 87109920
467.7 86568493
467.8 86667947
467.9 87233151
468 88100369
468.1 89126217
468.2 90192458
468.3 91207491
468.4 92105593
468.5 92844730
468.6 93403589
468.7 93778221
468.8 93978592
468.9 94025251
469 93946236
469.1 93774288
469.2 93544361
469.3 93291336
469.4 93047792
469.5 92841671
469.6 92693719
469.7 92614729
469.8 92602819
469.9 92641204
470 92697151
470.1 92722868
470.2 92659062
470.3 92441720
470.4 92012436
470.5 91332381
470.6 90399725
470.7 89269857
470.8 88076638
470.9 87050533
471 86525287
471.1 86920119
471.2 88684691
471.3 92208521
471.4 97724304
471.5 1.0525124e+08
471.6 1.1460336e+08
471.7 1.2544616e+08
471.8 1.3736497e+08
471.9 1.4992008e+08
472 1.6268283e+08
472.1 1.7525698e+08
472.2 1.8729163e+08
472.3 1.9848936e+08
472.4 2.0861204e+08
472.5 2.174845e+08
472.6 2.249964e+08
472.7 2.311018e+08
472.8 2.3581631e+08
472.9 2.3921163e+08
473 2.4140763e+08
473.1 2.4256234e+08
473.2 2.4286036e+08
473.3 2.4250037e+08
473.4 2.4168269e+08
473.5 2.4059746e+08
473.6 2.3941442e+08
473.7 2.3827468e+08
473.8 2.3728509e+08
473.9 2.3651521e+08
474 2.3599703e+08
474.1 2.3572698e+08
474.2 2.356698e+08
474.3 2.3576371e+08
474.4 2.3592597e+08
474.5 2.3605846e+08
474.6 2.3605261e+08
474.7 2.3579348e+08
474.8 2.351632e+08
474.9 2.3404391e+08
475 2.323212e+08
475.1 2.2988893e+08
475.2 2.2665675e+08
475.3 2.225617e+08
475.4 2.1758525e+08
475.5 2.1177633e+08
475.6 2.0527979e+08
475.7 1.9836651e+08
475.8 1.9145624e+08
475.9 1.8511616e+08
476 1.8001048e+08
476.1 1.7677924e+08
476.2 1.758532e+08
476.3 1.7726612e+08
476.4 1.8056199e+08
476.5 1.8485682e+08
476.6 1.8902314e+08
476.7 1.9190991e+08
476.8 1.9252612e+08
476.9 1.9015998e+08
477 1.8443597e+08
477.1 1.7532229e+08
477.2 1.6310428e+08
477.3 1.4833967e+08
477.4 1.3181439e+08
477.5 1.1452013e+08
477.6 97677821
477.7 82816406
477.8 71815473
477.9 66528671
478 67642401
478.1 73937706
478.2 83282074
478.3 93882001
478.4 1.0459793e+08
478.5 1.1478074e+08
478.6 1.2407904e+08
478.7 1.3231372e+08
478.8 1.3940561e+08
478.9 1.4533442e+08
479 1.5011516e+08
479.1 1.5378455e+08
479.2 1.5639323e+08
479.3 1.580015e+08
479.4 1.5867716e+08
479.5 1.5849454e+08
479.6 1.5753411e+08
479.7 1.5588224e+08
479.8 1.5363092e+08
479.9 1.5087702e+08
480 1.4772118e+08
480.1 1.4426615e+08
480.2 1.4061459e+08
480.3 1.3686658e+08
480.4 1.3311693e+08
480.5 1.2945258e+08
480.6 1.2595049e+08
480.7 1.2267617e+08
480.8 1.1968305e+08
480.9 1.1701273e+08
481 1.1469582e+08
481.1 1.1275327e+08
481.2 1.111977e+08
481.3 1.1003454e+08
481.4 1.0926279e+08
481.5 1.088754e+08
481.6 1.0885932e+08
481.7 1.0919543e+08
481.8 1.0985854e+08
481.9 1.1081754e+08
482 1.1203599e+08
482.1 1.1347282e+08
482.2 1.1508355e+08
482.3 1.1682163e+08
482.4 1.1863999e+08
482.5 1.2049282e+08
482.6 1.2233729e+08
482.7 1.2413546e+08
482.8 1.2585598e+08
482.9 1.2747578e+08
483 1.2898141e+08
483.1 1.3037001e+08
483.2 1.3164965e+08
483.3 1.3283897e+08
483.4 1.3396595e+08
483.5 1.3506572e+08
483.6 1.3617765e+08
483.7 1.3734175e+08
483.8 1.3859513e+08
483.9 1.3996887e+08
484 1.4148626e+08
484.1 1.4316288e+08
484.2 1.4500906e+08
484.3 1.4703474e+08
484.4 1.4925616e+08
484.5 1.5170322e+08
484.6 1.5442571e+08
484.7 1.5749609e+08
484.8 1.610061e+08
484.9 1.6505525e+08
485 1.697304e+08
485.1 1.7507833e+08
485.2 1.8107612e+08
485.3 1.8760603e+08
485.4 1.944416e+08
485.5 2.0124882e+08
485.6 2.0760277e+08
485.7 2.1301644e+08
485.8 2.1697669e+08
485.9 2.1898244e+08
486 2.1858082e+08
486.1 2.1539881e+08
486.2 2.0916922e+08
486.3 1.9975116e+08
486.4 1.8714637e+08
486.5 1.7151469e+08
486.6 1.5319512e+08
486.7 1.3274736e+08
486.8 1.110509e+08
486.9 89558901
487 70920683
487.1 59910952
487.2 61625431
487.3 74951231
487.4 94285056
487.5 1.1557559e+08
487.6 1.3676333e+08
487.7 1.5680317e+08
487.8 1.7514358e+08
487.9 1.9150728e+08
488 2.0579108e+08
488.1 2.1801127e+08
488.2 2.2826724e+08
488.3 2.3671366e+08
488.4 2.4353774e+08
488.5 2.489405e+08
488.6 2.5312193e+08
488.7 2.5627016e+08
488.8 2.585546e+08
488.9 2.6012272e+08
489 2.6110029e+08
489.1 2.615943e+08
489.2 2.6169772e+08
489.3 2.6149538e+08
489.4 2.6106968e+08
489.5 2.605054e+08
489.6 2.5989238e+08
489.7 2.5932546e+08
489.8 2.5890132e+08
489.9 2.5871206e+08
490 2.5883663e+08
490.1 2.5933122e+08
490.2 2.6022069e+08
490.3 2.614928e+08
490.4 2.6309684e+08
490.5 2.6494708e+08
490.6 2.6693075e+08
490.7 2.6891902e+08
490.8 2.7077936e+08
490.9 2.7238736e+08
491 2.7363672e+08
491.1 2.7444652e+08
491.2 2.7476562e+08
491.3 2.7457417e+08
491.4 2.738829e+08
491.5 2.7273055e+08
491.6 2.7118008e+08
491.7 2.6931409e+08
491.8 2.6722968e+08
491.9 2.6503319e+08
492 2.6283465e+08
492.1 2.6074223e+08
492.2 2.5885685e+08
492.3 2.5726697e+08
492.4 2.5604407e+08
492.5 2.552391e+08
492.6 2.548803e+08
492.7 2.5497258e+08
492.8 2.5549868e+08
492.9 2.5642183e+08
493 2.576895e+08
493.1 2.5923782e+08
493.2 2.60996e+08
493.3 2.628904e+08
493.4 2.6484785e+08
493.5 2.6679823e+08
493.6 2.686763e+08
493.7 2.7042296e+08
493.8 2.719862e+08
493.9 2.7332192e+08
494 2.7439485e+08
494.1 2.7517963e+08
494.2 2.7566201e+08
494.3 2.7584005e+08
494.4 2.7572497e+08
494.5 2.753414e+08
494.6 2.7472652e+08
494.7 2.739281e+08
494.8 2.7300123e+08
494.9 2.7200424e+08
495 2.7099428e+08
495.1 2.7002327e+08
495.2 2.6913483e+08
495.3 2.6836243e+08
495.4 2.6772878e+08
495.5 2.6724611e+08
495.6 2.6691677e+08
495.7 2.6673381e+08
495.8 2.6668143e+08
495.9 2.6673538e+08
496 2.6686394e+08
496.1 2.6702986e+08
496.2 2.6719347e+08
496.3 2.6731703e+08
496.4 2.6736971e+08
496.5 2.6733238e+08
496.6 2.6720118e+08
496.7 2.6698923e+08
496.8 2.6672572e+08
496.9 2.6645255e+08
497 2.662188e+08
497.1 2.6607384e+08
497.2 2.6606009e+08
497.3 2.6620632e+08
497.4 2.665226e+08
497.5 2.6699741e+08
497.6 2.675973e+08
497.7 2.6826907e+08
497.8 2.6894416e+08
497.9 2.6954462e+08
498 2.6998997e+08
498.1 2.7020426e+08
498.2 2.7012246e+08
498.3 2.6969566e+08
498.4 2.6889462e+08
498.5 2.6771123e+08
498.6 2.6615786e+08
498.7 2.6426482e+08
498.8 2.6207608e+08
498.9 2.5964398e+08
499 2.5702365e+08
499.1 2.5426766e+08
499.2 2.5142172e+08
499.3 2.485218e+08
499.4 2.4559275e+08
499.5 2.4264859e+08
499.6 2.3969396e+08
499.7 2.3672652e+08
499.8 2.3373981e+08
499.9 2.3072614e+08
500 2.2767932e+08
500.1 2.2459682e+08
500.2 2.2148143e+08
500.3 2.1834219e+08
500.4 2.1519456e+08
500.5 2.1205994e+08
500.6 2.0896445e+08
500.7 2.0593716e+08
500.8 2.030078e+08
500.9 2.0020425e+08
501 1.9755009e+08
501.1 1.9506253e+08
501.2 1.9275113e+08
501.3 1.9061755e+08
501.4 1.8865668e+08
501.5 1.8685906e+08
501.6 1.8521443e+08
501.7 1.837161e+08
501.8 1.8236551e+08
501.9 1.8117641e+08
502 1.8017786e+08
502.1 1.7941543e+08
502.2 1.7894981e+08
502.3 1.7885257e+08
502.4 1.7919875e+08
502.5 1.800567e+08
502.6 1.8147633e+08
502.7 1.8347728e+08
502.8 1.8603935e+08
502.9 1.8909689e+08
503 1.9253849e+08
503.1 1.9621187e+08
503.2 1.9993318e+08
503.3 2.034988e+08
503.4 2.0669801e+08
503.5 2.0932489e+08
503.6 2.1118871e+08
503.7 2.121224e+08
503.8 2.1198959e+08
503.9 2.1069084e+08
504 2.081702e+08
504.1 2.0442321e+08
504.2 1.9950731e+08
504.3 1.9355512e+08
504.4 1.8678991e+08
504.5 1.7954045e+08
504.6 1.7224919e+08
504.7 1.6546257e+08
504.8 1.5978865e+08
504.9 1.558096e+08
505 1.5395514e+08
505.1 1.5437688e+08
505.2 1.5688585e+08
505.3 1.6099246e+08
505.4 1.6602868e+08
505.5 1.7129209e+08
505.6 1.7616067e+08
505.7 1.8015925e+08
505.8 1.829829e+08
505.9 1.8449031e+08
506 1.8467961e+08
506.1 1.8365597e+08
506.2 1.8159735e+08
506.3 1.7872272e+08
506.4 1.7526515e+08
506.5 1.7145107e+08
506.6 1.674858e+08
506.7 1.635452e+08
506.8 1.5977241e+08
506.9 1.5627898e+08
507 1.5314915e+08
507.1 1.5044625e+08
507.2 1.4821996e+08
507.3 1.4651347e+08
507.4 1.4536943e+08
507.5 1.4483386e+08
507.6 1.4495733e+08
507.7 1.4579312e+08
507.8 1.4739239e+08
507.9 1.4979699e+08
508 1.5303097e+08
508.1 1.5709249e+08
508.2 1.6194764e+08
508.3 1.6752748e+08
508.4 1.7372893e+08
508.5 1.8041931e+08
508.6 1.8744377e+08
508.7 1.9463455e+08
508.8 2.018209e+08
508.9 2.0883864e+08
509 2.1553862e+08
509.1 2.2179347e+08
509.2 2.275025e+08
509.3 2.3259432e+08
509.4 2.3702754e+08
509.5 2.4078965e+08
509.6 2.4389431e+08
509.7 2.4637754e+08
509.8 2.482932e+08
509.9 2.4970815e+08
510 2.5069729e+08
510.1 2.5133905e+08
510.2 2.5171124e+08
510.3 2.5188765e+08
510.4 2.5193533e+08
510.5 2.5191266e+08
510.6 2.5186822e+08
510.7 2.5184032e+08
510.8 2.5185721e+08
510.9 2.5193766e+08
511 2.5209192e+08
511.1 2.5232274e+08
511.2 2.5262634e+08
511.3 2.5299308e+08
511.4 2.5340786e+08
511.5 2.5385011e+08
511.6 2.5429345e+08
511.7 2.5470502e+08
511.8 2.550448e+08
511.9 2.5526494e+08
512 2.5530935e+08
512.1 2.5511374e+08
512.2 2.546063e+08
512.3 2.537092e+08
512.4 2.523412e+08
512.5 2.5042155e+08
512.6 2.4787563e+08
512.7 2.4464252e+08
512.8 2.4068446e+08
512.9 2.3599806e+08
513 2.3062622e+08
513.1 2.2466895e+08
513.2 2.1829055e+08
513.3 2.1171956e+08
513.4 2.0523753e+08
513.5 1.9915385e+08
513.6 1.9376626e+08
513.7 1.8931244e+08
513.8 1.8592369e+08
513.9 1.8359598e+08
514 1.8219002e+08
514.1 1.8146247e+08
514.2 1.8111827e+08
514.3 1.808682e+08
514.4 1.8047685e+08
514.5 1.7979319e+08
514.6 1.7876203e+08
514.7 1.7741927e+08
514.8 1.7587503e+08
514.9 1.74289e+08
515 1.7284166e+08
515.1 1.7170456e+08
515.2 1.7101284e+08
515.3 1.7084352e+08
515.4 1.7120246e+08
515.5 1.7202224e+08
515.6 1.7317116e+08
515.7 1.7447151e+08
515.8 1.75724e+08
515.9 1.767343e+08
516 1.7733827e+08
516.1 1.7742268e+08
516.2 1.7693958e+08
516.3 1.7591257e+08
516.4 1.7443447e+08
516.5 1.7265634e+08
516.6 1.7076873e+08
516.7 1.6897724e+08
516.8 1.6747546e+08
516.9 1.6641932e+08
517 1.6590753e+08
517.1 1.6597157e+08
517.2 1.6657682e+08
517.3 1.6763366e+08
517.4 1.6901498e+08
517.5 1.7057608e+08
517.6 1.7217298e+08
517.7 1.736773e+08
517.8 1.749867e+08
517.9 1.7603127e+08
518 1.7677664e+08
518.1 1.7722459e+08
518.2 1.7741161e+08
518.3 1.7740579e+08
518.4 1.7730195e+08
518.5 1.7721472e+08
518.6 1.7726945e+08
518.7 1.77591e+08
518.8 1.7829093e+08
518.9 1.7945432e+08
519 1.8112796e+08
519.1 1.8331182e+08
519.2 1.8595535e+08
519.3 1.889591e+08
519.4 1.9218134e+08
519.5 1.9544816e+08
519.6 1.9856543e+08
519.7 2.0133076e+08
519.8 2.0354454e+08
519.9 2.0501922e+08
520 2.0558686e+08
520.1 2.0510497e+08
520.2 2.0346116e+08
520.3 2.0057689e+08
520.4 1.9641059e+08
520.5 1.9096057e+08
520.6 1.8426786e+08
520.7 1.7641912e+08
520.8 1.6755025e+08
520.9 1.5785088e+08
521 1.4757055e+08
521.1 1.37027e+08
521.2 1.2661604e+08
521.3 1.1681966e+08
521.4 1.0820291e+08
521.5 1.0137996e+08
521.6 96925362
521.7 95229009
521.8 96355942
521.9 1.0001202e+08
522 1.056492e+08
522.1 1.1263103e+08
522.2 1.203615e+08
522.3 1.28346e+08
522.4 1.3620327e+08
522.5 1.4365484e+08
522.6 1.5050809e+08
522.7 1.5664002e+08
522.8 1.6198333e+08
522.9 1.6651498e+08
523 1.7024688e+08
523.1 1.7321805e+08
523.2 1.754883e+08
523.3 1.7713315e+08
523.4 1.7824005e+08
523.5 1.7890592e+08
523.6 1.7923602e+08
523.7 1.7934416e+08
523.8 1.7935388e+08
523.9 1.7940036e+08
524 1.7963207e+08
524.1 1.8021122e+08
524.2 1.8131139e+08
524.3 1.8311101e+08
524.4 1.8578165e+08
524.5 1.8947111e+08
524.6 1.9428329e+08
524.7 2.002577e+08
524.8 2.0735296e+08
524.9 2.1543737e+08
525 2.2428827e+08
525.1 2.3359999e+08
525.2 2.4299824e+08
525.3 2.5205904e+08
525.4 2.6032985e+08
525.5 2.6735149e+08
525.6 2.726798e+08
525.7 2.7590622e+08
525.8 2.7667653e+08
525.9 2.7470722e+08
526 2.6979865e+08
526.1 2.6184485e+08
526.2 2.5083962e+08
526.3 2.3687943e+08
526.4 2.201639e+08
526.5 2.0099562e+08
526.6 1.7978282e+08
526.7 1.5705117e+08
526.8 1.3347908e+08
526.9 1.0998941e+08
527 87975604
527.1 69793575
527.2 59271187
527.3 59875796
527.4 70142439
527.5 85351092
527.6 1.0201365e+08
527.7 1.1831924e+08
527.8 1.3336862e+08
527.9 1.4671472e+08
528 1.5815586e+08
528.1 1.6763944e+08
528.2 1.7521099e+08
528.3 1.8098305e+08
528.4 1.8511419e+08
528.5 1.8779388e+08
528.6 1.8923176e+08
528.7 1.8964982e+08
528.8 1.8927668e+08
528.9 1.8834269e+08
529 1.8707479e+08
529.1 1.8569034e+08
529.2 1.843895e+08
529.3 1.8334648e+08
529.4 1.8270086e+08
529.5 1.8255045e+08
529.6 1.8294743e+08
529.7 1.8389886e+08
529.8 1.8537169e+08
529.9 1.8730146e+08
530 1.896029e+08
530.1 1.9218072e+08
530.2 1.9493902e+08
530.3 1.9778844e+08
530.4 2.0065077e+08
530.5 2.0346119e+08
530.6 2.0616865e+08
530.7 2.0873495e+08
530.8 2.11133e+08
530.9 2.1334485e+08
531 2.1535969e+08
531.1 2.1717211e+08
531.2 2.1878087e+08
531.3 2.2018789e+08
531.4 2.2139781e+08
531.5 2.2241765e+08
531.6 2.232568e+08
531.7 2.239268e+08
531.8 2.2444118e+08
531.9 2.2481499e+08
532 2.2506396e+08
532.1 2.252035e+08
532.2 2.2524727e+08
532.3 2.2520559e+08
532.4 2.2508375e+08
532.5 2.2488026e+08
532.6 2.245853e+08
532.7 2.2417933e+08
532.8 2.2363212e+08
532.9 2.2290209e+08
533 2.2193622e+08
533.1 2.2067028e+08
533.2 2.1902971e+08
533.3 2.1693081e+08
533.4 2.1428262e+08
533.5 2.1098927e+08
533.6 2.06953e+08
533.7 2.0207789e+08
533.8 1.962744e+08
533.9 1.8946489e+08
534 1.8159021e+08
534.1 1.7261782e+08
534.2 1.6255195e+08
534.3 1.5144703e+08
534.4 1.394268e+08
534.5 1.2671324e+08
534.6 1.1367283e+08
534.7 1.008914e+08
534.8 89283687
534.9 80196945
535 75309330
535.1 75987868
535.2 82363858
535.3 93270535
535.4 1.0709969e+08
535.5 1.2245665e+08
535.6 1.3829862e+08
535.7 1.5386033e+08
535.8 1.685642e+08
535.9 1.8196028e+08
536 1.9369243e+08
536.1 2.0348067e+08
536.2 2.1111272e+08
536.3 2.1644037e+08
536.4 2.1937839e+08
536.5 2.1990464e+08
536.6 2.1806077e+08
536.7 2.139534e+08
536.8 2.0775584e+08
536.9 1.997109e+08
537 1.9013579e+08
537.1 1.7943007e+08
537.2 1.6808777e+08
537.3 1.5671278e+08
537.4 1.4603191e+08
537.5 1.3688889e+08
537.6 1.3018725e+08
537.7 1.267475e+08
537.8 1.2709173e+08
537.9 1.3126533e+08
538 1.3883127e+08
538.1 1.4904061e+08
538.2 1.6104619e+08
538.3 1.7404734e+08
538.4 1.873493e+08
538.5 2.0037076e+08
538.6 2.1263219e+08
538.7 2.2374236e+08
538.8 2.3338929e+08
538.9 2.4133635e+08
539 2.4742216e+08
539.1 2.5156192e+08
539.2 2.5374833e+08
539.3 2.5405015e+08
539.4 2.5260731e+08
539.5 2.4962202e+08
539.6 2.4534604e+08
539.7 2.4006498e+08
539.8 2.3408088e+08
539.9 2.2769446e+08
540 2.2118874e+08
540.1 2.1481511e+08
540.2 2.0878301e+08
540.3 2.0325367e+08
540.4 1.9833801e+08
540.5 1.9409837e+08
540.6 1.905533e+08
540.7 1.8768446e+08
540.8 1.8544449e+08
540.9 1.8376514e+08
541 1.8256464e+08
541.1 1.817542e+08
541.2 1.8124336e+08
541.3 1.8094429e+08
541.4 1.8077526e+08
541.5 1.8066348e+08
541.6 1.805474e+08
541.7 1.8037882e+08
541.8 1.8012453e+08
541.9 1.7976762e+08
542 1.7930804e+08
542.1 1.7876204e+08
542.2 1.7816009e+08
542.3 1.7754257e+08
542.4 1.7695301e+08
542.5 1.7642869e+08
542.6 1.7598925e+08
542.7 1.7562454e+08
542.8 1.752837e+08
542.9 1.7486795e+08
543 1.7422943e+08
543.1 1.7317739e+08
543.2 1.7149233e+08
543.3 1.6894686e+08
543.4 1.6533158e+08
543.5 1.6048337e+08
543.6 1.543142e+08
543.7 1.4683862e+08
543.8 1.3819972e+08
543.9 1.2869407e+08
544 1.1879632e+08
544.1 1.0918015e+08
544.2 1.0071837e+08
544.3 94415887
544.4 91208367
544.5 91634030
544.6 95583879
544.7 1.0237305e+08
544.8 1.1106282e+08
544.9 1.2075422e+08
545 1.3072245e+08
545.1 1.4043426e+08
545.2 1.4951909e+08
545.3 1.5773222e+08
545.4 1.6492295e+08
545.5 1.7100981e+08
545.6 1.7596185e+08
545.7 1.7978481e+08
545.8 1.8251104e+08
545.9 1.841925e+08
546 1.8489653e+08
546.1 1.8470374e+08
546.2 1.8370788e+08
546.3 1.8201698e+08
546.4 1.7975506e+08
546.5 1.7706316e+08
546.6 1.7409828e+08
546.7 1.7102818e+08
546.8 1.6802033e+08
546.9 1.6522405e+08
547 1.6274667e+08
547.1 1.6062771e+08
547.2 1.588174e+08
547.3 1.5716718e+08
547.4 1.5543752e+08
547.5 1.5332361e+08
547.6 1.5049438e+08
547.7 1.4663705e+08
547.8 1.4149903e+08
547.9 1.349212e+08
548 1.2685954e+08
548.1 1.1739543e+08
548.2 1.0673821e+08
548.3 95226972
548.4 83342212
548.5 71742854
548.6 61340793
548.7 53374445
548.8 49254054
548.9 49831418
549 54631930
549.1 62266672
549.2 71393807
549.3 81096571
549.4 90821313
549.5 1.0024481e+08
549.6 1.0918057e+08
549.7 1.1752372e+08
549.8 1.2521975e+08
549.9 1.3224632e+08
550 1.3860258e+08
550.1 1.4430259e+08
550.2 1.4937131e+08
550.3 1.5384189e+08
550.4 1.5775386e+08
550.5 1.6115165e+08
550.6 1.6408319e+08
550.7 1.6659849e+08
550.8 1.6874805e+08
550.9 1.7058115e+08
551 1.7214416e+08
551.1 1.7347896e+08
551.2 1.7462173e+08
551.3 1.7560221e+08
551.4 1.7644367e+08
551.5 1.7716335e+08
551.6 1.7777354e+08
551.7 1.7828305e+08
551.8 1.7869877e+08
551.9 1.7902727e+08
552 1.7927615e+08
552.1 1.7945481e+08
552.2 1.7957463e+08
552.3 1.7964817e+08
552.4 1.7968748e+08
552.5 1.7970128e+08
552.6 1.7969125e+08
552.7 1.7964769e+08
552.8 1.79545e+08
552.9 1.7933757e+08
553 1.7895704e+08
553.1 1.7831189e+08
553.2 1.7729057e+08
553.3 1.7576972e+08
553.4 1.7362913e+08
553.5 1.7077557e+08
553.6 1.6717749e+08
553.7 1.6291239e+08
553.8 1.5822607e+08
553.9 1.5359649e+08
554 1.497794e+08
554.1 1.4778756e+08
554.2 1.487373e+08
554.3 1.5354043e+08
554.4 1.6255744e+08
554.5 1.7542912e+08
554.6 1.9118463e+08
554.7 2.0850564e+08
554.8 2.2597736e+08
554.9 2.4225749e+08
555 2.5617557e+08
555.1 2.6679293e+08
555.2 2.7344217e+08
555.3 2.7575393e+08
555.4 2.7367252e+08
555.5 2.6746027e+08
555.6 2.5769003e+08
555.7 2.4522439e+08
555.8 2.3117816e+08
555.9 2.1685432e+08
556 2.0363543e+08
556.1 1.9281e+08
556.2 1.8533745e+08
556.3 1.8162058e+08
556.4 1.8141388e+08
556.5 1.8394826e+08
556.6 1.882059e+08
556.7 1.9319182e+08
556.8 1.9810211e+08
556.9 2.0238238e+08
557 2.0571606e+08
557.1 2.0798171e+08
557.2 2.0920275e+08
557.3 2.095012e+08
557.4 2.0905922e+08
557.5 2.0808933e+08
557.6 2.0681246e+08
557.7 2.0544269e+08
557.8 2.0417693e+08
557.9 2.0318868e+08
558 2.0262429e+08
558.1 2.0260123e+08
558.2 2.0320743e+08
558.3 2.0450142e+08
558.4 2.0651282e+08
558.5 2.0924317e+08
558.6 2.1266681e+08
558.7 2.1673188e+08
558.8 2.2136149e+08
558.9 2.2645508e+08
559 2.3189011e+08
559.1 2.3752438e+08
559.2 2.4319901e+08
559.3 2.4874237e+08
559.4 2.5397506e+08
559.5 2.58716e+08
559.6 2.6278968e+08
559.7 2.6603436e+08
559.8 2.6831125e+08
559.9 2.6951424e+08
560 2.6957984e+08
560.1 2.6849675e+08
560.2 2.6631425e+08
560.3 2.6314818e+08
560.4 2.5918315e+08
560.5 2.54669e+08
560.6 2.4991004e+08
560.7 2.4524529e+08
560.8 2.4102013e+08
560.9 2.3755132e+08
561 2.3509066e+08
561.1 2.3379469e+08
561.2 2.3370822e+08
561.3 2.3476616e+08
561.4 2.3681281e+08
561.5 2.3963268e+08
561.6 2.4298452e+08
561.7 2.4663127e+08
561.8 2.5036173e+08
561.9 2.5400315e+08
562 2.5742569e+08
562.1 2.6054116e+08
562.2 2.6329824e+08
562.3 2.6567587e+08
562.4 2.6767625e+08
562.5 2.6931802e+08
562.6 2.706302e+08
562.7 2.7164674e+08
562.8 2.7240188e+08
562.9 2.7292593e+08
563 2.7324161e+08
563.1 2.7336061e+08
563.2 2.7328054e+08
563.3 2.7298234e+08
563.4 2.7242831e+08
563.5 2.7156105e+08
563.6 2.7030384e+08
563.7 2.6856282e+08
563.8 2.6623163e+08
563.9 2.6319918e+08
564 2.5936115e+08
564.1 2.5463603e+08
564.2 2.4898619e+08
564.3 2.4244422e+08
564.4 2.3514371e+08
564.5 2.273521e+08
564.6 2.1949902e+08
564.7 2.1218783e+08
564.8 2.0616972e+08
564.9 2.0225595e+08
565 2.011575e+08
565.1 2.0328373e+08
565.2 2.0858227e+08
565.3 2.1650482e+08
565.4 2.261123e+08
565.5 2.3625473e+08
565.6 2.4574656e+08
565.7 2.534963e+08
565.8 2.5858715e+08
565.9 2.6032129e+08
566 2.5823993e+08
566.1 2.5212674e+08
566.2 2.4199869e+08
566.3 2.2808638e+08
566.4 2.1080619e+08
566.5 1.9072699e+08
566.6 1.6853559e+08
566.7 1.4500728e+08
566.8 1.2099216e+08
566.9 97439558
567 75513751
567.1 56921164
567.2 44497129
567.3 41517808
567.4 47291743
567.5 57256219
567.6 68025585
567.7 78081992
567.8 86838719
567.9 94117460
568 99931437
568.1 1.0439036e+08
568.2 1.0765324e+08
568.3 1.09902e+08
568.4 1.113251e+08
568.5 1.1210682e+08
568.6 1.1241969e+08
568.7 1.1241903e+08
568.8 1.1223888e+08
568.9 1.1198904e+08
569 1.1175322e+08
569.1 1.1158844e+08
569.2 1.1152594e+08
569.3 1.1157359e+08
569.4 1.1171991e+08
569.5 1.119391e+08
569.6 1.1219687e+08
569.7 1.1245607e+08
569.8 1.126819e+08
569.9 1.1284596e+08
570 1.1292902e+08
570.1 1.1292232e+08
570.2 1.1282766e+08
570.3 1.1265613e+08
570.4 1.1242613e+08
570.5 1.1216065e+08
570.6 1.1188432e+08
570.7 1.1162051e+08
570.8 1.1138864e+08
570.9 1.1120215e+08
571 1.1106701e+08
571.1 1.1098112e+08
571.2 1.1093434e+08
571.3 1.1090926e+08
571.4 1.1088248e+08
571.5 1.1082636e+08
571.6 1.107111e+08
571.7 1.105072e+08
571.8 1.1018815e+08
571.9 1.0973372e+08
572 1.0913367e+08
572.1 1.0839224e+08
572.2 1.0753344e+08
572.3 1.066071e+08
572.4 1.0569547e+08
572.5 1.049193e+08
572.6 1.0444204e+08
572.7 1.044692e+08
572.8 1.0523963e+08
572.9 1.0700575e+08
573 1.1000266e+08
573.1 1.1441131e+08
573.2 1.2032509e+08
573.3 1.2772974e+08
573.4 1.3650061e+08
573.5 1.4641439e+08
573.6 1.5716804e+08
573.7 1.6839904e+08
573.8 1.797037e+08
573.9 1.9065327e+08
574 2.0080908e+08
574.1 2.097375e+08
574.2 2.1702556e+08
574.3 2.22297e+08
574.4 2.2522812e+08
574.5 2.255624e+08
574.6 2.2312308e+08
574.7 2.1782293e+08
574.8 2.0967118e+08
574.9 1.9877857e+08
575 1.853623e+08
575.1 1.6975459e+08
575.2 1.5242169e+08
575.3 1.3400593e+08
575.4 1.1541485e+08
575.5 97994065
575.6 83784689
575.7 75554622
575.8 75637501
575.9 83824945
576 97565716
576.1 1.1414881e+08
576.2 1.3170252e+08
576.3 1.4908354e+08
576.4 1.6560218e+08
576.5 1.8084324e+08
576.6 1.945689e+08
576.7 2.0666592e+08
576.8 2.1711436e+08
576.9 2.2596602e+08
577 2.3332698e+08
577.1 2.3934198e+08
577.2 2.4417957e+08
577.3 2.4801839e+08
577.4 2.5103488e+08
577.5 2.5339325e+08
577.6 2.5523795e+08
577.7 2.5668908e+08
577.8 2.5784036e+08
577.9 2.587596e+08
578 2.5949103e+08
578.1 2.6005886e+08
578.2 2.6047172e+08
578.3 2.6072728e+08
578.4 2.6081689e+08
578.5 2.6072961e+08
578.6 2.6045568e+08
578.7 2.5998902e+08
578.8 2.5932878e+08
578.9 2.584798e+08
579 2.5745227e+08
579.1 2.5626057e+08
579.2 2.5492178e+08
579.3 2.5345397e+08
579.4 2.5187469e+08
579.5 2.5019994e+08
579.6 2.4844361e+08
579.7 2.4661767e+08
579.8 2.4473305e+08
579.9 2.4280116e+08
580 2.4083586e+08
580.1 2.3885593e+08
580.2 2.3688752e+08
580.3 2.3496665e+08
580.4 2.3314105e+08
580.5 2.3147128e+08
580.6 2.3003034e+08
580.7 2.2890151e+08
580.8 2.28174e+08
580.9 2.279362e+08
581 2.282668e+08
581.1 2.2922448e+08
581.2 2.3083734e+08
581.3 2.3309353e+08
581.4 2.3593444e+08
581.5 2.3925156e+08
581.6 2.4288744e+08
581.7 2.4664042e+08
581.8 2.5027249e+08
581.9 2.5351941e+08
582 2.561023e+08
582.1 2.5774011e+08
582.2 2.5816266e+08
582.3 2.5712396e+08
582.4 2.5441537e+08
582.5 2.498781e+08
582.6 2.4341423e+08
582.7 2.3499515e+08
582.8 2.2466646e+08
582.9 2.1254841e+08
583 1.9883143e+08
583.1 1.8376666e+08
583.2 1.6765232e+08
583.3 1.508169e+08
583.4 1.3360085e+08
583.5 1.1633839e+08
583.6 99341008
583.7 82883931
583.8 67196450
583.9 52456619
584 38790791
584.1 26279990
584.2 14987788
584.3 5242682.8
584.4 5454620.3
584.5 13186490
584.6 20362853
584.7 26802884
584.8 32582995
584.9 37807213
585 42582515
585.1 47011674
585.2 51190013
585.3 55203750
585.4 59129244
585.5 63032909
585.6 66971635
585.7 70993592
585.8 75139241
585.9 79442355
586 83930788
586.1 88626784
586.2 93546640
586.3 98699732
586.4 1.0408702e+08
586.5 1.0969942e+08
586.6 1.1551637e+08
586.7 1.2150525e+08
586.8 1.2762172e+08
586.9 1.3381145e+08
587 1.400128e+08
587.1 1.4616047e+08
587.2 1.5218933e+08
587.3 1.5803817e+08
587.4 1.6365277e+08
587.5 1.6898802e+08
587.6 1.7400899e+08
587.7 1.7869098e+08
587.8 1.8301861e+08
587.9 1.8698436e+08
588 1.9058679e+08
588.1 1.9382865e+08
588.2 1.9671514e+08
588.3 1.9925253e+08
588.4 2.0144711e+08
588.5 2.0330449e+08
588.6 2.0482937e+08
588.7 2.0602556e+08
588.8 2.0689621e+08
588.9 2.0744437e+08
589 2.0767364e+08
589.1 2.0758897e+08
589.2 2.0719771e+08
589.3 2.0651061e+08
589.4 2.0554307e+08
589.5 2.0431635e+08
589.6 2.0285876e+08
589.7 2.0120685e+08
589.8 1.9940625e+08
589.9 1.9751231e+08
590 1.9559005e+08
590.1 1.9371349e+08
590.2 1.9196382e+08
590.3 1.9042638e+08
590.4 1.8918618e+08
590.5 1.8832198e+08
590.6 1.8789933e+08
590.7 1.8796308e+08
590.8 1.8853034e+08
590.9 1.8958514e+08
591 1.9107565e+08
591.1 1.9291474e+08
591.2 1.9498402e+08
591.3 1.9714104e+08
591.4 1.9922859e+08
591.5 2.0108543e+08
591.6 2.0255695e+08
591.7 2.0350507e+08
591.8 2.0381654e+08
591.9 2.0340892e+08
592 2.0223406e+08
592.1 2.0027899e+08
592.2 1.9756426e+08
592.3 1.9414027e+08
592.4 1.9008208e+08
592.5 1.8548338e+08
592.6 1.8045028e+08
592.7 1.7509558e+08
592.8 1.6953375e+08
592.9 1.6387709e+08
593 1.5823287e+08
593.1 1.5270145e+08
593.2 1.4737491e+08
593.3 1.4233604e+08
593.4 1.3765727e+08
593.5 1.3339931e+08
593.6 1.296095e+08
593.7 1.2632002e+08
593.8 1.2354616e+08
593.9 1.2128529e+08
594 1.1951681e+08
594.1 1.1820338e+08
594.2 1.1729364e+08
594.3 1.1672594e+08
594.4 1.1643288e+08
594.5 1.1634594e+08
594.6 1.1639989e+08
594.7 1.1653634e+08
594.8 1.167064e+08
594.9 1.1687226e+08
595 1.1700765e+08
595.1 1.1709737e+08
595.2 1.1713588e+08
595.3 1.1712527e+08
595.4 1.1707268e+08
595.5 1.1698747e+08
595.6 1.1687841e+08
595.7 1.167511e+08
595.8 1.1660604e+08
595.9 1.164375e+08
596 1.1623355e+08
596.1 1.1597742e+08
596.2 1.1565028e+08
596.3 1.1523564e+08
596.4 1.1472537e+08
596.5 1.1412715e+08
596.6 1.1347316e+08
596.7 1.1282924e+08
596.8 1.1230316e+08
596.9 1.1204973e+08
597 1.1226939e+08
597.1 1.1319653e+08
597.2 1.1507505e+08
597.3 1.1812255e+08
597.4 1.2249062e+08
597.5 1.2823291e+08
597.6 1.3529161e+08
597.7 1.4350546e+08
597.8 1.526341e+08
597.9 1.6238973e+08
598 1.7246798e+08
598.1 1.8257346e+08
598.2 1.9243846e+08
598.3 2.0183524e+08
598.4 2.1058266e+08
598.5 2.1854824e+08
598.6 2.256465e+08
598.7 2.318346e+08
598.8 2.3710603e+08
598.9 2.4148314e+08
599 2.4500931e+08
599.1 2.4774114e+08
599.2 2.4974143e+08
599.3 2.5107304e+08
599.4 2.5179415e+08
599.5 2.5195502e+08
599.6 2.5159645e+08
599.7 2.5075014e+08
599.8 2.4944073e+08
599.9 2.4768945e+08
600 2.45519e+08
600.1 2.4295884e+08
600.2 2.400502e+08
600.3 2.3684966e+08
600.4 2.3343054e+08
600.5 2.2988132e+08
600.6 2.2630122e+08
600.7 2.227936e+08
600.8 2.1945875e+08
600.9 2.1638792e+08
601 2.1366035e+08
601.1 2.1134396e+08
601.2 2.094992e+08
601.3 2.0818398e+08
601.4 2.0745729e+08
601.5 2.0737914e+08
601.6 2.0800598e+08
601.7 2.093822e+08
601.8 2.1152987e+08
601.9 2.1443973e+08
602 2.1806565e+08
602.1 2.2232421e+08
602.2 2.2709904e+08
602.3 2.322487e+08
602.4 2.3761658e+08
602.5 2.4304103e+08
602.6 2.4836495e+08
602.7 2.5344418e+08
602.8 2.5815442e+08
602.9 2.6239662e+08
603 2.6610051e+08
603.1 2.6922624e+08
603.2 2.7176384e+08
603.3 2.7373051e+08
603.4 2.7516614e+08
603.5 2.7612731e+08
603.6 2.7668061e+08
603.7 2.7689589e+08
603.8 2.7684005e+08
603.9 2.765722e+08
604 2.7614017e+08
604.1 2.755788e+08
604.2 2.7490972e+08
604.3 2.7414252e+08
604.4 2.7327701e+08
604.5 2.7230638e+08
604.6 2.7122111e+08
604.7 2.7001361e+08
604.8 2.686834e+08
604.9 2.672427e+08
605 2.6572178e+08
605.1 2.6417332e+08
605.2 2.6267458e+08
605.3 2.6132598e+08
605.4 2.6024511e+08
605.5 2.5955533e+08
605.6 2.5936975e+08
605.7 2.5977209e+08
605.8 2.6079731e+08
605.9 2.6241534e+08
606 2.6452047e+08
606.1 2.6692778e+08
606.2 2.6937633e+08
606.3 2.715376e+08
606.4 2.7302747e+08
606.5 2.7342069e+08
606.6 2.7226793e+08
606.7 2.6911617e+08
606.8 2.6353422e+08
606.9 2.5514494e+08
607 2.4366602e+08
607.1 2.2896128e+08
607.2 2.111067e+08
607.3 1.9048075e+08
607.4 1.679016e+08
607.5 1.4485623e+08
607.6 1.2387058e+08
607.7 1.0884497e+08
607.8 1.0421847e+08
607.9 1.1169298e+08
608 1.2831954e+08
608.1 1.4939631e+08
608.2 1.711779e+08
608.3 1.9123555e+08
608.4 2.080915e+08
608.5 2.2092326e+08
608.6 2.2939652e+08
608.7 2.3356627e+08
608.8 2.3380514e+08
608.9 2.3073992e+08
609 2.2518872e+08
609.1 2.1809501e+08
609.2 2.1045541e+08
609.3 2.0323759e+08
609.4 1.9728818e+08
609.5 1.9323984e+08
609.6 1.9144041e+08
609.7 1.919319e+08
609.8 1.944931e+08
609.9 1.9873012e+08
610 2.0417944e+08
610.1 2.1039147e+08
610.2 2.1698075e+08
610.3 2.2364539e+08
610.4 2.3016548e+08
610.5 2.3639022e+08
610.6 2.4222073e+08
610.7 2.4759266e+08
610.8 2.5246084e+08
610.9 2.5678673e+08
611 2.6052902e+08
611.1 2.6363741e+08
611.2 2.6604925e+08
611.3 2.6768904e+08
611.4 2.684702e+08
611.5 2.6829925e+08
611.6 2.670818e+08
611.7 2.6473021e+08
611.8 2.6117277e+08
611.9 2.5636418e+08
612 2.502973e+08
612.1 2.4301635e+08
612.2 2.3463153e+08
612.3 2.2533528e+08
612.4 2.1541956e+08
612.5 2.0529199e+08
612.6 1.9548547e+08
612.7 1.8665017e+08
612.8 1.7951015e+08
612.9 1.7476688e+08
613 1.7295011e+08
613.1 1.7425885e+08
613.2 1.7846944e+08
613.3 1.8496487e+08
613.4 1.9286539e+08
613.5 2.0119012e+08
613.6 2.0899084e+08
613.7 2.1543918e+08
613.8 2.1987448e+08
613.9 2.2182472e+08
614 2.2100966e+08
614.1 2.1733122e+08
614.2 2.1085378e+08
614.3 2.0177733e+08
614.4 1.9040617e+08
614.5 1.7711644e+08
614.6 1.623255e+08
614.7 1.4646531e+08
614.8 1.2996138e+08
614.9 1.1321769e+08
615 96607241
615.1 80467457
615.2 65099642
615.3 50772064
615.4 37728171
615.5 26207769
615.6 16516852
615.7 9330603.5
615.8 6596283.5
615.9 8353213
616 10542758
616.1 11527687
616.2 10993308
616.3 8981371.9
616.4 5965845.1
616.5 4844867.1
616.6 9642723.1
616.7 17305108
616.8 26468267
616.9 36766416
617 47979019
617.1 59911726
617.2 72373002
617.3 85169391
617.4 98106501
617.5 1.1099251e+08
617.6 1.2364295e+08
617.7 1.3588603e+08
617.8 1.4756777e+08
617.9 1.5855644e+08
618 1.6874579e+08
618.1 1.7805679e+08
618.2 1.8643779e+08
618.3 1.9386313e+08
618.4 2.0033046e+08
618.5 2.0585731e+08
618.6 2.1047726e+08
618.7 2.1423651e+08
618.8 2.1719128e+08
618.9 2.1940645e+08
619 2.2095571e+08
619.1 2.2192294e+08
619.2 2.2240427e+08
619.3 2.2250989e+08
619.4 2.223643e+08
619.5 2.2210388e+08
619.6 2.2187074e+08
619.7 2.2180286e+08
619.8 2.2202128e+08
619.9 2.2261653e+08
620 2.2363697e+08
620.1 2.2508177e+08
620.2 2.2690042e+08
620.3 2.2899875e+08
620.4 2.312503e+08
620.5 2.3351032e+08
620.6 2.3562992e+08
620.7 2.3746838e+08
620.8 2.3890231e+08
620.9 2.398315e+08
621 2.4018179e+08
621.1 2.399057e+08
621.2 2.3898145e+08
621.3 2.3741116e+08
621.4 2.3521858e+08
621.5 2.3244664e+08
621.6 2.2915501e+08
621.7 2.2541757e+08
621.8 2.2131979e+08
621.9 2.1695597e+08
622 2.1242616e+08
622.1 2.0783283e+08
622.2 2.0327727e+08
622.3 1.9885582e+08
622.4 1.9465613e+08
622.5 1.9075358e+08
622.6 1.8720824e+08
622.7 1.8406264e+08
622.8 1.8134059e+08
622.9 1.7904725e+08
623 1.7717046e+08
623.1 1.7568329e+08
623.2 1.7454748e+08
623.3 1.7371736e+08
623.4 1.7314389e+08
623.5 1.7277826e+08
623.6 1.7257487e+08
623.7 1.7249328e+08
623.8 1.7249919e+08
623.9 1.725643e+08
624 1.7266546e+08
624.1 1.7278309e+08
624.2 1.7289942e+08
624.3 1.7299681e+08
624.4 1.7305639e+08
624.5 1.7305738e+08
624.6 1.7297699e+08
624.7 1.7279068e+08
624.8 1.7247251e+08
624.9 1.7199483e+08
625 1.7132692e+08
625.1 1.7043196e+08
625.2 1.6926247e+08
625.3 1.6775446e+08
625.4 1.6582127e+08
625.5 1.6334846e+08
625.6 1.6019123e+08
625.7 1.5617582e+08
625.8 1.511059e+08
625.9 1.4477418e+08
626 1.369792e+08
626.1 1.275467e+08
626.2 1.1635563e+08
626.3 1.0337126e+08
626.4 88695087
626.5 72665170
626.6 56127567
626.7 41325496
626.8 34139234
626.9 41148468
627 58273920
627.1 79360948
627.2 1.016785e+08
627.3 1.2398869e+08
627.4 1.4556877e+08
627.5 1.659249e+08
627.6 1.8470488e+08
627.7 2.0166837e+08
627.8 2.1667362e+08
627.9 2.2966767e+08
628 2.4067579e+08
628.1 2.4978912e+08
628.2 2.5715075e+08
628.3 2.6294107e+08
628.4 2.6736348e+08
628.5 2.706311e+08
628.6 2.7295535e+08
628.7 2.7453651e+08
628.8 2.755565e+08
628.9 2.7617363e+08
629 2.765191e+08
629.1 2.7669481e+08
629.2 2.7677237e+08
629.3 2.7679276e+08
629.4 2.7676676e+08
629.5 2.766758e+08
629.6 2.764735e+08
629.7 2.760877e+08
629.8 2.7542327e+08
629.9 2.743657e+08
630 2.7278556e+08
630.1 2.7054381e+08
630.2 2.6749801e+08
630.3 2.6350921e+08
630.4 2.5844929e+08
630.5 2.5220848e+08
630.6 2.4470267e+08
630.7 2.3588006e+08
630.8 2.2572656e+08
630.9 2.1426978e+08
631 2.0158094e+08
631.1 1.8777461e+08
631.2 1.7300611e+08
631.3 1.5746658e+08
631.4 1.4137595e+08
631.5 1.2497406e+08
631.6 1.085106e+08
631.7 92234375
631.8 76382766
631.9 61172685
632 46795275
632.1 33421087
632.2 21245895
632.3 10814122
632.4 6358700.1
632.5 12511631
632.6 20265658
632.7 27563699
632.8 34217817
632.9 40236359
633 45648090
633.1 50462373
633.2 54655915
633.3 58169529
633.4 60910667
633.5 62759906
633.6 63580629
633.7 63232143
633.8 61588148
633.9 58565583
634 54176046
634.1 48629793
634.2 42564175
634.3 37511931
634.4 36345870
634.5 41889682
634.6 54102753
634.7 71076557
634.8 91145207
634.9 1.1313985e+08
635 1.3612026e+08
635.1 1.5920555e+08
635.2 1.8150841e+08
635.3 2.0212578e+08
635.4 2.2016102e+08
635.5 2.3476507e+08
635.6 2.4518852e+08
635.7 2.5083735e+08
635.8 2.5132476e+08
635.9 2.4651178e+08
636 2.3653054e+08
636.1 2.2178666e+08
636.2 2.0294091e+08
636.3 1.8087561e+08
636.4 1.5665742e+08
636.5 1.3151752e+08
636.6 1.0688746e+08
636.7 84558110
636.8 67010831
636.9 57439527
637 57627322
637.1 65176366
637.2 75962864
637.3 87237050
637.4 97685877
637.5 1.0677829e+08
637.6 1.1436638e+08
637.7 1.2049223e+08
637.8 1.2529208e+08
637.9 1.2894518e+08
638 1.3164447e+08
638.1 1.3357898e+08
638.2 1.3492298e+08
638.3 1.3582935e+08
638.4 1.3642572e+08
638.5 1.3681262e+08
638.6 1.3706336e+08
638.7 1.3722522e+08
638.8 1.3732198e+08
638.9 1.3735732e+08
639 1.3731886e+08
639.1 1.3718238e+08
639.2 1.3691586e+08
639.3 1.3648293e+08
639.4 1.3584578e+08
639.5 1.3496731e+08
639.6 1.3381283e+08
639.7 1.3235151e+08
639.8 1.3055794e+08
639.9 1.284139e+08
640 1.2591072e+08
640.1 1.2305204e+08
640.2 1.1985693e+08
640.3 1.1636301e+08
640.4 1.1262909e+08
640.5 1.0873682e+08
640.6 1.0479051e+08
640.7 1.0091447e+08
640.8 97247030
640.9 93930822
641 91099539
641.1 88862477
641.2 87289686
641.3 86401400
641.4 86164941
641.5 86500165
641.6 87291639
641.7 88403871
641.8 89695831
641.9 91032401
642 92292042
642.1 93371154
642.2 94186058
642.3 94673503
642.4 94790339
642.5 94512782
642.6 93835436
642.7 92770167
642.8 91344830
642.9 89601808
643 87596296
643.1 85394260
643.2 83069954
643.3 80702887
643.4 78374174
643.5 76162273
643.6 74138265
643.7 72361062
643.8 70873152
643.9 69697630
644 68837222
644.1 68275692
644.2 67981530
644.3 67913322
644.4 68025896
644.5 68276313
644.6 68628994
644.7 69059566
644.8 69557273
644.9 70125935
645 70783457
645.1 71559837
645.2 72493599
645.3 73626711
645.4 74998391
645.5 76638686
645.6 78563115
645.7 80769693
645.8 83239155
645.9 85938241
646 88824875
646.1 91853449
646.2 94978445
646.3 98155211
646.4 1.0133773e+08
646.5 1.0447423e+08
646.6 1.0750224e+08
646.7 1.1034462e+08
646.8 1.1290811e+08
646.9 1.150847e+08
647 1.1675567e+08
647.1 1.1779751e+08
647.2 1.1808859e+08
647.3 1.175157e+08
647.4 1.159799e+08
647.5 1.1340133e+08
647.6 1.0972312e+08
647.7 1.0491456e+08
647.8 98974113
647.9 91932761
648 83858921
648.1 74866780
648.2 65132749
648.3 54931510
648.4 44722361
648.5 35364747
648.6 28569457
648.7 26953917
648.8 31491143
648.9 40017985
649 50259160
649.1 60981495
649.2 71556589
649.3 81630511
649.4 90985917
649.5 99486260
649.6 1.0705112e+08
649.7 1.1364358e+08
649.8 1.1926246e+08
649.9 1.2393651e+08
650 1.2771949e+08
650.1 1.3068546e+08
650.2 1.329242e+08
650.3 1.345364e+08
650.4 1.3562867e+08
650.5 1.3630835e+08
650.6 1.3667826e+08
650.7 1.3683175e+08
650.8 1.3684842e+08
650.9 1.3679107e+08
651 1.3670422e+08
651.1 1.366143e+08
651.2 1.365316e+08
651.3 1.3645335e+08
651.4 1.3636761e+08
651.5 1.3625729e+08
651.6 1.3610375e+08
651.7 1.3588978e+08
651.8 1.3560174e+08
651.9 1.3523103e+08
652 1.3477479e+08
652.1 1.342364e+08
652.2 1.336256e+08
652.3 1.3295871e+08
652.4 1.322588e+08
652.5 1.3155607e+08
652.6 1.3088824e+08
652.7 1.3030106e+08
652.8 1.2984872e+08
652.9 1.2959408e+08
653 1.2960847e+08
653.1 1.2997097e+08
653.2 1.3076681e+08
653.3 1.3208473e+08
653.4 1.3401327e+08
653.5 1.3663594e+08
653.6 1.4002552e+08
653.7 1.442381e+08
653.8 1.4930728e+08
653.9 1.5523936e+08
654 1.6200984e+08
654.1 1.6956154e+08
654.2 1.7780438e+08
654.3 1.8661665e+08
654.4 1.9584746e+08
654.5 2.0532035e+08
654.6 2.148377e+08
654.7 2.2418608e+08
654.8 2.331425e+08
654.9 2.4148162e+08
655 2.4898409e+08
655.1 2.5544605e+08
655.2 2.6068981e+08
655.3 2.6457558e+08
655.4 2.6701347e+08
655.5 2.6797511e+08
655.6 2.6750307e+08
655.7 2.6571633e+08
655.8 2.6280957e+08
655.9 2.5904422e+08
656 2.5473031e+08
656.1 2.5019958e+08
656.2 2.4577265e+08
656.3 2.4172548e+08
656.4 2.3826152e+08
656.5 2.3549562e+08
656.6 2.3345327e+08
656.7 2.3208392e+08
656.8 2.3128399e+08
656.9 2.3092285e+08
657 2.3086589e+08
657.1 2.3099112e+08
657.2 2.311983e+08
657.3 2.3141161e+08
657.4 2.3157774e+08
657.5 2.3166149e+08
657.6 2.3164054e+08
657.7 2.3150036e+08
657.8 2.3123014e+08
657.9 2.3081968e+08
658 2.3025722e+08
658.1 2.2952813e+08
658.2 2.2861395e+08
658.3 2.2749184e+08
658.4 2.26134e+08
658.5 2.2450726e+08
658.6 2.2257262e+08
658.7 2.2028514e+08
658.8 2.1759412e+08
658.9 2.1444403e+08
659 2.1077633e+08
659.1 2.0653267e+08
659.2 2.0165952e+08
659.3 1.9611457e+08
659.4 1.8987482e+08
659.5 1.8294614e+08
659.6 1.7537383e+08
659.7 1.6725349e+08
659.8 1.5874101e+08
659.9 1.5006015e+08
660 1.4150571e+08
660.1 1.3343843e+08
660.2 1.2626682e+08
660.3 1.2040959e+08
660.4 1.1623617e+08
660.5 1.1399365e+08
660.6 1.1374532e+08
660.7 1.1535159e+08
660.8 1.1850575e+08
660.9 1.2280579e+08
661 1.2782867e+08
661.1 1.3318369e+08
661.2 1.3854061e+08
661.3 1.4363867e+08
661.4 1.4828513e+08
661.5 1.5234941e+08
661.6 1.5575609e+08
661.7 1.5847815e+08
661.8 1.6053076e+08
661.9 1.619655e+08
662 1.6286473e+08
662.1 1.6333554e+08
662.2 1.6350326e+08
662.3 1.6350386e+08
662.4 1.634753e+08
662.5 1.6354775e+08
662.6 1.6383326e+08
662.7 1.6441572e+08
662.8 1.6534261e+08
662.9 1.6662014e+08
663 1.6821309e+08
663.1 1.7004989e+08
663.2 1.7203273e+08
663.3 1.7405105e+08
663.4 1.7599657e+08
663.5 1.7777752e+08
663.6 1.7932975e+08
663.7 1.8062335e+08
663.8 1.816636e+08
663.9 1.8248639e+08
664 1.8314894e+08
664.1 1.8371775e+08
664.2 1.8425592e+08
664.3 1.8481237e+08
664.4 1.8541471e+08
664.5 1.8606681e+08
664.6 1.8675074e+08
664.7 1.8743214e+08
664.8 1.8806738e+08
664.9 1.8861088e+08
665 1.8902143e+08
665.1 1.8926675e+08
665.2 1.8932593e+08
665.3 1.8919014e+08
665.4 1.8886174e+08
665.5 1.8835249e+08
665.6 1.8768111e+08
665.7 1.8687075e+08
665.8 1.8594663e+08
665.9 1.8493408e+08
666 1.8385702e+08
666.1 1.8273728e+08
666.2 1.8159441e+08
666.3 1.8044624e+08
666.4 1.7930996e+08
666.5 1.782035e+08
666.6 1.7714694e+08
666.7 1.761636e+08
666.8 1.7528037e+08
666.9 1.7452707e+08
667 1.7393446e+08
667.1 1.7353101e+08
667.2 1.7333871e+08
667.3 1.733682e+08
667.4 1.7361427e+08
667.5 1.7405234e+08
667.6 1.7463674e+08
667.7 1.7530155e+08
667.8 1.7596426e+08
667.9 1.7653211e+08
668 1.769107e+08
668.1 1.770141e+08
668.2 1.7677531e+08
668.3 1.7615592e+08
668.4 1.7515373e+08
668.5 1.7380733e+08
668.6 1.7219659e+08
668.7 1.7043854e+08
668.8 1.6867861e+08
668.9 1.6707747e+08
669 1.6579494e+08
669.1 1.6497294e+08
669.2 1.6472005e+08
669.3 1.6510065e+08
669.4 1.661303e+08
669.5 1.6777816e+08
669.6 1.6997519e+08
669.7 1.7262586e+08
669.8 1.7562087e+08
669.9 1.7884859e+08
670 1.8220411e+08
670.1 1.8559537e+08
670.2 1.8894672e+08
670.3 1.9220019e+08
670.4 1.9531533e+08
670.5 1.9826774e+08
670.6 2.0104687e+08
670.7 2.0365303e+08
670.8 2.0609389e+08
670.9 2.0838029e+08
671 2.1052139e+08
671.1 2.1251916e+08
671.2 2.1436237e+08
671.3 2.1602014e+08
671.4 2.1743567e+08
671.5 2.185206e+08
671.6 2.1915111e+08
671.7 2.1916656e+08
671.8 2.1837185e+08
671.9 2.1654428e+08
672 2.1344537e+08
672.1 2.0883729e+08
672.2 2.0250285e+08
672.3 1.9426727e+08
672.4 1.8401897e+08
672.5 1.71727e+08
672.6 1.5745269e+08
672.7 1.4135431e+08
672.8 1.2368566e+08
672.9 1.047921e+08
673 85114614
673.1 65232365
673.2 46060283
673.3 29763175
673.4 22977048
673.5 31211891
673.6 45943499
673.7 61635240
673.8 76737973
673.9 90729068
674 1.0339216e+08
674.1 1.1463589e+08
674.2 1.2443256e+08
674.3 1.3279056e+08
674.4 1.3973904e+08
674.5 1.4531841e+08
674.6 1.4957465e+08
674.7 1.5255702e+08
674.8 1.5431922e+08
674.9 1.549248e+08
675 1.5445777e+08
675.1 1.5303973e+08
675.2 1.5085466e+08
675.3 1.4818172e+08
675.4 1.4543278e+08
675.5 1.4318419e+08
675.6 1.4217925e+08
675.7 1.4326589e+08
675.8 1.4724284e+08
675.9 1.5464091e+08
676 1.6553684e+08
676.1 1.794992e+08
676.2 1.956734e+08
676.3 2.1293094e+08
676.4 2.3001205e+08
676.5 2.4563823e+08
676.6 2.5860096e+08
676.7 2.6783747e+08
676.8 2.7249819e+08
676.9 2.7200449e+08
677 2.660929e+08
677.1 2.5484255e+08
677.2 2.3868567e+08
677.3 2.1840607e+08
677.4 1.9513717e+08
677.5 1.7037965e+08
677.6 1.4606446e+08
677.7 1.2465645e+08
677.8 1.0911269e+08
677.9 1.0209488e+08
678 1.0419388e+08
678.1 1.1320479e+08
678.2 1.2584775e+08
678.3 1.3949566e+08
678.4 1.5253548e+08
678.5 1.641127e+08
678.6 1.7384647e+08
678.7 1.8163463e+08
678.8 1.8753052e+08
678.9 1.9166445e+08
679 1.9419328e+08
679.1 1.9526913e+08
679.2 1.9502268e+08
679.3 1.935581e+08
679.4 1.9095769e+08
679.5 1.8729439e+08
679.6 1.8265067e+08
679.7 1.7714178e+08
679.8 1.7094142e+08
679.9 1.6430672e+08
680 1.5759756e+08
680.1 1.5128168e+08
680.2 1.4591276e+08
680.3 1.420667e+08
680.4 1.4023174e+08
680.5 1.4067598e+08
680.6 1.4334822e+08
680.7 1.4786568e+08
680.8 1.5359351e+08
680.9 1.5976864e+08
681 1.6561477e+08
681.1 1.7042248e+08
681.2 1.7359541e+08
681.3 1.7467324e+08
681.4 1.7334142e+08
681.5 1.6943342e+08
681.6 1.6292821e+08
681.7 1.5394427e+08
681.8 1.4273138e+08
681.9 1.2966251e+08
682 1.1523077e+08
682.1 1.000604e+08
682.2 84948081
682.3 70957022
682.4 59556471
682.5 52585896
682.6 51415264
682.7 55566952
682.8 63006898
682.9 71714386
683 80339032
683.1 88080223
683.2 94470886
683.3 99240554
683.4 1.0224294e+08
683.5 1.0341994e+08
683.6 1.0278603e+08
683.7 1.0042597e+08
683.8 96503048
683.9 91277973
684 85138890
684.1 78641091
684.2 72542726
684.3 67789296
684.4 65351303
684.5 65861534
684.6 69261672
684.7 74822775
684.8 81509522
684.9 88324169
685 94463824
685.1 99352391
685.2 1.0262789e+08
685.3 1.0412018e+08
685.4 1.0382702e+08
685.5 1.018879e+08
685.6 98555173
685.7 94162760
685.8 89094397
685.9 83753498
686 78536708
686.1 73812560
686.2 69905920
686.3 67088220
686.4 65572876
686.5 65514707
686.6 67011741
686.7 70107923
686.8 74795978
686.9 81020583
687 88682312
687.1 97642551
687.2 1.0772917e+08
687.3 1.1874265e+08
687.4 1.3046238e+08
687.5 1.4265322e+08
687.6 1.5507211e+08
687.7 1.6747496e+08
687.8 1.7962367e+08
687.9 1.9129309e+08
688 2.0227778e+08
688.1 2.1239822e+08
688.2 2.2150613e+08
688.3 2.2948861e+08
688.4 2.3627085e+08
688.5 2.4181736e+08
688.6 2.4613156e+08
688.7 2.492539e+08
688.8 2.5125879e+08
688.9 2.5225026e+08
689 2.5235694e+08
689.1 2.5172646e+08
689.2 2.5051939e+08
689.3 2.489032e+08
689.4 2.4704624e+08
689.5 2.4511196e+08
689.6 2.4325366e+08
689.7 2.416098e+08
689.8 2.4030017e+08
689.9 2.3942278e+08
690 2.3905186e+08
690.1 2.392366e+08
690.2 2.4000077e+08
690.3 2.41343e+08
690.4 2.4323768e+08
690.5 2.456363e+08
690.6 2.4846912e+08
690.7 2.5164726e+08
690.8 2.550649e+08
690.9 2.5860193e+08
691 2.621267e+08
691.1 2.654991e+08
691.2 2.6857395e+08
691.3 2.7120475e+08
691.4 2.7324792e+08
691.5 2.7456772e+08
691.6 2.7504171e+08
691.7 2.7456701e+08
691.8 2.7306699e+08
691.9 2.704982e+08
692 2.6685691e+08
692.1 2.6218453e+08
692.2 2.5657131e+08
692.3 2.5015733e+08
692.4 2.431304e+08
692.5 2.3572045e+08
692.6 2.2819048e+08
692.7 2.2082411e+08
692.8 2.139101e+08
692.9 2.07724e+08
693 2.0250744e+08
693.1 1.9844629e+08
693.2 1.9564979e+08
693.3 1.9413413e+08
693.4 1.9381402e+08
693.5 1.9450501e+08
693.6 1.9593652e+08
693.7 1.9777358e+08
693.8 1.996433e+08
693.9 2.0116238e+08
694 2.0196275e+08
694.1 2.017133e+08
694.2 2.001368e+08
694.3 1.9702124e+08
694.4 1.922257e+08
694.5 1.8568074e+08
694.6 1.7738413e+08
694.7 1.6739298e+08
694.8 1.5581359e+08
694.9 1.4279078e+08
695 1.2849819e+08
695.1 1.1313149e+08
695.2 96906549
695.3 80067532
695.4 62918177
695.5 45929074
695.6 30182115
695.7 19559280
695.8 22688603
695.9 35629013
696 50806806
696.1 66041638
696.2 80636551
696.3 94255676
696.4 1.0669621e+08
696.5 1.1783107e+08
696.6 1.275921e+08
696.7 1.3596363e+08
696.8 1.4297792e+08
696.9 1.4870912e+08
697 1.5326539e+08
697.1 1.5677919e+08
697.2 1.5939667e+08
697.3 1.6126742e+08
697.4 1.6253574e+08
697.5 1.6333459e+08
697.6 1.637828e+08
697.7 1.639859e+08
697.8 1.6403996e+08
697.9 1.6403765e+08
698 1.6407494e+08
698.1 1.6425684e+08
698.2 1.6470041e+08
698.3 1.6553349e+08
698.4 1.6688829e+08
698.5 1.6888994e+08
698.6 1.7164155e+08
698.7 1.7520849e+08
698.8 1.7960565e+08
698.9 1.8479058e+08
699 1.9066438e+08
699.1 1.970799e+08
699.2 2.038552e+08
699.3 2.1078962e+08
699.4 2.1767967e+08
699.5 2.243328e+08
699.6 2.3057812e+08
699.7 2.3627353e+08
699.8 2.4130952e+08
699.9 2.4561009e+08
700 2.4913131e+08
700.1 2.5185823e+08
700.2 2.5380068e+08
700.3 2.5498864e+08
700.4 2.5546738e+08
700.5 2.5529304e+08
700.6 2.5452857e+08
700.7 2.5324039e+08
700.8 2.5149565e+08
700.9 2.4936013e+08
701 2.4689664e+08
701.1 2.4416397e+08
701.2 2.4121602e+08
701.3 2.3810128e+08
701.4 2.3486255e+08
701.5 2.3153672e+08
701.6 2.2815492e+08
701.7 2.2474275e+08
701.8 2.2132085e+08
701.9 2.1790569e+08
702 2.1451059e+08
702.1 2.1114689e+08
702.2 2.0782524e+08
702.3 2.0455675e+08
702.4 2.0135403e+08
702.5 1.9823193e+08
702.6 1.9520777e+08
702.7 1.923013e+08
702.8 1.8953404e+08
702.9 1.8692838e+08
703 1.8450634e+08
703.1 1.8228822e+08
703.2 1.8029126e+08
703.3 1.785285e+08
703.4 1.7700789e+08
703.5 1.7573163e+08
703.6 1.7469594e+08
703.7 1.7389093e+08
703.8 1.7330068e+08
703.9 1.7290324e+08
704 1.7267066e+08
704.1 1.7256867e+08
704.2 1.7255627e+08
704.3 1.7258505e+08
704.4 1.7259832e+08
704.5 1.7253022e+08
704.6 1.7230482e+08
704.7 1.7183544e+08
704.8 1.7102433e+08
704.9 1.6976288e+08
705 1.6793257e+08
705.1 1.6540678e+08
705.2 1.6205368e+08
705.3 1.5774029e+08
705.4 1.5233767e+08
705.5 1.4572732e+08
705.6 1.3780849e+08
705.7 1.2850608e+08
705.8 1.1777878e+08
705.9 1.0562664e+08
706 92097866
706.1 77294281
706.2 61376892
706.3 44578556
706.4 27271253
706.5 10764157
706.6 12016603
706.7 28746413
706.8 45987052
706.9 62636745
707 78324181
707.1 92798591
707.2 1.0587249e+08
707.3 1.1740949e+08
707.4 1.2731781e+08
707.5 1.3554356e+08
707.6 1.4206341e+08
707.7 1.4687777e+08
707.8 1.5000564e+08
707.9 1.5148279e+08
708 1.5136425e+08
708.1 1.4973207e+08
708.2 1.4670867e+08
708.3 1.4247574e+08
708.4 1.3729743e+08
708.5 1.3154496e+08
708.6 1.2571521e+08
708.7 1.204283e+08
708.8 1.1637992e+08
708.9 1.1422478e+08
709 1.1439992e+08
709.1 1.1696104e+08
709.2 1.2153435e+08
709.3 1.2741657e+08
709.4 1.3375215e+08
709.5 1.3969615e+08
709.6 1.4452218e+08
709.7 1.4768065e+08
709.8 1.4882464e+08
709.9 1.4781621e+08
710 1.4471858e+08
710.1 1.3977646e+08
710.2 1.3338525e+08
710.3 1.2604969e+08
710.4 1.1833251e+08
710.5 1.1079423e+08
710.6 1.0392727e+08
710.7 98093777
710.8 93485369
710.9 90126722
711 87934204
711.1 86816315
711.2 86781573
711.3 88013501
711.4 90877742
711.5 95841041
711.6 1.0331776e+08
711.7 1.1350971e+08
711.8 1.2631804e+08
711.9 1.4135265e+08
712 1.5800275e+08
712.1 1.7552008e+08
712.2 1.9309115e+08
712.3 2.0989601e+08
712.4 2.2515826e+08
712.5 2.3818896e+08
712.6 2.4842467e+08
712.7 2.5545749e+08
712.8 2.5905507e+08
712.9 2.5916899e+08
713 2.5593131e+08
713.1 2.4964052e+08
713.2 2.4073896e+08
713.3 2.2978467e+08
713.4 2.174202e+08
713.5 2.0434033e+08
713.6 1.9125876e+08
713.7 1.788721e+08
713.8 1.6781782e+08
713.9 1.5862405e+08
714 1.5165496e+08
714.1 1.4706612e+08
714.2 1.4479099e+08
714.3 1.4457259e+08
714.4 1.460325e+08
714.5 1.48751e+08
714.6 1.5233196e+08
714.7 1.5644064e+08
714.8 1.6081672e+08
714.9 1.6527089e+08
715 1.6967373e+08
715.1 1.7394205e+08
715.2 1.7802609e+08
715.3 1.8189866e+08
715.4 1.8554656e+08
715.5 1.889642e+08
715.6 1.9214924e+08
715.7 1.9509968e+08
715.8 1.9781229e+08
715.9 2.0028198e+08
716 2.0250178e+08
716.1 2.044632e+08
716.2 2.0615679e+08
716.3 2.0757261e+08
716.4 2.0870063e+08
716.5 2.0953098e+08
716.6 2.1005398e+08
716.7 2.1026027e+08
716.8 2.1014092e+08
716.9 2.0968793e+08
717 2.0889514e+08
717.1 2.0775991e+08
717.2 2.0628541e+08
717.3 2.0448391e+08
717.4 2.0238068e+08
717.5 2.0001825e+08
717.6 1.9746067e+08
717.7 1.9479662e+08
717.8 1.9214049e+08
717.9 1.8962995e+08
718 1.8741862e+08
718.1 1.8566319e+08
718.2 1.8450497e+08
718.3 1.8404804e+08
718.4 1.8433745e+08
718.5 1.8534258e+08
718.6 1.8694975e+08
718.7 1.8896648e+08
718.8 1.9113664e+08
718.9 1.9316349e+08
719 1.9473678e+08
719.1 1.9556051e+08
719.2 1.953793e+08
719.3 1.9400265e+08
719.4 1.91327e+08
719.5 1.8735594e+08
719.6 1.8221855e+08
719.7 1.7618482e+08
719.8 1.6967518e+08
719.9 1.6325715e+08
720 1.5761727e+08
720.1 1.5349244e+08
720.2 1.5155282e+08
720.3 1.5225563e+08
720.4 1.557277e+08
720.5 1.6174067e+08
720.6 1.6979175e+08
720.7 1.7923952e+08
720.8 1.8942985e+08
720.9 1.9977861e+08
721 2.0981101e+08
721.1 2.1917161e+08
721.2 2.2761844e+08
721.3 2.3500977e+08
721.4 2.4128841e+08
721.5 2.4646542e+08
721.6 2.5060445e+08
721.7 2.5380697e+08
721.8 2.5619861e+08
721.9 2.5791679e+08
722 2.5909963e+08
722.1 2.5987639e+08
722.2 2.6035955e+08
722.3 2.6063879e+08
722.4 2.6077716e+08
722.5 2.6080939e+08
722.6 2.6074276e+08
722.7 2.6056018e+08
722.8 2.6022552e+08
722.9 2.5969079e+08
723 2.5890482e+08
723.1 2.5782275e+08
723.2 2.564157e+08
723.3 2.5467973e+08
723.4 2.5264275e+08
723.5 2.5036828e+08
723.6 2.479544e+08
723.7 2.4552693e+08
723.8 2.4322659e+08
723.9 2.41191e+08
724 2.3953464e+08
724.1 2.3833059e+08
724.2 2.3759889e+08
724.3 2.3730442e+08
724.4 2.3736496e+08
724.5 2.3766666e+08
724.6 2.3808249e+08
724.7 2.384889e+08
724.8 2.3877726e+08
724.9 2.38859e+08
725 2.3866516e+08
725.1 2.3814273e+08
725.2 2.3725017e+08
725.3 2.3595436e+08
725.4 2.3423014e+08
725.5 2.320627e+08
725.6 2.2945181e+08
725.7 2.2641666e+08
725.8 2.2299979e+08
725.9 2.1926901e+08
726 2.1531674e+08
726.1 2.1125685e+08
726.2 2.0721931e+08
726.3 2.0334343e+08
726.4 1.9977035e+08
726.5 1.9663548e+08
726.6 1.9406142e+08
726.7 1.9215192e+08
726.8 1.909873e+08
726.9 1.9062161e+08
727 1.9108162e+08
727.1 1.9236773e+08
727.2 1.9445623e+08
727.3 1.9730255e+08
727.4 2.0084496e+08
727.5 2.0500799e+08
727.6 2.0970551e+08
727.7 2.1484305e+08
727.8 2.2031957e+08
727.9 2.2602875e+08
728 2.3185988e+08
728.1 2.3769868e+08
728.2 2.4342799e+08
728.3 2.4892849e+08
728.4 2.540793e+08
728.5 2.5875876e+08
728.6 2.6284509e+08
728.7 2.6621729e+08
728.8 2.6875634e+08
728.9 2.7034687e+08
729 2.7087957e+08
729.1 2.702543e+08
729.2 2.6838398e+08
729.3 2.6519897e+08
729.4 2.6065159e+08
729.5 2.5472028e+08
729.6 2.4741283e+08
729.7 2.3876829e+08
729.8 2.2885719e+08
729.9 2.1778011e+08
730 2.0566456e+08
730.1 1.9266079e+08
730.2 1.789367e+08
730.3 1.6467253e+08
730.4 1.5005562e+08
730.5 1.3527581e+08
730.6 1.2052162e+08
730.7 1.0597769e+08
730.8 91823860
730.9 78236595
731 65394300
731.1 53489440
731.2 42753775
731.3 33507677
731.4 26238235
731.5 21616509
731.6 20095895
731.7 21145321
731.8 23496964
731.9 26096962
732 28360736
732.1 30015962
732.2 30964637
732.3 31218545
732.4 30880481
732.5 30152456
732.6 29359326
732.7 28966300
732.8 29540347
732.9 31602969
733 35434466
733.1 41009818
733.2 48108548
733.3 56453090
733.4 65780519
733.5 75859107
733.6 86483048
733.7 97463326
733.8 1.0862053e+08
733.9 1.1978067e+08
734 1.3077371e+08
734.1 1.4143443e+08
734.2 1.5160514e+08
734.3 1.6113992e+08
734.4 1.699098e+08
734.5 1.7780838e+08
734.6 1.8475728e+08
734.7 1.9071052e+08
734.8 1.9565742e+08
734.9 1.996233e+08
735 2.0266784e+08
735.1 2.048812e+08
735.2 2.0637814e+08
735.3 2.0729082e+08
735.4 2.0776093e+08
735.5 2.0793179e+08
735.6 2.0794091e+08
735.7 2.0791351e+08
735.8 2.0795702e+08
735.9 2.0815713e+08
736 2.085753e+08
736.1 2.0924799e+08
736.2 2.1018789e+08
736.3 2.1138674e+08
736.4 2.1281966e+08
736.5 2.1445046e+08
736.6 2.1623714e+08
736.7 2.1813722e+08
736.8 2.2011228e+08
736.9 2.2213136e+08
737 2.2417331e+08
737.1 2.2622779e+08
737.2 2.2829524e+08
737.3 2.3038591e+08
737.4 2.3251797e+08
737.5 2.3471505e+08
737.6 2.3700323e+08
737.7 2.394078e+08
737.8 2.4194982e+08
737.9 2.4464277e+08
738 2.4748961e+08
738.1 2.5048016e+08
738.2 2.5358939e+08
738.3 2.5677642e+08
738.4 2.5998465e+08
738.5 2.6314298e+08
738.6 2.6616809e+08
738.7 2.6896781e+08
738.8 2.7144544e+08
738.9 2.735047e+08
739 2.7505505e+08
739.1 2.7601713e+08
739.2 2.7632774e+08
739.3 2.7594426e+08
739.4 2.7484799e+08
739.5 2.7304628e+08
739.6 2.7057332e+08
739.7 2.674895e+08
739.8 2.638794e+08
739.9 2.598485e+08
740 2.5551867e+08
740.1 2.5102267e+08
740.2 2.4649772e+08
740.3 2.4207845e+08
740.4 2.3788962e+08
740.5 2.3403903e+08
740.6 2.3061137e+08
740.7 2.2766372e+08
740.8 2.2522339e+08
740.9 2.2328848e+08
741 2.218312e+08
741.1 2.2080336e+08
741.2 2.2014335e+08
741.3 2.1978324e+08
741.4 2.1965532e+08
741.5 2.1969715e+08
741.6 2.1985474e+08
741.7 2.2008401e+08
741.8 2.2035059e+08
741.9 2.2062876e+08
742 2.2089965e+08
742.1 2.2114948e+08
742.2 2.2136791e+08
742.3 2.2154665e+08
742.4 2.2167838e+08
742.5 2.2175569e+08
742.6 2.217699e+08
742.7 2.2170972e+08
742.8 2.2155953e+08
742.9 2.212975e+08
743 2.2089362e+08
743.1 2.2030799e+08
743.2 2.1948963e+08
743.3 2.1837611e+08
743.4 2.1689426e+08
743.5 2.1496207e+08
743.6 2.1249178e+08
743.7 2.0939414e+08
743.8 2.0558362e+08
743.9 2.0098437e+08
744 1.9553672e+08
744.1 1.8920392e+08
744.2 1.8197914e+08
744.3 1.7389245e+08
744.4 1.6501809e+08
744.5 1.5548193e+08
744.6 1.4546967e+08
744.7 1.3523563e+08
744.8 1.251116e+08
744.9 1.1551288e+08
745 1.0693388e+08
745.1 99918275
745.2 94984645
745.3 92503845
745.4 92571556
745.5 94959086
745.6 99185935
745.7 1.046625e+08
745.8 1.1081618e+08
745.9 1.171597e+08
746 1.2331029e+08
746.1 1.289826e+08
746.2 1.3397274e+08
746.3 1.3814147e+08
746.4 1.413999e+08
746.5 1.4369823e+08
746.6 1.4501756e+08
746.7 1.4536433e+08
746.8 1.4476696e+08
746.9 1.432743e+08
747 1.4095533e+08
747.1 1.3789955e+08
747.2 1.3421729e+08
747.3 1.300396e+08
747.4 1.2551657e+08
747.5 1.2081376e+08
747.6 1.1610606e+08
747.7 1.1156861e+08
747.8 1.0736511e+08
747.9 1.0363444e+08
748 1.0047778e+08
748.1 97948940
748.2 96050913
748.3 94740108
748.4 93937550
748.5 93544120
748.6 93455939
748.7 93576510
748.8 93823722
748.9 94131374
749 94446062
749.1 94720901
749.2 94907863
749.3 94950492
749.4 94778548
749.5 94305695
749.6 93430755
749.7 92042421
749.8 90026718
749.9 87276252
750 83700146
750.1 79233873
750.2 73848688
750.3 67561409
750.4 60447154
750.5 52661877
750.6 44491901
750.7 36473555
750.8 29668235
750.9 26019025
751 27549119
751.1 33957049
751.2 43293697
751.3 54091739
751.4 65575212
751.5 77329126
751.6 89107132
751.7 1.0074744e+08
751.8 1.1213553e+08
751.9 1.2318625e+08
752 1.3383432e+08
752.1 1.4402889e+08
752.2 1.5373016e+08
752.3 1.6290739e+08
752.4 1.7153756e+08
752.5 1.7960466e+08
752.6 1.8709931e+08
752.7 1.9401862e+08
752.8 2.0036604e+08
752.9 2.0615122e+08
753 2.1138974e+08
753.1 2.1610266e+08
753.2 2.2031574e+08
753.3 2.2405867e+08
753.4 2.2736389e+08
753.5 2.302655e+08
753.6 2.3279803e+08
753.7 2.3499529e+08
753.8 2.3688932e+08
753.9 2.3850948e+08
754 2.3988169e+08
754.1 2.4102792e+08
754.2 2.4196578e+08
754.3 2.4270826e+08
754.4 2.4326374e+08
754.5 2.4363597e+08
754.6 2.4382435e+08
754.7 2.4382431e+08
754.8 2.4362788e+08
754.9 2.4322443e+08
755 2.4260165e+08
755.1 2.4174665e+08
755.2 2.4064724e+08
755.3 2.3929326e+08
755.4 2.3767799e+08
755.5 2.357994e+08
755.6 2.3366136e+08
755.7 2.312745e+08
755.8 2.2865685e+08
755.9 2.2583401e+08
756 2.2283888e+08
756.1 2.1971091e+08
756.2 2.164948e+08
756.3 2.1323882e+08
756.4 2.0999262e+08
756.5 2.0680489e+08
756.6 2.0372077e+08
756.7 2.0077949e+08
756.8 1.9801222e+08
756.9 1.9544053e+08
757 1.9307547e+08
757.1 1.9091757e+08
757.2 1.8895764e+08
757.3 1.8717857e+08
757.4 1.8555781e+08
757.5 1.8407059e+08
757.6 1.8269355e+08
757.7 1.8140861e+08
757.8 1.8020669e+08
757.9 1.7909096e+08
758 1.7807912e+08
758.1 1.7720431e+08
758.2 1.7651408e+08
758.3 1.7606727e+08
758.4 1.759286e+08
758.5 1.7616133e+08
758.6 1.7681876e+08
758.7 1.7793587e+08
758.8 1.7952244e+08
758.9 1.8155923e+08
759 1.8399792e+08
759.1 1.8676508e+08
759.2 1.8976933e+08
759.3 1.9291037e+08
759.4 1.9608835e+08
759.5 1.9921213e+08
759.6 2.0220545e+08
759.7 2.0501056e+08
759.8 2.0758938e+08
759.9 2.0992256e+08
760 2.12007e+08
760.1 2.1385255e+08
760.2 2.1547845e+08
760.3 2.1690982e+08
760.4 2.1817472e+08
760.5 2.1930173e+08
760.6 2.2031823e+08
760.7 2.2124918e+08
760.8 2.2211646e+08
760.9 2.2293851e+08
761 2.2373023e+08
761.1 2.2450287e+08
761.2 2.2526408e+08
761.3 2.2601771e+08
761.4 2.2676368e+08
761.5 2.274977e+08
761.6 2.2821108e+08
761.7 2.2889069e+08
761.8 2.2951924e+08
761.9 2.3007607e+08
762 2.3053847e+08
762.1 2.308838e+08
762.2 2.3109195e+08
762.3 2.3114822e+08
762.4 2.3104601e+08
762.5 2.3078878e+08
762.6 2.3039085e+08
762.7 2.2987647e+08
762.8 2.2927732e+08
762.9 2.2862853e+08
763 2.2796412e+08
763.1 2.2731269e+08
763.2 2.2669439e+08
763.3 2.2611963e+08
763.4 2.2558983e+08
763.5 2.2509971e+08
763.6 2.2464035e+08
763.7 2.2420237e+08
763.8 2.2377837e+08
763.9 2.2336439e+08
764 2.2296021e+08
764.1 2.2256889e+08
764.2 2.221957e+08
764.3 2.2184699e+08
764.4 2.2152922e+08
764.5 2.2124843e+08
764.6 2.2101014e+08
764.7 2.2081977e+08
764.8 2.2068337e+08
764.9 2.2060853e+08
765 2.2060549e+08
765.1 2.2068799e+08
765.2 2.2087412e+08
765.3 2.211867e+08
765.4 2.216534e+08
765.5 2.2230637e+08
765.6 2.2318139e+08
765.7 2.2431649e+08
765.8 2.2575006e+08
765.9 2.2751847e+08
766 2.2965318e+08
766.1 2.3217748e+08
766.2 2.3510297e+08
766.3 2.3842587e+08
766.4 2.4212331e+08
766.5 2.461498e+08
766.6 2.5043408e+08
766.7 2.5487657e+08
766.8 2.5934778e+08
766.9 2.636881e+08
767 2.6770964e+08
767.1 2.7120097e+08
767.2 2.7393561e+08
767.3 2.7568549e+08
767.4 2.7624014e+08
767.5 2.7543223e+08
767.6 2.7316874e+08
767.7 2.6946581e+08
767.8 2.6448264e+08
767.9 2.5854674e+08
768 2.5215923e+08
768.1 2.459664e+08
768.2 2.4068572e+08
768.3 2.3698594e+08
768.4 2.3534445e+08
768.5 2.3593005e+08
768.6 2.3856334e+08
768.7 2.4277462e+08
768.8 2.4793046e+08
768.9 2.5337387e+08
769 2.5853349e+08
769.1 2.6298438e+08
769.2 2.6646554e+08
769.3 2.6886799e+08
769.4 2.7020751e+08
769.5 2.7059218e+08
769.6 2.7019114e+08
769.7 2.6920736e+08
769.8 2.6785555e+08
769.9 2.6634494e+08
770 2.6486612e+08
770.1 2.6358116e+08
770.2 2.6261633e+08
770.3 2.6205702e+08
770.4 2.6194487e+08
770.5 2.6227687e+08
770.6 2.630069e+08
770.7 2.6404947e+08
770.8 2.6528585e+08
770.9 2.665724e+08
771 2.6775094e+08
771.1 2.6866092e+08
771.2 2.6915302e+08
771.3 2.6910358e+08
771.4 2.6842913e+08
771.5 2.6709956e+08
771.6 2.6514844e+08
771.7 2.6267799e+08
771.8 2.5985674e+08
771.9 2.5690763e+08
772 2.5408599e+08
772.1 2.5164876e+08
772.2 2.4981925e+08
772.3 2.4875449e+08
772.4 2.4852279e+08
772.5 2.4909766e+08
772.6 2.5036912e+08
772.7 2.5216861e+08
772.8 2.5430003e+08
772.9 2.5656911e+08
773 2.5880556e+08
773.1 2.6087553e+08
773.2 2.6268479e+08
773.3 2.6417461e+08
773.4 2.6531307e+08
773.5 2.6608425e+08
773.6 2.6647752e+08
773.7 2.6647808e+08
773.8 2.6605981e+08
773.9 2.6518056e+08
774 2.6377978e+08
774.1 2.6177844e+08
774.2 2.5908064e+08
774.3 2.5557673e+08
774.4 2.5114763e+08
774.5 2.456701e+08
774.6 2.3902288e+08
774.7 2.3109358e+08
774.8 2.2178637e+08
774.9 2.1103037e+08
775 1.9878896e+08
775.1 1.8507057e+08
775.2 1.6994185e+08
775.3 1.5354596e+08
775.4 1.3613164e+08
775.5 1.1810556e+08
775.6 1.001361e+08
775.7 83362623
775.8 69757482
775.9 62314963
776 63634107
776.1 73134989
776.2 87736050
776.3 1.0462305e+08
776.4 1.2200429e+08
776.5 1.3878014e+08
776.6 1.5423073e+08
776.7 1.6785606e+08
776.8 1.7930538e+08
776.9 1.8834957e+08
777 1.9487365e+08
777.1 1.9887843e+08
777.2 2.0048523e+08
777.3 1.9993976e+08
777.4 1.9761165e+08
777.5 1.9398581e+08
777.6 1.8964143e+08
777.7 1.8521409e+08
777.8 1.8133811e+08
777.9 1.7857225e+08
778 1.7732186e+08
778.1 1.7778048e+08
778.2 1.7991382e+08
778.3 1.8349346e+08
778.4 1.8816554e+08
778.5 1.9352767e+08
778.6 1.9919153e+08
778.7 2.0482159e+08
778.8 2.1015124e+08
778.9 2.1498287e+08
779 2.191786e+08
779.1 2.2264717e+08
779.2 2.253303e+08
779.3 2.2719062e+08
779.4 2.2820208e+08
779.5 2.2834334e+08
779.6 2.2759398e+08
779.7 2.2593344e+08
779.8 2.2334209e+08
779.9 2.1980411e+08
780 2.1531147e+08
780.1 2.0986834e+08
780.2 2.0349551e+08
780.3 1.9623395e+08
780.4 1.8814722e+08
780.5 1.7932219e+08
780.6 1.6986801e+08
780.7 1.5991308e+08
780.8 1.4960055e+08
780.9 1.3908239e+08
781 1.2851297e+08
781.1 1.1804237e+08
781.2 1.0781048e+08
781.3 97942105
781.4 88543678
781.5 79701642
781.6 71482513
781.7 63934282
781.8 57088667
781.9 50963603
782 45565350
782.1 40889779
782.2 36922829
782.3 33640674
782.4 31010702
782.5 28994316
782.6 27551491
782.7 26645200
782.8 26242575
782.9 26310563
783 26807006
783.1 27671366
783.2 28819936
783.3 30147710
783.4 31535638
783.5 32860242
783.6 34003009
783.7 34858260
783.8 35339415
783.9 35384247
784 34960158
784.1 34070865
784.2 32766244
784.3 31157399
784.4 29438211
784.5 27909163
784.6 26982146
784.7 27118777
784.8 28673618
784.9 31738201
785 36141988
785.1 41586107
785.2 47763288
785.3 54408008
785.4 61303417
785.5 68274625
785.6 75180949
785.7 81910091
785.8 88374089
785.9 94506341
786 1.0025916e+08
786.1 1.0560151e+08
786.2 1.1051685e+08
786.3 1.1500091e+08
786.4 1.1905959e+08
786.5 1.2270682e+08
786.6 1.2596253e+08
786.7 1.2885056e+08
786.8 1.3139676e+08
786.9 1.3362695e+08
787 1.3556518e+08
787.1 1.3723205e+08
787.2 1.3864345e+08
787.3 1.3980984e+08
787.4 1.4073619e+08
787.5 1.4142275e+08
787.6 1.4186683e+08
787.7 1.420654e+08
787.8 1.4201862e+08
787.9 1.4173404e+08
788 1.412311e+08
788.1 1.4054569e+08
788.2 1.39734e+08
788.3 1.3887513e+08
788.4 1.3807124e+08
788.5 1.3744429e+08
788.6 1.3712825e+08
788.7 1.3725604e+08
788.8 1.3794189e+08
788.9 1.3926104e+08
789 1.4123049e+08
789.1 1.4379511e+08
789.2 1.4682257e+08
789.3 1.5010841e+08
789.4 1.5339009e+08
789.5 1.5636703e+08
789.6 1.5872358e+08
789.7 1.6015199e+08
789.8 1.6037353e+08
789.9 1.5915655e+08
790 1.5633063e+08
790.1 1.5179632e+08
790.2 1.4553009e+08
790.3 1.3758446e+08
790.4 1.2808356e+08
790.5 1.1721467e+08
790.6 1.0521663e+08
790.7 92366335
790.8 78964653
790.9 65323300
791 51755002
791.1 38571720
791.2 26108903
791.3 14886143
791.4 7088036
791.5 9957738.3
791.6 17201396
791.7 23878422
791.8 29308655
791.9 33321584
792 35859041
792.1 36916744
792.2 36539259
792.3 34839515
792.4 32052417
792.5 28658927
792.6 25637956
792.7 24721192
792.8 27751984
792.9 35059728
793 45661844
793.1 58564967
793.2 73100347
793.3 88802132
793.4 1.052958e+08
793.5 1.2224296e+08
793.6 1.3931897e+08
793.7 1.5620701e+08
793.8 1.7260085e+08
793.9 1.8821216e+08
794 2.0278011e+08
794.1 2.1608143e+08
794.2 2.2793971e+08
794.3 2.3823247e+08
794.4 2.4689536e+08
794.5 2.5392276e+08
794.6 2.5936455e+08
794.7 2.6331943e+08
794.8 2.6592534e+08
794.9 2.6734805e+08
795 2.67769e+08
795.1 2.6737362e+08
795.2 2.6634102e+08
795.3 2.6483589e+08
795.4 2.63003e+08
795.5 2.6096422e+08
795.6 2.5881802e+08
795.7 2.566409e+08
795.8 2.5449018e+08
795.9 2.5240773e+08
796 2.5042399e+08
796.1 2.4856187e+08
796.2 2.4684011e+08
796.3 2.4527595e+08
796.4 2.4388677e+08
796.5 2.4269079e+08
796.6 2.4170677e+08
796.7 2.4095286e+08
796.8 2.4044467e+08
796.9 2.4019274e+08
797 2.4019946e+08
797.1 2.4045536e+08
797.2 2.4093476e+08
797.3 2.4159083e+08
797.4 2.4235022e+08
797.5 2.4310753e+08
797.6 2.437205e+08
797.7 2.4400662e+08
797.8 2.4374227e+08
797.9 2.4266517e+08
798 2.4048077e+08
798.1 2.3687282e+08
798.2 2.315179e+08
798.3 2.2410322e+08
798.4 2.143467e+08
798.5 2.0201804e+08
798.6 1.8695939e+08
798.7 1.6910434e+08
798.8 1.4849432e+08
798.9 1.2529331e+08
799 99807328
799.1 72540275
799.2 44487227
799.3 20145376
799.4 26749940
799.5 54228553
799.6 83479177
799.7 1.1204898e+08
799.8 1.3910532e+08
799.9 1.641321e+08
800 1.8676979e+08
800.1 2.0678301e+08
800.2 2.2404955e+08
800.3 2.3855144e+08
800.4 2.5036365e+08
800.5 2.5963985e+08
800.6 2.6659581e+08
800.7 2.7149132e+08
800.8 2.7461211e+08
800.9 2.7625277e+08
801 2.7670206e+08
801.1 2.7623127e+08
801.2 2.7508614e+08
801.3 2.7348252e+08
801.4 2.7160506e+08
801.5 2.6960845e+08
801.6 2.6762005e+08
801.7 2.6574293e+08
801.8 2.6405853e+08
801.9 2.6262822e+08
802 2.6149368e+08
802.1 2.6067615e+08
802.2 2.6017505e+08
802.3 2.599666e+08
802.4 2.6000316e+08
802.5 2.6021377e+08
802.6 2.6050652e+08
802.7 2.6077258e+08
802.8 2.608921e+08
802.9 2.6074138e+08
803 2.6020086e+08
803.1 2.5916334e+08
803.2 2.575416e+08
803.3 2.5527495e+08
803.4 2.5233403e+08
803.5 2.4872363e+08
803.6 2.4448329e+08
803.7 2.396857e+08
803.8 2.3443326e+08
803.9 2.2885298e+08
804 2.2309029e+08
804.1 2.1730215e+08
804.2 2.1164999e+08
804.3 2.0629267e+08
804.4 2.0138005e+08
804.5 1.9704703e+08
804.6 1.9340859e+08
804.7 1.9055577e+08
804.8 1.8855271e+08
804.9 1.8743502e+08
805 1.8720923e+08
805.1 1.8785346e+08
805.2 1.8931913e+08
805.3 1.9153336e+08
805.4 1.9440208e+08
805.5 1.9781362e+08
805.6 2.0164271e+08
805.7 2.0575502e+08
805.8 2.1001218e+08
805.9 2.142774e+08
806 2.1842138e+08
806.1 2.2232843e+08
806.2 2.2590225e+08
806.3 2.2907082e+08
806.4 2.317897e+08
806.5 2.3404321e+08
806.6 2.3584302e+08
806.7 2.3722409e+08
806.8 2.3823839e+08
806.9 2.3894728e+08
807 2.3941388e+08
807.1 2.3969662e+08
807.2 2.3984541e+08
807.3 2.3990051e+08
807.4 2.3989409e+08
807.5 2.3985311e+08
807.6 2.3980218e+08
807.7 2.397647e+08
807.8 2.3976154e+08
807.9 2.3980728e+08
808 2.3990505e+08
808.1 2.4004184e+08
808.2 2.4018619e+08
808.3 2.402897e+08
808.4 2.4029266e+08
808.5 2.4013295e+08
808.6 2.3975648e+08
808.7 2.3912711e+08
808.8 2.3823429e+08
808.9 2.3709746e+08
809 2.3576675e+08
809.1 2.3432047e+08
809.2 2.3285985e+08
809.3 2.3150193e+08
809.4 2.3037107e+08
809.5 2.2958968e+08
809.6 2.2926859e+08
809.7 2.2949763e+08
809.8 2.3033717e+08
809.9 2.3181153e+08
810 2.3390521e+08
810.1 2.3656265e+08
810.2 2.3969187e+08
810.3 2.4317153e+08
810.4 2.4686069e+08
810.5 2.5061003e+08
810.6 2.5427335e+08
810.7 2.5771802e+08
810.8 2.6083366e+08
810.9 2.6353822e+08
811 2.6578137e+08
811.1 2.6754488e+08
811.2 2.6884053e+08
811.3 2.6970575e+08
811.4 2.7019764e+08
811.5 2.7038608e+08
811.6 2.7034663e+08
811.7 2.7015386e+08
811.8 2.6987572e+08
811.9 2.6956929e+08
812 2.6927825e+08
812.1 2.6903181e+08
812.2 2.6884525e+08
812.3 2.6872143e+08
812.4 2.6865322e+08
812.5 2.6862622e+08
812.6 2.6862171e+08
812.7 2.6861933e+08
812.8 2.6859962e+08
812.9 2.6854609e+08
813 2.6844682e+08
813.1 2.682955e+08
813.2 2.6809186e+08
813.3 2.6784137e+08
813.4 2.6755416e+08
813.5 2.672433e+08
813.6 2.6692254e+08
813.7 2.6660385e+08
813.8 2.6629511e+08
813.9 2.6599836e+08
814 2.6570913e+08
814.1 2.6541668e+08
814.2 2.6510548e+08
814.3 2.6475735e+08
814.4 2.64354e+08
814.5 2.6387942e+08
814.6 2.6332169e+08
814.7 2.6267388e+08
814.8 2.6193414e+08
814.9 2.611049e+08
815 2.6019147e+08
815.1 2.5920041e+08
815.2 2.5813789e+08
815.3 2.5700827e+08
815.4 2.5581304e+08
815.5 2.545501e+08
815.6 2.5321351e+08
815.7 2.5179331e+08
815.8 2.5027562e+08
815.9 2.4864275e+08
816 2.4687325e+08
816.1 2.4494203e+08
816.2 2.4282044e+08
816.3 2.4047636e+08
816.4 2.3787452e+08
816.5 2.3497687e+08
816.6 2.317433e+08
816.7 2.2813251e+08
816.8 2.2410324e+08
816.9 2.1961574e+08
817 2.1463346e+08
817.1 2.0912492e+08
817.2 2.0306568e+08
817.3 1.9644036e+08
817.4 1.8924465e+08
817.5 1.8148715e+08
817.6 1.7319114e+08
817.7 1.6439611e+08
817.8 1.5515928e+08
817.9 1.4555711e+08
818 1.3568719e+08
818.1 1.2567083e+08
818.2 1.1565713e+08
818.3 1.0582903e+08
818.4 96411893
818.5 87683705
818.6 79982683
818.7 73700824
818.8 69243435
818.9 66938391
819 66916990
819.1 69043049
819.2 72953550
819.3 78177858
819.4 84248868
819.5 90760721
819.6 97381416
819.7 1.0384379e+08
819.8 1.0993094e+08
819.9 1.1546292e+08
820 1.2028662e+08
820.1 1.2426879e+08
820.2 1.272916e+08
820.3 1.2925034e+08
820.4 1.3005275e+08
820.5 1.2961976e+08
820.6 1.2788746e+08
820.7 1.2481003e+08
820.8 1.2036352e+08
820.9 1.1455035e+08
821 1.0740448e+08
821.1 98997275
821.2 89444686
821.3 78917356
821.4 67658091
821.5 56018942
821.6 44552452
821.7 34250608
821.8 27055368
821.9 25735135
822 30600500
822.1 38752690
822.2 47824802
822.3 56662493
822.4 64710898
822.5 71682905
822.6 77429479
822.7 81885276
822.8 85041833
822.9 86932279
823 87622239
823.1 87205205
823.2 85801837
823.3 83562846
823.4 80674950
823.5 77368760
823.6 73926187
823.7 70682385
823.8 68013584
823.9 66299951
824 65859270
824.1 66868818
824.2 69315841
824.3 73009057
824.4 77641780
824.5 82867095
824.6 88353947
824.7 93817158
824.8 99028414
824.9 1.0381694e+08
825 1.080656e+08
825.1 1.1170521e+08
825.2 1.1470832e+08
825.3 1.1708289e+08
825.4 1.188661e+08
825.5 1.2011859e+08
825.6 1.2091926e+08
825.7 1.2136077e+08
825.8 1.2154585e+08
825.9 1.2158416e+08
826 1.2158958e+08
826.1 1.2167742e+08
826.2 1.2196127e+08
826.3 1.2254921e+08
826.4 1.2353932e+08
826.5 1.2501483e+08
826.6 1.270396e+08
826.7 1.2965459e+08
826.8 1.328761e+08
826.9 1.3669619e+08
827 1.4108504e+08
827.1 1.4599491e+08
827.2 1.5136484e+08
827.3 1.5712544e+08
827.4 1.6320308e+08
827.5 1.6952317e+08
827.6 1.7601247e+08
827.7 1.8260039e+08
827.8 1.8921954e+08
827.9 1.9580576e+08
828 2.0229793e+08
828.1 2.0863777e+08
828.2 2.147698e+08
828.3 2.2064177e+08
828.4 2.2620534e+08
828.5 2.3141732e+08
828.6 2.3624102e+08
828.7 2.4064777e+08
828.8 2.4461824e+08
828.9 2.4814346e+08
829 2.5122513e+08
829.1 2.5387529e+08
829.2 2.5611526e+08
829.3 2.579739e+08
829.4 2.5948558e+08
829.5 2.6068784e+08
829.6 2.6161942e+08
829.7 2.6231854e+08
829.8 2.6282186e+08
829.9 2.6316402e+08
830 2.6337771e+08
830.1 2.6349403e+08
830.2 2.6354304e+08
830.3 2.6355401e+08
830.4 2.6355533e+08
830.5 2.6357389e+08
830.6 2.6363377e+08
830.7 2.6375461e+08
830.8 2.6394964e+08
830.9 2.6422379e+08
831 2.6457232e+08
831.1 2.6498021e+08
831.2 2.6542256e+08
831.3 2.658662e+08
831.4 2.6627235e+08
831.5 2.6660007e+08
831.6 2.6681033e+08
831.7 2.6687011e+08
831.8 2.6675614e+08
831.9 2.6645808e+08
832 2.6598065e+08
832.1 2.6534472e+08
832.2 2.6458717e+08
832.3 2.6375955e+08
832.4 2.6292559e+08
832.5 2.6215783e+08
832.6 2.6153323e+08
832.7 2.6112825e+08
832.8 2.6101328e+08
832.9 2.612469e+08
833 2.6186988e+08
833.1 2.6289942e+08
833.2 2.6432376e+08
833.3 2.660975e+08
833.4 2.6813804e+08
833.5 2.7032352e+08
833.6 2.724927e+08
833.7 2.7444711e+08
833.8 2.759559e+08
833.9 2.7676348e+08
834 2.7660001e+08
834.1 2.7519439e+08
834.2 2.7228933e+08
834.3 2.6765759e+08
834.4 2.6111823e+08
834.5 2.5255177e+08
834.6 2.4191275e+08
834.7 2.292385e+08
834.8 2.1465315e+08
834.9 1.9836604e+08
835 1.8066453e+08
835.1 1.6190131e+08
835.2 1.4247734e+08
835.3 1.2282152e+08
835.4 1.0336934e+08
835.5 84542842
835.6 66735218
835.7 50305654
835.8 35597374
835.9 23027190
836 13479399
836.1 9530992.3
836.2 11979461
836.3 15726850
836.4 18289364
836.5 19054006
836.6 17826618
836.7 14530659
836.8 9164563.3
836.9 2385626.6
837 8510484.3
837.1 20073112
837.2 33628898
837.3 48928997
837.4 65728298
837.5 83737309
837.6 1.0262189e+08
837.7 1.2201138e+08
837.8 1.4151069e+08
837.9 1.6071486e+08
838 1.7922493e+08
838.1 1.9666423e+08
838.2 2.1269392e+08
838.3 2.2702718e+08
838.4 2.3944111e+08
838.5 2.4978579e+08
838.6 2.5799008e+08
838.7 2.6406372e+08
838.8 2.6809556e+08
838.9 2.7024789e+08
839 2.7074701e+08
839.1 2.6987026e+08
839.2 2.6793047e+08
839.3 2.6525839e+08
839.4 2.6218476e+08
839.5 2.5902295e+08
839.6 2.5605399e+08
839.7 2.5351467e+08
839.8 2.515896e+08
839.9 2.5040689e+08
840 2.5003695e+08
840.1 2.5049328e+08
840.2 2.5173419e+08
840.3 2.5366514e+08
840.4 2.5614148e+08
840.5 2.5897264e+08
840.6 2.6192829e+08
840.7 2.6474774e+08
840.8 2.6715249e+08
840.9 2.6886195e+08
841 2.6961107e+08
841.1 2.6916852e+08
841.2 2.6735351e+08
841.3 2.6404951e+08
841.4 2.5921337e+08
841.5 2.5287871e+08
841.6 2.451533e+08
841.7 2.3621072e+08
841.8 2.2627712e+08
841.9 2.1561465e+08
842 2.0450337e+08
842.1 1.932236e+08
842.2 1.8204048e+08
842.3 1.7119262e+08
842.4 1.6088568e+08
842.5 1.5129163e+08
842.6 1.4255332e+08
842.7 1.3479324e+08
842.8 1.2812456e+08
842.9 1.2266183e+08
843 1.1852813e+08
843.1 1.1585602e+08
843.2 1.1478044e+08
843.3 1.1542407e+08
843.4 1.1787858e+08
843.5 1.221869e+08
843.6 1.2833124e+08
843.7 1.3622804e+08
843.8 1.4572822e+08
843.9 1.5661969e+08
844 1.6863033e+08
844.1 1.8143189e+08
844.2 1.9464656e+08
844.3 2.0785814e+08
844.4 2.20629e+08
844.5 2.3252281e+08
844.6 2.4313129e+08
844.7 2.5210251e+08
844.8 2.5916699e+08
844.9 2.6415833e+08
845 2.6702534e+08
845.1 2.6783406e+08
845.2 2.6675941e+08
845.3 2.6406764e+08
845.4 2.6009175e+08
845.5 2.552029e+08
845.6 2.4978054e+08
845.7 2.4418429e+08
845.8 2.3872993e+08
845.9 2.3367142e+08
846 2.2919054e+08
846.1 2.2539438e+08
846.2 2.2232048e+08
846.3 2.1994776e+08
846.4 2.1821124e+08
846.5 2.1701769e+08
846.6 2.1626039e+08
846.7 2.1583121e+08
846.8 2.1562975e+08
846.9 2.1556933e+08
847 2.1558054e+08
847.1 2.1561281e+08
847.2 2.1563488e+08
847.3 2.1563439e+08
847.4 2.1561713e+08
847.5 2.1560609e+08
847.6 2.1564031e+08
847.7 2.1577348e+08
847.8 2.1607224e+08
847.9 2.1661377e+08
848 2.1748259e+08
848.1 2.1876604e+08
848.2 2.205483e+08
848.3 2.2290265e+08
848.4 2.2588214e+08
848.5 2.2950894e+08
848.6 2.3376338e+08
848.7 2.3857388e+08
848.8 2.4380919e+08
848.9 2.4927453e+08
849 2.547128e+08
849.1 2.5981167e+08
849.2 2.642165e+08
849.3 2.675488e+08
849.4 2.6942892e+08
849.5 2.6950135e+08
849.6 2.6746069e+08
849.7 2.6307611e+08
849.8 2.5621263e+08
849.9 2.46848e+08
850 2.3508498e+08
850.1 2.2116001e+08
850.2 2.0545102e+08
850.3 1.8848804e+08
850.4 1.7097182e+08
850.5 1.5380332e+08
850.6 1.3811627e+08
850.7 1.2526993e+08
850.8 1.1669541e+08
850.9 1.1348142e+08
851 1.1584337e+08
851.1 1.2297475e+08
851.2 1.334837e+08
851.3 1.4596158e+08
851.4 1.5928174e+08
851.5 1.7264554e+08
851.6 1.8552573e+08
851.7 1.975957e+08
851.8 2.0867157e+08
851.9 2.1866962e+08
852 2.2757552e+08
852.1 2.3542178e+08
852.2 2.4227094e+08
852.3 2.4820296e+08
852.4 2.5330585e+08
852.5 2.5766885e+08
852.6 2.6137768e+08
852.7 2.6451151e+08
852.8 2.6714139e+08
852.9 2.6932976e+08
853 2.711309e+08
853.1 2.7259202e+08
853.2 2.737548e+08
853.3 2.7465711e+08
853.4 2.7533463e+08
853.5 2.7582204e+08
853.6 2.7615366e+08
853.7 2.7636326e+08
853.8 2.7648313e+08
853.9 2.7654253e+08
854 2.7656612e+08
854.1 2.7657244e+08
854.2 2.765734e+08
854.3 2.7657447e+08
854.4 2.765759e+08
854.5 2.7657433e+08
854.6 2.7656426e+08
854.7 2.7653869e+08
854.8 2.7648868e+08
854.9 2.764017e+08
855 2.7625932e+08
855.1 2.7603483e+08
855.2 2.7569175e+08
855.3 2.7518367e+08
855.4 2.7445593e+08
855.5 2.7344881e+08
855.6 2.7210175e+08
855.7 2.7035795e+08
855.8 2.6816849e+08
855.9 2.6549556e+08
856 2.6231426e+08
856.1 2.5861317e+08
856.2 2.5439361e+08
856.3 2.4966802e+08
856.4 2.444579e+08
856.5 2.3879155e+08
856.6 2.3270208e+08
856.7 2.2622586e+08
856.8 2.1940172e+08
856.9 2.1227089e+08
857 2.0487779e+08
857.1 1.9727145e+08
857.2 1.8950761e+08
857.3 1.8165104e+08
857.4 1.7377787e+08
857.5 1.6597737e+08
857.6 1.5835272e+08
857.7 1.5102002e+08
857.8 1.4410487e+08
857.9 1.3773581e+08
858 1.3203458e+08
858.1 1.2710346e+08
858.2 1.2301167e+08
858.3 1.197835e+08
858.4 1.1739204e+08
858.5 1.1576086e+08
858.6 1.147748e+08
858.7 1.1429763e+08
858.8 1.1419294e+08
858.9 1.1434445e+08
859 1.1467215e+08
859.1 1.1514253e+08
859.2 1.1577132e+08
859.3 1.1661802e+08
859.4 1.1777194e+08
859.5 1.1933077e+08
859.6 1.2137472e+08
859.7 1.2394167e+08
859.8 1.2700973e+08
859.9 1.3049249e+08
860 1.342483e+08
860.1 1.3810089e+08
860.2 1.4186575e+08
860.3 1.453762e+08
860.4 1.4850423e+08
860.5 1.5117353e+08
860.6 1.5336371e+08
860.7 1.5510639e+08
860.8 1.5647463e+08
860.9 1.5756783e+08
861 1.5849446e+08
861.1 1.5935497e+08
861.2 1.6022696e+08
861.3 1.6115432e+08
861.4 1.6214112e+08
861.5 1.6315028e+08
861.6 1.6410632e+08
861.7 1.6490091e+08
861.8 1.6539981e+08
861.9 1.6545023e+08
862 1.6488781e+08
862.1 1.6354298e+08
862.2 1.6124687e+08
862.3 1.5783699e+08
862.4 1.5316298e+08
862.5 1.470927e+08
862.6 1.395187e+08
862.7 1.3036523e+08
862.8 1.1959578e+08
862.9 1.0722198e+08
863 93316156
863.1 78035125
863.2 61681570
863.3 44911972
863.4 29653899
863.5 22820249
863.6 32198583
863.7 49800103
863.8 69675572
863.9 90072920
864 1.1025841e+08
864.1 1.2977134e+08
864.2 1.482528e+08
864.3 1.6539847e+08
864.4 1.8094536e+08
864.5 1.9467035e+08
864.6 2.0639333e+08
864.7 2.1598234e+08
864.8 2.2335933e+08
864.9 2.2850523e+08
865 2.3146376e+08
865.1 2.3234279e+08
865.2 2.3131279e+08
865.3 2.2860194e+08
865.4 2.2448755e+08
865.5 2.192842e+08
865.6 2.1332886e+08
865.7 2.0696385e+08
865.8 2.0051857e+08
865.9 1.9429141e+08
866 1.8853339e+08
866.1 1.8343542e+08
866.2 1.7912103e+08
866.3 1.7564568e+08
866.4 1.7300274e+08
866.5 1.7113489e+08
866.6 1.6994852e+08
866.7 1.6932833e+08
866.8 1.6915003e+08
866.9 1.6928975e+08
867 1.6963009e+08
867.1 1.7006365e+08
867.2 1.7049505e+08
867.3 1.7084288e+08
867.4 1.7104258e+08
867.5 1.7105088e+08
867.6 1.7085211e+08
867.7 1.7046566e+08
867.8 1.6995362e+08
867.9 1.6942671e+08
868 1.6904569e+08
868.1 1.6901546e+08
868.2 1.6956895e+08
868.3 1.709398e+08
868.4 1.7332613e+08
868.5 1.7685208e+08
868.6 1.8153673e+08
868.7 1.8727961e+08
868.8 1.9386684e+08
868.9 2.0099545e+08
869 2.0830867e+08
869.1 2.1543409e+08
869.2 2.2201824e+08
869.3 2.2775404e+08
869.4 2.3239974e+08
869.5 2.3578942e+08
869.6 2.3783603e+08
869.7 2.3852825e+08
869.8 2.379228e+08
869.9 2.3613383e+08
870 2.3332079e+08
870.1 2.2967609e+08
870.2 2.2541326e+08
870.3 2.2075632e+08
870.4 2.1593034e+08
870.5 2.1115333e+08
870.6 2.0662928e+08
870.7 2.0254224e+08
870.8 1.9905122e+08
870.9 1.9628615e+08
871 1.9434477e+08
871.1 1.9329062e+08
871.2 1.9315232e+08
871.3 1.9392403e+08
871.4 1.9556713e+08
871.5 1.9801308e+08
871.6 2.0116729e+08
871.7 2.0491406e+08
871.8 2.0912228e+08
871.9 2.1365197e+08
872 2.1836119e+08
872.1 2.2311293e+08
872.2 2.2778163e+08
872.3 2.3225863e+08
872.4 2.3645631e+08
872.5 2.4031057e+08
872.6 2.4378156e+08
872.7 2.4685279e+08
872.8 2.4952874e+08
872.9 2.5183142e+08
873 2.5379607e+08
873.1 2.5546643e+08
873.2 2.5689001e+08
873.3 2.5811365e+08
873.4 2.5917968e+08
873.5 2.6012316e+08
873.6 2.6097016e+08
873.7 2.6173736e+08
873.8 2.6243275e+08
873.9 2.630573e+08
874 2.6360712e+08
874.1 2.6407601e+08
874.2 2.6445774e+08
874.3 2.6474814e+08
874.4 2.6494667e+08
874.5 2.650576e+08
874.6 2.6509077e+08
874.7 2.6506202e+08
874.8 2.6499325e+08
874.9 2.6491222e+08
875 2.6485163e+08
875.1 2.6484766e+08
875.2 2.649376e+08
875.3 2.6515659e+08
875.4 2.6553364e+08
875.5 2.6608719e+08
875.6 2.6682067e+08
875.7 2.6771874e+08
875.8 2.6874472e+08
875.9 2.6983977e+08
876 2.7092414e+08
876.1 2.7190046e+08
876.2 2.726589e+08
876.3 2.7308377e+08
876.4 2.7306093e+08
876.5 2.7248546e+08
876.6 2.7126874e+08
876.7 2.693447e+08
876.8 2.6667443e+08
876.9 2.6324896e+08
877 2.5908996e+08
877.1 2.5424824e+08
877.2 2.4880033e+08
877.3 2.428433e+08
877.4 2.3648851e+08
877.5 2.2985492e+08
877.6 2.2306252e+08
877.7 2.1622666e+08
877.8 2.0945356e+08
877.9 2.0283722e+08
878 1.964577e+08
878.1 1.903806e+08
878.2 1.8465736e+08
878.3 1.7932629e+08
878.4 1.7441391e+08
878.5 1.6993663e+08
878.6 1.659027e+08
878.7 1.6231419e+08
878.8 1.5916908e+08
878.9 1.5646291e+08
879 1.5418982e+08
879.1 1.5234235e+08
879.2 1.5090968e+08
879.3 1.4987393e+08
879.4 1.4920483e+08
879.5 1.4885308e+08
879.6 1.4874345e+08
879.7 1.4876876e+08
879.8 1.48786e+08
879.9 1.4861561e+08
880 1.4804447e+08
880.1 1.4683272e+08
880.2 1.4472424e+08
880.3 1.4146025e+08
880.4 1.3679554e+08
880.5 1.3051712e+08
880.6 1.2246554e+08
880.7 1.1256038e+08
880.8 1.0083469e+08
880.9 87492223
881 73026817
881.1 58520819
881.2 46405166
881.3 41454059
881.4 47658088
881.5 62422425
881.6 81239621
881.7 1.0151704e+08
881.8 1.2192264e+08
881.9 1.4167675e+08
882 1.6027136e+08
882.1 1.7736664e+08
882.2 1.9274861e+08
882.3 2.0630704e+08
882.4 2.1801914e+08
882.5 2.2793402e+08
882.6 2.3615641e+08
882.7 2.4282995e+08
882.8 2.4812088e+08
882.9 2.5220296e+08
883 2.5524484e+08
883.1 2.5740063e+08
883.2 2.5880405e+08
883.3 2.5956657e+08
883.4 2.5977899e+08
883.5 2.5951601e+08
883.6 2.5884287e+08
883.7 2.5782279e+08
883.8 2.5652399e+08
883.9 2.5502495e+08
884 2.5341673e+08
884.1 2.5180128e+08
884.2 2.5028554e+08
884.3 2.4897149e+08
884.4 2.4794369e+08
884.5 2.4725656e+08
884.6 2.4692422e+08
884.7 2.4691546e+08
884.8 2.4715571e+08
884.9 2.4753567e+08
885 2.4792534e+08
885.1 2.4819051e+08
885.2 2.4820886e+08
885.3 2.4788324e+08
885.4 2.4715035e+08
885.5 2.4598458e+08
885.6 2.4439705e+08
885.7 2.4243091e+08
885.8 2.40154e+08
885.9 2.3764997e+08
886 2.3500923e+08
886.1 2.3232035e+08
886.2 2.2966272e+08
886.3 2.2710107e+08
886.4 2.2468184e+08
886.5 2.2243182e+08
886.6 2.2035884e+08
886.7 2.1845424e+08
886.8 2.1669692e+08
886.9 2.150582e+08
887 2.1350716e+08
887.1 2.1201561e+08
887.2 2.1056235e+08
887.3 2.0913624e+08
887.4 2.0773777e+08
887.5 2.0637907e+08
887.6 2.050823e+08
887.7 2.0387651e+08
887.8 2.027934e+08
887.9 2.0186228e+08
888 2.0110509e+08
888.1 2.0053218e+08
888.2 2.0013946e+08
888.3 1.9990766e+08
888.4 1.9980367e+08
888.5 1.9978368e+08
888.6 1.9979764e+08
888.7 1.9979393e+08
888.8 1.9972361e+08
888.9 1.9954322e+08
889 1.9921577e+08
889.1 1.9870949e+08
889.2 1.9799434e+08
889.3 1.9703655e+08
889.4 1.9579181e+08
889.5 1.9419797e+08
889.6 1.9216834e+08
889.7 1.8958719e+08
889.8 1.8630853e+08
889.9 1.8215943e+08
890 1.7694832e+08
890.1 1.7047825e+08
890.2 1.6256435e+08
890.3 1.530542e+08
890.4 1.4184955e+08
890.5 1.2892795e+08
890.6 1.1436376e+08
890.7 98350255
890.8 81231697
890.9 63577463
891 46420204
891.1 32138599
891.2 26514629
891.3 33461103
891.4 46619438
891.5 60905474
891.6 74512392
891.7 86770199
891.8 97429496
891.9 1.0645103e+08
892 1.1392111e+08
892.1 1.2000113e+08
892.2 1.2488884e+08
892.3 1.2878658e+08
892.4 1.3187713e+08
892.5 1.3430831e+08
892.6 1.3618725e+08
892.7 1.3758348e+08
892.8 1.3853935e+08
892.9 1.3908511e+08
893 1.3925613e+08
893.1 1.3910962e+08
893.2 1.3873856e+08
893.3 1.3828065e+08
893.4 1.3791992e+08
893.5 1.3787875e+08
893.6 1.3839885e+08
893.7 1.3971211e+08
893.8 1.4200574e+08
893.9 1.4539017e+08
894 1.4987896e+08
894.1 1.5538703e+08
894.2 1.6174654e+08
894.3 1.6873428e+08
894.4 1.7610224e+08
894.5 1.836045e+08
894.6 1.9101721e+08
894.7 1.9815082e+08
894.8 2.0485573e+08
894.9 2.1102274e+08
895 2.1658011e+08
895.1 2.214886e+08
895.2 2.2573537e+08
895.3 2.2932776e+08
895.4 2.3228739e+08
895.5 2.3464492e+08
895.6 2.3643573e+08
895.7 2.3769657e+08
895.8 2.3846322e+08
895.9 2.3876904e+08
896 2.3864422e+08
896.1 2.381159e+08
896.2 2.3720872e+08
896.3 2.3594618e+08
896.4 2.343527e+08
896.5 2.3245677e+08
896.6 2.302953e+08
896.7 2.2791948e+08
896.8 2.2540213e+08
896.9 2.228462e+08
897 2.2039305e+08
897.1 2.1822859e+08
897.2 2.1658363e+08
897.3 2.1572413e+08
897.4 2.1592727e+08
897.5 2.1744209e+08
897.6 2.2043894e+08
897.7 2.2495909e+08
897.8 2.3087973e+08
897.9 2.379068e+08
898 2.4559927e+08
898.1 2.5341863e+08
898.2 2.6079096e+08
898.3 2.6716919e+08
898.4 2.720861e+08
898.5 2.7519273e+08
898.6 2.7628047e+08
898.7 2.7528715e+08
898.8 2.7228944e+08
898.9 2.6748457e+08
899 2.6116494e+08
899.1 2.53689e+08
899.2 2.4545136e+08
899.3 2.3685438e+08
899.4 2.2828293e+08
899.5 2.2008326e+08
899.6 2.1254711e+08
899.7 2.0590131e+08
899.8 2.0030366e+08
899.9 1.958447e+08
900 1.9255459e+08
900.1 1.9041346e+08
900.2 1.8936262e+08
900.3 1.8931463e+08
900.4 1.9016072e+08
900.5 1.9177496e+08
900.6 1.9401623e+08
900.7 1.9672906e+08
900.8 1.9974505e+08
900.9 2.0288596e+08
901 2.0596903e+08
901.1 2.0881465e+08
901.2 2.1125589e+08
901.3 2.1314912e+08
901.4 2.1438498e+08
901.5 2.1489879e+08
901.6 2.1467927e+08
901.7 2.1377462e+08
901.8 2.1229446e+08
901.9 2.1040627e+08
902 2.083248e+08
902.1 2.0629336e+08
902.2 2.045575e+08
902.3 2.0333345e+08
902.4 2.0277658e+08
902.5 2.0295692e+08
902.6 2.0384857e+08
902.7 2.0533641e+08
902.8 2.0723866e+08
902.9 2.0933933e+08
903 2.1142282e+08
903.1 2.1330381e+08
903.2 2.1484804e+08
903.3 2.1598262e+08
903.4 2.1669604e+08
903.5 2.1703006e+08
903.6 2.1706549e+08
903.7 2.1690482e+08
903.8 2.1665402e+08
903.9 2.1640605e+08
904 2.1622796e+08
904.1 2.1615296e+08
904.2 2.1617828e+08
904.3 2.1626836e+08
904.4 2.1636268e+08
904.5 2.1638661e+08
904.6 2.1626351e+08
904.7 2.1592647e+08
904.8 2.1532816e+08
904.9 2.14448e+08
905 2.1329611e+08
905.1 2.1191401e+08
905.2 2.1037266e+08
905.3 2.087682e+08
905.4 2.0721633e+08
905.5 2.0584574e+08
905.6 2.0479132e+08
905.7 2.0418742e+08
905.8 2.0416123e+08
905.9 2.048265e+08
906 2.0627729e+08
906.1 2.0858183e+08
906.2 2.1177638e+08
906.3 2.15859e+08
906.4 2.2078379e+08
906.5 2.2645555e+08
906.6 2.3272589e+08
906.7 2.3939117e+08
906.8 2.4619322e+08
906.9 2.5282359e+08
907 2.5893189e+08
907.1 2.6413863e+08
907.2 2.6805224e+08
907.3 2.7028978e+08
907.4 2.7050006e+08
907.5 2.6838718e+08
907.6 2.6373271e+08
907.7 2.5641402e+08
907.8 2.4641707e+08
907.9 2.3384235e+08
908 2.1890359e+08
908.1 2.019201e+08
908.2 1.8330461e+08
908.3 1.6355014e+08
908.4 1.4322066e+08
908.5 1.2295355e+08
908.6 1.0348553e+08
908.7 85718635
908.8 70830254
908.9 60321186
909 55586000
909.1 56754956
909.2 62242515
909.3 69965719
909.4 78396131
909.5 86659145
909.6 94313921
909.7 1.0117028e+08
909.8 1.0718023e+08
909.9 1.1237648e+08
910 1.1683616e+08
910.1 1.2065761e+08
910.2 1.2394469e+08
910.3 1.2679583e+08
910.4 1.2929651e+08
910.5 1.3151472e+08
910.6 1.3349873e+08
910.7 1.3527697e+08
910.8 1.368594e+08
910.9 1.3823984e+08
911 1.39399e+08
911.1 1.4030772e+08
911.2 1.4093033e+08
911.3 1.4122822e+08
911.4 1.411634e+08
911.5 1.4070246e+08
911.6 1.3982078e+08
911.7 1.385071e+08
911.8 1.3676832e+08
911.9 1.3463436e+08
912 1.3216244e+08
912.1 1.2944008e+08
912.2 1.2658559e+08
912.3 1.237443e+08
912.4 1.2107894e+08
912.5 1.187529e+08
912.6 1.1690702e+08
912.7 1.1563329e+08
912.8 1.1495196e+08
912.9 1.1479962e+08
913 1.1503343e+08
913.1 1.1545113e+08
913.2 1.1582133e+08
913.3 1.1591605e+08
913.4 1.1553844e+08
913.5 1.1454181e+08
913.6 1.1283852e+08
913.7 1.1040023e+08
913.8 1.0725116e+08
913.9 1.0345723e+08
914 99113267
914.1 94330312
914.2 89224502
914.3 83908379
914.4 78485002
914.5 73044810
914.6 67664860
914.7 62409888
914.8 57334547
914.9 52486191
915 47907593
915.1 43639134
915.2 39720094
915.3 36188814
915.4 33081658
915.5 30430921
915.6 28262153
915.7 26591761
915.8 25426032
915.9 24762447
916 24593132
916.1 24908970
916.2 25702305
916.3 26966959
916.4 28695922
916.5 30878233
916.6 33496644
916.7 36526862
916.8 39938219
916.9 43695162
917 47758901
917.1 52088775
917.2 56643142
917.3 61379839
917.4 66256428
917.5 71230538
917.6 76260733
917.7 81308327
917.8 86340522
917.9 91335100
918 96286589
918.1 1.0121336e+08
918.2 1.061645e+08
918.3 1.112246e+08
918.4 1.1651401e+08
918.5 1.2218192e+08
918.6 1.2839086e+08
918.7 1.3529307e+08
918.8 1.4300247e+08
918.9 1.5156867e+08
919 1.609597e+08
919.1 1.7105806e+08
919.2 1.8167075e+08
919.3 1.9254999e+08
919.4 2.034198e+08
919.5 2.1400307e+08
919.6 2.2404555e+08
919.7 2.3333407e+08
919.8 2.4170833e+08
919.9 2.4906617e+08
920 2.5536317e+08
920.1 2.6060776e+08
920.2 2.6485312e+08
920.3 2.6818713e+08
920.4 2.7072139e+08
920.5 2.7258029e+08
920.6 2.7389044e+08
920.7 2.7477113e+08
920.8 2.7532582e+08
920.9 2.7563496e+08
921 2.7575024e+08
921.1 2.7569055e+08
921.2 2.7543989e+08
921.3 2.7494747e+08
921.4 2.7413027e+08
921.5 2.7287819e+08
921.6 2.7106158e+08
921.7 2.6854098e+08
921.8 2.6517846e+08
921.9 2.6085008e+08
922 2.554586e+08
922.1 2.4894595e+08
922.2 2.4130508e+08
922.3 2.3259085e+08
922.4 2.2293036e+08
922.5 2.1253284e+08
922.6 2.0169942e+08
922.7 1.9083189e+08
922.8 1.8043742e+08
922.9 1.7112134e+08
923 1.6355487e+08
923.1 1.5840188e+08
923.2 1.5620166e+08
923.3 1.5723728e+08
923.4 1.614521e+08
923.5 1.6846477e+08
923.6 1.7767151e+08
923.7 1.883759e+08
923.8 1.9989261e+08
923.9 2.116084e+08
924 2.2300855e+08
924.1 2.3368354e+08
924.2 2.4332634e+08
924.3 2.5172595e+08
924.4 2.5875934e+08
924.5 2.6438244e+08
924.6 2.6862019e+08
924.7 2.7155586e+08
924.8 2.7331967e+08
924.9 2.7407701e+08
925 2.7401661e+08
925.1 2.7333891e+08
925.2 2.722449e+08
925.3 2.709259e+08
925.4 2.6955452e+08
925.5 2.6827716e+08
925.6 2.6720858e+08
925.7 2.6642875e+08
925.8 2.6598211e+08
925.9 2.6587949e+08
926 2.6610205e+08
926.1 2.6660707e+08
926.2 2.6733466e+08
926.3 2.6821485e+08
926.4 2.6917415e+08
926.5 2.7014108e+08
926.6 2.7105012e+08
926.7 2.7184375e+08
926.8 2.7247254e+08
926.9 2.7289331e+08
927 2.7306586e+08
927.1 2.729488e+08
927.2 2.7249526e+08
927.3 2.7164952e+08
927.4 2.7034527e+08
927.5 2.6850609e+08
927.6 2.6604845e+08
927.7 2.6288679e+08
927.8 2.5894027e+08
927.9 2.5414001e+08
928 2.4843593e+08
928.1 2.4180233e+08
928.2 2.3424141e+08
928.3 2.2578454e+08
928.4 2.164913e+08
928.5 2.064466e+08
928.6 1.9575648e+08
928.7 1.8454319e+08
928.8 1.7294024e+08
928.9 1.6108816e+08
929 1.4913127e+08
929.1 1.3721608e+08
929.2 1.2549146e+08
929.3 1.141109e+08
929.4 1.0323688e+08
929.5 93047135
929.6 83741933
929.7 75549380
929.8 68722345
929.9 63516167
930 60137581
930.1 58673239
930.2 59037416
930.3 60983464
930.4 64176222
930.5 68275486
930.6 72988955
930.7 78089053
930.8 83407698
930.9 88822844
931 94244375
931.1 99602307
931.2 1.0483797e+08
931.3 1.0989802e+08
931.4 1.1473105e+08
931.5 1.1928621e+08
931.6 1.2351365e+08
931.7 1.2736632e+08
931.8 1.3080257e+08
931.9 1.3378917e+08
932 1.3630426e+08
932.1 1.3833964e+08
932.2 1.3990219e+08
932.3 1.4101392e+08
932.4 1.4171072e+08
932.5 1.4203963e+08
932.6 1.4205493e+08
932.7 1.4181324e+08
932.8 1.4136811e+08
932.9 1.4076445e+08
933 1.4003323e+08
933.1 1.3918701e+08
933.2 1.3821632e+08
933.3 1.3708742e+08
933.4 1.3574135e+08
933.5 1.3409433e+08
933.6 1.3203952e+08
933.7 1.2944992e+08
933.8 1.2618239e+08
933.9 1.2208257e+08
934 1.1699071e+08
934.1 1.1074824e+08
934.2 1.0320514e+08
934.3 94228394
934.4 83711669
934.5 71588215
934.6 57852422
934.7 42615751
934.8 26363772
934.9 12523692
935 19282430
935.1 38617115
935.2 60246976
935.3 82746190
935.4 1.0551288e+08
935.5 1.2805199e+08
935.6 1.4988381e+08
935.7 1.7053377e+08
935.8 1.8954054e+08
935.9 2.064699e+08
936 2.2093076e+08
936.1 2.325926e+08
936.2 2.4120417e+08
936.3 2.4661415e+08
936.4 2.4879397e+08
936.5 2.478629e+08
936.6 2.4411362e+08
936.7 2.3803485e+08
936.8 2.3032377e+08
936.9 2.2187631e+08
937 2.1373747e+08
937.1 2.0699253e+08
937.2 2.025942e+08
937.3 2.0116098e+08
937.4 2.028306e+08
937.5 2.0725305e+08
937.6 2.1373108e+08
937.7 2.2142887e+08
937.8 2.2955383e+08
937.9 2.3746509e+08
938 2.4471209e+08
938.1 2.5102701e+08
938.2 2.5629435e+08
938.3 2.6051282e+08
938.4 2.6375837e+08
938.5 2.661522e+08
938.6 2.6783525e+08
938.7 2.6894912e+08
938.8 2.6962285e+08
938.9 2.699646e+08
939 2.7005715e+08
939.1 2.6995651e+08
939.2 2.6969264e+08
939.3 2.6927177e+08
939.4 2.6867978e+08
939.5 2.6788619e+08
939.6 2.668485e+08
939.7 2.6551659e+08
939.8 2.6383713e+08
939.9 2.6175772e+08
940 2.5923087e+08
940.1 2.5621747e+08
940.2 2.5268998e+08
940.3 2.4863507e+08
940.4 2.4405568e+08
940.5 2.3897256e+08
940.6 2.3342514e+08
940.7 2.2747185e+08
940.8 2.2118973e+08
940.9 2.1467348e+08
941 2.0803372e+08
941.1 2.0139442e+08
941.2 1.9488935e+08
941.3 1.8865724e+08
941.4 1.828356e+08
941.5 1.775531e+08
941.6 1.7292097e+08
941.7 1.6902423e+08
941.8 1.6591369e+08
941.9 1.6360053e+08
942 1.6205422e+08
942.1 1.612046e+08
942.2 1.6094763e+08
942.3 1.6115372e+08
942.4 1.6167704e+08
942.5 1.6236449e+08
942.6 1.6306329e+08
942.7 1.6362685e+08
942.8 1.639189e+08
942.9 1.6381633e+08
943 1.6321108e+08
943.1 1.6201151e+08
943.2 1.6014362e+08
943.3 1.575523e+08
943.4 1.5420282e+08
943.5 1.5008246e+08
943.6 1.4520243e+08
943.7 1.3960003e+08
943.8 1.3334091e+08
943.9 1.2652142e+08
944 1.1927088e+08
944.1 1.1175345e+08
944.2 1.0416912e+08
944.3 96752445
944.4 89766897
944.5 83491171
944.6 78193167
944.7 74089757
944.8 71298858
944.9 69802283
945 69441618
945.1 69954235
945.2 71032725
945.3 72381401
945.4 73753626
945.5 74968586
945.6 75914224
945.7 76543846
945.8 76871941
945.9 76972428
946 76980620
946.1 77098010
946.2 77596028
946.3 78811256
946.4 81122440
946.5 84903502
946.6 90459696
946.7 97968977
946.8 1.0745186e+08
946.9 1.1877612e+08
947 1.3168386e+08
947.1 1.4582409e+08
947.2 1.6078129e+08
947.3 1.7609873e+08
947.4 1.9129903e+08
947.5 2.0590457e+08
947.6 2.1945886e+08
947.7 2.3154847e+08
947.8 2.4182426e+08
947.9 2.5002e+08
948 2.5596673e+08
948.1 2.596015e+08
948.2 2.6096984e+08
948.3 2.6022199e+08
948.4 2.5760305e+08
948.5 2.5343806e+08
948.6 2.481125e+08
948.7 2.4204893e+08
948.8 2.3568061e+08
948.9 2.2942289e+08
949 2.236442e+08
949.1 2.1863946e+08
949.2 2.1460975e+08
949.3 2.1165222e+08
949.4 2.0976271e+08
949.5 2.0885092e+08
949.6 2.0876441e+08
949.7 2.0931625e+08
949.8 2.1031084e+08
949.9 2.1156431e+08
950 2.1291796e+08
950.1 2.1424513e+08
950.2 2.1545272e+08
950.3 2.1647896e+08
950.4 2.1728913e+08
950.5 2.1787021e+08
950.6 2.1822543e+08
950.7 2.1836936e+08
950.8 2.1832373e+08
950.9 2.1811411e+08
951 2.1776752e+08
951.1 2.1731064e+08
951.2 2.1676865e+08
951.3 2.1616436e+08
951.4 2.1551763e+08
951.5 2.1484496e+08
951.6 2.141592e+08
951.7 2.1346941e+08
951.8 2.127809e+08
951.9 2.1209543e+08
952 2.114116e+08
952.1 2.1072533e+08
952.2 2.1003052e+08
952.3 2.0931968e+08
952.4 2.085847e+08
952.5 2.078176e+08
952.6 2.0701121e+08
952.7 2.0616001e+08
952.8 2.0526081e+08
952.9 2.0431351e+08
953 2.0332178e+08
953.1 2.0229363e+08
953.2 2.0124188e+08
953.3 2.0018435e+08
953.4 1.9914386e+08
953.5 1.9814785e+08
953.6 1.9722777e+08
953.7 1.9641809e+08
953.8 1.9575509e+08
953.9 1.9527544e+08
954 1.9501466e+08
954.1 1.9500561e+08
954.2 1.9527701e+08
954.3 1.9585206e+08
954.4 1.9674731e+08
954.5 1.9797169e+08
954.6 1.9952574e+08
954.7 2.0140112e+08
954.8 2.0358022e+08
954.9 2.0603609e+08
955 2.0873244e+08
955.1 2.1162393e+08
955.2 2.1465657e+08
955.3 2.1776838e+08
955.4 2.2089025e+08
955.5 2.2394711e+08
955.6 2.2685946e+08
955.7 2.2954524e+08
955.8 2.3192224e+08
955.9 2.3391098e+08
956 2.354381e+08
956.1 2.364402e+08
956.2 2.3686795e+08
956.3 2.3669029e+08
956.4 2.3589833e+08
956.5 2.3450863e+08
956.6 2.3256528e+08
956.7 2.3014051e+08
956.8 2.2733318e+08
956.9 2.2426511e+08
957 2.2107504e+08
957.1 2.1791043e+08
957.2 2.1491771e+08
957.3 2.1223183e+08
957.4 2.0996621e+08
957.5 2.0820445e+08
957.6 2.0699489e+08
957.7 2.0634869e+08
957.8 2.0624172e+08
957.9 2.066196e+08
958 2.0740518e+08
958.1 2.085071e+08
958.2 2.0982866e+08
958.3 2.1127585e+08
958.4 2.1276428e+08
958.5 2.142244e+08
958.6 2.1560497e+08
958.7 2.1687456e+08
958.8 2.1802104e+08
958.9 2.1904915e+08
959 2.1997645e+08
959.1 2.2082798e+08
959.2 2.2163047e+08
959.3 2.2240672e+08
959.4 2.2317105e+08
959.5 2.2392633e+08
959.6 2.2466301e+08
959.7 2.2536016e+08
959.8 2.2598824e+08
959.9 2.2651312e+08
960 2.269007e+08
960.1 2.2712163e+08
960.2 2.2715544e+08
960.3 2.2699361e+08
960.4 2.2664146e+08
960.5 2.2611846e+08
960.6 2.2545692e+08
960.7 2.2469933e+08
960.8 2.2389431e+08
960.9 2.2309168e+08
961 2.2233705e+08
961.1 2.2166654e+08
961.2 2.21102e+08
961.3 2.2064754e+08
961.4 2.2028743e+08
961.5 2.199858e+08
961.6 2.1968796e+08
961.7 2.193232e+08
961.8 2.1880867e+08
961.9 2.1805393e+08
962 2.1696577e+08
962.1 2.1545286e+08
962.2 2.1343008e+08
962.3 2.1082219e+08
962.4 2.0756691e+08
962.5 2.0361737e+08
962.6 1.9894388e+08
962.7 1.9353534e+08
962.8 1.8740021e+08
962.9 1.8056719e+08
963 1.7308574e+08
963.1 1.6502643e+08
963.2 1.5648107e+08
963.3 1.4756295e+08
963.4 1.3840691e+08
963.5 1.2916963e+08
963.6 1.2003004e+08
963.7 1.1118967e+08
963.8 1.0287217e+08
963.9 95320175
964 88786115
964.1 83512572
964.2 79699553
964.3 77463094
964.4 76800621
964.5 77582788
964.6 79579491
964.7 82507250
964.8 86075999
964.9 90020962
965 94117757
965.1 98185800
965.2 1.0208574e+08
965.3 1.0571484e+08
965.4 1.0900201e+08
965.5 1.119034e+08
965.6 1.1439823e+08
965.7 1.1648495e+08
965.8 1.1817756e+08
965.9 1.1950198e+08
966 1.204926e+08
966.1 1.2118932e+08
966.2 1.2163501e+08
966.3 1.2187386e+08
966.4 1.2195057e+08
966.5 1.2191047e+08
966.6 1.218005e+08
966.7 1.2167076e+08
966.8 1.2157641e+08
966.9 1.2157955e+08
967 1.2175056e+08
967.1 1.2216871e+08
967.2 1.2292155e+08
967.3 1.241031e+08
967.4 1.2581054e+08
967.5 1.2813977e+08
967.6 1.3117987e+08
967.7 1.3500684e+08
967.8 1.3967722e+08
967.9 1.4522179e+08
968 1.5164019e+08
968.1 1.588967e+08
968.2 1.6691779e+08
968.3 1.7559171e+08
968.4 1.8477039e+08
968.5 1.9427375e+08
968.6 2.0389623e+08
968.7 2.1341536e+08
968.8 2.2260187e+08
968.9 2.3123064e+08
969 2.39092e+08
969.1 2.4600235e+08
969.2 2.5181372e+08
969.3 2.5642128e+08
969.4 2.597688e+08
969.5 2.6185145e+08
969.6 2.627164e+08
969.7 2.6246133e+08
969.8 2.6123136e+08
969.9 2.592148e+08
970 2.5663763e+08
970.1 2.5375611e+08
970.2 2.5084575e+08
970.3 2.4818415e+08
970.4 2.4602494e+08
970.5 2.4456145e+08
970.6 2.4388176e+08
970.7 2.4392194e+08
970.8 2.4442848e+08
970.9 2.4494241e+08
971 2.4481453e+08
971.1 2.4325458e+08
971.2 2.3941122e+08
971.3 2.3247549e+08
971.4 2.2180039e+08
971.5 2.0703201e+08
971.6 1.8825618e+08
971.7 1.6618521e+08
971.8 1.4245134e+08
971.9 1.2012185e+08
972 1.0429909e+08
972.1 1.010227e+08
972.2 1.1214968e+08
972.3 1.3315548e+08
972.4 1.5821095e+08
972.5 1.8332615e+08
972.6 2.0621568e+08
972.7 2.2568333e+08
972.8 2.4123838e+08
972.9 2.5287453e+08
973 2.6091967e+08
973.1 2.6591465e+08
973.2 2.6850823e+08
973.3 2.6936745e+08
973.4 2.6910684e+08
973.5 2.6824022e+08
973.6 2.6715625e+08
973.7 2.6611596e+08
973.8 2.6526711e+08
973.9 2.6466839e+08
974 2.6431664e+08
974.1 2.6417185e+08
974.2 2.641768e+08
974.3 2.6427077e+08
974.4 2.6439809e+08
974.5 2.6451267e+08
974.6 2.6458013e+08
974.7 2.645785e+08
974.8 2.6449809e+08
974.9 2.64341e+08
975 2.6412034e+08
975.1 2.6385904e+08
975.2 2.6358848e+08
975.3 2.6334676e+08
975.4 2.6317659e+08
975.5 2.631229e+08
975.6 2.6323001e+08
975.7 2.6353827e+08
975.8 2.640803e+08
975.9 2.6487656e+08
976 2.6593051e+08
976.1 2.6722353e+08
976.2 2.6870969e+08
976.3 2.7031109e+08
976.4 2.7191406e+08
976.5 2.7336693e+08
976.6 2.7447998e+08
976.7 2.7502808e+08
976.8 2.747565e+08
976.9 2.733901e+08
977 2.7064594e+08
977.1 2.6624887e+08
977.2 2.5994962e+08
977.3 2.5154437e+08
977.4 2.4089465e+08
977.5 2.2794638e+08
977.6 2.1274713e+08
977.7 1.9546123e+08
977.8 1.7638395e+08
977.9 1.5595879e+08
978 1.3480791e+08
978.1 1.1379649e+08
978.2 94169293
978.3 77787312
978.4 67247561
978.5 64894463
978.6 70491114
978.7 81183908
978.8 94033617
978.9 1.0715961e+08
979 1.195275e+08
979.1 1.3058991e+08
979.2 1.400656e+08
979.3 1.4781977e+08
979.4 1.5379728e+08
979.5 1.5798294e+08
979.6 1.6037767e+08
979.7 1.6098527e+08
979.8 1.598079e+08
979.9 1.5684961e+08
980 1.5212858e+08
980.1 1.4569968e+08
980.2 1.3769095e+08
980.3 1.283608e+08
980.4 1.1818644e+08
980.5 1.0799573e+08
980.6 99129045
980.7 93504251
980.8 93235104
980.9 99604572
981 1.122659e+08
981.1 1.2966459e+08
981.2 1.4996959e+08
981.3 1.715643e+08
981.4 1.9312457e+08
981.5 2.1357002e+08
981.6 2.3201742e+08
981.7 2.4775892e+08
981.8 2.6025885e+08
981.9 2.691593e+08
982 2.7428712e+08
982.1 2.756575e+08
982.2 2.7347083e+08
982.3 2.6810119e+08
982.4 2.6007545e+08
982.5 2.5004317e+08
982.6 2.3873743e+08
982.7 2.2692706e+08
982.8 2.1536137e+08
982.9 2.0470934e+08
983 1.9549899e+08
983.1 1.8806748e+08
983.2 1.8253566e+08
983.3 1.7881848e+08
983.4 1.7667044e+08
983.5 1.7575207e+08
983.6 1.7569644e+08
983.7 1.761595e+08
983.8 1.7684799e+08
983.9 1.7752788e+08
984 1.7801994e+08
984.1 1.7818927e+08
984.2 1.7793386e+08
984.3 1.7717526e+08
984.4 1.7585259e+08
984.5 1.7392018e+08
984.6 1.7134829e+08
984.7 1.6812588e+08
984.8 1.6426433e+08
984.9 1.5980092e+08
985 1.5480116e+08
985.1 1.4935914e+08
985.2 1.4359546e+08
985.3 1.3765251e+08
985.4 1.3168724e+08
985.5 1.2586163e+08
985.6 1.2033167e+08
985.7 1.1523573e+08
985.8 1.1068389e+08
985.9 1.0674972e+08
986 1.0346647e+08
986.1 1.0082826e+08
986.2 98796531
986.3 97309827
986.4 96294951
986.5 95676860
986.6 95385761
986.7 95360744
986.8 95550287
986.9 95910560
987 96402667
987.1 96989857
987.2 97635500
987.3 98302250
987.4 98952478
987.5 99549821
987.6 1.0006147e+08
987.7 1.0046081e+08
987.8 1.0072999e+08
987.9 1.0086211e+08
988 1.0086275e+08
988.1 1.0075072e+08
988.2 1.0055794e+08
988.3 1.0032837e+08
988.4 1.0011629e+08
988.5 99983778
988.6 99997923
988.7 1.0022799e+08
988.8 1.0074303e+08
988.9 1.0161031e+08
989 1.0289492e+08
989.1 1.0466054e+08
989.2 1.0697105e+08
989.3 1.0989231e+08
989.4 1.1349306e+08
989.5 1.17844e+08
989.6 1.2301413e+08
989.7 1.2906408e+08
989.8 1.3603686e+08
989.9 1.4394728e+08
990 1.527716e+08
990.1 1.6243931e+08
990.2 1.7282862e+08
990.3 1.8376667e+08
990.4 1.9503478e+08
990.5 2.0637861e+08
990.6 2.1752245e+08
990.7 2.2818656e+08
990.8 2.3810609e+08
990.9 2.4704977e+08
991 2.548367e+08
991.1 2.613494e+08
991.2 2.6654156e+08
991.3 2.7043964e+08
991.4 2.7313784e+08
991.5 2.7478693e+08
991.6 2.7557804e+08
991.7 2.7572338e+08
991.8 2.7543611e+08
991.9 2.7491203e+08
992 2.7431524e+08
992.1 2.7376947e+08
992.2 2.7335562e+08
992.3 2.7311487e+08
992.4 2.7305592e+08
992.5 2.7316426e+08
992.6 2.7341147e+08
992.7 2.7376298e+08
992.8 2.7418363e+08
992.9 2.7464069e+08
993 2.7510508e+08
993.1 2.7555132e+08
993.2 2.7595699e+08
993.3 2.7630235e+08
993.4 2.765704e+08
993.5 2.7674735e+08
993.6 2.7682352e+08
993.7 2.7679436e+08
993.8 2.7666128e+08
993.9 2.7643221e+08
994 2.7612166e+08
994.1 2.7575018e+08
994.2 2.7534336e+08
994.3 2.7493026e+08
994.4 2.7454148e+08
994.5 2.7420692e+08
994.6 2.7395346e+08
994.7 2.7380255e+08
994.8 2.7376812e+08
994.9 2.7385466e+08
995 2.7405579e+08
995.1 2.7435343e+08
995.2 2.7471744e+08
995.3 2.7510601e+08
995.4 2.7546662e+08
995.5 2.7573768e+08
995.6 2.7585089e+08
995.7 2.7573434e+08
995.8 2.7531638e+08
995.9 2.7453029e+08
996 2.7331977e+08
996.1 2.7164486e+08
996.2 2.6948793e+08
996.3 2.6685898e+08
996.4 2.6379934e+08
996.5 2.6038275e+08
996.6 2.5671296e+08
996.7 2.5291745e+08
996.8 2.4913754e+08
996.9 2.4551607e+08
997 2.4218416e+08
997.1 2.3924949e+08
997.2 2.3678771e+08
997.3 2.3483831e+08
997.4 2.334051e+08
997.5 2.3246059e+08
997.6 2.3195262e+08
997.7 2.3181203e+08
997.8 2.319597e+08
997.9 2.3231241e+08
998 2.3278704e+08
998.1 2.3330322e+08
998.2 2.3378464e+08
998.3 2.3415926e+08
998.4 2.3435877e+08
998.5 2.3431735e+08
998.6 2.3396987e+08
998.7 2.3324981e+08
998.8 2.3208689e+08
998.9 2.3040486e+08
999 2.2811966e+08
999.1 2.2513835e+08
999.2 2.2135915e+08
999.3 2.1667278e+08
999.4 2.1096515e+08
999.5 2.0412144e+08
999.6 1.9603135e+08
999.7 1.8659518e+08
999.8 1.7573081e+08
999.9 1.6338126e+08
1000 1.4952333e+08

