0.1 0.81358968
0.2 0.61733283
0.3 0.41807207
0.4 0.2436499
0.5 0.22301962
0.6 0.39829227
0.7 0.62919195
0.8 0.87609626
0.9 1.1291815
1 1.3835826
1.1 1.6380061
1.2 1.8862206
1.3 2.124531
1.4 2.3492294
1.5 2.5566914
1.6 2.7435376
1.7 2.9068394
1.8 3.0443465
1.9 3.1547114
2 3.2376849
2.1 3.2942528
2.2 3.3266872
2.3 3.338488
2.4 3.3342064
2.5 3.3191465
2.6 3.2989636
2.7 3.2791914
2.8 3.2647484
2.9 3.2594909
3 3.2658736
3.1 3.2847711
3.2 3.3154737
3.3 3.3558297
3.4 3.4024882
3.5 3.4511815
3.6 3.4970038
3.7 3.5346668
3.8 3.5587269
3.9 3.5637903
4 3.5450288
4.1 3.4980051
4.2 3.4187056
4.3 3.3038477
4.4 3.1510295
4.5 2.9588813
4.6 2.7272536
4.7 2.4575253
4.8 2.1532458
4.9 1.8216789
5 1.4779425
5.1 1.1568618
5.2 0.94196518
5.3 0.96806745
5.4 1.2611261
5.5 1.7158789
5.6 2.2557849
5.7 2.846922
5.8 3.4734957
5.9 4.1266866
6 4.8005311
6.1 5.4902763
6.2 6.1916403
6.3 6.9004505
6.4 7.6124639
6.5 8.3232923
6.6 9.0284045
6.7 9.7231789
6.8 10.402993
6.9 11.063337
7 11.699937
7.1 12.308871
7.2 12.886659
7.3 13.430338
7.4 13.937485
7.5 14.406211
7.6 14.835114
7.7 15.223202
7.8 15.569791
7.9 15.874393
8 16.136604
8.1 16.357983
8.2 16.535165
8.3 16.66748
8.4 16.754107
8.5 16.794098
8.6 16.786448
8.7 16.730187
8.8 16.624488
8.9 16.468783
9 16.262873
9.1 16.007014
9.2 15.701973
9.3 15.349047
9.4 14.950042
9.5 14.50721
9.6 14.023157
9.7 13.500728
9.8 12.942885
9.9 12.352601
10 11.732774
10.1 11.086186
10.2 10.415515
10.3 9.7233944
10.4 9.012521
10.5 8.2857985
10.6 7.5464963
10.7 6.7984079
10.8 6.0459975
10.9 5.2945384
11 4.5502809
11.1 3.8207547
11.2 3.1154802
11.3 2.4478221
11.4 1.8401481
11.5 1.3384862
11.6 1.0422013
11.7 1.0628114
11.8 1.3298891
11.9 1.6862829
12 2.0478291
12.1 2.3795343
12.2 2.6649787
12.3 2.8950042
12.4 3.0639048
12.5 3.1682492
12.6 3.2069388
12.7 3.1823753
12.8 3.1033531
12.9 2.991057
13 2.8897095
13.1 2.8792796
13.2 3.0723275
13.3 3.569955
13.4 4.4099176
13.5 5.5717661
13.6 7.0119251
13.7 8.6809163
13.8 10.52439
13.9 12.48062
14 14.479475
14.1 16.443629
14.2 18.291642
14.3 19.942339
14.4 21.319883
14.5 22.358933
14.6 23.009333
14.7 23.239802
14.8 23.040242
14.9 22.422457
15 21.419295
15.1 20.082553
15.2 18.480312
15.3 16.694786
15.4 14.822157
15.5 12.976155
15.6 11.296189
15.7 9.955059
15.8 9.1440525
15.9 9.0004211
16 9.50137
16.1 10.482442
16.2 11.740222
16.3 13.10194
16.4 14.43979
16.5 15.660789
16.6 16.695601
16.7 17.491671
16.8 18.010009
16.9 18.224339
17 18.121937
17.1 17.706374
17.2 17.003455
17.3 16.073202
17.4 15.032471
17.5 14.091752
17.6 13.592288
17.7 13.975683
17.8 15.604754
17.9 18.573751
18 22.753365
18.1 27.956438
18.2 34.022864
18.3 40.827058
18.4 48.263606
18.5 56.234143
18.6 64.639285
18.7 73.374682
18.8 82.329882
18.9 91.389089
19 100.43317
19.1 109.34247
19.2 118.00015
19.3 126.29564
19.4 134.12809
19.5 141.4094
19.6 148.06681
19.7 154.04472
19.8 159.30575
19.9 163.83106
20 167.61999
20.1 170.68939
20.2 173.07279
20.3 174.81983
20.4 175.99612
20.5 176.68376
20.6 176.98242
20.7 177.01069
20.8 176.90729
20.9 176.83108
21 176.95909
21.1 177.48084
21.2 178.58807
21.3 180.45877
21.4 183.23621
21.5 187.00499
21.6 191.76822
21.7 197.43097
21.8 203.79458
21.9 210.56467
22 217.37293
22.1 223.81025
22.2 229.46741
22.3 233.97807
22.4 237.05935
22.5 238.54489
22.6 238.40665
22.7 236.76262
22.8 233.86875
22.9 230.09493
23 225.88545
23.1 221.70654
23.2 217.98596
23.3 215.05443
23.4 213.10179
23.5 212.16063
23.6 212.1231
23.7 212.78511
23.8 213.9033
23.9 215.2478
24 216.63858
24.1 217.96089
24.2 219.16169
24.3 220.23279
24.4 221.18749
24.5 222.03712
24.6 222.77227
24.7 223.35177
24.8 223.70069
24.9 223.71722
25 223.2875
25.1 222.30689
25.2 220.70635
25.3 218.48229
25.4 215.72816
25.5 212.66499
25.6 209.66598
25.7 207.26671
25.8 206.14866
25.9 207.08313
26 210.83198
26.1 218.02498
26.2 229.05889
26.3 244.06497
26.4 262.95826
26.5 285.53956
26.6 311.60488
26.7 341.03063
26.8 373.82389
26.9 410.14036
27 450.27718
27.1 494.64655
27.2 543.73448
27.3 598.04788
27.4 658.05269
27.5 724.10699
27.6 796.39402
27.7 874.86207
27.8 959.17907
27.9 1048.7099
28 1142.5227
28.1 1239.4279
28.2 1338.0468
28.3 1436.9048
28.4 1534.534
28.5 1629.5737
28.6 1720.8513
28.7 1807.435
28.8 1888.6526
28.9 1964.0786
29 2033.4966
29.1 2096.8487
29.2 2154.1804
29.3 2205.5904
29.4 2251.1903
29.5 2291.0757
29.6 2325.3076
29.7 2353.9052
29.8 2376.8453
29.9 2394.0713
30 2405.5088
30.1 2411.0887
30.2 2410.7781
30.3 2404.6172
30.4 2392.7599
30.5 2375.5163
30.6 2353.3905
30.7 2327.1104
30.8 2297.6411
30.9 2266.177
31 2234.1067
31.1 2202.9458
31.2 2174.2386
31.3 2149.4328
31.4 2129.7416
31.5 2116.0102
31.6 2108.6125
31.7 2107.3996
31.8 2111.7142
31.9 2120.4733
32 2132.4364
32.1 2146.0081
32.2 2159.7286
32.3 2172.3713
32.4 2183.0589
32.5 2191.3117
32.6 2197.0164
32.7 2200.3096
32.8 2201.3784
32.9 2200.1905
33 2196.1749
33.1 2187.889
33.2 2172.7219
33.3 2146.6931
33.4 2104.4071
33.5 2039.2044
33.6 1943.5204
33.7 1809.4358
33.8 1629.4076
33.9 1397.2811
34 1110.2162
34.1 775.24402
34.2 451.97723
34.3 477.52095
34.4 943.72759
34.5 1559.9852
34.6 2260.3495
34.7 3027.7284
34.8 3852.3478
34.9 4725.816
35 5639.9411
35.1 6586.5237
35.2 7557.4177
35.3 8544.6737
35.4 9540.7094
35.5 10538.478
35.6 11531.623
35.7 12514.605
35.8 13482.797
35.9 14432.526
36 15361.072
36.1 16266.601
36.2 17148.054
36.3 18004.978
36.4 18837.326
36.5 19645.242
36.6 20428.853
36.7 21188.104
36.8 21922.649
36.9 22631.839
37 23314.796
37.1 23970.564
37.2 24598.31
37.3 25197.525
37.4 25768.16
37.5 26310.677
37.6 26825.965
37.7 27315.127
37.8 27779.174
37.9 28218.639
38 28633.195
38.1 29021.276
38.2 29379.785
38.3 29703.871
38.4 29986.831
38.5 30220.131
38.6 30393.581
38.7 30495.692
38.8 30514.247
38.9 30437.116
39 30253.326
39.1 29954.383
39.2 29535.8
39.3 28998.76
39.4 28351.788
39.5 27612.274
39.6 26807.596
39.7 25975.493
39.8 25163.201
39.9 24424.751
40 23815.895
40.1 23386.65
40.2 23172.525
40.3 23186.789
40.4 23416.663
40.5 23825.141
40.6 24357.814
40.7 24952.215
40.8 25547.008
40.9 26089.353
41 26539.953
41.1 26875.989
41.2 27092.299
41.3 27201.07
41.4 27230.122
41.5 27219.796
41.6 27218.421
41.7 27276.568
41.8 27440.569
41.9 27746.233
42 28213.847
42.1 28845.425
42.2 29624.508
42.3 30518.112
42.4 31479.937
42.5 32453.971
42.6 33377.931
42.7 34186.383
42.8 34813.562
42.9 35196.032
43 35275.198
43.1 34999.71
43.2 34327.7
43.3 33228.889
43.4 31686.644
43.5 29700.291
43.6 27288.299
43.7 24493.745
43.8 21395.269
43.9 18131.39
44 14956.793
44.1 12359.736
44.2 11162.252
44.3 12071.222
44.4 14829.04
44.5 18650.827
44.6 22958.364
44.7 27424.292
44.8 31855.336
44.9 36125.249
45 40145.696
45.1 43853.888
45.2 47207.06
45.3 50179.645
45.4 52761.374
45.5 54955.567
45.6 56777.27
45.7 58251.189
45.8 59409.416
45.9 60289.047
46 60929.781
46.1 61371.605
46.2 61652.669
46.3 61807.441
46.4 61865.268
46.5 61849.433
46.6 61776.796
46.7 61658.103
46.8 61498.973
46.9 61301.562
47 61066.849
47.1 60797.465
47.2 60500.955
47.3 60193.332
47.4 59902.695
47.5 59672.614
47.6 59564.749
47.7 59660.004
47.8 60057.224
47.9 60868.504
48 62210.588
48.1 64192.957
48.2 66904.693
48.3 70403.212
48.4 74707.663
48.5 79798.113
48.6 85619.578
48.7 92088.836
48.8 99101.966
48.9 106541.42
49 114282.22
49.1 122197.5
49.2 130163.57
49.3 138064.87
49.4 145798.69
49.5 153279.42
49.6 160442.04
49.7 167243.97
49.8 173664.92
49.9 179704.11
50 185374.68
50.1 190695.4
50.2 195680.62
50.3 200329.3
50.4 204614.86
50.5 208477.26
50.6 211818.55
50.7 214502.74
50.8 216360.3
50.9 217196.67
51 216804.16
51.1 214976.01
51.2 211521.43
51.3 206280.89
51.4 199140.89
51.5 190048.22
51.6 179024.04
51.7 166178.81
51.8 151730.13
51.9 136027.86
52 119595.19
52.1 103201.9
52.2 87990.458
52.3 75634.033
52.4 68268.885
52.5 67565.027
52.6 73245.204
52.7 83245.241
52.8 95306.932
52.9 107807.6
53 119735.83
53.1 130488.41
53.2 139722.2
53.3 147268.75
53.4 153086.26
53.5 157231.13
53.6 159839.06
53.7 161109.93
53.8 161293.09
53.9 160671.09
54 159541.58
54.1 158199.68
54.2 156925.64
54.3 155984.53
54.4 155644.61
54.5 156216.95
54.6 158110.89
54.7 161888.58
54.8 168291.19
54.9 178206.92
55 192570.58
55.1 212223.88
55.2 237797.36
55.3 269661.38
55.4 307945.66
55.5 352592.11
55.6 403406.25
55.7 460091.37
55.8 522264.63
55.9 589460.75
56 661129.12
56.1 736629.21
56.2 815227.29
56.3 896096.96
56.4 978324.91
56.5 1060923
56.6 1142847.1
56.7 1223023.3
56.8 1300379.6
56.9 1373883.8
57 1442583.8
57.1 1505649.7
57.2 1562412.5
57.3 1612398.6
57.4 1655354.3
57.5 1691259
57.6 1720323.5
57.7 1742973.4
57.8 1759817.8
57.9 1771604
58 1779164.3
58.1 1783357.5
58.2 1785010.7
58.3 1784867.7
58.4 1783547.1
58.5 1781513.1
58.6 1779061.3
58.7 1776317
58.8 1773247.1
58.9 1769680.1
59 1765333.6
59.1 1759844.3
59.2 1752800.4
59.3 1743772.1
59.4 1732339.6
59.5 1718118.2
59.6 1700778.2
59.7 1680059.9
59.8 1655783.6
59.9 1627852.9
60 1596252.8
60.1 1561042.8
60.2 1522344.6
60.3 1480327.8
60.4 1435194
60.5 1387162.4
60.6 1336459
60.7 1283310.2
60.8 1227943.2
60.9 1170591.5
61 1111505.6
61.1 1050966.1
61.2 989297.73
61.3 926881.43
61.4 864163.16
61.5 801657.49
61.6 739945.8
61.7 679668.42
61.8 621510.93
61.9 566184.09
62 514396.95
62.1 466821.88
62.2 424050.46
62.3 386540.8
62.4 354561.3
62.5 328144.25
62.6 307070.88
62.7 290910.81
62.8 279125.6
62.9 271222.52
63 266922.92
63.1 266301.14
63.2 269849.25
63.3 278427.08
63.4 293076.21
63.5 314731.3
63.6 343930.3
63.7 380239.33
63.8 423302.37
63.9 472028.86
64 524973.41
64.1 580463.23
64.2 636714.08
64.3 691939.09
64.4 744456.11
64.5 792796.5
64.6 835814.59
64.7 872794.55
64.8 903549.5
64.9 928504.95
65 948754.58
65.1 966070.2
65.2 982841.11
65.3 1001915.5
65.4 1026328.8
65.5 1058937.9
65.6 1102031.5
65.7 1157027.6
65.8 1224352
65.9 1303526.2
66 1393408.1
66.1 1492491.4
66.2 1599184.7
66.3 1712026.1
66.4 1829826.3
66.5 1951750.5
66.6 2077351.6
66.7 2206571.3
66.8 2339714.8
66.9 2477408.4
67 2620543.5
67.1 2770208.7
67.2 2927613.8
67.3 3094006.5
67.4 3270585.3
67.5 3458409
67.6 3658307.5
67.7 3870794.1
67.8 4095984.2
67.9 4333521.5
68 4582514.2
68.1 4841486.1
68.2 5108343.4
68.3 5380363.2
68.4 5654207.2
68.5 5925965.3
68.6 6191234
68.7 6445235.1
68.8 6682979.5
68.9 6899483.7
69 7090045.6
69.1 7250592
69.2 7378107.2
69.3 7471154.5
69.4 7530491.2
69.5 7559767.3
69.6 7566270.5
69.7 7561644.2
69.8 7562452.8
69.9 7590404.2
70 7671982.5
70.1 7837248.3
70.2 8117720.5
70.3 8543599.4
70.4 9140968.3
70.5 9929698.4
70.6 10922397
70.7 12124194
70.8 13532893
70.9 15139181
71 16926866
71.1 18873302
71.2 20950144
71.3 23124487
71.4 25360347
71.5 27620345
71.6 29867438
71.7 32066547
71.8 34185940
71.9 36198260
72 38081153
72.1 39817442
72.2 41394878
72.3 42805516
72.4 44044771
72.5 45110295
72.6 46000760
72.7 46714711
72.8 47249625
72.9 47601290
73 47763635
73.1 47729071
73.2 47489345
73.3 47036824
73.4 46366040
73.5 45475226
73.6 44367487
73.7 43051305
73.8 41540106
73.9 39850876
74 38002038
74.1 36011116
74.2 33892901
74.3 31658827
74.4 29318076
74.5 26880521
74.6 24361250
74.7 21786143
74.8 19198019
74.9 16663091
75 14277394
75.1 12170928
75.2 10499786
75.3 9402895
75.4 8911345.1
75.5 8882229.3
75.6 9056864
75.7 9184955.2
75.8 9103909.3
75.9 8779117.7
76 8364716.1
76.1 8304327.7
76.2 9291313.4
76.3 11804088
76.4 15807708
76.5 21062503
76.6 27361113
76.7 34547736
76.8 42491246
76.9 51066682
77 60146574
77.1 69597959
77.2 79282515
77.3 89058510
77.4 98783864
77.5 1.0831994e+08
77.6 1.1753575e+08
77.7 1.2631224e+08
77.8 1.345464e+08
77.9 1.421549e+08
78 1.490768e+08
78.1 1.552752e+08
78.2 1.607375e+08
78.3 1.6547422e+08
78.4 1.6951637e+08
78.5 1.7291155e+08
78.6 1.7571913e+08
78.7 1.7800501e+08
78.8 1.7983634e+08
78.9 1.812767e+08
79 1.8238216e+08
79.1 1.8319811e+08
79.2 1.8375704e+08
79.3 1.84077e+08
79.4 1.8416048e+08
79.5 1.8399356e+08
79.6 1.8354536e+08
79.7 1.8276775e+08
79.8 1.8159593e+08
79.9 1.7994982e+08
80 1.7773707e+08
80.1 1.7485746e+08
80.2 1.7120901e+08
80.3 1.666957e+08
80.4 1.6123637e+08
80.5 1.547749e+08
80.6 1.472914e+08
80.7 1.3881496e+08
80.8 1.2943885e+08
80.9 1.1934048e+08
81 1.0880969e+08
81.1 98290148
81.2 88434912
81.3 80156460
81.4 74589902
81.5 72816373
81.6 75340106
81.7 81767082
81.8 91075068
81.9 1.0212181e+08
82 1.1393332e+08
82.1 1.2575721e+08
82.2 1.3702692e+08
82.3 1.4731903e+08
82.4 1.563253e+08
82.5 1.6383908e+08
82.6 1.6975085e+08
82.7 1.7404805e+08
82.8 1.7681483e+08
82.9 1.7822806e+08
83 1.785469e+08
83.1 1.7809438e+08
83.2 1.772314e+08
83.3 1.7632639e+08
83.4 1.7572659e+08
83.5 1.7573853e+08
83.6 1.7662417e+08
83.7 1.7861444e+08
83.8 1.8193493e+08
83.9 1.8683185e+08
84 1.9358421e+08
84.1 2.024914e+08
84.2 2.1383456e+08
84.3 2.2782132e+08
84.4 2.4453133e+08
84.5 2.6387975e+08
84.6 2.8560745e+08
84.7 3.0929687e+08
84.8 3.344056e+08
84.9 3.6030899e+08
85 3.8634517e+08
85.1 4.1185854e+08
85.2 4.3623929e+08
85.3 4.5895753e+08
85.4 4.7959048e+08
85.5 4.9784145e+08
85.6 5.1354922e+08
85.7 5.2668734e+08
85.8 5.3735328e+08
85.9 5.4574849e+08
86 5.5215151e+08
86.1 5.5688709e+08
86.2 5.6029466e+08
86.3 5.6270003e+08
86.4 5.6439284e+08
86.5 5.6561208e+08
86.6 5.6653985e+08
86.7 5.6730255e+08
86.8 5.6797765e+08
86.9 5.686035e+08
87 5.6918987e+08
87.1 5.6972732e+08
87.2 5.7019438e+08
87.3 5.705619e+08
87.4 5.7079497e+08
87.5 5.7085272e+08
87.6 5.7068685e+08
87.7 5.7023957e+08
87.8 5.6944172e+08
87.9 5.6821165e+08
88 5.6645531e+08
88.1 5.6406795e+08
88.2 5.6093742e+08
88.3 5.5694903e+08
88.4 5.5199154e+08
88.5 5.4596388e+08
88.6 5.3878193e+08
88.7 5.3038487e+08
88.8 5.2074065e+08
88.9 5.0985009e+08
89 4.977497e+08
89.1 4.8451296e+08
89.2 4.7025033e+08
89.3 4.5510789e+08
89.4 4.39265e+08
89.5 4.2293083e+08
89.6 4.0633992e+08
89.7 3.8974671e+08
89.8 3.7341877e+08
89.9 3.5762865e+08
90 3.4264411e+08
90.1 3.2871649e+08
90.2 3.1606775e+08
90.3 3.0487674e+08
90.4 2.9526619e+08
90.5 2.8729261e+08
90.6 2.8094099e+08
90.7 2.7612625e+08
90.8 2.7270151e+08
90.9 2.7047224e+08
91 2.6921381e+08
91.1 2.686896e+08
91.2 2.6866714e+08
91.3 2.6893095e+08
91.4 2.6929121e+08
91.5 2.6958874e+08
91.6 2.6969686e+08
91.7 2.69521e+08
91.8 2.6899689e+08
91.9 2.6808797e+08
92 2.6678262e+08
92.1 2.6509141e+08
92.2 2.6304464e+08
92.3 2.6069008e+08
92.4 2.580908e+08
92.5 2.5532276e+08
92.6 2.5247202e+08
92.7 2.4963135e+08
92.8 2.4689605e+08
92.9 2.4435925e+08
93 2.4210681e+08
93.1 2.4021243e+08
93.2 2.387334e+08
93.3 2.3770737e+08
93.4 2.3715066e+08
93.5 2.3705795e+08
93.6 2.3740333e+08
93.7 2.3814228e+08
93.8 2.3921426e+08
93.9 2.4054553e+08
94 2.4205192e+08
94.1 2.4364176e+08
94.2 2.4521887e+08
94.3 2.4668602e+08
94.4 2.4794892e+08
94.5 2.4892105e+08
94.6 2.4952931e+08
94.7 2.497202e+08
94.8 2.4946641e+08
94.9 2.4877319e+08
95 2.4768375e+08
95.1 2.4628285e+08
95.2 2.4469754e+08
95.3 2.4309397e+08
95.4 2.4166938e+08
95.5 2.4063868e+08
95.6 2.4021612e+08
95.7 2.4059366e+08
95.8 2.4191891e+08
95.9 2.4427677e+08
96 2.4767822e+08
96.1 2.5205891e+08
96.2 2.5728723e+08
96.3 2.6317985e+08
96.4 2.6952115e+08
96.5 2.7608295e+08
96.6 2.8264206e+08
96.7 2.8899397e+08
96.8 2.9496254e+08
96.9 3.0040588e+08
97 3.052191e+08
97.1 3.0933479e+08
97.2 3.127219e+08
97.3 3.1538373e+08
97.4 3.1735539e+08
97.5 3.1870107e+08
97.6 3.1951129e+08
97.7 3.199e+08
97.8 3.2000146e+08
97.9 3.1996641e+08
98 3.1995756e+08
98.1 3.2014385e+08
98.2 3.206936e+08
98.3 3.2176663e+08
98.4 3.2350593e+08
98.5 3.2602956e+08
98.6 3.2942373e+08
98.7 3.3373797e+08
98.8 3.3898304e+08
98.9 3.4513168e+08
99 3.5212221e+08
99.1 3.5986404e+08
99.2 3.6824449e+08
99.3 3.7713595e+08
99.4 3.8640259e+08
99.5 3.9590633e+08
99.6 4.0551158e+08
99.7 4.1508895e+08
99.8 4.2451786e+08
99.9 4.3368829e+08
100 4.4250201e+08
100.1 4.508733e+08
100.2 4.5872959e+08
100.3 4.6601189e+08
100.4 4.7267524e+08
100.5 4.7868911e+08
100.6 4.8403753e+08
100.7 4.8871902e+08
100.8 4.9274604e+08
100.9 4.9614393e+08
101 4.9894927e+08
101.1 5.0120787e+08
101.2 5.0297242e+08
101.3 5.0430026e+08
101.4 5.0525137e+08
101.5 5.0588707e+08
101.6 5.0626937e+08
101.7 5.0646117e+08
101.8 5.0652693e+08
101.9 5.0653375e+08
102 5.0655235e+08
102.1 5.0665775e+08
102.2 5.0692934e+08
102.3 5.0745033e+08
102.4 5.0830649e+08
102.5 5.0958412e+08
102.6 5.1136717e+08
102.7 5.1373327e+08
102.8 5.1674824e+08
102.9 5.2045862e+08
103 5.2488216e+08
103.1 5.2999615e+08
103.2 5.3572453e+08
103.3 5.41925e+08
103.4 5.4837787e+08
103.5 5.5477903e+08
103.6 5.6073884e+08
103.7 5.6578863e+08
103.8 5.6939546e+08
103.9 5.7098514e+08
104 5.6997243e+08
104.1 5.6579682e+08
104.2 5.5796152e+08
104.3 5.4607371e+08
104.4 5.298833e+08
104.5 5.0931878e+08
104.6 4.8451856e+08
104.7 4.5585791e+08
104.8 4.2397264e+08
104.9 3.897825e+08
105 3.5451811e+08
105.1 3.1975265e+08
105.2 2.8742508e+08
105.3 2.5980089e+08
105.4 2.3924334e+08
105.5 2.2764773e+08
105.6 2.2565151e+08
105.7 2.3222117e+08
105.8 2.4510045e+08
105.9 2.6172222e+08
106 2.7987514e+08
106.1 2.9792901e+08
106.2 3.147994e+08
106.3 3.2983268e+08
106.4 3.4269313e+08
106.5 3.5327344e+08
106.6 3.6162796e+08
106.7 3.6792297e+08
106.8 3.7239904e+08
106.9 3.7534169e+08
107 3.7705759e+08
107.1 3.7785493e+08
107.2 3.7802691e+08
107.3 3.7783796e+08
107.4 3.7751284e+08
107.5 3.7722883e+08
107.6 3.7711121e+08
107.7 3.7723223e+08
107.8 3.7761333e+08
107.9 3.7823007e+08
108 3.7901915e+08
108.1 3.7988677e+08
108.2 3.8071801e+08
108.3 3.8138706e+08
108.4 3.8176853e+08
108.5 3.8175013e+08
108.6 3.8124706e+08
108.7 3.8021767e+08
108.8 3.7867977e+08
108.9 3.7672556e+08
109 3.7453281e+08
109.1 3.7236855e+08
109.2 3.7058185e+08
109.3 3.6958233e+08
109.4 3.6980344e+08
109.5 3.7165294e+08
109.6 3.7545818e+08
109.7 3.8141702e+08
109.8 3.8956644e+08
109.9 3.9977615e+08
110 4.1176752e+08
110.1 4.2515096e+08
110.2 4.3947167e+08
110.3 4.5425453e+08
110.4 4.6904196e+08
110.5 4.8342241e+08
110.6 4.9704926e+08
110.7 5.0965149e+08
110.8 5.2103748e+08
110.9 5.3109331e+08
111 5.3977669e+08
111.1 5.4710764e+08
111.2 5.5315683e+08
111.3 5.5803275e+08
111.4 5.618685e+08
111.5 5.6480945e+08
111.6 5.6700245e+08
111.7 5.6858715e+08
111.8 5.6968993e+08
111.9 5.7042019e+08
112 5.7086897e+08
112.1 5.7110937e+08
112.2 5.7119825e+08
112.3 5.7117864e+08
112.4 5.710825e+08
112.5 5.7093341e+08
112.6 5.7074893e+08
112.7 5.7054249e+08
112.8 5.7032481e+08
112.9 5.7010477e+08
113 5.6988986e+08
113.1 5.6968633e+08
113.2 5.6949915e+08
113.3 5.693319e+08
113.4 5.6918673e+08
113.5 5.6906449e+08
113.6 5.6896498e+08
113.7 5.688872e+08
113.8 5.6882957e+08
113.9 5.687899e+08
114 5.6876482e+08
114.1 5.6874848e+08
114.2 5.6873028e+08
114.3 5.6869128e+08
114.4 5.685994e+08
114.5 5.6840334e+08
114.6 5.6802571e+08
114.7 5.6735612e+08
114.8 5.6624527e+08
114.9 5.6450135e+08
115 5.6188986e+08
115.1 5.58138e+08
115.2 5.52944e+08
115.3 5.4599129e+08
115.4 5.3696674e+08
115.5 5.2558156e+08
115.6 5.1159329e+08
115.7 4.9482685e+08
115.8 4.751931e+08
115.9 4.5270341e+08
116 4.2747918e+08
116.1 3.9975562e+08
116.2 3.6987957e+08
116.3 3.3830121e+08
116.4 3.0556006e+08
116.5 2.7226563e+08
116.6 2.3907359e+08
116.7 2.0665862e+08
116.8 1.756856e+08
116.9 1.4678138e+08
117 1.2050968e+08
117.1 97351644
117.2 77692299
117.3 61806282
117.4 49820587
117.5 41620837
117.6 36724711
117.7 34289273
117.8 33363622
117.9 33166140
118 33153421
118.1 32937305
118.2 32191617
118.3 30607254
118.4 27889543
118.5 23775513
118.6 18057854
118.7 10645131
118.8 3000337.4
118.9 11175285
119 24532344
119.1 40108333
119.2 57801596
119.3 77588077
119.4 99445897
119.5 1.2333881e+08
119.6 1.4920374e+08
119.7 1.7693775e+08
119.8 2.063851e+08
119.9 2.373257e+08
120 2.6946667e+08
120.1 3.0243812e+08
120.2 3.3579437e+08
120.3 3.6902099e+08
120.4 4.0154772e+08
120.5 4.327671e+08
120.6 4.6205777e+08
120.7 4.8881148e+08
120.8 5.1246225e+08
120.9 5.3251613e+08
121 5.485797e+08
121.1 5.6038565e+08
121.2 5.678136e+08
121.3 5.7090435e+08
121.4 5.698663e+08
121.5 5.6507233e+08
121.6 5.5704642e+08
121.7 5.4643948e+08
121.8 5.3399467e+08
121.9 5.2050397e+08
122 5.0675873e+08
122.1 4.9349908e+08
122.2 4.8136783e+08
122.3 4.7087524e+08
122.4 4.62379e+08
122.5 4.5608086e+08
122.6 4.5203662e+08
122.7 4.5017283e+08
122.8 4.5030218e+08
122.9 4.5213223e+08
123 4.5526611e+08
123.1 4.591992e+08
123.2 4.6331832e+08
123.3 4.6691045e+08
123.4 4.6918539e+08
123.5 4.6931294e+08
123.6 4.664715e+08
123.7 4.5990258e+08
123.8 4.489653e+08
123.9 4.3318569e+08
124 4.1229771e+08
124.1 3.8627546e+08
124.2 3.5535863e+08
124.3 3.200778e+08
124.4 2.8129366e+08
124.5 2.4028201e+08
124.6 1.989389e+08
124.7 1.6027215e+08
124.8 1.2938515e+08
124.9 1.1397563e+08
125 1.194434e+08
125.1 1.4149873e+08
125.2 1.7151855e+08
125.3 2.0357359e+08
125.4 2.3456305e+08
125.5 2.6292425e+08
125.6 2.8789494e+08
125.7 3.0916966e+08
125.8 3.2672835e+08
125.9 3.4073698e+08
126 3.5148054e+08
126.1 3.5931294e+08
126.2 3.6461793e+08
126.3 3.6777879e+08
126.4 3.6915576e+08
126.5 3.6907103e+08
126.6 3.6780062e+08
126.7 3.6557281e+08
126.8 3.6257225e+08
126.9 3.5894841e+08
127 3.5482696e+08
127.1 3.5032194e+08
127.2 3.4554665e+08
127.3 3.4062117e+08
127.4 3.3567494e+08
127.5 3.3084372e+08
127.6 3.262611e+08
127.7 3.2204652e+08
127.8 3.1829231e+08
127.9 3.1505332e+08
128 3.1234179e+08
128.1 3.1012954e+08
128.2 3.0835696e+08
128.3 3.0694724e+08
128.4 3.058224e+08
128.5 3.0491797e+08
128.6 3.0419334e+08
128.7 3.0363615e+08
128.8 3.0326042e+08
128.9 3.0309927e+08
129 3.0319391e+08
129.1 3.0358143e+08
129.2 3.0428363e+08
129.3 3.0529911e+08
129.4 3.0659975e+08
129.5 3.0813209e+08
129.6 3.0982286e+08
129.7 3.1158742e+08
129.8 3.1333954e+08
129.9 3.1500097e+08
130 3.1650969e+08
130.1 3.1782595e+08
130.2 3.1893594e+08
130.3 3.1985267e+08
130.4 3.2061456e+08
130.5 3.212816e+08
130.6 3.219296e+08
130.7 3.2264288e+08
130.8 3.2350592e+08
130.9 3.2459456e+08
131 3.2596756e+08
131.1 3.276592e+08
131.2 3.2967353e+08
131.3 3.3198083e+08
131.4 3.3451633e+08
131.5 3.3718121e+08
131.6 3.3984553e+08
131.7 3.4235271e+08
131.8 3.4452517e+08
131.9 3.461707e+08
132 3.4708943e+08
132.1 3.4708111e+08
132.2 3.4595283e+08
132.3 3.4352705e+08
132.4 3.3964996e+08
132.5 3.3420027e+08
132.6 3.2709838e+08
132.7 3.1831617e+08
132.8 3.0788735e+08
132.9 2.9591881e+08
133 2.8260333e+08
133.1 2.6823396e+08
133.2 2.5322022e+08
133.3 2.3810486e+08
133.4 2.2357667e+08
133.5 2.104682e+08
133.6 1.9971724e+08
133.7 1.9226499e+08
133.8 1.888805e+08
133.9 1.8995705e+08
134 1.9538639e+08
134.1 2.0459589e+08
134.2 2.1672142e+08
134.3 2.308078e+08
134.4 2.4595252e+08
134.5 2.6137623e+08
134.6 2.764421e+08
134.7 2.9065007e+08
134.8 3.0362262e+08
134.9 3.1508962e+08
135 3.2487513e+08
135.1 3.328861e+08
135.2 3.3910251e+08
135.3 3.4356811e+08
135.4 3.4638136e+08
135.5 3.4768613e+08
135.6 3.4766261e+08
135.7 3.465188e+08
135.8 3.4448327e+08
135.9 3.4179988e+08
136 3.3872468e+08
136.1 3.3552441e+08
136.2 3.3247555e+08
136.3 3.29862e+08
136.4 3.2796928e+08
136.5 3.2707359e+08
136.6 3.2742559e+08
136.7 3.2923015e+08
136.8 3.3262566e+08
136.9 3.3766732e+08
137 3.4431849e+08
137.1 3.5245233e+08
137.2 3.6186324e+08
137.3 3.7228554e+08
137.4 3.8341556e+08
137.5 3.949338e+08
137.6 4.0652469e+08
137.7 4.1789256e+08
137.8 4.2877375e+08
137.9 4.3894484e+08
138 4.4822758e+08
138.1 4.564909e+08
138.2 4.6365054e+08
138.3 4.6966666e+08
138.4 4.7453989e+08
138.5 4.7830628e+08
138.6 4.8103153e+08
138.7 4.8280494e+08
138.8 4.8373348e+08
138.9 4.8393605e+08
139 4.8353823e+08
139.1 4.8266755e+08
139.2 4.8144928e+08
139.3 4.8000279e+08
139.4 4.7843851e+08
139.5 4.7685549e+08
139.6 4.7533957e+08
139.7 4.7396221e+08
139.8 4.7277998e+08
139.9 4.718346e+08
140 4.7115364e+08
140.1 4.707517e+08
140.2 4.7063214e+08
140.3 4.7078912e+08
140.4 4.7120988e+08
140.5 4.7187713e+08
140.6 4.7277136e+08
140.7 4.7387282e+08
140.8 4.7516313e+08
140.9 4.7662626e+08
141 4.7824882e+08
141.1 4.8001971e+08
141.2 4.8192887e+08
141.3 4.8396549e+08
141.4 4.8611549e+08
141.5 4.8835861e+08
141.6 4.906653e+08
141.7 4.9299356e+08
141.8 4.9528616e+08
141.9 4.9746854e+08
142 4.9944779e+08
142.1 5.0111296e+08
142.2 5.0233717e+08
142.3 5.0298155e+08
142.4 5.0290106e+08
142.5 5.0195215e+08
142.6 5.0000158e+08
142.7 4.9693602e+08
142.8 4.9267147e+08
142.9 4.8716159e+08
143 4.8040394e+08
143.1 4.7244351e+08
143.2 4.6337282e+08
143.3 4.5332857e+08
143.4 4.4248503e+08
143.5 4.3104476e+08
143.6 4.1922772e+08
143.7 4.0725967e+08
143.8 3.9536104e+08
143.9 3.8373728e+08
144 3.7257129e+08
144.1 3.6201832e+08
144.2 3.5220356e+08
144.3 3.4322197e+08
144.4 3.3514003e+08
144.5 3.279987e+08
144.6 3.2181677e+08
144.7 3.1659411e+08
144.8 3.1231412e+08
144.9 3.0894512e+08
145 3.0644072e+08
145.1 3.0473942e+08
145.2 3.0376394e+08
145.3 3.03421e+08
145.4 3.0360213e+08
145.5 3.0418584e+08
145.6 3.0504157e+08
145.7 3.0603485e+08
145.8 3.0703363e+08
145.9 3.0791481e+08
146 3.0857041e+08
146.1 3.0891271e+08
146.2 3.0887781e+08
146.3 3.0842741e+08
146.4 3.0754867e+08
146.5 3.0625234e+08
146.6 3.0456943e+08
146.7 3.0254696e+08
146.8 3.0024307e+08
146.9 2.977222e+08
147 2.9505046e+08
147.1 2.9229172e+08
147.2 2.8950439e+08
147.3 2.8673898e+08
147.4 2.8403643e+08
147.5 2.8142712e+08
147.6 2.789303e+08
147.7 2.7655412e+08
147.8 2.7429601e+08
147.9 2.7214344e+08
148 2.700751e+08
148.1 2.6806238e+08
148.2 2.6607113e+08
148.3 2.6406369e+08
148.4 2.6200101e+08
148.5 2.5984486e+08
148.6 2.5755998e+08
148.7 2.5511618e+08
148.8 2.5249026e+08
148.9 2.4966764e+08
149 2.4664376e+08
149.1 2.4342507e+08
149.2 2.4002949e+08
149.3 2.3648639e+08
149.4 2.3283593e+08
149.5 2.2912771e+08
149.6 2.2541871e+08
149.7 2.2177074e+08
149.8 2.1824727e+08
149.9 2.1491029e+08
150 2.1181719e+08
150.1 2.0901829e+08
150.2 2.0655529e+08
150.3 2.0446065e+08
150.4 2.0275804e+08
150.5 2.0146331e+08
150.6 2.0058565e+08
150.7 2.001283e+08
150.8 2.0008852e+08
150.9 2.0045679e+08
151 2.0121538e+08
151.1 2.0233699e+08
151.2 2.0378409e+08
151.3 2.0550937e+08
151.4 2.0745757e+08
151.5 2.0956853e+08
151.6 2.1178089e+08
151.7 2.1403563e+08
151.8 2.1627915e+08
151.9 2.1846508e+08
152 2.2055535e+08
152.1 2.2252044e+08
152.2 2.2433993e+08
152.3 2.2600372e+08
152.4 2.2751472e+08
152.5 2.2889291e+08
152.6 2.3018018e+08
152.7 2.3144454e+08
152.8 2.3278172e+08
152.9 2.3431184e+08
153 2.3616986e+08
153.1 2.3848942e+08
153.2 2.4138234e+08
153.3 2.4491776e+08
153.4 2.491061e+08
153.5 2.5389217e+08
153.6 2.5915926e+08
153.7 2.6474291e+08
153.8 2.7045052e+08
153.9 2.7608231e+08
154 2.8144941e+08
154.1 2.8638683e+08
154.2 2.9076044e+08
154.3 2.9446847e+08
154.4 2.9743876e+08
154.5 2.9962312e+08
154.6 3.0099019e+08
154.7 3.0151785e+08
154.8 3.0118594e+08
154.9 2.9996977e+08
155 2.9783484e+08
155.1 2.9473271e+08
155.2 2.9059836e+08
155.3 2.853489e+08
155.4 2.788839e+08
155.5 2.7108758e+08
155.6 2.6183323e+08
155.7 2.5099068e+08
155.8 2.384383e+08
155.9 2.2408185e+08
156 2.0788509e+08
156.1 1.8992127e+08
156.2 1.7046476e+08
156.3 1.5016331e+08
156.4 1.3036831e+08
156.5 1.1370324e+08
156.6 1.0455097e+08
156.7 1.0773403e+08
156.8 1.2461011e+08
156.9 1.5222687e+08
157 1.8670954e+08
157.1 2.2512601e+08
157.2 2.6542758e+08
157.3 3.0607845e+08
157.4 3.4583272e+08
157.5 3.8364148e+08
157.6 4.1862975e+08
157.7 4.501047e+08
157.8 4.7757358e+08
157.9 5.0075814e+08
158 5.1959812e+08
158.1 5.3423967e+08
158.2 5.4500802e+08
158.3 5.523668e+08
158.4 5.5686863e+08
158.5 5.5910334e+08
158.6 5.5965025e+08
158.7 5.5904002e+08
158.8 5.5772934e+08
158.9 5.5608874e+08
159 5.5440137e+08
159.1 5.5286926e+08
159.2 5.5162295e+08
159.3 5.5073177e+08
159.4 5.5021339e+08
159.5 5.5004274e+08
159.6 5.5016113e+08
159.7 5.5048646e+08
159.8 5.5092487e+08
159.9 5.5138303e+08
160 5.5178016e+08
160.1 5.5205784e+08
160.2 5.5218651e+08
160.3 5.5216726e+08
160.4 5.5202887e+08
160.5 5.5182013e+08
160.6 5.5159853e+08
160.7 5.514167e+08
160.8 5.5130839e+08
160.9 5.512756e+08
161 5.512783e+08
161.1 5.5122785e+08
161.2 5.5098433e+08
161.3 5.5035817e+08
161.4 5.4911585e+08
161.5 5.4698967e+08
161.6 5.4369201e+08
161.7 5.3893452e+08
161.8 5.3245314e+08
161.9 5.2403966e+08
162 5.1358037e+08
162.1 5.0110086e+08
162.2 4.8681472e+08
162.3 4.7117032e+08
162.4 4.5488446e+08
162.5 4.3894448e+08
162.6 4.2455186e+08
162.7 4.1297928e+08
162.8 4.0533182e+08
162.9 4.0225342e+08
163 4.0368179e+08
163.1 4.0877006e+08
163.2 4.1602186e+08
163.3 4.2357769e+08
163.4 4.295378e+08
163.5 4.3223416e+08
163.6 4.3041941e+08
163.7 4.2337814e+08
163.8 4.1097873e+08
163.9 3.9368315e+08
164 3.7252805e+08
164.1 3.4908437e+08
164.2 3.2538966e+08
164.3 3.0382166e+08
164.4 2.8684621e+08
164.5 2.765763e+08
164.6 2.7421169e+08
164.7 2.7966407e+08
164.8 2.9168143e+08
164.9 3.0839443e+08
165 3.2789315e+08
165.1 3.4856728e+08
165.2 3.6920783e+08
165.3 3.8897746e+08
165.4 4.0733616e+08
165.5 4.2396549e+08
165.6 4.3870606e+08
165.7 4.5151061e+08
165.8 4.6241041e+08
165.9 4.7149138e+08
166 4.7887684e+08
166.1 4.8471339e+08
166.2 4.8915771e+08
166.3 4.9236264e+08
166.4 4.9446183e+08
166.5 4.9555373e+08
166.6 4.9568642e+08
166.7 4.9484568e+08
166.8 4.9294856e+08
166.9 4.8984442e+08
167 4.853241e+08
167.1 4.7913703e+08
167.2 4.7101468e+08
167.3 4.6069828e+08
167.4 4.4796844e+08
167.5 4.3267435e+08
167.6 4.1476088e+08
167.7 3.942921e+08
167.8 3.7147076e+08
167.9 3.4665351e+08
168 3.203624e+08
168.1 2.9329342e+08
168.2 2.6632174e+08
168.3 2.404994e+08
168.4 2.1703073e+08
168.5 1.9719163e+08
168.6 1.8214269e+08
168.7 1.7261898e+08
168.8 1.6861125e+08
168.9 1.6928194e+08
169 1.7323383e+08
169.1 1.7894416e+08
169.2 1.850966e+08
169.3 1.907233e+08
169.4 1.952175e+08
169.5 1.9829609e+08
169.6 1.9995881e+08
169.7 2.0046166e+08
169.8 2.0030607e+08
169.9 2.0023408e+08
170 2.0120732e+08
170.1 2.0433592e+08
170.2 2.1072759e+08
170.3 2.2126543e+08
170.4 2.3638733e+08
170.5 2.5596571e+08
170.6 2.7933058e+08
170.7 3.0539282e+08
170.8 3.3279514e+08
170.9 3.6004702e+08
171 3.8563595e+08
171.1 4.0812328e+08
171.2 4.2623281e+08
171.3 4.3893468e+08
171.4 4.4552247e+08
171.5 4.4567893e+08
171.6 4.3952538e+08
171.7 4.2765013e+08
171.8 4.1111158e+08
171.9 3.9140985e+08
172 3.7041553e+08
172.1 3.5023379e+08
172.2 3.3297551e+08
172.3 3.2042615e+08
172.4 3.136756e+08
172.5 3.1287099e+08
172.6 3.1725577e+08
172.7 3.254916e+08
172.8 3.3607765e+08
172.9 3.4767436e+08
173 3.592611e+08
173.1 3.7015885e+08
173.2 3.7997662e+08
173.3 3.8852771e+08
173.4 3.9574238e+08
173.5 4.0159038e+08
173.6 4.0601943e+08
173.7 4.0891214e+08
173.8 4.1006171e+08
173.9 4.091654e+08
174 4.0583401e+08
174.1 3.9961454e+08
174.2 3.9002334e+08
174.3 3.7658666e+08
174.4 3.5888541e+08
174.5 3.366018e+08
174.6 3.0956568e+08
174.7 2.778012e+08
174.8 2.4157978e+08
174.9 2.0150316e+08
175 1.587013e+08
175.1 1.1548984e+08
175.2 78091830
175.3 64775719
175.4 89219804
175.5 1.3145686e+08
175.6 1.7782119e+08
175.7 2.2377831e+08
175.8 2.6737188e+08
175.9 3.0750385e+08
176 3.4350483e+08
176.1 3.7500188e+08
176.2 4.0186372e+08
176.3 4.2416561e+08
176.4 4.4215631e+08
176.5 4.5622237e+08
176.6 4.6684949e+08
176.7 4.7458243e+08
176.8 4.7998639e+08
176.9 4.8361214e+08
177 4.8596741e+08
177.1 4.8749586e+08
177.2 4.885642e+08
177.3 4.8945722e+08
177.4 4.9037936e+08
177.5 4.9146156e+08
177.6 4.927714e+08
177.7 4.9432498e+08
177.8 4.960992e+08
177.9 4.9804329e+08
178 5.0008887e+08
178.1 5.0215816e+08
178.2 5.0417013e+08
178.3 5.0604453e+08
178.4 5.0770413e+08
178.5 5.0907528e+08
178.6 5.1008727e+08
178.7 5.106709e+08
178.8 5.1075666e+08
178.9 5.1027293e+08
179 5.0914457e+08
179.1 5.0729224e+08
179.2 5.0463259e+08
179.3 5.0107957e+08
179.4 4.9654687e+08
179.5 4.9095147e+08
179.6 4.8421816e+08
179.7 4.7628481e+08
179.8 4.6710806e+08
179.9 4.56669e+08
180 4.4497846e+08
180.1 4.3208128e+08
180.2 4.1805933e+08
180.3 4.0303282e+08
180.4 3.8715968e+08
180.5 3.7063319e+08
180.6 3.536776e+08
180.7 3.3654236e+08
180.8 3.1949474e+08
180.9 3.0281125e+08
181 2.8676773e+08
181.1 2.7162797e+08
181.2 2.57631e+08
181.3 2.449774e+08
181.4 2.3381599e+08
181.5 2.2423292e+08
181.6 2.1624623e+08
181.7 2.0980834e+08
181.8 2.0481798e+08
181.9 2.011406e+08
182 1.9863427e+08
182.1 1.9717694e+08
182.2 1.9669124e+08
182.3 1.9716398e+08
182.4 1.9865847e+08
182.5 2.0131843e+08
182.6 2.0536208e+08
182.7 2.1106512e+08
182.8 2.1873215e+08
182.9 2.2865853e+08
183 2.4108756e+08
183.1 2.5617035e+08
183.2 2.7393527e+08
183.3 2.9427101e+08
183.4 3.1692328e+08
183.5 3.4150256e+08
183.6 3.6749965e+08
183.7 3.9430693e+08
183.8 4.2124426e+08
183.9 4.4758944e+08
184 4.726131e+08
184.1 4.9561733e+08
184.2 5.1597635e+08
184.3 5.331767e+08
184.4 5.4685317e+08
184.5 5.5681662e+08
184.6 5.6306945e+08
184.7 5.6580514e+08
184.8 5.6539014e+08
184.9 5.6232819e+08
185 5.5721052e+08
185.1 5.5065836e+08
185.2 5.4326639e+08
185.3 5.3555666e+08
185.4 5.2795015e+08
185.5 5.2075928e+08
185.6 5.1419886e+08
185.7 5.0840895e+08
185.8 5.0348057e+08
185.9 4.9947677e+08
186 4.9644438e+08
186.1 4.9441624e+08
186.2 4.9340636e+08
186.3 4.9340249e+08
186.4 4.9436006e+08
186.5 4.962002e+08
186.6 4.9881251e+08
186.7 5.0206198e+08
186.8 5.057982e+08
186.9 5.0986519e+08
187 5.1411039e+08
187.1 5.1839193e+08
187.2 5.225839e+08
187.3 5.2657969e+08
187.4 5.3029365e+08
187.5 5.3366143e+08
187.6 5.3663937e+08
187.7 5.3920318e+08
187.8 5.4134631e+08
187.9 5.4307817e+08
188 5.444225e+08
188.1 5.4541598e+08
188.2 5.4610709e+08
188.3 5.4655515e+08
188.4 5.4682919e+08
188.5 5.4700608e+08
188.6 5.4716751e+08
188.7 5.473951e+08
188.8 5.4776323e+08
188.9 5.483296e+08
189 5.4912394e+08
189.1 5.5013581e+08
189.2 5.5130307e+08
189.3 5.5250311e+08
189.4 5.5354884e+08
189.5 5.5419166e+08
189.6 5.5413305e+08
189.7 5.5304585e+08
189.8 5.5060501e+08
189.9 5.4652601e+08
190 5.4060742e+08
190.1 5.3277163e+08
190.2 5.2309654e+08
190.3 5.1183018e+08
190.4 4.993816e+08
190.5 4.8628473e+08
190.6 4.7313743e+08
190.7 4.6052483e+08
190.8 4.4894199e+08
190.9 4.3873351e+08
191 4.3006502e+08
191.1 4.2293211e+08
191.2 4.1720109e+08
191.3 4.1266686e+08
191.4 4.0911065e+08
191.5 4.06344e+08
191.6 4.0423234e+08
191.7 4.0269805e+08
191.8 4.0170733e+08
191.9 4.0124716e+08
192 4.0129889e+08
192.1 4.0181416e+08
192.2 4.0269746e+08
192.3 4.037976e+08
192.4 4.0490852e+08
192.5 4.0577815e+08
192.6 4.0612279e+08
192.7 4.0564438e+08
192.8 4.040482e+08
192.9 4.0105939e+08
193 3.9643741e+08
193.1 3.8998811e+08
193.2 3.8157336e+08
193.3 3.7111844e+08
193.4 3.5861704e+08
193.5 3.4413384e+08
193.6 3.2780434e+08
193.7 3.0983202e+08
193.8 2.9048257e+08
193.9 2.7007573e+08
194 2.489751e+08
194.1 2.2757666e+08
194.2 2.0629699e+08
194.3 1.8556155e+08
194.4 1.6579329e+08
194.5 1.4740074e+08
194.6 1.3076297e+08
194.7 1.1620737e+08
194.8 1.0397581e+08
194.9 94179434
195 86755239
195.1 81452942
195.2 77878501
195.3 75590803
195.4 74214705
195.5 73530806
195.6 73523976
195.7 74388465
195.8 76486655
195.9 80257184
196 86086949
196.1 94193909
196.2 1.0457241e+08
196.3 1.1701078e+08
196.4 1.3114707e+08
196.5 1.4652514e+08
196.6 1.6263533e+08
196.7 1.7894151e+08
196.8 1.9490217e+08
196.9 2.0999096e+08
197 2.2371957e+08
197.1 2.3566261e+08
197.2 2.4548261e+08
197.3 2.5295176e+08
197.4 2.5796714e+08
197.5 2.6055618e+08
197.6 2.6087061e+08
197.7 2.5916883e+08
197.8 2.5578847e+08
197.9 2.5111276e+08
198 2.4553523e+08
198.1 2.3942746e+08
198.2 2.3311395e+08
198.3 2.2685644e+08
198.4 2.208485e+08
198.5 2.1521915e+08
198.6 2.1004303e+08
198.7 2.0535419e+08
198.8 2.0116038e+08
198.9 1.9745562e+08
199 1.9422933e+08
199.1 1.9147138e+08
199.2 1.8917285e+08
199.3 1.8732321e+08
199.4 1.8590516e+08
199.5 1.848888e+08
199.6 1.8422722e+08
199.7 1.838553e+08
199.8 1.8369282e+08
199.9 1.8365218e+08
200 1.8364972e+08
200.1 1.8361905e+08
200.2 1.8352432e+08
200.3 1.8337132e+08
200.4 1.8321452e+08
200.5 1.8315847e+08
200.6 1.8335261e+08
200.7 1.8397871e+08
200.8 1.8523197e+08
200.9 1.8729746e+08
201 1.90326e+08
201.1 1.9441379e+08
201.2 1.9959046e+08
201.3 2.0581739e+08
201.4 2.1299604e+08
201.5 2.2098289e+08
201.6 2.2960722e+08
201.7 2.3868808e+08
201.8 2.4804825e+08
201.9 2.575246e+08
202 2.6697483e+08
202.1 2.7628161e+08
202.2 2.8535469e+08
202.3 2.9413193e+08
202.4 3.0257953e+08
202.5 3.1069174e+08
202.6 3.1849009e+08
202.7 3.2602196e+08
202.8 3.3335811e+08
202.9 3.4058922e+08
203 3.4782085e+08
203.1 3.5516697e+08
203.2 3.6274194e+08
203.3 3.7065104e+08
203.4 3.789798e+08
203.5 3.8778233e+08
203.6 3.9706897e+08
203.7 4.0679362e+08
203.8 4.1684083e+08
203.9 4.2701336e+08
204 4.3702038e+08
204.1 4.4646727e+08
204.2 4.5484795e+08
204.3 4.615411e+08
204.4 4.6581222e+08
204.5 4.6682323e+08
204.6 4.6365201e+08
204.7 4.5532346e+08
204.8 4.4085333e+08
204.9 4.1930492e+08
205 3.8985717e+08
205.1 3.5188109e+08
205.2 3.0501971e+08
205.3 2.492652e+08
205.4 1.8502593e+08
205.5 1.1317609e+08
205.6 35084703
205.7 47434591
205.8 1.3204143e+08
205.9 2.1611193e+08
206 2.9674069e+08
206.1 3.7092221e+08
206.2 4.3571922e+08
206.3 4.8844743e+08
206.4 5.2686085e+08
206.5 5.4932134e+08
206.6 5.5493605e+08
206.7 5.43648e+08
206.8 5.1627084e+08
206.9 4.7446832e+08
207 4.2069501e+08
207.1 3.5814467e+08
207.2 2.908217e+08
207.3 2.2404705e+08
207.4 1.6623769e+08
207.5 1.3246104e+08
207.6 1.3776134e+08
207.7 1.7271287e+08
207.8 2.1767681e+08
207.9 2.6230527e+08
208 3.025326e+08
208.1 3.3688459e+08
208.2 3.6503624e+08
208.3 3.872433e+08
208.4 4.0407327e+08
208.5 4.1625303e+08
208.6 4.2457107e+08
208.7 4.2981084e+08
208.8 4.3270439e+08
208.9 4.339008e+08
209 4.3394565e+08
209.1 4.3326947e+08
209.2 4.3218316e+08
209.3 4.3087956e+08
209.4 4.2944001e+08
209.5 4.2784538e+08
209.6 4.2599105e+08
209.7 4.2370548e+08
209.8 4.2077195e+08
209.9 4.1695332e+08
210 4.1201879e+08
210.1 4.0577156e+08
210.2 3.9807518e+08
210.3 3.8887559e+08
210.4 3.7821513e+08
210.5 3.6623464e+08
210.6 3.5316085e+08
210.7 3.3927809e+08
210.8 3.2488714e+08
210.9 3.1025775e+08
211 2.9558518e+08
211.1 2.8096195e+08
211.2 2.6637325e+08
211.3 2.517184e+08
211.4 2.3685309e+08
211.5 2.2164218e+08
211.6 2.0601159e+08
211.7 1.899912e+08
211.8 1.7374557e+08
211.9 1.5759321e+08
212 1.4201614e+08
212.1 1.2765641e+08
212.2 1.1528271e+08
212.3 1.0568898e+08
212.4 99487316
212.5 96836492
212.6 97288290
212.7 99912651
212.8 1.0360868e+08
212.9 1.0737296e+08
213 1.1042554e+08
213.1 1.1223419e+08
213.2 1.1250248e+08
213.3 1.1116085e+08
213.4 1.0837793e+08
213.5 1.0459894e+08
213.6 1.0060746e+08
213.7 97577119
213.8 97012846
213.9 1.0043583e+08
214 1.088453e+08
214.1 1.2236442e+08
214.2 1.4039119e+08
214.3 1.6201015e+08
214.4 1.8629449e+08
214.5 2.1242208e+08
214.6 2.3968943e+08
214.7 2.6749446e+08
214.8 2.953178e+08
214.9 3.2270965e+08
215 3.4928234e+08
215.1 3.7470636e+08
215.2 3.9870836e+08
215.3 4.2106978e+08
215.4 4.4162544e+08
215.5 4.6026175e+08
215.6 4.7691451e+08
215.7 4.915663e+08
215.8 5.0424366e+08
215.9 5.1501408e+08
216 5.2398271e+08
216.1 5.3128847e+08
216.2 5.3709936e+08
216.3 5.4160618e+08
216.4 5.4501465e+08
216.5 5.4753545e+08
216.6 5.4937294e+08
216.7 5.5071323e+08
216.8 5.5171328e+08
216.9 5.5249276e+08
217 5.531302e+08
217.1 5.5366447e+08
217.2 5.541013e+08
217.3 5.5442399e+08
217.4 5.5460589e+08
217.5 5.5462252e+08
217.6 5.5446094e+08
217.7 5.541246e+08
217.8 5.5363297e+08
217.9 5.5301632e+08
218 5.5230689e+08
218.1 5.5152879e+08
218.2 5.506891e+08
218.3 5.4977258e+08
218.4 5.4874152e+08
218.5 5.4754113e+08
218.6 5.4610952e+08
218.7 5.4439036e+08
218.8 5.4234588e+08
218.9 5.3996779e+08
219 5.3728459e+08
219.1 5.3436401e+08
219.2 5.3131074e+08
219.3 5.2825957e+08
219.4 5.2536516e+08
219.5 5.2278937e+08
219.6 5.2068764e+08
219.7 5.1919566e+08
219.8 5.1841771e+08
219.9 5.1841781e+08
220 5.1921448e+08
220.1 5.2077971e+08
220.2 5.2304211e+08
220.3 5.2589367e+08
220.4 5.2919937e+08
220.5 5.3280834e+08
220.6 5.3656543e+08
220.7 5.403218e+08
220.8 5.4394379e+08
220.9 5.4731902e+08
221 5.5035975e+08
221.1 5.5300308e+08
221.2 5.5520851e+08
221.3 5.5695317e+08
221.4 5.582255e+08
221.5 5.5901781e+08
221.6 5.5931866e+08
221.7 5.5910553e+08
221.8 5.5833854e+08
221.9 5.5695574e+08
222 5.5487074e+08
222.1 5.5197303e+08
222.2 5.4813159e+08
222.3 5.4320172e+08
222.4 5.3703502e+08
222.5 5.2949201e+08
222.6 5.2045643e+08
222.7 5.098504e+08
222.8 4.9764922e+08
222.9 4.8389482e+08
223 4.6870682e+08
223.1 4.5229032e+08
223.2 4.3493946e+08
223.3 4.1703561e+08
223.4 3.9903887e+08
223.5 3.8147094e+08
223.6 3.6488756e+08
223.7 3.4983901e+08
223.8 3.3681957e+08
223.9 3.2621074e+08
224 3.1822853e+08
224.1 3.1288861e+08
224.2 3.1000139e+08
224.3 3.0920023e+08
224.4 3.0999474e+08
224.5 3.1183373e+08
224.6 3.1416253e+08
224.7 3.1646543e+08
224.8 3.1829107e+08
224.9 3.1926334e+08
225 3.1908246e+08
225.1 3.1752062e+08
225.2 3.1441567e+08
225.3 3.0966501e+08
225.4 3.03221e+08
225.5 2.9508822e+08
225.6 2.8532224e+08
225.7 2.7402945e+08
225.8 2.6136691e+08
225.9 2.4754131e+08
226 2.328061e+08
226.1 2.1745595e+08
226.2 2.0181817e+08
226.3 1.8624089e+08
226.4 1.7107839e+08
226.5 1.5667406e+08
226.6 1.4334209e+08
226.7 1.3134893e+08
226.8 1.2089613e+08
226.9 1.1210692e+08
227 1.0501951e+08
227.1 99590554
227.2 95710052
227.3 93225936
227.4 91972439
227.5 91795504
227.6 92570526
227.7 94211306
227.8 96671872
227.9 99943738
228 1.0405071e+08
228.1 1.090424e+08
228.2 1.1498695e+08
228.3 1.2196281e+08
228.4 1.3004969e+08
228.5 1.393188e+08
228.6 1.4982296e+08
228.7 1.6158714e+08
228.8 1.7460057e+08
228.9 1.8881107e+08
229 2.0412237e+08
229.1 2.2039474e+08
229.2 2.37449e+08
229.3 2.5507361e+08
229.4 2.7303417e+08
229.5 2.9108434e+08
229.6 3.0897729e+08
229.7 3.2647652e+08
229.8 3.4336511e+08
229.9 3.5945286e+08
230 3.7458078e+08
230.1 3.8862309e+08
230.2 4.0148695e+08
230.3 4.1311033e+08
230.4 4.234587e+08
230.5 4.3252112e+08
230.6 4.4030625e+08
230.7 4.4683876e+08
230.8 4.5215637e+08
230.9 4.5630777e+08
231 4.5935133e+08
231.1 4.6135467e+08
231.2 4.6239493e+08
231.3 4.6255952e+08
231.4 4.6194743e+08
231.5 4.6067073e+08
231.6 4.5885639e+08
231.7 4.5664814e+08
231.8 4.5420845e+08
231.9 4.5172025e+08
232 4.4938811e+08
232.1 4.4743834e+08
232.2 4.4611697e+08
232.3 4.4568471e+08
232.4 4.4640751e+08
232.5 4.4854178e+08
232.6 4.5231383e+08
232.7 4.5789424e+08
232.8 4.6536922e+08
232.9 4.7471237e+08
233 4.8576093e+08
233.1 4.9820042e+08
233.2 5.1156056e+08
233.3 5.2522388e+08
233.4 5.3844683e+08
233.5 5.5039266e+08
233.6 5.6017407e+08
233.7 5.669036e+08
233.8 5.6974899e+08
233.9 5.6798975e+08
234 5.610708e+08
234.1 5.4864805e+08
234.2 5.3062126e+08
234.3 5.0714994e+08
234.4 4.7864999e+08
234.5 4.4577092e+08
234.6 4.0935589e+08
234.7 3.703897e+08
234.8 3.2994138e+08
234.9 2.8910964e+08
235 2.4898023e+08
235.1 2.1060463e+08
235.2 1.750098e+08
235.3 1.4324714e+08
235.4 1.1647259e+08
235.5 95976064
235.6 82888994
235.7 77290108
235.8 77455144
235.9 80590075
236 84211934
236.1 86699167
236.2 87183422
236.3 85350354
236.4 81348860
236.5 75832086
236.6 70122939
236.7 66392025
236.8 67339092
236.9 74791244
237 88493179
237.1 1.0683082e+08
237.2 1.2809754e+08
237.3 1.5096051e+08
237.4 1.7444556e+08
237.5 1.9784158e+08
237.6 2.206303e+08
237.7 2.4244265e+08
237.8 2.6302981e+08
237.9 2.8224092e+08
238 3.0000371e+08
238.1 3.1630697e+08
238.2 3.3118459e+08
238.3 3.4470158e+08
238.4 3.5694232e+08
238.5 3.6800109e+08
238.6 3.7797483e+08
238.7 3.8695786e+08
238.8 3.9503825e+08
238.9 4.0229547e+08
239 4.0879901e+08
239.1 4.1460758e+08
239.2 4.1976891e+08
239.3 4.2431981e+08
239.4 4.2828658e+08
239.5 4.3168581e+08
239.6 4.3452543e+08
239.7 4.3680624e+08
239.8 4.3852361e+08
239.9 4.3966938e+08
240 4.4023355e+08
240.1 4.4020539e+08
240.2 4.3957369e+08
240.3 4.3832562e+08
240.4 4.3644404e+08
240.5 4.3390315e+08
240.6 4.3066293e+08
240.7 4.2666271e+08
240.8 4.2181503e+08
240.9 4.1600076e+08
241 4.0906686e+08
241.1 4.0082778e+08
241.2 3.9107147e+08
241.3 3.7957042e+08
241.4 3.6609782e+08
241.5 3.5044831e+08
241.6 3.3246268e+08
241.7 3.1205587e+08
241.8 2.8924797e+08
241.9 2.6419949e+08
242 2.3725509e+08
242.1 2.0900687e+08
242.2 1.804008e+08
242.3 1.5293102e+08
242.4 1.2896571e+08
242.5 1.1203445e+08
242.6 1.0605373e+08
242.7 1.1240841e+08
242.8 1.2829214e+08
242.9 1.4937928e+08
243 1.7232352e+08
243.1 1.9504221e+08
243.2 2.1629592e+08
243.3 2.3534688e+08
243.4 2.5176335e+08
243.5 2.6531212e+08
243.6 2.7589766e+08
243.7 2.8352756e+08
243.8 2.8829502e+08
243.9 2.9037377e+08
244 2.9002259e+08
244.1 2.8759568e+08
244.2 2.8355418e+08
244.3 2.7847103e+08
244.4 2.7301954e+08
244.5 2.6793428e+08
244.6 2.6393614e+08
244.7 2.6162511e+08
244.8 2.6136321e+08
244.9 2.6318763e+08
245 2.667925e+08
245.1 2.7159063e+08
245.2 2.768314e+08
245.3 2.8173361e+08
245.4 2.8559829e+08
245.5 2.8788504e+08
245.6 2.882506e+08
245.7 2.8655651e+08
245.8 2.828547e+08
245.9 2.7735915e+08
246 2.7041041e+08
246.1 2.6243813e+08
246.2 2.5392526e+08
246.3 2.4537644e+08
246.4 2.3729176e+08
246.5 2.3014627e+08
246.6 2.2437511e+08
246.7 2.2036328e+08
246.8 2.1843903e+08
246.9 2.1886928e+08
247 2.2185582e+08
247.1 2.2753116e+08
247.2 2.3595404e+08
247.3 2.4710522e+08
247.4 2.6088461e+08
247.5 2.7711089e+08
247.6 2.9552407e+08
247.7 3.1579105e+08
247.8 3.375137e+08
247.9 3.6023888e+08
248 3.8347003e+08
248.1 4.0667987e+08
248.2 4.2932406e+08
248.3 4.5085579e+08
248.4 4.7074144e+08
248.5 4.884775e+08
248.6 5.0360871e+08
248.7 5.1574707e+08
248.8 5.2459119e+08
248.9 5.2994439e+08
249 5.3173011e+08
249.1 5.3000254e+08
249.2 5.2495067e+08
249.3 5.1689461e+08
249.4 5.0627355e+08
249.5 4.9362581e+08
249.6 4.7956209e+08
249.7 4.6473352e+08
249.8 4.4979638e+08
249.9 4.353754e+08
250 4.2202805e+08
250.1 4.1021278e+08
250.2 4.0026477e+08
250.3 3.9238294e+08
250.4 3.8663086e+08
250.5 3.8295182e+08
250.6 3.8119494e+08
250.7 3.8114693e+08
250.8 3.8256278e+08
250.9 3.8519012e+08
251 3.8878398e+08
251.1 3.931114e+08
251.2 3.9794737e+08
251.3 4.0306477e+08
251.4 4.0822163e+08
251.5 4.1314883e+08
251.6 4.1754103e+08
251.7 4.2105286e+08
251.8 4.2330178e+08
251.9 4.2387795e+08
252 4.223611e+08
252.1 4.1834317e+08
252.2 4.1145548e+08
252.3 4.0139794e+08
252.4 3.8796794e+08
252.5 3.7108591e+08
252.6 3.5081451e+08
252.7 3.2736924e+08
252.8 3.0111838e+08
252.9 2.7257214e+08
253 2.4236167e+08
253.1 2.1121051e+08
253.2 1.799018e+08
253.3 1.4924587e+08
253.4 1.2005335e+08
253.5 93120745
253.6 69239730
253.7 49250203
253.8 34146645
253.9 24988334
254 21583173
254.1 21174930
254.2 21182049
254.3 21778185
254.4 25740854
254.5 35576669
254.6 51195541
254.7 71466312
254.8 95338278
254.9 1.2186619e+08
255 1.501023e+08
255.1 1.7904605e+08
255.2 2.0763822e+08
255.3 2.347816e+08
255.4 2.5937833e+08
255.5 2.8037723e+08
255.6 2.9696398e+08
255.7 3.0808072e+08
255.8 3.1309977e+08
255.9 3.1162947e+08
256 3.0353793e+08
256.1 2.8896635e+08
256.2 2.6833685e+08
256.3 2.4236635e+08
256.4 2.1211057e+08
256.5 1.790955e+08
256.6 1.4568091e+08
256.7 1.1598049e+08
256.8 97374002
256.9 98447520
257 1.1879628e+08
257.1 1.4985758e+08
257.2 1.8488464e+08
257.3 2.2037024e+08
257.4 2.5451262e+08
257.5 2.8632282e+08
257.6 3.1524519e+08
257.7 3.4098888e+08
257.8 3.6344173e+08
257.9 3.8261801e+08
258 3.9862157e+08
258.1 4.1161702e+08
258.2 4.218063e+08
258.3 4.2940942e+08
258.4 4.3464925e+08
258.5 4.3774007e+08
258.6 4.3887996e+08
258.7 4.3824697e+08
258.8 4.3599874e+08
258.9 4.3227564e+08
259 4.27207e+08
259.1 4.209203e+08
259.2 4.135532e+08
259.3 4.0526814e+08
259.4 3.9626936e+08
259.5 3.868216e+08
259.6 3.772691e+08
259.7 3.680518e+08
259.8 3.5971345e+08
259.9 3.5289324e+08
260 3.4829081e+08
260.1 3.4659682e+08
260.2 3.4839073e+08
260.3 3.5402459e+08
260.4 3.6352638e+08
260.5 3.7655642e+08
260.6 3.9243029e+08
260.7 4.1019541e+08
260.8 4.2873411e+08
260.9 4.4686843e+08
261 4.63453e+08
261.1 4.7745184e+08
261.2 4.879993e+08
261.3 4.944455e+08
261.4 4.9638575e+08
261.5 4.936729e+08
261.6 4.8641171e+08
261.7 4.7493588e+08
261.8 4.5977034e+08
261.9 4.4158296e+08
262 4.2113128e+08
262.1 3.9920951e+08
262.2 3.7660067e+08
262.3 3.5403661e+08
262.4 3.3216695e+08
262.5 3.1153667e+08
262.6 2.9257069e+08
262.7 2.7556477e+08
262.8 2.6068217e+08
262.9 2.4795745e+08
263 2.3730866e+08
263.1 2.2855888e+08
263.2 2.2146568e+08
263.3 2.1575527e+08
263.4 2.1115653e+08
263.5 2.0743115e+08
263.6 2.0439724e+08
263.7 2.0194608e+08
263.8 2.0005261e+08
263.9 1.9878067e+08
264 1.982833e+08
264.1 1.9879737e+08
264.2 2.0063082e+08
264.3 2.0414046e+08
264.4 2.0969978e+08
264.5 2.1765881e+08
264.6 2.2830208e+08
264.7 2.4181211e+08
264.8 2.5824436e+08
264.9 2.7751526e+08
265 2.9940022e+08
265.1 3.2353771e+08
265.2 3.4943648e+08
265.3 3.7648601e+08
265.4 4.0397235e+08
265.5 4.3110237e+08
265.6 4.5703879e+08
265.7 4.8094643e+08
265.8 5.0204786e+08
265.9 5.1968383e+08
266 5.3337195e+08
266.1 5.4285549e+08
266.2 5.4813458e+08
266.3 5.4947316e+08
266.4 5.4737827e+08
266.5 5.4255193e+08
266.6 5.358202e+08
266.7 5.2804825e+08
266.8 5.2005313e+08
266.9 5.1252753e+08
267 5.0598627e+08
267.1 5.0074293e+08
267.2 4.9691755e+08
267.3 4.9446936e+08
267.4 4.9324415e+08
267.5 4.9302475e+08
267.6 4.935756e+08
267.7 4.9467645e+08
267.8 4.9614388e+08
267.9 4.9784204e+08
268 4.9968502e+08
268.1 5.0163322e+08
268.2 5.0368601e+08
268.3 5.0587177e+08
268.4 5.0823686e+08
268.5 5.1083391e+08
268.6 5.1371048e+08
268.7 5.1689893e+08
268.8 5.2040823e+08
268.9 5.242188e+08
269 5.2828081e+08
269.1 5.3251652e+08
269.2 5.3682613e+08
269.3 5.4109661e+08
269.4 5.452122e+08
269.5 5.4906513e+08
269.6 5.5256519e+08
269.7 5.5564674e+08
269.8 5.5827243e+08
269.9 5.6043315e+08
270 5.6214442e+08
270.1 5.6343955e+08
270.2 5.643609e+08
270.3 5.6495027e+08
270.4 5.6523999e+08
270.5 5.6524636e+08
270.6 5.6496641e+08
270.7 5.6437893e+08
270.8 5.6344959e+08
270.9 5.6213925e+08
271 5.6041366e+08
271.1 5.582526e+08
271.2 5.5565634e+08
271.3 5.5264831e+08
271.4 5.49274e+08
271.5 5.4559734e+08
271.6 5.4169647e+08
271.7 5.376605e+08
271.8 5.3358827e+08
271.9 5.2958823e+08
272 5.2577813e+08
272.1 5.2228253e+08
272.2 5.1922698e+08
272.3 5.1672907e+08
272.4 5.1488753e+08
272.5 5.1377163e+08
272.6 5.134133e+08
272.7 5.1380346e+08
272.8 5.1489345e+08
272.9 5.1660099e+08
273 5.1881942e+08
273.1 5.2142844e+08
273.2 5.243046e+08
273.3 5.273304e+08
273.4 5.3040099e+08
273.5 5.3342838e+08
273.6 5.3634327e+08
273.7 5.3909485e+08
273.8 5.4164916e+08
273.9 5.4398662e+08
274 5.4609894e+08
274.1 5.4798616e+08
274.2 5.4965379e+08
274.3 5.5111035e+08
274.4 5.523655e+08
274.5 5.5342867e+08
274.6 5.543083e+08
274.7 5.5501168e+08
274.8 5.5554522e+08
274.9 5.5591526e+08
275 5.5612912e+08
275.1 5.5619643e+08
275.2 5.5613046e+08
275.3 5.5594916e+08
275.4 5.5567573e+08
275.5 5.5533828e+08
275.6 5.549682e+08
275.7 5.5459718e+08
275.8 5.5425273e+08
275.9 5.5395264e+08
276 5.5369915e+08
276.1 5.5347388e+08
276.2 5.5323459e+08
276.3 5.5291505e+08
276.4 5.5242841e+08
276.5 5.5167424e+08
276.6 5.5054843e+08
276.7 5.4895466e+08
276.8 5.46816e+08
276.9 5.4408471e+08
277 5.407492e+08
277.1 5.3683697e+08
277.2 5.3241327e+08
277.3 5.2757558e+08
277.4 5.2244456e+08
277.5 5.1715245e+08
277.6 5.1183005e+08
277.7 5.0659383e+08
277.8 5.0153432e+08
277.9 4.9670703e+08
278 4.9212672e+08
278.1 4.8776557e+08
278.2 4.8355523e+08
278.3 4.7939246e+08
278.4 4.7514797e+08
278.5 4.7067801e+08
278.6 4.6583876e+08
278.7 4.6050385e+08
278.8 4.5458586e+08
278.9 4.4806259e+08
279 4.4100835e+08
279.1 4.3362831e+08
279.2 4.2629059e+08
279.3 4.1954555e+08
279.4 4.1411575e+08
279.5 4.1083738e+08
279.6 4.1054052e+08
279.7 4.1387754e+08
279.8 4.2114215e+08
279.9 4.3214509e+08
280 4.4620011e+08
280.1 4.622271e+08
280.2 4.7893086e+08
280.3 4.9499666e+08
280.4 5.0925695e+08
280.5 5.2080785e+08
280.6 5.2907223e+08
280.7 5.3381613e+08
280.8 5.3512864e+08
280.9 5.3337594e+08
281 5.2913945e+08
281.1 5.2314672e+08
281.2 5.1620176e+08
281.3 5.0911949e+08
281.4 5.0266732e+08
281.5 4.9751528e+08
281.6 4.9419583e+08
281.7 4.9307427e+08
281.8 4.9433052e+08
281.9 4.9795309e+08
282 5.0374517e+08
282.1 5.1134203e+08
282.2 5.2023823e+08
282.3 5.2982324e+08
282.4 5.3942447e+08
282.5 5.4835652e+08
282.6 5.5597563e+08
282.7 5.6173631e+08
282.8 5.652461e+08
282.9 5.6631161e+08
283 5.6496837e+08
283.1 5.614867e+08
283.2 5.5634779e+08
283.3 5.5018882e+08
283.4 5.4372207e+08
283.5 5.3764005e+08
283.6 5.3252474e+08
283.7 5.2877975e+08
283.8 5.2659965e+08
283.9 5.2597984e+08
284 5.2675898e+08
284.1 5.2867787e+08
284.2 5.3143838e+08
284.3 5.3475043e+08
284.4 5.3836207e+08
284.5 5.4207341e+08
284.6 5.4573834e+08
284.7 5.4925867e+08
284.8 5.5257474e+08
284.9 5.5565506e+08
285 5.5848664e+08
285.1 5.6106661e+08
285.2 5.6339513e+08
285.3 5.6546956e+08
285.4 5.6727971e+08
285.5 5.6880398e+08
285.6 5.7000655e+08
285.7 5.7083552e+08
285.8 5.7122229e+08
285.9 5.7108232e+08
286 5.7031731e+08
286.1 5.6881902e+08
286.2 5.6647463e+08
286.3 5.6317372e+08
286.4 5.5881663e+08
286.5 5.5332414e+08
286.6 5.4664794e+08
286.7 5.3878167e+08
286.8 5.2977169e+08
286.9 5.1972677e+08
287 5.0882548e+08
287.1 4.973199e+08
287.2 4.8553383e+08
287.3 4.73854e+08
287.4 4.627127e+08
287.5 4.5256142e+08
287.6 4.438366e+08
287.7 4.3692071e+08
287.8 4.3210445e+08
287.9 4.2955698e+08
288 4.2931078e+08
288.1 4.3126436e+08
288.2 4.3520172e+08
288.3 4.4082315e+08
288.4 4.4778015e+08
288.5 4.5570793e+08
288.6 4.642514e+08
288.7 4.7308314e+08
288.8 4.8191418e+08
288.9 4.9049907e+08
289 4.9863709e+08
289.1 5.0617115e+08
289.2 5.1298517e+08
289.3 5.190005e+08
289.4 5.2417147e+08
289.5 5.2848013e+08
289.6 5.3193019e+08
289.7 5.3454052e+08
289.8 5.3633866e+08
289.9 5.3735519e+08
290 5.3761966e+08
290.1 5.3715888e+08
290.2 5.35998e+08
290.3 5.3416417e+08
290.4 5.3169219e+08
290.5 5.2863085e+08
290.6 5.2504842e+08
290.7 5.2103567e+08
290.8 5.1670527e+08
290.9 5.121871e+08
291 5.0761992e+08
291.1 5.0314076e+08
291.2 4.9887391e+08
291.3 4.9492166e+08
291.4 4.9135825e+08
291.5 4.88228e+08
291.6 4.8554714e+08
291.7 4.8330845e+08
291.8 4.8148705e+08
291.9 4.8004592e+08
292 4.7894016e+08
292.1 4.7811956e+08
292.2 4.7752988e+08
292.3 4.7711324e+08
292.4 4.7680835e+08
292.5 4.7655096e+08
292.6 4.7627471e+08
292.7 4.7591219e+08
292.8 4.7539626e+08
292.9 4.7466147e+08
293 4.7364566e+08
293.1 4.7229204e+08
293.2 4.7055182e+08
293.3 4.6838745e+08
293.4 4.6577637e+08
293.5 4.6271454e+08
293.6 4.5921933e+08
293.7 4.5533094e+08
293.8 4.5111179e+08
293.9 4.4664384e+08
294 4.4202386e+08
294.1 4.3735748e+08
294.2 4.3275296e+08
294.3 4.2831574e+08
294.4 4.2414484e+08
294.5 4.2033152e+08
294.6 4.1696024e+08
294.7 4.141112e+08
294.8 4.1186331e+08
294.9 4.1029595e+08
295 4.0948837e+08
295.1 4.0951548e+08
295.2 4.1044009e+08
295.3 4.1230229e+08
295.4 4.1510793e+08
295.5 4.1881862e+08
295.6 4.233459e+08
295.7 4.2855157e+08
295.8 4.3425478e+08
295.9 4.4024507e+08
296 4.4629918e+08
296.1 4.5219868e+08
296.2 4.5774525e+08
296.3 4.6277141e+08
296.4 4.6714496e+08
296.5 4.7076703e+08
296.6 4.7356434e+08
296.7 4.7547759e+08
296.8 4.7644806e+08
296.9 4.7640508e+08
297 4.7525691e+08
297.1 4.7288686e+08
297.2 4.6915641e+08
297.3 4.6391594e+08
297.4 4.5702316e+08
297.5 4.4836867e+08
297.6 4.3790748e+08
297.7 4.2569483e+08
297.8 4.1192392e+08
297.9 3.9696214e+08
298 3.8138051e+08
298.1 3.6596752e+08
298.2 3.5171336e+08
298.3 3.3974584e+08
298.4 3.3120111e+08
298.5 3.2703219e+08
298.6 3.2779957e+08
298.7 3.3352659e+08
298.8 3.4369084e+08
298.9 3.5735217e+08
299 3.7334715e+08
299.1 3.9046832e+08
299.2 4.0758506e+08
299.3 4.2370395e+08
299.4 4.3798699e+08
299.5 4.4974747e+08
299.6 4.5843802e+08
299.7 4.6363947e+08
299.8 4.6505473e+08
299.9 4.6250887e+08
300 4.5595503e+08
300.1 4.4548468e+08
300.2 4.3134025e+08
300.3 4.1392797e+08
300.4 3.938292e+08
300.5 3.7180796e+08
300.6 3.4881181e+08
300.7 3.2596009e+08
300.8 3.0450748e+08
300.9 2.8576346e+08
301 2.709459e+08
301.1 2.6096933e+08
301.2 2.56224e+08
301.3 2.5645794e+08
301.4 2.6084858e+08
301.5 2.6823387e+08
301.6 2.7737916e+08
301.7 2.8717438e+08
301.8 2.9673235e+08
301.9 3.0541203e+08
302 3.1280064e+08
302.1 3.1867899e+08
302.2 3.2298276e+08
302.3 3.2576485e+08
302.4 3.271605e+08
302.5 3.2735533e+08
302.6 3.2655662e+08
302.7 3.249681e+08
302.8 3.2276948e+08
302.9 3.2010183e+08
303 3.1706039e+08
303.1 3.1369521e+08
303.2 3.100195e+08
303.3 3.0602387e+08
303.4 3.0169368e+08
303.5 2.9702611e+08
303.6 2.9204368e+08
303.7 2.8680189e+08
303.8 2.8138983e+08
303.9 2.759242e+08
304 2.7053846e+08
304.1 2.6536992e+08
304.2 2.6054756e+08
304.3 2.5618351e+08
304.4 2.523695e+08
304.5 2.4917846e+08
304.6 2.4666968e+08
304.7 2.4489505e+08
304.8 2.4390368e+08
304.9 2.437424e+08
305 2.444515e+08
305.1 2.4605589e+08
305.2 2.4855391e+08
305.3 2.519064e+08
305.4 2.56029e+08
305.5 2.6078973e+08
305.6 2.660125e+08
305.7 2.7148588e+08
305.8 2.7697542e+08
305.9 2.8223732e+08
306 2.8703168e+08
306.1 2.9113387e+08
306.2 2.943432e+08
306.3 2.964889e+08
306.4 2.9743343e+08
306.5 2.9707384e+08
306.6 2.9534158e+08
306.7 2.9220167e+08
306.8 2.8765163e+08
306.9 2.8172085e+08
307 2.7447087e+08
307.1 2.6599686e+08
307.2 2.5643076e+08
307.3 2.4594617e+08
307.4 2.3476524e+08
307.5 2.2316729e+08
307.6 2.1149846e+08
307.7 2.0018028e+08
307.8 1.897127e+08
307.9 1.8066347e+08
308 1.7363281e+08
308.1 1.6918426e+08
308.2 1.6774717e+08
308.3 1.6952126e+08
308.4 1.7442956e+08
308.5 1.8214675e+08
308.6 1.9218583e+08
308.7 2.0399803e+08
308.8 2.1704982e+08
308.9 2.3086578e+08
309 2.4504386e+08
309.1 2.5925376e+08
309.2 2.732276e+08
309.3 2.8674797e+08
309.4 2.996364e+08
309.5 3.117433e+08
309.6 3.2294007e+08
309.7 3.3311326e+08
309.8 3.421608e+08
309.9 3.4998997e+08
310 3.5651688e+08
310.1 3.6166715e+08
310.2 3.6537754e+08
310.3 3.6759822e+08
310.4 3.6829537e+08
310.5 3.6745406e+08
310.6 3.6508078e+08
310.7 3.6120578e+08
310.8 3.5588461e+08
310.9 3.4919881e+08
311 3.4125555e+08
311.1 3.3218606e+08
311.2 3.2214294e+08
311.3 3.1129634e+08
311.4 2.9982939e+08
311.5 2.8793317e+08
311.6 2.7580148e+08
311.7 2.6362603e+08
311.8 2.5159208e+08
311.9 2.3987509e+08
312 2.2863812e+08
312.1 2.1803005e+08
312.2 2.0818419e+08
312.3 1.9921693e+08
312.4 1.9122571e+08
312.5 1.8428603e+08
312.6 1.7844717e+08
312.7 1.7372691e+08
312.8 1.7010608e+08
312.9 1.6752433e+08
313 1.658785e+08
313.1 1.6502533e+08
313.2 1.6478907e+08
313.3 1.6497449e+08
313.4 1.6538508e+08
313.5 1.6584585e+08
313.6 1.6623028e+08
313.7 1.6649042e+08
313.8 1.6668774e+08
313.9 1.6702019e+08
314 1.6783668e+08
314.1 1.6962583e+08
314.2 1.7296473e+08
314.3 1.7842234e+08
314.4 1.8643466e+08
314.5 1.9719328e+08
314.6 2.1059241e+08
314.7 2.2625096e+08
314.8 2.4358933e+08
314.9 2.6192454e+08
315 2.8055586e+08
315.1 2.9882919e+08
315.2 3.1617947e+08
315.3 3.3215473e+08
315.4 3.4642575e+08
315.5 3.5878498e+08
315.6 3.6913755e+08
315.7 3.7748726e+08
315.8 3.8391988e+08
315.9 3.88586e+08
316 3.9168504e+08
316.1 3.9345124e+08
316.2 3.941421e+08
316.3 3.9402859e+08
316.4 3.9338629e+08
316.5 3.9248623e+08
316.6 3.9158439e+08
316.7 3.9090949e+08
316.8 3.906495e+08
316.9 3.9093846e+08
317 3.9184602e+08
317.1 3.9337198e+08
317.2 3.9544788e+08
317.3 3.9794615e+08
317.4 4.0069574e+08
317.5 4.0350204e+08
317.6 4.0616818e+08
317.7 4.0851495e+08
317.8 4.1039697e+08
317.9 4.1171413e+08
318 4.1241749e+08
318.1 4.1250999e+08
318.2 4.1204265e+08
318.3 4.1110688e+08
318.4 4.0982421e+08
318.5 4.0833422e+08
318.6 4.0678186e+08
318.7 4.053052e+08
318.8 4.0402456e+08
318.9 4.030338e+08
319 4.0239415e+08
319.1 4.0213098e+08
319.2 4.0223309e+08
319.3 4.0265422e+08
319.4 4.0331629e+08
319.5 4.041136e+08
319.6 4.0491775e+08
319.7 4.0558274e+08
319.8 4.0595022e+08
319.9 4.058546e+08
320 4.0512833e+08
320.1 4.0360703e+08
320.2 4.0113475e+08
320.3 3.9756927e+08
320.4 3.9278737e+08
320.5 3.8669006e+08
320.6 3.7920755e+08
320.7 3.7030379e+08
320.8 3.5998021e+08
320.9 3.4827846e+08
321 3.3528164e+08
321.1 3.211137e+08
321.2 3.0593668e+08
321.3 2.8994554e+08
321.4 2.7336072e+08
321.5 2.5641839e+08
321.6 2.3935935e+08
321.7 2.2241737e+08
321.8 2.0580847e+08
321.9 1.8972259e+08
322 1.7431934e+08
322.1 1.5972852e+08
322.2 1.4605561e+08
322.3 1.3339101e+08
322.4 1.2182069e+08
322.5 1.1143567e+08
322.6 1.0233742e+08
322.7 94637802
322.8 88452985
322.9 83892731
323 81047116
323.1 79973725
323.2 80688092
323.3 83159276
323.4 87310938
323.5 93026979
323.6 1.0016021e+08
323.7 1.0854255e+08
323.8 1.1799565e+08
323.9 1.2834065e+08
324 1.3940659e+08
324.1 1.5103664e+08
324.2 1.6309199e+08
324.3 1.7545364e+08
324.4 1.8802216e+08
324.5 2.0071611e+08
324.6 2.134693e+08
324.7 2.2622761e+08
324.8 2.3894531e+08
324.9 2.5158157e+08
325 2.6409692e+08
325.1 2.7645019e+08
325.2 2.8859592e+08
325.3 3.0048251e+08
325.4 3.1205124e+08
325.5 3.2323635e+08
325.6 3.3396627e+08
325.7 3.44166e+08
325.8 3.537605e+08
325.9 3.6267895e+08
326 3.7085948e+08
326.1 3.7825393e+08
326.2 3.848322e+08
326.3 3.9058567e+08
326.4 3.9552922e+08
326.5 3.997014e+08
326.6 4.031627e+08
326.7 4.0599166e+08
326.8 4.0827927e+08
326.9 4.101218e+08
327 4.1161304e+08
327.1 4.1283641e+08
327.2 4.13858e+08
327.3 4.1472126e+08
327.4 4.1544386e+08
327.5 4.1601712e+08
327.6 4.1640809e+08
327.7 4.1656399e+08
327.8 4.164186e+08
327.9 4.1589972e+08
328 4.149371e+08
328.1 4.1346968e+08
328.2 4.1145137e+08
328.3 4.0885474e+08
328.4 4.0567217e+08
328.5 4.0191458e+08
328.6 3.97608e+08
328.7 3.9278885e+08
328.8 3.8749878e+08
328.9 3.8177999e+08
329 3.7567174e+08
329.1 3.6920875e+08
329.2 3.6242143e+08
329.3 3.5533797e+08
329.4 3.4798771e+08
329.5 3.404051e+08
329.6 3.3263348e+08
329.7 3.2472794e+08
329.8 3.1675645e+08
329.9 3.0879904e+08
330 3.0094482e+08
330.1 2.9328712e+08
330.2 2.8591753e+08
330.3 2.7891972e+08
330.4 2.7236428e+08
330.5 2.6630558e+08
330.6 2.6078175e+08
330.7 2.5581792e+08
330.8 2.5143275e+08
330.9 2.4764724e+08
331 2.4449442e+08
331.1 2.420281e+08
331.2 2.4032876e+08
331.3 2.3950467e+08
331.4 2.3968693e+08
331.5 2.4101822e+08
331.6 2.4363594e+08
331.7 2.4765269e+08
331.8 2.5313746e+08
331.9 2.6010179e+08
332 2.6849396e+08
332.1 2.7820196e+08
332.2 2.8906426e+08
332.3 3.008855e+08
332.4 3.1345382e+08
332.5 3.2655711e+08
332.6 3.3999627e+08
332.7 3.5359462e+08
332.8 3.6720335e+08
332.9 3.8070332e+08
333 3.9400398e+08
333.1 4.0703996e+08
333.2 4.1976622e+08
333.3 4.321523e+08
333.4 4.4417633e+08
333.5 4.5581926e+08
333.6 4.6705975e+08
333.7 4.7787027e+08
333.8 4.8821461e+08
333.9 4.9804724e+08
334 5.0731456e+08
334.1 5.1595802e+08
334.2 5.2391876e+08
334.3 5.3114322e+08
334.4 5.3758899e+08
334.5 5.4322996e+08
334.6 5.4806006e+08
334.7 5.5209494e+08
334.8 5.5537117e+08
334.9 5.5794316e+08
335 5.5987802e+08
335.1 5.6124903e+08
335.2 5.621285e+08
335.3 5.6258085e+08
335.4 5.6265666e+08
335.5 5.6238822e+08
335.6 5.6178724e+08
335.7 5.6084461e+08
335.8 5.5953259e+08
335.9 5.5780912e+08
336 5.5562408e+08
336.1 5.5292716e+08
336.2 5.4967667e+08
336.3 5.4584887e+08
336.4 5.4144672e+08
336.5 5.3650732e+08
336.6 5.3110684e+08
336.7 5.2536198e+08
336.8 5.1942685e+08
336.9 5.1348498e+08
337 5.0773621e+08
337.1 5.0237975e+08
337.2 4.975949e+08
337.3 4.9352265e+08
337.4 4.9025111e+08
337.5 4.8780801e+08
337.6 4.861621e+08
337.7 4.8523379e+08
337.8 4.8491331e+08
337.9 4.8508301e+08
338 4.856394e+08
338.1 4.8651065e+08
338.2 4.87666e+08
338.3 4.8911495e+08
338.4 4.9089656e+08
338.5 4.930611e+08
338.6 4.9564846e+08
338.7 4.9866845e+08
338.8 5.0208786e+08
338.9 5.0582719e+08
339 5.0976726e+08
339.1 5.1376328e+08
339.2 5.1766281e+08
339.3 5.2132342e+08
339.4 5.2462696e+08
339.5 5.27489e+08
339.6 5.2986289e+08
339.7 5.3173935e+08
339.8 5.3314249e+08
339.9 5.341235e+08
340 5.3475287e+08
340.1 5.351118e+08
340.2 5.352833e+08
340.3 5.3534336e+08
340.4 5.3535268e+08
340.5 5.3534941e+08
340.6 5.3534361e+08
340.7 5.3531404e+08
340.8 5.3520786e+08
340.9 5.3494343e+08
341 5.344164e+08
341.1 5.335086e+08
341.2 5.3209919e+08
341.3 5.3007715e+08
341.4 5.2735406e+08
341.5 5.2387602e+08
341.6 5.1963329e+08
341.7 5.1466646e+08
341.8 5.0906734e+08
341.9 5.0297329e+08
342 4.9655371e+08
342.1 4.8998806e+08
342.2 4.8343643e+08
342.3 4.770053e+08
342.4 4.7071345e+08
342.5 4.6446439e+08
342.6 4.5803196e+08
342.7 4.5106397e+08
342.8 4.4310513e+08
342.9 4.3363675e+08
343 4.2212734e+08
343.1 4.0808652e+08
343.2 3.9111539e+08
343.3 3.7094746e+08
343.4 3.4747691e+08
343.5 3.2077255e+08
343.6 2.9107798e+08
343.7 2.5879965e+08
343.8 2.2448626e+08
343.9 1.8880456e+08
344 1.5252139e+08
344.1 1.1651679e+08
344.2 81917069
344.3 50809538
344.4 30438013
344.5 36680839
344.6 57910586
344.7 80194380
344.8 1.0034141e+08
344.9 1.1748189e+08
345 1.3130382e+08
345.1 1.4171186e+08
345.2 1.4873615e+08
345.3 1.525048e+08
345.4 1.5323927e+08
345.5 1.5126055e+08
345.6 1.4700162e+08
345.7 1.4102299e+08
345.8 1.3402774e+08
345.9 1.2686737e+08
346 1.2051918e+08
346.1 1.1600172e+08
346.2 1.1420097e+08
346.3 1.1564308e+08
346.4 1.2034566e+08
346.5 1.2786841e+08
346.6 1.3752272e+08
346.7 1.4858973e+08
346.8 1.6045155e+08
346.9 1.7263626e+08
347 1.8481381e+08
347.1 1.9677308e+08
347.2 2.0839523e+08
347.3 2.1962894e+08
347.4 2.3046919e+08
347.5 2.4093921e+08
347.6 2.5107544e+08
347.7 2.6091495e+08
347.8 2.7048531e+08
347.9 2.7979677e+08
348 2.8883697e+08
348.1 2.9756836e+08
348.2 3.0592837e+08
348.3 3.1383261e+08
348.4 3.2118097e+08
348.5 3.2786629e+08
348.6 3.3378516e+08
348.7 3.3884988e+08
348.8 3.4300031e+08
348.9 3.462141e+08
349 3.4851347e+08
349.1 3.499671e+08
349.2 3.5068576e+08
349.3 3.5081171e+08
349.4 3.5050285e+08
349.5 3.4991409e+08
349.6 3.491794e+08
349.7 3.4839809e+08
349.8 3.4762828e+08
349.9 3.4688851e+08
350 3.4616648e+08
350.1 3.4543217e+08
350.2 3.4465165e+08
350.3 3.4379795e+08
350.4 3.4285668e+08
350.5 3.4182514e+08
350.6 3.4070569e+08
350.7 3.3949494e+08
350.8 3.3817163e+08
350.9 3.3668561e+08
351 3.3495055e+08
351.1 3.3284164e+08
351.2 3.3019855e+08
351.3 3.2683325e+08
351.4 3.2254141e+08
351.5 3.1711644e+08
351.6 3.103652e+08
351.7 3.0212554e+08
351.8 2.9228591e+08
351.9 2.8080825e+08
352 2.6775554e+08
352.1 2.533257e+08
352.2 2.3789302e+08
352.3 2.220562e+08
352.4 2.0668493e+08
352.5 1.9293974e+08
352.6 1.8220833e+08
352.7 1.7587736e+08
352.8 1.7492056e+08
352.9 1.7948506e+08
353 1.8879409e+08
353.1 2.0145238e+08
353.2 2.158946e+08
353.3 2.3071111e+08
353.4 2.4479499e+08
353.5 2.5737305e+08
353.6 2.6798324e+08
353.7 2.7643096e+08
353.8 2.8273652e+08
353.9 2.8707893e+08
354 2.8973968e+08
354.1 2.9105037e+08
354.2 2.9134845e+08
354.3 2.9094373e+08
354.4 2.9009737e+08
354.5 2.8901233e+08
354.6 2.8783313e+08
354.7 2.8665179e+08
354.8 2.8551689e+08
354.9 2.8444361e+08
355 2.8342351e+08
355.1 2.8243377e+08
355.2 2.8144586e+08
355.3 2.8043363e+08
355.4 2.7938067e+08
355.5 2.7828628e+08
355.6 2.7716947e+08
355.7 2.7607037e+08
355.8 2.7504872e+08
355.9 2.741793e+08
356 2.735446e+08
356.1 2.7322559e+08
356.2 2.7329141e+08
356.3 2.7378955e+08
356.4 2.7473769e+08
356.5 2.7611848e+08
356.6 2.7787785e+08
356.7 2.7992689e+08
356.8 2.8214675e+08
356.9 2.843952e+08
357 2.8651364e+08
357.1 2.8833331e+08
357.2 2.8967969e+08
357.3 2.9037465e+08
357.4 2.9023635e+08
357.5 2.8907721e+08
357.6 2.8670069e+08
357.7 2.8289775e+08
357.8 2.7744397e+08
357.9 2.7009826e+08
358 2.6060423e+08
358.1 2.486948e+08
358.2 2.3410068e+08
358.3 2.1656278e+08
358.4 1.9584837e+08
358.5 1.7177046e+08
358.6 1.4420958e+08
358.7 1.131386e+08
358.8 78658888
358.9 41137728
359 7926023.9
359.1 44615173
359.2 89646278
359.3 1.362239e+08
359.4 1.8341545e+08
359.5 2.3037185e+08
359.6 2.762451e+08
359.7 3.2020821e+08
359.8 3.6148858e+08
359.9 3.9940224e+08
360 4.3338469e+08
360.1 4.6301564e+08
360.2 4.8803559e+08
360.3 5.0835334e+08
360.4 5.2404376e+08
360.5 5.353365e+08
360.6 5.4259654e+08
360.7 5.4629846e+08
360.8 5.4699654e+08
360.9 5.4529285e+08
361 5.4180568e+08
361.1 5.3714001e+08
361.2 5.3186164e+08
361.3 5.2647599e+08
361.4 5.2141218e+08
361.5 5.1701279e+08
361.6 5.1352922e+08
361.7 5.1112231e+08
361.8 5.0986776e+08
361.9 5.0976532e+08
362 5.1075082e+08
362.1 5.1270992e+08
362.2 5.1549231e+08
362.3 5.1892554e+08
362.4 5.2282752e+08
362.5 5.2701737e+08
362.6 5.3132413e+08
362.7 5.3559338e+08
362.8 5.3969175e+08
362.9 5.4350944e+08
363 5.4696117e+08
363.1 5.4998555e+08
363.2 5.5254341e+08
363.3 5.5461527e+08
363.4 5.5619813e+08
363.5 5.5730193e+08
363.6 5.5794592e+08
363.7 5.5815486e+08
363.8 5.5795552e+08
363.9 5.5737329e+08
364 5.5642913e+08
364.1 5.5513685e+08
364.2 5.5350072e+08
364.3 5.515136e+08
364.4 5.4915534e+08
364.5 5.4639173e+08
364.6 5.4317393e+08
364.7 5.3943838e+08
364.8 5.3510732e+08
364.9 5.3008987e+08
365 5.242838e+08
365.1 5.1757774e+08
365.2 5.0985403e+08
365.3 5.009919e+08
365.4 4.9087083e+08
365.5 4.7937402e+08
365.6 4.6639169e+08
365.7 4.518242e+08
365.8 4.3558503e+08
365.9 4.1760361e+08
366 3.9782851e+08
366.1 3.7623114e+08
366.2 3.5281081e+08
366.3 3.2760185e+08
366.4 3.0068422e+08
366.5 2.7220021e+08
366.6 2.4238231e+08
366.7 2.1160337e+08
366.8 1.8047483e+08
366.9 1.5005395e+08
367 1.2229217e+08
367.1 1.0086259e+08
367.2 91497151
367.3 98229750
367.4 1.182522e+08
367.5 1.4568394e+08
367.6 1.763177e+08
367.7 2.0778118e+08
367.8 2.3869322e+08
367.9 2.6816818e+08
368 2.9559312e+08
368.1 3.2053048e+08
368.2 3.4267405e+08
368.3 3.6182721e+08
368.4 3.7789009e+08
368.5 3.9084972e+08
368.6 4.0077068e+08
368.7 4.0778543e+08
368.8 4.120841e+08
368.9 4.1390412e+08
369 4.1351979e+08
369.1 4.1123238e+08
369.2 4.0736072e+08
369.3 4.0223251e+08
369.4 3.9617646e+08
369.5 3.8951506e+08
369.6 3.825582e+08
369.7 3.7559752e+08
369.8 3.6890163e+08
369.9 3.6271237e+08
370 3.5724223e+08
370.1 3.5267298e+08
370.2 3.4915547e+08
370.3 3.4681045e+08
370.4 3.457297e+08
370.5 3.4597713e+08
370.6 3.4758897e+08
370.7 3.5057271e+08
370.8 3.5490442e+08
370.9 3.6052487e+08
371 3.6733497e+08
371.1 3.7519166e+08
371.2 3.8390549e+08
371.3 3.9324103e+08
371.4 4.0292106e+08
371.5 4.1263498e+08
371.6 4.2205132e+08
371.7 4.3083372e+08
371.8 4.3865899e+08
371.9 4.4523574e+08
372 4.5032163e+08
372.1 4.537375e+08
372.2 4.553768e+08
372.3 4.5520958e+08
372.4 4.5328065e+08
372.5 4.4970246e+08
372.6 4.4464376e+08
372.7 4.383154e+08
372.8 4.3095487e+08
372.9 4.2281096e+08
373 4.1412967e+08
373.1 4.0514228e+08
373.2 3.9605611e+08
373.3 3.8704815e+08
373.4 3.782618e+08
373.5 3.698065e+08
373.6 3.6176009e+08
373.7 3.541735e+08
373.8 3.4707721e+08
373.9 3.4048871e+08
374 3.3441999e+08
374.1 3.2888414e+08
374.2 3.2389987e+08
374.3 3.1949319e+08
374.4 3.1569553e+08
374.5 3.1253814e+08
374.6 3.1004356e+08
374.7 3.0821505e+08
374.8 3.070262e+08
374.9 3.0641241e+08
375 3.0626592e+08
375.1 3.0643498e+08
375.2 3.0672641e+08
375.3 3.0690993e+08
375.4 3.0672243e+08
375.5 3.0587081e+08
375.6 3.0403359e+08
375.7 3.0086332e+08
375.8 2.9599334e+08
375.9 2.890535e+08
376 2.7969946e+08
376.1 2.6765959e+08
376.2 2.5280269e+08
376.3 2.3523093e+08
376.4 2.1540653e+08
376.5 1.9432863e+08
376.6 1.7377648e+08
376.7 1.565632e+08
376.8 1.4643761e+08
376.9 1.468376e+08
377 1.5867787e+08
377.1 1.7976762e+08
377.2 2.0664933e+08
377.3 2.3627392e+08
377.4 2.6644645e+08
377.5 2.9569857e+08
377.6 3.2308519e+08
377.7 3.4802958e+08
377.8 3.702166e+08
377.9 3.8951708e+08
378 4.0593197e+08
378.1 4.1955005e+08
378.2 4.3051657e+08
378.3 4.3901119e+08
378.4 4.4523411e+08
378.5 4.4939916e+08
378.6 4.5173238e+08
378.7 4.524741e+08
378.8 4.5188238e+08
378.9 4.5023522e+08
379 4.478292e+08
379.1 4.449725e+08
379.2 4.4197143e+08
379.3 4.3911127e+08
379.4 4.3663399e+08
379.5 4.3471736e+08
379.6 4.3346034e+08
379.7 4.3287866e+08
379.8 4.3291216e+08
379.9 4.334422e+08
380 4.3431518e+08
380.1 4.3536706e+08
380.2 4.3644462e+08
380.3 4.3742072e+08
380.4 4.382031e+08
380.5 4.3873726e+08
380.6 4.3900519e+08
380.7 4.3902115e+08
380.8 4.3882584e+08
380.9 4.384794e+08
381 4.3805347e+08
381.1 4.376224e+08
381.2 4.3725388e+08
381.3 4.3699947e+08
381.4 4.3688568e+08
381.5 4.3690639e+08
381.6 4.3701731e+08
381.7 4.3713264e+08
381.8 4.3712409e+08
381.9 4.3682183e+08
382 4.3601685e+08
382.1 4.344643e+08
382.2 4.3188737e+08
382.3 4.2798169e+08
382.4 4.2242024e+08
382.5 4.1485928e+08
382.6 4.0494563e+08
382.7 3.9232596e+08
382.8 3.766584e+08
382.9 3.5762676e+08
383 3.3495746e+08
383.1 3.0843894e+08
383.2 2.7794325e+08
383.3 2.4345013e+08
383.4 2.0507582e+08
383.5 1.6311816e+08
383.6 1.1817239e+08
383.7 71679328
383.8 31752654
383.9 47192467
384 95527472
384.1 1.4712177e+08
384.2 1.9824768e+08
384.3 2.473797e+08
384.4 2.9336127e+08
384.5 3.3518938e+08
384.6 3.7199085e+08
384.7 4.0303604e+08
384.8 4.2776008e+08
384.9 4.4578347e+08
385 4.5692913e+08
385.1 4.6123477e+08
385.2 4.5896021e+08
385.3 4.5058968e+08
385.4 4.3682946e+08
385.5 4.1860143e+08
385.6 3.9703287e+08
385.7 3.7344125e+08
385.8 3.4930891e+08
385.9 3.2623519e+08
386 3.0584374e+08
386.1 2.8961932e+08
386.2 2.7867219e+08
386.3 2.7349332e+08
386.4 2.7382962e+08
386.5 2.7877775e+08
386.6 2.8705623e+08
386.7 2.9730812e+08
386.8 3.0831427e+08
386.9 3.1909015e+08
387 3.2889848e+08
387.1 3.3721943e+08
387.2 3.4370657e+08
387.3 3.4814312e+08
387.4 3.5040432e+08
387.5 3.5042725e+08
387.6 3.4818822e+08
387.7 3.4368677e+08
387.8 3.3693555e+08
387.9 3.2795546e+08
388 3.1677524e+08
388.1 3.0343507e+08
388.2 2.8799361e+08
388.3 2.7053799e+08
388.4 2.5119621e+08
388.5 2.3015135e+08
388.6 2.0765723e+08
388.7 1.8405596e+08
388.8 1.5979944e+08
388.9 1.3548231e+08
389 1.1190467e+08
389.1 90204959
389.2 72115155
389.3 60182440
389.4 56841928
389.5 61684154
389.6 71390822
389.7 82829084
389.8 94183886
389.9 1.0453115e+08
390 1.1338094e+08
390.1 1.2043022e+08
390.2 1.2544786e+08
390.3 1.2823289e+08
390.4 1.2861677e+08
390.5 1.2649556e+08
390.6 1.2188479e+08
390.7 1.1499826e+08
390.8 1.0636222e+08
390.9 96987638
391 88602035
391.1 83763599
391.2 85256129
391.3 94493588
391.4 1.1068751e+08
391.5 1.3194099e+08
391.6 1.5647929e+08
391.7 1.8300863e+08
391.8 2.1064364e+08
391.9 2.3877722e+08
392 2.6698399e+08
392.1 2.9495684e+08
392.2 3.2246434e+08
392.3 3.493208e+08
392.4 3.7536459e+08
392.5 4.0044257e+08
392.6 4.2439943e+08
392.7 4.4707166e+08
392.8 4.682855e+08
392.9 4.8785896e+08
393 5.0560741e+08
393.1 5.2135261e+08
393.2 5.3493446e+08
393.3 5.462247e+08
393.4 5.5514105e+08
393.5 5.6166049e+08
393.6 5.6582948e+08
393.7 5.6776956e+08
393.8 5.6767679e+08
393.9 5.6581448e+08
394 5.6249919e+08
394.1 5.5808163e+08
394.2 5.529243e+08
394.3 5.4737873e+08
394.4 5.417651e+08
394.5 5.3635637e+08
394.6 5.3136852e+08
394.7 5.269571e+08
394.8 5.2321924e+08
394.9 5.2019962e+08
395 5.1789855e+08
395.1 5.1628034e+08
395.2 5.1528088e+08
395.3 5.1481397e+08
395.4 5.1477652e+08
395.5 5.150532e+08
395.6 5.1552138e+08
395.7 5.1605658e+08
395.8 5.1653898e+08
395.9 5.1686044e+08
396 5.1693182e+08
396.1 5.1668946e+08
396.2 5.1610044e+08
396.3 5.1516544e+08
396.4 5.1391912e+08
396.5 5.1242737e+08
396.6 5.1078176e+08
396.7 5.0909126e+08
396.8 5.0747195e+08
396.9 5.0603559e+08
397 5.0487814e+08
397.1 5.0406956e+08
397.2 5.036461e+08
397.3 5.0360627e+08
397.4 5.0391095e+08
397.5 5.0448776e+08
397.6 5.0523902e+08
397.7 5.060522e+08
397.8 5.0681141e+08
397.9 5.0740851e+08
398 5.0775275e+08
398.1 5.0777789e+08
398.2 5.0744659e+08
398.3 5.0675181e+08
398.4 5.0571544e+08
398.5 5.0438465e+08
398.6 5.028264e+08
398.7 5.0112087e+08
398.8 4.9935441e+08
398.9 4.9761287e+08
399 4.959757e+08
399.1 4.9451151e+08
399.2 4.9327516e+08
399.3 4.9230641e+08
399.4 4.9163009e+08
399.5 4.9125725e+08
399.6 4.9118708e+08
399.7 4.9140911e+08
399.8 4.9190543e+08
399.9 4.9265262e+08
400 4.9362348e+08
400.1 4.9478822e+08
400.2 4.9611551e+08
400.3 4.9757316e+08
400.4 4.9912867e+08
400.5 5.0074973e+08
400.6 5.0240472e+08
400.7 5.0406334e+08
400.8 5.0569742e+08
400.9 5.0728204e+08
401 5.0879702e+08
401.1 5.1022878e+08
401.2 5.1157236e+08
401.3 5.1283348e+08
401.4 5.1403014e+08
401.5 5.1519305e+08
401.6 5.1636443e+08
401.7 5.1759449e+08
401.8 5.1893539e+08
401.9 5.2043294e+08
402 5.2211707e+08
402.1 5.2399241e+08
402.2 5.2603104e+08
402.3 5.28169e+08
402.4 5.3030792e+08
402.5 5.3232197e+08
402.6 5.3406941e+08
402.7 5.3540731e+08
402.8 5.3620742e+08
402.9 5.3637123e+08
403 5.3584245e+08
403.1 5.346157e+08
403.2 5.3274068e+08
403.3 5.3032133e+08
403.4 5.2751007e+08
403.5 5.244973e+08
403.6 5.214966e+08
403.7 5.1872619e+08
403.8 5.1638759e+08
403.9 5.1464251e+08
404 5.1358933e+08
404.1 5.1324081e+08
404.2 5.1350468e+08
404.3 5.1416877e+08
404.4 5.148922e+08
404.5 5.1520399e+08
404.6 5.1451013e+08
404.7 5.121099e+08
404.8 5.0722186e+08
404.9 4.9901958e+08
405 4.8667625e+08
405.1 4.6941673e+08
405.2 4.4657454e+08
405.3 4.1765056e+08
405.4 3.8237047e+08
405.5 3.4073851e+08
405.6 2.9309003e+08
405.7 2.4015886e+08
405.8 1.8323098e+08
405.9 1.2474219e+08
406 71861920
406.1 57024979
406.2 99476893
406.3 1.5603289e+08
406.4 2.124325e+08
406.5 2.6502e+08
406.6 3.1209943e+08
406.7 3.5270629e+08
406.8 3.8635505e+08
406.9 4.1295549e+08
407 4.3275731e+08
407.1 4.4629233e+08
407.2 4.5430961e+08
407.3 4.5770646e+08
407.4 4.5746016e+08
407.5 4.5456551e+08
407.6 4.4998168e+08
407.7 4.4459105e+08
407.8 4.391705e+08
407.9 4.3437466e+08
408 4.3072904e+08
408.1 4.2863032e+08
408.2 4.283507e+08
408.3 4.3004359e+08
408.4 4.3374929e+08
408.5 4.3940049e+08
408.6 4.4682889e+08
408.7 4.5577503e+08
408.8 4.6590296e+08
408.9 4.7682067e+08
409 4.8810565e+08
409.1 4.9933372e+08
409.2 5.1010847e+08
409.3 5.2008805e+08
409.4 5.2900644e+08
409.5 5.3668687e+08
409.6 5.430459e+08
409.7 5.4808788e+08
409.8 5.5189068e+08
409.9 5.5458438e+08
410 5.5632603e+08
410.1 5.5727348e+08
410.2 5.5756208e+08
410.3 5.5728753e+08
410.4 5.5649758e+08
410.5 5.5519443e+08
410.6 5.5334805e+08
410.7 5.5091972e+08
410.8 5.4789293e+08
410.9 5.4430763e+08
411 5.4029186e+08
411.1 5.3608363e+08
411.2 5.3203461e+08
411.3 5.2858831e+08
411.4 5.2622861e+08
411.5 5.2540202e+08
411.6 5.2642668e+08
411.7 5.2941072e+08
411.8 5.3420443e+08
411.9 5.4040295e+08
412 5.4739972e+08
412.1 5.5447517e+08
412.2 5.6089652e+08
412.3 5.6600672e+08
412.4 5.6928814e+08
412.5 5.7039643e+08
412.6 5.6916683e+08
412.7 5.6559915e+08
412.8 5.5982929e+08
412.9 5.5209406e+08
413 5.4269528e+08
413.1 5.3196697e+08
413.2 5.2024813e+08
413.3 5.0786208e+08
413.4 4.9510261e+08
413.5 4.8222612e+08
413.6 4.6944889e+08
413.7 4.5694817e+08
413.8 4.4486583e+08
413.9 4.3331341e+08
414 4.2237746e+08
414.1 4.1212446e+08
414.2 4.0260471e+08
414.3 3.9385504e+08
414.4 3.8590024e+08
414.5 3.7875338e+08
414.6 3.7241544e+08
414.7 3.6687462e+08
414.8 3.6210568e+08
414.9 3.580698e+08
415 3.5471529e+08
415.1 3.5197922e+08
415.2 3.4979009e+08
415.3 3.4807156e+08
415.4 3.4674677e+08
415.5 3.4574326e+08
415.6 3.4499788e+08
415.7 3.4446137e+08
415.8 3.4410223e+08
415.9 3.439094e+08
416 3.4389346e+08
416.1 3.4408598e+08
416.2 3.4453683e+08
416.3 3.4530939e+08
416.4 3.4647386e+08
416.5 3.4809902e+08
416.6 3.5024324e+08
416.7 3.5294575e+08
416.8 3.562193e+08
416.9 3.6004513e+08
417 3.6437124e+08
417.1 3.6911387e+08
417.2 3.741622e+08
417.3 3.7938528e+08
417.4 3.8464028e+08
417.5 3.8978102e+08
417.6 3.946657e+08
417.7 3.9916337e+08
417.8 4.0315865e+08
417.9 4.0655466e+08
418 4.0927432e+08
418.1 4.1126038e+08
418.2 4.1247447e+08
418.3 4.1289568e+08
418.4 4.1251904e+08
418.5 4.1135429e+08
418.6 4.0942507e+08
418.7 4.0676883e+08
418.8 4.0343738e+08
418.9 3.9949812e+08
419 3.9503564e+08
419.1 3.9015343e+08
419.2 3.849753e+08
419.3 3.7964596e+08
419.4 3.7433032e+08
419.5 3.6921074e+08
419.6 3.6448208e+08
419.7 3.6034411e+08
419.8 3.5699155e+08
419.9 3.5460252e+08
420 3.533265e+08
420.1 3.5327368e+08
420.2 3.545073e+08
420.3 3.5704043e+08
420.4 3.6083775e+08
420.5 3.658218e+08
420.6 3.7188233e+08
420.7 3.7888684e+08
420.8 3.8669042e+08
420.9 3.9514342e+08
421 4.040963e+08
421.1 4.1340134e+08
421.2 4.2291186e+08
421.3 4.3247977e+08
421.4 4.4195238e+08
421.5 4.5116962e+08
421.6 4.599625e+08
421.7 4.6815356e+08
421.8 4.7555957e+08
421.9 4.8199682e+08
422 4.8728853e+08
422.1 4.9127415e+08
422.2 4.938198e+08
422.3 4.9482908e+08
422.4 4.9425335e+08
422.5 4.9210054e+08
422.6 4.8844149e+08
422.7 4.834129e+08
422.8 4.7721614e+08
422.9 4.7011112e+08
423 4.62405e+08
423.1 4.5443584e+08
423.2 4.465518e+08
423.3 4.3908746e+08
423.4 4.3233941e+08
423.5 4.265441e+08
423.6 4.2186082e+08
423.7 4.1836239e+08
423.8 4.1603462e+08
423.9 4.1478424e+08
424 4.1445284e+08
424.1 4.1483404e+08
424.2 4.1569063e+08
424.3 4.1676927e+08
424.4 4.1781161e+08
424.5 4.1856152e+08
424.6 4.1876931e+08
424.7 4.1819378e+08
424.8 4.1660349e+08
424.9 4.1377799e+08
425 4.0950986e+08
425.1 4.0360777e+08
425.2 3.95901e+08
425.3 3.8624504e+08
425.4 3.7452877e+08
425.5 3.6068289e+08
425.6 3.4469025e+08
425.7 3.2659858e+08
425.8 3.0653682e+08
425.9 2.8473746e+08
426 2.6156849e+08
426.1 2.375814e+08
426.2 2.135841e+08
426.3 1.9074621e+08
426.4 1.7072018e+08
426.5 1.556714e+08
426.6 1.4793652e+08
426.7 1.4907408e+08
426.8 1.5888886e+08
426.9 1.7557271e+08
427 1.9677088e+08
427.1 2.2040856e+08
427.2 2.4492616e+08
427.3 2.6921824e+08
427.4 2.9251659e+08
427.5 3.1429585e+08
427.6 3.3420914e+08
427.7 3.5204508e+08
427.8 3.6769824e+08
427.9 3.8114736e+08
428 3.9243849e+08
428.1 4.0167158e+08
428.2 4.0898954e+08
428.3 4.145695e+08
428.4 4.1861586e+08
428.5 4.2135477e+08
428.6 4.2302956e+08
428.7 4.238965e+08
428.8 4.242203e+08
428.9 4.2426849e+08
429 4.2430436e+08
429.1 4.2457783e+08
429.2 4.2531462e+08
429.3 4.2670439e+08
429.4 4.2888898e+08
429.5 4.3195276e+08
429.6 4.359167e+08
429.7 4.4073765e+08
429.8 4.4631329e+08
429.9 4.5249231e+08
430 4.5908834e+08
430.1 4.6589559e+08
430.2 4.7270416e+08
430.3 4.7931329e+08
430.4 4.855415e+08
430.5 4.9123319e+08
430.6 4.9626193e+08
430.7 5.0053101e+08
430.8 5.0397211e+08
430.9 5.0654296e+08
431 5.0822468e+08
431.1 5.0901953e+08
431.2 5.089493e+08
431.3 5.0805466e+08
431.4 5.0639522e+08
431.5 5.0405027e+08
431.6 5.0111953e+08
431.7 4.9772351e+08
431.8 4.9400265e+08
431.9 4.9011461e+08
432 4.8622905e+08
432.1 4.8251956e+08
432.2 4.7915284e+08
432.3 4.7627591e+08
432.4 4.7400267e+08
432.5 4.7240194e+08
432.6 4.7148907e+08
432.7 4.7122315e+08
432.8 4.7151084e+08
432.9 4.7221691e+08
433 4.7318009e+08
433.1 4.742321e+08
433.2 4.7521752e+08
433.3 4.7601178e+08
433.4 4.7653582e+08
433.5 4.7676579e+08
433.6 4.767377e+08
433.7 4.7654671e+08
433.8 4.7634145e+08
433.9 4.763137e+08
434 4.7668375e+08
434.1 4.7768176e+08
434.2 4.7952555e+08
434.3 4.8239593e+08
434.4 4.8641113e+08
434.5 4.9160329e+08
434.6 4.9790029e+08
434.7 5.0511683e+08
434.8 5.1295752e+08
434.9 5.2103378e+08
435 5.2889362e+08
435.1 5.36062e+08
435.2 5.4208695e+08
435.3 5.465861e+08
435.4 5.4928738e+08
435.5 5.5005862e+08
435.6 5.4892154e+08
435.7 5.4604833e+08
435.8 5.417408e+08
435.9 5.3639525e+08
436 5.3045807e+08
436.1 5.2437832e+08
436.2 5.1856423e+08
436.3 5.133489e+08
436.4 5.0896913e+08
436.5 5.055581e+08
436.6 5.0315058e+08
436.7 5.0169723e+08
436.8 5.0108411e+08
436.9 5.0115365e+08
437 5.0172439e+08
437.1 5.0260811e+08
437.2 5.0362356e+08
437.3 5.0460709e+08
437.4 5.0542021e+08
437.5 5.0595466e+08
437.6 5.0613512e+08
437.7 5.0591979e+08
437.8 5.0529928e+08
437.9 5.0429381e+08
438 5.0294937e+08
438.1 5.0133302e+08
438.2 4.9952784e+08
438.3 4.9762789e+08
438.4 4.9573331e+08
438.5 4.939458e+08
438.6 4.9236422e+08
438.7 4.9108016e+08
438.8 4.9017307e+08
438.9 4.8970452e+08
439 4.8971157e+08
439.1 4.9019927e+08
439.2 4.9113313e+08
439.3 4.9243246e+08
439.4 4.9396609e+08
439.5 4.9555202e+08
439.6 4.9696195e+08
439.7 4.9793137e+08
439.8 4.9817498e+08
439.9 4.9740614e+08
440 4.9535877e+08
440.1 4.9180935e+08
440.2 4.8659695e+08
440.3 4.7963905e+08
440.4 4.7094187e+08
440.5 4.6060413e+08
440.6 4.4881424e+08
440.7 4.35841e+08
440.8 4.2201894e+08
440.9 4.07729e+08
441 3.9337604e+08
441.1 3.793643e+08
441.2 3.6607239e+08
441.3 3.5382954e+08
441.4 3.4289528e+08
441.5 3.3344499e+08
441.6 3.2556343e+08
441.7 3.1924742e+08
441.8 3.1441732e+08
441.9 3.1093517e+08
442 3.08626e+08
442.1 3.0729855e+08
442.2 3.0676222e+08
442.3 3.0683819e+08
442.4 3.0736398e+08
442.5 3.0819143e+08
442.6 3.0917911e+08
442.7 3.1017991e+08
442.8 3.1102518e+08
442.9 3.1150688e+08
443 3.1135925e+08
443.1 3.1024231e+08
443.2 3.0772949e+08
443.3 3.0330179e+08
443.4 2.9635113e+08
443.5 2.8619481e+08
443.6 2.7210257e+08
443.7 2.5333715e+08
443.8 2.2920847e+08
443.9 1.9914227e+08
444 1.6276871e+08
444.1 1.2006695e+08
444.2 71850197
444.3 26277604
444.4 54208344
444.5 1.1624116e+08
444.6 1.8259801e+08
444.7 2.4976533e+08
444.8 3.1531356e+08
444.9 3.7692858e+08
445 4.324127e+08
445.1 4.7979996e+08
445.2 5.1748492e+08
445.3 5.4433432e+08
445.4 5.5976615e+08
445.5 5.6378788e+08
445.6 5.5699194e+08
445.7 5.4051266e+08
445.8 5.1595359e+08
445.9 4.8529679e+08
446 4.5080548e+08
446.1 4.1492587e+08
446.2 3.8018169e+08
446.3 3.4903497e+08
446.4 3.236693e+08
446.5 3.056712e+08
446.6 2.9568454e+08
446.7 2.932442e+08
446.8 2.9696422e+08
446.9 3.0500121e+08
447 3.1552054e+08
447.1 3.2697315e+08
447.2 3.3817433e+08
447.3 3.4826545e+08
447.4 3.5663216e+08
447.5 3.6281949e+08
447.6 3.6645935e+08
447.7 3.6721394e+08
447.8 3.647346e+08
447.9 3.586347e+08
448 3.4847568e+08
448.1 3.3376625e+08
448.2 3.1397535e+08
448.3 2.8855969e+08
448.4 2.5700679e+08
448.5 2.1889375e+08
448.6 1.7396114e+08
448.7 1.2220281e+08
448.8 64004417
448.9 6447825.3
449 69608687
449.1 1.4120485e+08
449.2 2.1364048e+08
449.3 2.842122e+08
449.4 3.4997016e+08
449.5 4.0784859e+08
449.6 4.5488401e+08
449.7 4.8846357e+08
449.8 5.065736e+08
449.9 5.0802077e+08
450 4.9260403e+08
450.1 4.6122909e+08
450.2 4.1598362e+08
450.3 3.6024348e+08
450.4 2.989945e+08
450.5 2.3978543e+08
450.6 1.9468147e+08
450.7 1.7956251e+08
450.8 2.0002732e+08
450.9 2.4287866e+08
451 2.9313031e+08
451.1 3.4238279e+08
451.2 3.8672466e+08
451.3 4.2453484e+08
451.4 4.5540586e+08
451.5 4.7961567e+08
451.6 4.9783103e+08
451.7 5.1091947e+08
451.8 5.1982254e+08
451.9 5.2546957e+08
452 5.2872094e+08
452.1 5.3033318e+08
452.2 5.3094017e+08
452.3 5.3104576e+08
452.4 5.3102425e+08
452.5 5.3112629e+08
452.6 5.3148832e+08
452.7 5.3214483e+08
452.8 5.3304262e+08
452.9 5.3405691e+08
453 5.3500906e+08
453.1 5.3568557e+08
453.2 5.3585783e+08
453.3 5.35302e+08
453.4 5.3381795e+08
453.5 5.3124631e+08
453.6 5.274824e+08
453.7 5.2248617e+08
453.8 5.1628721e+08
453.9 5.0898463e+08
454 5.0074157e+08
454.1 4.9177494e+08
454.2 4.8234115e+08
454.3 4.7271898e+08
454.4 4.6319118e+08
454.5 4.540263e+08
454.6 4.4546265e+08
454.7 4.3769563e+08
454.8 4.3086981e+08
454.9 4.2507579e+08
455 4.2035151e+08
455.1 4.1668652e+08
455.2 4.1402718e+08
455.3 4.1228071e+08
455.4 4.1131624e+08
455.5 4.1096194e+08
455.6 4.1099837e+08
455.7 4.1114953e+08
455.8 4.1107394e+08
455.9 4.1035917e+08
456 4.085234e+08
456.1 4.0502805e+08
456.2 3.9930525e+08
456.3 3.9080443e+08
456.4 3.7906269e+08
456.5 3.6380516e+08
456.6 3.4508439e+08
456.7 3.2347077e+08
456.8 3.0030387e+08
456.9 2.7798144e+08
457 2.601299e+08
457.1 2.5119856e+08
457.2 2.5490902e+08
457.3 2.7213087e+08
457.4 3.0028795e+08
457.5 3.3486878e+08
457.6 3.7118821e+08
457.7 4.0525148e+08
457.8 4.3396567e+08
457.9 4.551288e+08
458 4.6737986e+08
458.1 4.7014511e+08
458.2 4.6357514e+08
458.3 4.4846553e+08
458.4 4.2616122e+08
458.5 3.9845092e+08
458.6 3.6745902e+08
458.7 3.3553706e+08
458.8 3.0514054e+08
458.9 2.7865022e+08
459 2.5807902e+08
459.1 2.4465765e+08
459.2 2.3846244e+08
459.3 2.3838255e+08
459.4 2.4253177e+08
459.5 2.4883412e+08
459.6 2.55446e+08
459.7 2.6091768e+08
459.8 2.6418212e+08
459.9 2.6447899e+08
460 2.6127737e+08
460.1 2.5422323e+08
460.2 2.4312094e+08
460.3 2.2795594e+08
460.4 2.0897389e+08
460.5 1.8685562e+08
460.6 1.6308044e+08
460.7 1.4064598e+08
460.8 1.2510663e+08
460.9 1.2406238e+08
461 1.4163617e+08
461.1 1.7448802e+08
461.2 2.1660095e+08
461.3 2.632662e+08
461.4 3.1125553e+08
461.5 3.5822363e+08
461.6 4.0235403e+08
461.7 4.4222137e+08
461.8 4.7675834e+08
461.9 5.0526181e+08
462 5.2740422e+08
462.1 5.4323297e+08
462.2 5.5314859e+08
462.3 5.5785891e+08
462.4 5.5830998e+08
462.5 5.5559875e+08
462.6 5.5087513e+08
462.7 5.452436e+08
462.8 5.3967562e+08
462.9 5.349434e+08
463 5.315823e+08
463.1 5.2988365e+08
463.2 5.2991317e+08
463.3 5.3154549e+08
463.4 5.3450329e+08
463.5 5.3839217e+08
463.6 5.4272669e+08
463.7 5.4694806e+08
463.8 5.5043745e+08
463.9 5.5252991e+08
464 5.5253375e+08
464.1 5.4975791e+08
464.2 5.4354738e+08
464.3 5.3332443e+08
464.4 5.1863137e+08
464.5 4.9916986e+08
464.6 4.7483181e+08
464.7 4.4571802e+08
464.8 4.1214272e+08
464.9 3.7462411e+08
465 3.338641e+08
465.1 2.9072307e+08
465.2 2.4620064e+08
465.3 2.014449e+08
465.4 1.5784482e+08
465.5 1.1737152e+08
465.6 83687741
465.7 64635229
465.8 68495840
465.9 88498145
466 1.1337241e+08
466.1 1.3799669e+08
466.2 1.6052712e+08
466.3 1.8030455e+08
466.4 1.9715378e+08
466.5 2.1113602e+08
466.6 2.224433e+08
466.7 2.3134314e+08
466.8 2.3814343e+08
466.9 2.4316721e+08
467 2.467332e+08
467.1 2.4914079e+08
467.2 2.5065902e+08
467.3 2.5151953e+08
467.4 2.5191324e+08
467.5 2.519907e+08
467.6 2.5186545e+08
467.7 2.5161989e+08
467.8 2.5131304e+08
467.9 2.5098931e+08
468 2.5068799e+08
468.1 2.5045273e+08
468.2 2.5034113e+08
468.3 2.5043444e+08
468.4 2.508482e+08
468.5 2.5174403e+08
468.6 2.5334276e+08
468.7 2.5593699e+08
468.8 2.5989898e+08
468.9 2.656771e+08
469 2.7377273e+08
469.1 2.8469178e+08
469.2 2.9887191e+08
469.3 3.1659674e+08
469.4 3.3791532e+08
469.5 3.6258506e+08
469.6 3.9004728e+08
469.7 4.1943473e+08
469.8 4.4960461e+08
469.9 4.7919036e+08
470 5.0666807e+08
470.1 5.3043512e+08
470.2 5.4889906e+08
470.3 5.6057333e+08
470.4 5.6417487e+08
470.5 5.5871769e+08
470.6 5.435961e+08
470.7 5.1865297e+08
470.8 4.8423208e+08
470.9 4.4121997e+08
471 3.9109652e+08
471.1 3.3604246e+08
471.2 2.7921952e+08
471.3 2.2547842e+08
471.4 1.8278402e+08
471.5 1.6269289e+08
471.6 1.7254884e+08
471.7 2.0541014e+08
471.8 2.489341e+08
471.9 2.9495068e+08
472 3.3928389e+08
472.1 3.799e+08
472.2 4.1587253e+08
472.3 4.4689195e+08
472.4 4.7301589e+08
472.5 4.9452534e+08
472.6 5.118326e+08
472.7 5.2541864e+08
472.8 5.3578976e+08
472.9 5.4344781e+08
473 5.4887039e+08
473.1 5.5249852e+08
473.2 5.5472949e+08
473.3 5.5591332e+08
473.4 5.563516e+08
473.5 5.5629784e+08
473.6 5.5595868e+08
473.7 5.5549585e+08
473.8 5.5502839e+08
473.9 5.5463545e+08
474 5.5435919e+08
474.1 5.5420799e+08
474.2 5.5415978e+08
474.3 5.5416519e+08
474.4 5.5415071e+08
474.5 5.5402161e+08
474.6 5.5366484e+08
474.7 5.529522e+08
474.8 5.5174404e+08
474.9 5.4989409e+08
475 5.4725574e+08
475.1 5.4368993e+08
475.2 5.3907478e+08
475.3 5.3331634e+08
475.4 5.2635959e+08
475.5 5.1819852e+08
475.6 5.0888367e+08
475.7 4.9852581e+08
475.8 4.8729436e+08
475.9 4.7541011e+08
476 4.6313227e+08
476.1 4.5074083e+08
476.2 4.3851595e+08
476.3 4.267169e+08
476.4 4.1556294e+08
476.5 4.0521852e+08
476.6 3.9578456e+08
476.7 3.8729625e+08
476.8 3.7972703e+08
476.9 3.7299714e+08
477 3.6698505e+08
477.1 3.6153955e+08
477.2 3.5649117e+08
477.3 3.51662e+08
477.4 3.4687355e+08
477.5 3.4195314e+08
477.6 3.3673918e+08
477.7 3.3108608e+08
477.8 3.2486918e+08
477.9 3.1799032e+08
478 3.1038381e+08
478.1 3.0202294e+08
478.2 2.9292651e+08
478.3 2.8316464e+08
478.4 2.7286323e+08
478.5 2.6220559e+08
478.6 2.5143026e+08
478.7 2.4082313e+08
478.8 2.3070261e+08
478.9 2.2139668e+08
479 2.1321213e+08
479.1 2.0639892e+08
479.2 2.0111588e+08
479.3 1.9740638e+08
479.4 1.9519225e+08
479.5 1.9428895e+08
479.6 1.9443848e+08
479.7 1.9535044e+08
479.8 1.9674114e+08
479.9 1.9836384e+08
480 2.000272e+08
480.1 2.0160298e+08
480.2 2.030253e+08
480.3 2.0428432e+08
480.4 2.054169e+08
480.5 2.0649599e+08
480.6 2.0762019e+08
480.7 2.0890405e+08
480.8 2.1046946e+08
480.9 2.1243794e+08
481 2.1492334e+08
481.1 2.1802471e+08
481.2 2.2181891e+08
481.3 2.2635307e+08
481.4 2.3163743e+08
481.5 2.376393e+08
481.6 2.4427905e+08
481.7 2.5142881e+08
481.8 2.5891445e+08
481.9 2.6652094e+08
482 2.7400059e+08
482.1 2.8108388e+08
482.2 2.8749201e+08
482.3 2.9295052e+08
482.4 2.9720319e+08
482.5 3.0002551e+08
482.6 3.0123707e+08
482.7 3.0071229e+08
482.8 2.9838895e+08
482.9 2.9427415e+08
483 2.8844726e+08
483.1 2.8105991e+08
483.2 2.7233258e+08
483.3 2.625481e+08
483.4 2.5204192e+08
483.5 2.4118927e+08
483.6 2.3038952e+08
483.7 2.2004795e+08
483.8 2.1055579e+08
483.9 2.0227003e+08
484 1.9549528e+08
484.1 1.9047095e+08
484.2 1.8736648e+08
484.3 1.8628587e+08
484.4 1.8727931e+08
484.5 1.9035712e+08
484.6 1.9550013e+08
484.7 2.0266264e+08
484.8 2.1176775e+08
484.9 2.2269824e+08
485 2.3528773e+08
485.1 2.4931598e+08
485.2 2.6451048e+08
485.3 2.8055432e+08
485.4 2.9709897e+08
485.5 3.1378002e+08
485.6 3.3023403e+08
485.7 3.4611493e+08
485.8 3.6110882e+08
485.9 3.749463e+08
486 3.8741184e+08
486.1 3.9834984e+08
486.2 4.0766744e+08
486.3 4.1533414e+08
486.4 4.2137861e+08
486.5 4.2588352e+08
486.6 4.2897899e+08
486.7 4.308358e+08
486.8 4.3165915e+08
486.9 4.3168391e+08
487 4.3117137e+08
487.1 4.3040755e+08
487.2 4.2970141e+08
487.3 4.2938122e+08
487.4 4.2978606e+08
487.5 4.3124988e+08
487.6 4.3407635e+08
487.7 4.3850518e+08
487.8 4.4467385e+08
487.9 4.5258155e+08
488 4.620636e+08
488.1 4.7278311e+08
488.2 4.8424313e+08
488.3 4.9581764e+08
488.4 5.0679646e+08
488.5 5.1643742e+08
488.6 5.2401954e+08
488.7 5.2889229e+08
488.8 5.3051769e+08
488.9 5.2850365e+08
489 5.2262776e+08
489.1 5.1285164e+08
489.2 4.9932658e+08
489.3 4.8239114e+08
489.4 4.6256171e+08
489.5 4.4051684e+08
489.6 4.170753e+08
489.7 3.9316688e+08
489.8 3.6979306e+08
489.9 3.4797262e+08
490 3.2866681e+08
490.1 3.1268323e+08
490.2 3.0056939e+08
490.3 2.9252471e+08
490.4 2.8836886e+08
490.5 2.8758927e+08
490.6 2.8945507e+08
490.7 2.9315476e+08
490.8 2.979139e+08
490.9 3.0307057e+08
491 3.0810895e+08
491.1 3.1266293e+08
491.2 3.1650307e+08
491.3 3.1951634e+08
491.4 3.2168477e+08
491.5 3.2306545e+08
491.6 3.2377303e+08
491.7 3.2396463e+08
491.8 3.2382654e+08
491.9 3.2356224e+08
492 3.233807e+08
492.1 3.2348487e+08
492.2 3.2405973e+08
492.3 3.2526061e+08
492.4 3.2720211e+08
492.5 3.2994917e+08
492.6 3.3351123e+08
492.7 3.3784091e+08
492.8 3.4283758e+08
492.9 3.4835589e+08
493 3.5421816e+08
493.1 3.6022931e+08
493.2 3.6619242e+08
493.3 3.7192326e+08
493.4 3.7726212e+08
493.5 3.8208207e+08
493.6 3.8629302e+08
493.7 3.8984164e+08
493.8 3.9270778e+08
493.9 3.9489813e+08
494 3.9643825e+08
494.1 3.9736393e+08
494.2 3.977127e+08
494.3 3.9751618e+08
494.4 3.9679373e+08
494.5 3.9554773e+08
494.6 3.9376083e+08
494.7 3.9139523e+08
494.8 3.8839417e+08
494.9 3.8468558e+08
495 3.8018771e+08
495.1 3.7481646e+08
495.2 3.6849421e+08
495.3 3.6115998e+08
495.4 3.5278072e+08
495.5 3.4336405e+08
495.6 3.3297243e+08
495.7 3.2173915e+08
495.8 3.0988583e+08
495.9 2.9774062e+08
496 2.8575427e+08
496.1 2.7450851e+08
496.2 2.647067e+08
496.3 2.5713281e+08
496.4 2.5256655e+08
496.5 2.5165691e+08
496.6 2.5478472e+08
496.7 2.6196897e+08
496.8 2.7286131e+08
496.9 2.8682749e+08
497 3.030716e+08
497.1 3.2075325e+08
497.2 3.3907119e+08
497.3 3.5731073e+08
497.4 3.7486426e+08
497.5 3.9123521e+08
497.6 4.0603339e+08
497.7 4.1896615e+08
497.8 4.2982827e+08
497.9 4.3849185e+08
498 4.4489718e+08
498.1 4.4904489e+08
498.2 4.5098925e+08
498.3 4.5083258e+08
498.4 4.4872009e+08
498.5 4.4483486e+08
498.6 4.3939235e+08
498.7 4.3263458e+08
498.8 4.2482392e+08
498.9 4.1623708e+08
499 4.0715991e+08
499.1 3.9788368e+08
499.2 3.8870331e+08
499.3 3.7991752e+08
499.4 3.7183047e+08
499.5 3.6475351e+08
499.6 3.5900539e+08
499.7 3.5490833e+08
499.8 3.5277801e+08
499.9 3.5290594e+08
500 3.5553469e+08
500.1 3.6082897e+08
500.2 3.6884715e+08
500.3 3.7951915e+08
500.4 3.9263488e+08
500.5 4.0784501e+08
500.6 4.2467301e+08
500.7 4.4253608e+08
500.8 4.6077219e+08
500.9 4.7867129e+08
501 4.9550963e+08
501.1 5.1058617e+08
501.2 5.2325994e+08
501.3 5.3298657e+08
501.4 5.3935147e+08
501.5 5.4209687e+08
501.6 5.4114e+08
501.7 5.3658058e+08
501.8 5.2869679e+08
501.9 5.1793033e+08
502 5.048622e+08
502.1 4.9018166e+08
502.2 4.7465059e+08
502.3 4.5906509e+08
502.4 4.4421532e+08
502.5 4.3084384e+08
502.6 4.1960326e+08
502.7 4.1101526e+08
502.8 4.0543528e+08
502.9 4.0302874e+08
503 4.0376354e+08
503.1 4.0742006e+08
503.2 4.1361443e+08
503.3 4.2182748e+08
503.4 4.3143133e+08
503.5 4.4170883e+08
503.6 4.5186545e+08
503.7 4.6103646e+08
503.8 4.6829461e+08
503.9 4.7266329e+08
504 4.7313947e+08
504.1 4.6872852e+08
504.2 4.5849098e+08
504.3 4.4159875e+08
504.4 4.173962e+08
504.5 3.8546021e+08
504.6 3.4565243e+08
504.7 2.9815746e+08
504.8 2.4350226e+08
504.9 1.8255547e+08
505 1.165158e+08
505.1 47025095
505.2 26505145
505.3 98026753
505.4 1.6878606e+08
505.5 2.3650838e+08
505.6 2.9958658e+08
505.7 3.5666275e+08
505.8 4.0665846e+08
505.9 4.4881178e+08
506 4.8270083e+08
506.1 5.0825078e+08
506.2 5.2572434e+08
506.3 5.3569709e+08
506.4 5.3901914e+08
506.5 5.3676495e+08
506.6 5.3017264e+08
506.7 5.2057381e+08
506.8 5.0931484e+08
506.9 4.9767175e+08
507 4.8676352e+08
507.1 4.7747307e+08
507.2 4.7038918e+08
507.3 4.6578278e+08
507.4 4.6362495e+08
507.5 4.6364304e+08
507.6 4.654004e+08
507.7 4.683803e+08
507.8 4.7205801e+08
507.9 4.7595232e+08
508 4.7965532e+08
508.1 4.8284437e+08
508.2 4.8528184e+08
508.3 4.8680791e+08
508.4 4.8733036e+08
508.5 4.8681405e+08
508.6 4.8527137e+08
508.7 4.8275422e+08
508.8 4.7934756e+08
508.9 4.751641e+08
509 4.7033997e+08
509.1 4.6503075e+08
509.2 4.5940776e+08
509.3 4.5365413e+08
509.4 4.4796085e+08
509.5 4.4252252e+08
509.6 4.3753301e+08
509.7 4.3318098e+08
509.8 4.2964554e+08
509.9 4.2709175e+08
510 4.2566628e+08
510.1 4.254927e+08
510.2 4.266665e+08
510.3 4.2924968e+08
510.4 4.332649e+08
510.5 4.3868979e+08
510.6 4.4545192e+08
510.7 4.5342549e+08
510.8 4.6243057e+08
510.9 4.7223578e+08
511 4.8256467e+08
511.1 4.9310567e+08
511.2 5.0352506e+08
511.3 5.1348178e+08
511.4 5.22643e+08
511.5 5.3069907e+08
511.6 5.3737694e+08
511.7 5.4245114e+08
511.8 5.4575196e+08
511.9 5.4717069e+08
512 5.4666223e+08
512.1 5.4424523e+08
512.2 5.4000046e+08
512.3 5.3406767e+08
512.4 5.2664134e+08
512.5 5.1796543e+08
512.6 5.0832712e+08
512.7 4.9804929e+08
512.8 4.8748123e+08
512.9 4.7698731e+08
513 4.6693318e+08
513.1 4.5766952e+08
513.2 4.4951408e+08
513.3 4.4273331e+08
513.4 4.3752557e+08
513.5 4.3400858e+08
513.6 4.322131e+08
513.7 4.3208418e+08
513.8 4.3348978e+08
513.9 4.3623496e+08
514 4.4007911e+08
514.1 4.4475342e+08
514.2 4.4997624e+08
514.3 4.554652e+08
514.4 4.6094548e+08
514.5 4.6615478e+08
514.6 4.7084568e+08
514.7 4.7478633e+08
514.8 4.7776038e+08
514.9 4.7956683e+08
515 4.8002034e+08
515.1 4.7895229e+08
515.2 4.7621271e+08
515.3 4.7167321e+08
515.4 4.6523077e+08
515.5 4.5681249e+08
515.6 4.463813e+08
515.7 4.339429e+08
515.8 4.1955427e+08
515.9 4.0333453e+08
516 3.8547923e+08
516.1 3.6627943e+08
516.2 3.4614703e+08
516.3 3.2564743e+08
516.4 3.0553745e+08
516.5 2.8679987e+08
516.6 2.7065086e+08
516.7 2.5847554e+08
516.8 2.5163811e+08
516.9 2.511614e+08
517 2.5739514e+08
517.1 2.6987974e+08
517.2 2.874996e+08
517.3 3.0880193e+08
517.4 3.3228946e+08
517.5 3.565976e+08
517.6 3.805695e+08
517.7 4.0327361e+08
517.8 4.2399637e+08
517.9 4.4222589e+08
518 4.5763221e+08
518.1 4.7004499e+08
518.2 4.7942911e+08
518.3 4.8585838e+08
518.4 4.8948855e+08
518.5 4.9053104e+08
518.6 4.892288e+08
518.7 4.8583568e+08
518.8 4.8060004e+08
518.9 4.7375296e+08
519 4.655009e+08
519.1 4.5602223e+08
519.2 4.4546688e+08
519.3 4.3395837e+08
519.4 4.2159716e+08
519.5 4.0846499e+08
519.6 3.9462934e+08
519.7 3.8014787e+08
519.8 3.6507246e+08
519.9 3.494528e+08
520 3.3333944e+08
520.1 3.1678646e+08
520.2 2.9985395e+08
520.3 2.8261071e+08
520.4 2.651377e+08
520.5 2.4753337e+08
520.6 2.2992203e+08
520.7 2.1246736e+08
520.8 1.9539346e+08
520.9 1.7901653e+08
521 1.6378895e+08
521.1 1.503512e+08
521.2 1.3956892e+08
521.3 1.3249665e+08
521.4 1.3018663e+08
521.5 1.3334217e+08
521.6 1.4202497e+08
521.7 1.5567324e+08
521.8 1.7338789e+08
521.9 1.9422173e+08
522 2.1732617e+08
522.1 2.4198157e+08
522.2 2.6757837e+08
522.3 2.9359042e+08
522.4 3.1955534e+08
522.5 3.450643e+08
522.6 3.6975938e+08
522.7 3.9333551e+08
522.8 4.155444e+08
522.9 4.3619808e+08
523 4.5517065e+08
523.1 4.7239697e+08
523.2 4.8786816e+08
523.3 5.0162395e+08
523.4 5.1374266e+08
523.5 5.243298e+08
523.6 5.3350646e+08
523.7 5.4139866e+08
523.8 5.4812856e+08
523.9 5.5380832e+08
524 5.5853684e+08
524.1 5.6239938e+08
524.2 5.6546961e+08
524.3 5.6781322e+08
524.4 5.6949201e+08
524.5 5.7056695e+08
524.6 5.7109928e+08
524.7 5.7114852e+08
524.8 5.7076752e+08
524.9 5.6999527e+08
525 5.6884907e+08
525.1 5.6731822e+08
525.2 5.653611e+08
525.3 5.6290692e+08
525.4 5.5986235e+08
525.5 5.5612211e+08
525.6 5.5158179e+08
525.7 5.4615083e+08
525.8 5.3976401e+08
525.9 5.3239007e+08
526 5.2403694e+08
526.1 5.1475347e+08
526.2 5.046282e+08
526.3 4.9378571e+08
526.4 4.8238109e+08
526.5 4.7059335e+08
526.6 4.5861793e+08
526.7 4.4665878e+08
526.8 4.3492017e+08
526.9 4.2359843e+08
527 4.1287374e+08
527.1 4.0290243e+08
527.2 3.9381021e+08
527.3 3.8568681e+08
527.4 3.7858268e+08
527.5 3.7250826e+08
527.6 3.6743596e+08
527.7 3.633048e+08
527.8 3.6002732e+08
527.9 3.5749788e+08
528 3.5560144e+08
528.1 3.5422196e+08
528.2 3.5324949e+08
528.3 3.5258552e+08
528.4 3.5214631e+08
528.5 3.5186417e+08
528.6 3.5168712e+08
528.7 3.5157707e+08
528.8 3.5150733e+08
528.9 3.5145955e+08
529 3.5142068e+08
529.1 3.5138017e+08
529.2 3.5132766e+08
529.3 3.512511e+08
529.4 3.5113552e+08
529.5 3.509623e+08
529.6 3.5070889e+08
529.7 3.50349e+08
529.8 3.4985297e+08
529.9 3.4918864e+08
530 3.4832228e+08
530.1 3.4721996e+08
530.2 3.4584908e+08
530.3 3.4418035e+08
530.4 3.4218997e+08
530.5 3.3986214e+08
530.6 3.3719166e+08
530.7 3.3418655e+08
530.8 3.3087028e+08
530.9 3.2728339e+08
531 3.2348396e+08
531.1 3.1954675e+08
531.2 3.1556059e+08
531.3 3.1162421e+08
531.4 3.0784051e+08
531.5 3.0431021e+08
531.6 3.0112542e+08
531.7 2.9836419e+08
531.8 2.9608655e+08
531.9 2.943321e+08
532 2.9311868e+08
532.1 2.9244084e+08
532.2 2.922672e+08
532.3 2.9253602e+08
532.4 2.9314929e+08
532.5 2.939668e+08
532.6 2.9480239e+08
532.7 2.9542458e+08
532.8 2.9556321e+08
532.9 2.9492274e+08
533 2.932015e+08
533.1 2.9011486e+08
533.2 2.8542003e+08
533.3 2.7893937e+08
533.4 2.7057976e+08
533.5 2.603455e+08
533.6 2.4834346e+08
533.7 2.3477997e+08
533.8 2.1994996e+08
533.9 2.0421974e+08
534 1.8800576e+08
534.1 1.7175128e+08
534.2 1.5590308e+08
534.3 1.408892e+08
534.4 1.2709752e+08
534.5 1.1485388e+08
534.6 1.0439853e+08
534.7 95861681
534.8 89244425
534.9 84415879
535 81135949
535.1 79101319
535.2 77999121
535.3 77549783
535.4 77529370
535.5 77772794
535.6 78164978
535.7 78627323
535.8 79104545
535.9 79554563
536 79942389
536.1 80237909
536.2 80416920
536.3 80464614
536.4 80380844
536.5 80186742
536.6 79932521
536.7 79706346
536.8 79643640
536.9 79934989
537 80828759
537.1 82622571
537.2 85638165
537.3 90179624
537.4 96484751
537.5 1.0468648e+08
537.6 1.1479735e+08
537.7 1.2671748e+08
537.8 1.4025616e+08
537.9 1.5515629e+08
538 1.7111541e+08
538.1 1.878025e+08
538.2 2.048714e+08
538.3 2.2197257e+08
538.4 2.3876404e+08
538.5 2.5492192e+08
538.6 2.7015027e+08
538.7 2.8419011e+08
538.8 2.9682704e+08
538.9 3.0789704e+08
539 3.1729029e+08
539.1 3.2495279e+08
539.2 3.3088574e+08
539.3 3.3514289e+08
539.4 3.378262e+08
539.5 3.3908004e+08
539.6 3.3908421e+08
539.7 3.3804626e+08
539.8 3.361929e+08
539.9 3.3376083e+08
540 3.3098695e+08
540.1 3.280982e+08
540.2 3.253016e+08
540.3 3.2277538e+08
540.4 3.2066237e+08
540.5 3.1906661e+08
540.6 3.1805413e+08
540.7 3.1765768e+08
540.8 3.1788474e+08
540.9 3.1872728e+08
541 3.2017118e+08
541.1 3.2220365e+08
541.2 3.2481683e+08
541.3 3.2800696e+08
541.4 3.3176884e+08
541.5 3.3608658e+08
541.6 3.4092201e+08
541.7 3.4620294e+08
541.8 3.518134e+08
541.9 3.575878e+08
542 3.6331045e+08
542.1 3.6872076e+08
542.2 3.73524e+08
542.3 3.7740669e+08
542.4 3.800554e+08
542.5 3.8117784e+08
542.6 3.8052509e+08
542.7 3.7791412e+08
542.8 3.7325005e+08
542.9 3.665476e+08
543 3.5795122e+08
543.1 3.4775306e+08
543.2 3.3640697e+08
543.3 3.2453478e+08
543.4 3.1291824e+08
543.5 3.0246574e+08
543.6 2.9414151e+08
543.7 2.8884997e+08
543.8 2.8728777e+08
543.9 2.8980508e+08
544 2.9633356e+08
544.1 3.0641602e+08
544.2 3.1932114e+08
544.3 3.3418966e+08
544.4 3.5016134e+08
544.5 3.664593e+08
544.6 3.8243309e+08
544.7 3.9757213e+08
544.8 4.1150165e+08
544.9 4.2396985e+08
545 4.3483171e+08
545.1 4.4403225e+08
545.2 4.5159069e+08
545.3 4.5758628e+08
545.4 4.621458e+08
545.5 4.6543267e+08
545.6 4.6763712e+08
545.7 4.689671e+08
545.8 4.6963924e+08
545.9 4.6986937e+08
546 4.6986235e+08
546.1 4.6980116e+08
546.2 4.698356e+08
546.3 4.7007141e+08
546.4 4.7056085e+08
546.5 4.7129593e+08
546.6 4.722055e+08
546.7 4.731567e+08
546.8 4.7396119e+08
546.9 4.7438563e+08
547 4.7416544e+08
547.1 4.7302091e+08
547.2 4.7067422e+08
547.3 4.6686636e+08
547.4 4.6137314e+08
547.5 4.5401971e+08
547.6 4.4469335e+08
547.7 4.3335444e+08
547.8 4.2004588e+08
547.9 4.0490122e+08
548 3.8815187e+08
548.1 3.7013353e+08
548.2 3.5129196e+08
548.3 3.3218661e+08
548.4 3.1348933e+08
548.5 2.9597146e+08
548.6 2.8046924e+08
548.7 2.6781462e+08
548.8 2.587256e+08
548.9 2.5367079e+08
549 2.5275344e+08
549.1 2.5567225e+08
549.2 2.6178542e+08
549.3 2.7024832e+08
549.4 2.8016422e+08
549.5 2.9070085e+08
549.6 3.0115821e+08
549.7 3.1099554e+08
549.8 3.1983162e+08
549.9 3.2743055e+08
550 3.3368071e+08
550.1 3.3857164e+08
550.2 3.4217169e+08
550.3 3.4460805e+08
550.4 3.4605037e+08
550.5 3.4669815e+08
550.6 3.4677154e+08
550.7 3.4650463e+08
550.8 3.461401e+08
550.9 3.4592375e+08
551 3.4609793e+08
551.1 3.4689341e+08
551.2 3.4851958e+08
551.3 3.51154e+08
551.4 3.5493227e+08
551.5 3.5993973e+08
551.6 3.6620589e+08
551.7 3.7370223e+08
551.8 3.8234318e+08
551.9 3.9198985e+08
552 4.0245567e+08
552.1 4.1351345e+08
552.2 4.2490358e+08
552.3 4.3634331e+08
552.4 4.4753723e+08
552.5 4.5818909e+08
552.6 4.6801484e+08
552.7 4.7675635e+08
552.8 4.8419526e+08
552.9 4.9016576e+08
553 4.9456496e+08
553.1 4.9735983e+08
553.2 4.9858942e+08
553.3 4.983617e+08
553.4 4.9684496e+08
553.5 4.942542e+08
553.6 4.9083388e+08
553.7 4.8683873e+08
553.8 4.8251473e+08
553.9 4.7808255e+08
554 4.73725e+08
554.1 4.6957965e+08
554.2 4.6573677e+08
554.3 4.6224189e+08
554.4 4.5910207e+08
554.5 4.5629428e+08
554.6 4.5377482e+08
554.7 4.5148887e+08
554.8 4.493795e+08
554.9 4.4739598e+08
555 4.4550094e+08
555.1 4.4367631e+08
555.2 4.4192735e+08
555.3 4.4028458e+08
555.4 4.3880278e+08
555.5 4.3755692e+08
555.6 4.3663504e+08
555.7 4.3612839e+08
555.8 4.3612003e+08
555.9 4.3667339e+08
556 4.3782258e+08
556.1 4.3956613e+08
556.2 4.418655e+08
556.3 4.4464865e+08
556.4 4.4781812e+08
556.5 4.5126205e+08
556.6 4.5486623e+08
556.7 4.5852492e+08
556.8 4.6214879e+08
556.9 4.6566865e+08
557 4.6903459e+08
557.1 4.7221092e+08
557.2 4.7516773e+08
557.3 4.7787049e+08
557.4 4.8026914e+08
557.5 4.8228805e+08
557.6 4.8381782e+08
557.7 4.8470975e+08
557.8 4.8477311e+08
557.9 4.837754e+08
558 4.8144545e+08
558.1 4.7747945e+08
558.2 4.7155014e+08
558.3 4.6331957e+08
558.4 4.5245659e+08
558.5 4.3866016e+08
558.6 4.216906e+08
558.7 4.0141182e+08
558.8 3.7784934e+08
558.9 3.5127242e+08
559 3.2231485e+08
559.1 2.9215662e+08
559.2 2.6278847e+08
559.3 2.3732211e+08
559.4 2.2005382e+08
559.5 2.1551395e+08
559.6 2.2612449e+08
559.7 2.5050589e+08
559.8 2.8463147e+08
559.9 3.2406907e+08
560 3.6510392e+08
560.1 4.0486566e+08
560.2 4.4116193e+08
560.3 4.7232297e+08
560.4 4.9710889e+08
560.5 5.1466388e+08
560.6 5.2449636e+08
560.7 5.2647044e+08
560.8 5.2079952e+08
560.9 5.0803594e+08
561 4.8905302e+08
561.1 4.6501653e+08
561.2 4.3734324e+08
561.3 4.0764369e+08
561.4 3.7764392e+08
561.5 3.4907776e+08
561.6 3.2353939e+08
561.7 3.022951e+08
561.8 2.8608374e+08
561.9 2.7498063e+08
562 2.6841298e+08
562.1 2.6535097e+08
562.2 2.64595e+08
562.3 2.6503695e+08
562.4 2.6582101e+08
562.5 2.6640041e+08
562.6 2.6652286e+08
562.7 2.6617877e+08
562.8 2.6553425e+08
562.9 2.6486019e+08
563 2.644635e+08
563.1 2.6462594e+08
563.2 2.6555651e+08
563.3 2.6736306e+08
563.4 2.7004578e+08
563.5 2.7351082e+08
563.6 2.7759733e+08
563.7 2.8210975e+08
563.8 2.868474e+08
563.9 2.9162695e+08
564 2.9629595e+08
564.1 3.0073834e+08
564.2 3.0487381e+08
564.3 3.0865335e+08
564.4 3.1205297e+08
564.5 3.1506692e+08
564.6 3.1770164e+08
564.7 3.1997063e+08
564.8 3.2189085e+08
564.9 3.2348029e+08
565 3.2475692e+08
565.1 3.2573867e+08
565.2 3.2644432e+08
565.3 3.2689508e+08
565.4 3.2711669e+08
565.5 3.2714195e+08
565.6 3.2701361e+08
565.7 3.2678763e+08
565.8 3.265366e+08
565.9 3.2635325e+08
566 3.2635347e+08
566.1 3.2667831e+08
566.2 3.2749381e+08
566.3 3.2898804e+08
566.4 3.3136412e+08
566.5 3.3482917e+08
566.6 3.3957938e+08
566.7 3.4578262e+08
566.8 3.5356084e+08
566.9 3.6297477e+08
567 3.7401332e+08
567.1 3.8658894e+08
567.2 4.0053896e+08
567.3 4.1563164e+08
567.4 4.3157518e+08
567.5 4.480279e+08
567.6 4.6460813e+08
567.7 4.8090332e+08
567.8 4.9647856e+08
567.9 5.1088489e+08
568 5.2366856e+08
568.1 5.3438201e+08
568.2 5.4259744e+08
568.3 5.4792326e+08
568.4 5.5002365e+08
568.5 5.4864035e+08
568.6 5.436161e+08
568.7 5.3491807e+08
568.8 5.2266009e+08
568.9 5.0712205e+08
569 4.8876543e+08
569.1 4.6824339e+08
569.2 4.4640417e+08
569.3 4.2428405e+08
569.4 4.0308339e+08
569.5 3.8411373e+08
569.6 3.6870089e+08
569.7 3.5803513e+08
569.8 3.5298509e+08
569.9 3.5393181e+08
570 3.6069892e+08
570.1 3.7261807e+08
570.2 3.8869494e+08
570.3 4.0779608e+08
570.4 4.2879289e+08
570.5 4.5064301e+08
570.6 4.7242195e+08
570.7 4.9332659e+08
570.8 5.1266839e+08
570.9 5.2986693e+08
571 5.4444784e+08
571.1 5.56046e+08
571.2 5.6441204e+08
571.3 5.6941955e+08
571.4 5.7107002e+08
571.5 5.69493e+08
571.6 5.6493934e+08
571.7 5.5776694e+08
571.8 5.4841884e+08
571.9 5.3739513e+08
572 5.2522066e+08
572.1 5.1241144e+08
572.2 4.9944288e+08
572.3 4.8672313e+08
572.4 4.7457427e+08
572.5 4.6322315e+08
572.6 4.5280231e+08
572.7 4.4336e+08
572.8 4.3487708e+08
572.9 4.2728759e+08
573 4.2050016e+08
573.1 4.1441761e+08
573.2 4.089534e+08
573.3 4.0404384e+08
573.4 3.9965634e+08
573.5 3.9579349e+08
573.6 3.9249349e+08
573.7 3.8982699e+08
573.8 3.8789085e+08
573.9 3.8679913e+08
574 3.866722e+08
574.1 3.8762495e+08
574.2 3.897553e+08
574.3 3.9313404e+08
574.4 3.9779702e+08
574.5 4.0373979e+08
574.6 4.10915e+08
574.7 4.1923209e+08
574.8 4.2855906e+08
574.9 4.3872599e+08
575 4.4953044e+08
575.1 4.6074467e+08
575.2 4.7212468e+08
575.3 4.8342091e+08
575.4 4.9439006e+08
575.5 5.0480711e+08
575.6 5.1447673e+08
575.7 5.232427e+08
575.8 5.3099451e+08
575.9 5.3767036e+08
576 5.4325625e+08
576.1 5.4778109e+08
576.2 5.5130859e+08
576.3 5.5392667e+08
576.4 5.5573546e+08
576.5 5.5683541e+08
576.6 5.5731649e+08
576.7 5.5724978e+08
576.8 5.566823e+08
576.9 5.5563552e+08
577 5.5410795e+08
577.1 5.5208143e+08
577.2 5.4953056e+08
577.3 5.464344e+08
577.4 5.4278884e+08
577.5 5.3861827e+08
577.6 5.3398467e+08
577.7 5.2899238e+08
577.8 5.2378727e+08
577.9 5.1854938e+08
578 5.1347912e+08
578.1 5.0877826e+08
578.2 5.0462799e+08
578.3 5.0116746e+08
578.4 4.9847641e+08
578.5 4.9656529e+08
578.6 4.9537473e+08
578.7 4.9478477e+08
578.8 4.9463211e+08
578.9 4.9473247e+08
579 4.9490465e+08
579.1 4.9499292e+08
579.2 4.9488521e+08
579.3 4.9452527e+08
579.4 4.9391773e+08
579.5 4.9312549e+08
579.6 4.9225946e+08
579.7 4.914614e+08
579.8 4.908813e+08
579.9 4.9065173e+08
580 4.9086278e+08
580.1 4.9154106e+08
580.2 4.9263649e+08
580.3 4.9401888e+08
580.4 4.9548461e+08
580.5 4.9677205e+08
580.6 4.9758268e+08
580.7 4.9760478e+08
580.8 4.9653656e+08
580.9 4.9410675e+08
581 4.9009149e+08
581.1 4.8432728e+08
581.2 4.7672034e+08
581.3 4.67253e+08
581.4 4.5598754e+08
581.5 4.4306779e+08
581.6 4.2871823e+08
581.7 4.1323992e+08
581.8 3.9700215e+08
581.9 3.8042867e+08
582 3.6397746e+08
582.1 3.4811412e+08
582.2 3.3328061e+08
582.3 3.1986286e+08
582.4 3.0816279e+08
582.5 2.9838073e+08
582.6 2.9061219e+08
582.7 2.8485923e+08
582.8 2.8105131e+08
582.9 2.7906806e+08
583 2.7875661e+08
583.1 2.7993994e+08
583.2 2.8241758e+08
583.3 2.8596365e+08
583.4 2.9032733e+08
583.5 2.9523929e+08
583.6 3.0042425e+08
583.7 3.0561722e+08
583.8 3.105801e+08
583.9 3.151153e+08
584 3.1907464e+08
584.1 3.2236297e+08
584.2 3.2493696e+08
584.3 3.2680047e+08
584.4 3.2799755e+08
584.5 3.2860422e+08
584.6 3.2871993e+08
584.7 3.2845908e+08
584.8 3.2794277e+08
584.9 3.2729103e+08
585 3.2661529e+08
585.1 3.2601137e+08
585.2 3.2555275e+08
585.3 3.2528444e+08
585.4 3.2521743e+08
585.5 3.2532388e+08
585.6 3.255332e+08
585.7 3.2572897e+08
585.8 3.2574692e+08
585.9 3.2537402e+08
586 3.2434904e+08
586.1 3.2236482e+08
586.2 3.1907329e+08
586.3 3.1409373e+08
586.4 3.0702563e+08
586.5 2.9746672e+08
586.6 2.8503713e+08
586.7 2.6940992e+08
586.8 2.5034817e+08
586.9 2.2774995e+08
587 2.017063e+08
587.1 1.7259037e+08
587.2 1.4123875e+08
587.3 1.0943473e+08
587.4 81406195
587.5 67214087
587.6 77758000
587.7 1.0649152e+08
587.8 1.4226963e+08
587.9 1.7977975e+08
588 2.1665971e+08
588.1 2.5164693e+08
588.2 2.8398353e+08
588.3 3.1321511e+08
588.4 3.3910698e+08
588.5 3.6159647e+08
588.6 3.8075554e+08
588.7 3.9675615e+08
588.8 4.0983648e+08
588.9 4.2026902e+08
589 4.2833195e+08
589.1 4.3428566e+08
589.2 4.3835572e+08
589.3 4.4072316e+08
589.4 4.415221e+08
589.5 4.4084446e+08
589.6 4.3875079e+08
589.7 4.3528626e+08
589.8 4.3050084e+08
589.9 4.2447289e+08
590 4.1733534e+08
590.1 4.0930291e+08
590.2 4.0069804e+08
590.3 3.9197034e+08
590.4 3.8370167e+08
590.5 3.7658541e+08
590.6 3.7136824e+08
590.7 3.6874909e+08
590.8 3.6924599e+08
590.9 3.7306433e+08
591 3.8001294e+08
591.1 3.8950346e+08
591.2 4.0063487e+08
591.3 4.1233283e+08
591.4 4.2350175e+08
591.5 4.3315743e+08
591.6 4.4052455e+08
591.7 4.4509598e+08
591.8 4.4665739e+08
591.9 4.4528276e+08
592 4.4130691e+08
592.1 4.3528154e+08
592.2 4.2792102e+08
592.3 4.2004353e+08
592.4 4.1251272e+08
592.5 4.0618289e+08
592.6 4.018494e+08
592.7 4.0020389e+08
592.8 4.0179319e+08
592.9 4.0698092e+08
593 4.1591231e+08
593.1 4.2848507e+08
593.2 4.4433027e+08
593.3 4.628076e+08
593.4 4.8301812e+08
593.5 5.0383596e+08
593.6 5.2395882e+08
593.7 5.4197586e+08
593.8 5.5644931e+08
593.9 5.6600485e+08
594 5.6942372e+08
594.1 5.6572852e+08
594.2 5.5425469e+08
594.3 5.3470059e+08
594.4 5.0715128e+08
594.5 4.7207385e+08
594.6 4.3028536e+08
594.7 3.8289703e+08
594.8 3.3124097e+08
594.9 2.7678731e+08
595 2.2106158e+08
595.1 1.6557674e+08
595.2 1.1181781e+08
595.3 61507378
595.4 21214522
595.5 37574016
595.6 73897695
595.7 1.0687259e+08
595.8 1.351292e+08
595.9 1.585777e+08
596 1.774394e+08
596.1 1.9208757e+08
596.2 2.0298152e+08
596.3 2.1062311e+08
596.4 2.1552353e+08
596.5 2.1817775e+08
596.6 2.1904582e+08
596.7 2.1854038e+08
596.8 2.1701975e+08
596.9 2.1478584e+08
597 2.1208561e+08
597.1 2.0911542e+08
597.2 2.06027e+08
597.3 2.0293436e+08
597.4 1.9992063e+08
597.5 1.9704453e+08
597.6 1.9434582e+08
597.7 1.9184957e+08
597.8 1.8956923e+08
597.9 1.8750839e+08
598 1.8566149e+08
598.1 1.8401364e+08
598.2 1.8253978e+08
598.3 1.8120366e+08
598.4 1.7995683e+08
598.5 1.7873828e+08
598.6 1.7747501e+08
598.7 1.7608415e+08
598.8 1.74477e+08
598.9 1.725652e+08
599 1.7026931e+08
599.1 1.6752961e+08
599.2 1.6431858e+08
599.3 1.6065436e+08
599.4 1.566137e+08
599.5 1.5234229e+08
599.6 1.480596e+08
599.7 1.4405392e+08
599.8 1.4066346e+08
599.9 1.3824022e+08
600 1.3709899e+08
600.1 1.3746216e+08
600.2 1.3941857e+08
600.3 1.4291339e+08
600.4 1.4777283e+08
600.5 1.5375164e+08
600.6 1.6058384e+08
600.7 1.6802189e+08
600.8 1.7585858e+08
600.9 1.8393365e+08
601 1.921303e+08
601.1 2.0036638e+08
601.2 2.0858433e+08
601.3 2.167418e+08
601.4 2.2480397e+08
601.5 2.3273779e+08
601.6 2.4050783e+08
601.7 2.4807358e+08
601.8 2.5538782e+08
601.9 2.6239597e+08
602 2.6903634e+08
602.1 2.7524113e+08
602.2 2.8093828e+08
602.3 2.8605409e+08
602.4 2.905166e+08
602.5 2.9425959e+08
602.6 2.972273e+08
602.7 2.9937944e+08
602.8 3.0069651e+08
602.9 3.0118484e+08
603 3.0088103e+08
603.1 2.9985504e+08
603.2 2.9821117e+08
603.3 2.9608616e+08
603.4 2.9364357e+08
603.5 2.9106418e+08
603.6 2.8853239e+08
603.7 2.8621984e+08
603.8 2.8426834e+08
603.9 2.8277492e+08
604 2.8178227e+08
604.1 2.8127701e+08
604.2 2.8119652e+08
604.3 2.8144328e+08
604.4 2.8190362e+08
604.5 2.8246708e+08
604.6 2.8304263e+08
604.7 2.8356921e+08
604.8 2.8401912e+08
604.9 2.8439463e+08
605 2.8471898e+08
605.1 2.8502375e+08
605.2 2.8533496e+08
605.3 2.8565982e+08
605.4 2.8597602e+08
605.5 2.8622451e+08
605.6 2.8630641e+08
605.7 2.8608411e+08
605.8 2.8538625e+08
605.9 2.8401622e+08
606 2.8176371e+08
606.1 2.7841879e+08
606.2 2.7378819e+08
606.3 2.6771321e+08
606.4 2.6008934e+08
606.5 2.5088748e+08
606.6 2.4017737e+08
606.7 2.2815439e+08
606.8 2.1517074e+08
606.9 2.0177147e+08
607 1.8873089e+08
607.1 1.7707211e+08
607.2 1.6802829e+08
607.3 1.62881e+08
607.4 1.6264568e+08
607.5 1.6772052e+08
607.6 1.7774671e+08
607.7 1.9179437e+08
607.8 2.0870586e+08
607.9 2.2737055e+08
608 2.4685758e+08
608.1 2.6644743e+08
608.2 2.8561696e+08
608.3 3.0401038e+08
608.4 3.2140868e+08
608.5 3.3770141e+08
608.6 3.5286124e+08
608.7 3.6692124e+08
608.8 3.7995487e+08
608.9 3.9205898e+08
609 4.0333988e+08
609.1 4.1390273e+08
609.2 4.2384407e+08
609.3 4.3324714e+08
609.4 4.4217944e+08
609.5 4.5069186e+08
609.6 4.5881875e+08
609.7 4.6657859e+08
609.8 4.7397471e+08
609.9 4.8099619e+08
610 4.8761885e+08
610.1 4.9380647e+08
610.2 4.9951218e+08
610.3 5.046802e+08
610.4 5.0924759e+08
610.5 5.1314602e+08
610.6 5.1630343e+08
610.7 5.186455e+08
610.8 5.2009721e+08
610.9 5.2058462e+08
611 5.2003751e+08
611.1 5.1839309e+08
611.2 5.1560141e+08
611.3 5.1163264e+08
611.4 5.0648619e+08
611.5 5.002014e+08
611.6 4.9286885e+08
611.7 4.8464097e+08
611.8 4.7573983e+08
611.9 4.6645965e+08
612 4.5716067e+08
612.1 4.4825169e+08
612.2 4.4015918e+08
612.3 4.3328344e+08
612.4 4.2794643e+08
612.5 4.243402e+08
612.6 4.2248802e+08
612.7 4.2222934e+08
612.8 4.2323448e+08
612.9 4.2504652e+08
613 4.2714046e+08
613.1 4.2898722e+08
613.2 4.3011066e+08
613.3 4.3013043e+08
613.4 4.2878742e+08
613.5 4.2595229e+08
613.6 4.2161984e+08
613.7 4.1589273e+08
613.8 4.0895886e+08
613.9 4.0106616e+08
614 3.9249821e+08
614.1 3.8355297e+08
614.2 3.7452623e+08
614.3 3.6569986e+08
614.4 3.5733459e+08
614.5 3.4966579e+08
614.6 3.429008e+08
614.7 3.3721627e+08
614.8 3.3275463e+08
614.9 3.2961909e+08
615 3.278681e+08
615.1 3.2751001e+08
615.2 3.2849976e+08
615.3 3.3073853e+08
615.4 3.3407728e+08
615.5 3.3832383e+08
615.6 3.4325281e+08
615.7 3.486173e+08
615.8 3.5416075e+08
615.9 3.5962834e+08
616 3.647768e+08
616.1 3.693826e+08
616.2 3.7324826e+08
616.3 3.7620708e+08
616.4 3.7812689e+08
616.5 3.7891314e+08
616.6 3.7851226e+08
616.7 3.7691562e+08
616.8 3.7416459e+08
616.9 3.7035651e+08
617 3.6565095e+08
617.1 3.6027492e+08
617.2 3.5452469e+08
617.3 3.4876129e+08
617.4 3.4339666e+08
617.5 3.3886766e+08
617.6 3.3559788e+08
617.7 3.3395072e+08
617.8 3.3418191e+08
617.9 3.3640299e+08
618 3.4056608e+08
618.1 3.4647475e+08
618.2 3.5381763e+08
618.3 3.6221507e+08
618.4 3.7126743e+08
618.5 3.8059594e+08
618.6 3.8987168e+08
618.7 3.9883162e+08
618.8 4.0728331e+08
618.9 4.1510105e+08
619 4.2221605e+08
619.1 4.2860331e+08
619.2 4.3426742e+08
619.3 4.3922906e+08
619.4 4.4351371e+08
619.5 4.4714381e+08
619.6 4.501348e+08
619.7 4.5249549e+08
619.8 4.542323e+08
619.9 4.5535671e+08
620 4.5589482e+08
620.1 4.558975e+08
620.2 4.5544958e+08
620.3 4.5467642e+08
620.4 4.5374635e+08
620.5 4.5286768e+08
620.6 4.5227956e+08
620.7 4.5223667e+08
620.8 4.529888e+08
620.9 4.5475722e+08
621 4.5771069e+08
621.1 4.6194452e+08
621.2 4.6746534e+08
621.3 4.7418376e+08
621.4 4.8191526e+08
621.5 4.903887e+08
621.6 4.992609e+08
621.7 5.0813583e+08
621.8 5.1658687e+08
621.9 5.241813e+08
622 5.3050597e+08
622.1 5.3519311e+08
622.2 5.379446e+08
622.3 5.3855283e+08
622.4 5.369159e+08
622.5 5.3304546e+08
622.6 5.2706584e+08
622.7 5.1920454e+08
622.8 5.0977491e+08
622.9 4.9915304e+08
623 4.8775166e+08
623.1 4.7599373e+08
623.2 4.6428851e+08
623.3 4.5301204e+08
623.4 4.4249326e+08
623.5 4.330061e+08
623.6 4.2476694e+08
623.7 4.1793651e+08
623.8 4.1262469e+08
623.9 4.0889677e+08
624 4.0677978e+08
624.1 4.0626771e+08
624.2 4.0732502e+08
624.3 4.0988796e+08
624.4 4.1386373e+08
624.5 4.1912791e+08
624.6 4.2552069e+08
624.7 4.3284292e+08
624.8 4.40853e+08
624.9 4.4926597e+08
625 4.5775584e+08
625.1 4.6596239e+08
625.2 4.7350339e+08
625.3 4.7999257e+08
625.4 4.8506353e+08
625.5 4.8839913e+08
625.6 4.8976516e+08
625.7 4.8904647e+08
625.8 4.8628234e+08
625.9 4.8169661e+08
626 4.7571556e+08
626.1 4.6896429e+08
626.2 4.622306e+08
626.3 4.5638684e+08
626.4 4.522683e+08
626.5 4.5052357e+08
626.6 4.5147262e+08
626.7 4.5501987e+08
626.8 4.6065733e+08
626.9 4.6755995e+08
627 4.7474064e+08
627.1 4.8121804e+08
627.2 4.8615794e+08
627.3 4.8896846e+08
627.4 4.8934576e+08
627.5 4.8727715e+08
627.6 4.8301214e+08
627.7 4.7701223e+08
627.8 4.6988854e+08
627.9 4.6233418e+08
628 4.5505676e+08
628.1 4.4871469e+08
628.2 4.4386131e+08
628.3 4.4090058e+08
628.4 4.4005826e+08
628.5 4.4137175e+08
628.6 4.4469886e+08
628.7 4.4974349e+08
628.8 4.5609374e+08
628.9 4.6326722e+08
629 4.7075953e+08
629.1 4.7809257e+08
629.2 4.8486005e+08
629.3 4.9076738e+08
629.4 4.9566129e+08
629.5 4.9954439e+08
629.6 5.0256926e+08
629.7 5.0500943e+08
629.8 5.0720865e+08
629.9 5.0951596e+08
630 5.1221964e+08
630.1 5.1549517e+08
630.2 5.193798e+08
630.3 5.2377827e+08
630.4 5.2849495e+08
630.5 5.3328046e+08
630.6 5.3787901e+08
630.7 5.420653e+08
630.8 5.4566515e+08
630.9 5.4855947e+08
631 5.5067427e+08
631.1 5.5196193e+08
631.2 5.5237861e+08
631.3 5.5186247e+08
631.4 5.5031637e+08
631.5 5.475975e+08
631.6 5.4351539e+08
631.7 5.3783848e+08
631.8 5.3030845e+08
631.9 5.2066062e+08
632 5.0864798e+08
632.1 4.9406614e+08
632.2 4.7677643e+08
632.3 4.5672471e+08
632.4 4.3395384e+08
632.5 4.0860886e+08
632.6 3.8093437e+08
632.7 3.5126488e+08
632.8 3.2000958e+08
632.9 2.8763386e+08
633 2.546404e+08
633.1 2.2155344e+08
633.2 1.8891038e+08
633.3 1.5726731e+08
633.4 1.2723105e+08
633.5 99547372
633.6 75319565
633.7 56488143
633.8 46237048
633.9 46597332
634 54327494
634.1 64496888
634.2 74267536
634.3 82398562
634.4 88389925
634.5 92095332
634.6 93565677
634.7 92977869
634.8 90594331
634.9 86733489
635 81744463
635.1 75984152
635.2 69796798
635.3 63496709
635.4 57354728
635.5 51588764
635.6 46358405
635.7 41763695
635.8 37848522
635.9 34609667
636 32012684
636.1 30014970
636.2 28594543
636.3 27780639
636.4 27678718
636.5 28477550
636.6 30425208
636.7 33776250
636.8 38739556
636.9 45459151
637 54027708
637.1 64508210
637.2 76945924
637.3 91368106
637.4 1.0777557e+08
637.5 1.2613041e+08
637.6 1.4634254e+08
637.7 1.6825697e+08
637.8 1.9164302e+08
637.9 2.1618685e+08
638 2.4148842e+08
638.1 2.6706392e+08
638.2 2.9235447e+08
638.3 3.1674123e+08
638.4 3.3956654e+08
638.5 3.6016017e+08
638.6 3.7786893e+08
638.7 3.9208754e+08
638.8 4.0228865e+08
638.9 4.0804955e+08
639 4.0907375e+08
639.1 4.0520619e+08
639.2 3.9644102e+08
639.3 3.8292211e+08
639.4 3.6493655e+08
639.5 3.42902e+08
639.6 3.1734904e+08
639.7 2.8889966e+08
639.8 2.5824317e+08
639.9 2.2611082e+08
640 1.9325017e+08
640.1 1.6040048e+08
640.2 1.2827023e+08
640.3 97518354
640.4 68742391
640.5 42487689
640.6 19403472
640.7 5957822.5
640.8 19706497
640.9 32938079
641 42924371
641.1 49585465
641.2 53048000
641.3 53532597
641.4 51325546
641.5 46761567
641.6 40208703
641.7 32054055
641.8 22691385
641.9 12519091
642 2280724.7
642.1 9200885.2
642.2 19821241
642.3 30089179
642.4 39765049
642.5 48684976
642.6 56738152
642.7 63866842
642.8 70071105
642.9 75417325
643 80050334
643.1 84207588
643.2 88231058
643.3 92568617
643.4 97753653
643.5 1.0435434e+08
643.6 1.1289695e+08
643.7 1.2378626e+08
643.8 1.3725373e+08
643.9 1.5334938e+08
644 1.7196876e+08
644.1 1.9289392e+08
644.2 2.1583108e+08
644.3 2.4043848e+08
644.4 2.663446e+08
644.5 2.9316014e+08
644.6 3.2048637e+08
644.7 3.479221e+08
644.8 3.7507037e+08
644.9 4.0154529e+08
645 4.2697917e+08
645.1 4.5102992e+08
645.2 4.7338833e+08
645.3 4.9378502e+08
645.4 5.1199675e+08
645.5 5.2785173e+08
645.6 5.4123373e+08
645.7 5.5208461e+08
645.8 5.6040542e+08
645.9 5.6625567e+08
646 5.6975105e+08
646.1 5.7105949e+08
646.2 5.7039593e+08
646.3 5.6801589e+08
646.4 5.642081e+08
646.5 5.5928644e+08
646.6 5.5358131e+08
646.7 5.4743044e+08
646.8 5.4116909e+08
646.9 5.3511951e+08
647 5.2957959e+08
647.1 5.2481085e+08
647.2 5.210261e+08
647.3 5.1837776e+08
647.4 5.1694805e+08
647.5 5.1674264e+08
647.6 5.1768927e+08
647.7 5.1964244e+08
647.8 5.2239458e+08
647.9 5.2569309e+08
648 5.2926201e+08
648.1 5.3282599e+08
648.2 5.3613412e+08
648.3 5.3898098e+08
648.4 5.4122234e+08
648.5 5.4278386e+08
648.6 5.4366185e+08
648.7 5.4391641e+08
648.8 5.4365841e+08
648.9 5.4303279e+08
649 5.4220108e+08
649.1 5.4132611e+08
649.2 5.4056072e+08
649.3 5.400414e+08
649.4 5.3988619e+08
649.5 5.4019485e+08
649.6 5.4104872e+08
649.7 5.4250785e+08
649.8 5.4460364e+08
649.9 5.4732659e+08
650 5.5061094e+08
650.1 5.5431908e+08
650.2 5.5822995e+08
650.3 5.6203553e+08
650.4 5.6534837e+08
650.5 5.6772101e+08
650.6 5.6867605e+08
650.7 5.6774349e+08
650.8 5.6450078e+08
650.9 5.5861081e+08
651 5.4985367e+08
651.1 5.3814887e+08
651.2 5.2356624e+08
651.3 5.063249e+08
651.4 4.8678104e+08
651.5 4.6540603e+08
651.6 4.4275721e+08
651.7 4.1944403e+08
651.8 3.9609234e+08
651.9 3.7330958e+08
652 3.5165314e+08
652.1 3.3160402e+08
652.2 3.1354721e+08
652.3 2.9775961e+08
652.4 2.8440577e+08
652.5 2.7354081e+08
652.6 2.6511924e+08
652.7 2.5900801e+08
652.8 2.5500212e+08
652.9 2.5284125e+08
653 2.5222665e+08
653.1 2.5283733e+08
653.2 2.5434482e+08
653.3 2.5642526e+08
653.4 2.587678e+08
653.5 2.6107835e+08
653.6 2.6307847e+08
653.7 2.6449989e+08
653.8 2.6507596e+08
653.9 2.6453199e+08
654 2.625769e+08
654.1 2.5889869e+08
654.2 2.5316664e+08
654.3 2.4504318e+08
654.4 2.3420945e+08
654.5 2.20411e+08
654.6 2.0353567e+08
654.7 1.8375137e+08
654.8 1.6176774e+08
654.9 1.3936628e+08
655 1.2040486e+08
655.1 1.1175317e+08
655.2 1.2049899e+08
655.3 1.4698366e+08
655.4 1.8571426e+08
655.5 2.3132082e+08
655.6 2.801083e+08
655.7 3.2946642e+08
655.8 3.7736365e+08
655.9 4.221278e+08
656 4.6238038e+08
656.1 4.9703581e+08
656.2 5.2532157e+08
656.3 5.4679813e+08
656.4 5.6136838e+08
656.5 5.6927199e+08
656.6 5.7106321e+08
656.7 5.6757213e+08
656.8 5.5985013e+08
656.9 5.4910033e+08
657 5.3659462e+08
657.1 5.2358033e+08
657.2 5.1118301e+08
657.3 5.003164e+08
657.4 4.9161472e+08
657.5 4.8540192e+08
657.6 4.8170601e+08
657.7 4.8031399e+08
657.8 4.8085187e+08
657.9 4.8286866e+08
658 4.8590696e+08
658.1 4.8955085e+08
658.2 4.9345062e+08
658.3 4.9732907e+08
658.4 5.0097639e+08
658.5 5.0424014e+08
658.6 5.0701508e+08
658.7 5.0923583e+08
658.8 5.1087326e+08
658.9 5.1193405e+08
659 5.1246205e+08
659.1 5.12539e+08
659.2 5.1228264e+08
659.3 5.1184035e+08
659.4 5.1137744e+08
659.5 5.1106026e+08
659.6 5.1103555e+08
659.7 5.114083e+08
659.8 5.1222132e+08
659.9 5.134396e+08
660 5.1494247e+08
660.1 5.1652566e+08
660.2 5.1791434e+08
660.3 5.1878716e+08
660.4 5.1881027e+08
660.5 5.1767923e+08
660.6 5.1516587e+08
660.7 5.1116565e+08
660.8 5.0573992e+08
660.9 4.9914574e+08
661 4.918447e+08
661.1 4.8448173e+08
661.2 4.778272e+08
661.3 4.7268157e+08
661.4 4.6975365e+08
661.5 4.6953696e+08
661.6 4.7221816e+08
661.7 4.7764683e+08
661.8 4.8537548e+08
661.9 4.9475358e+08
662 5.050437e+08
662.1 5.1552866e+08
662.2 5.2559067e+08
662.3 5.3475697e+08
662.4 5.427158e+08
662.5 5.4931016e+08
662.6 5.5451743e+08
662.7 5.5842132e+08
662.8 5.6118079e+08
662.9 5.6299939e+08
663 5.6409669e+08
663.1 5.6468338e+08
663.2 5.649406e+08
663.3 5.6500432e+08
663.4 5.6495512e+08
663.5 5.6481395e+08
663.6 5.6454403e+08
663.7 5.6405905e+08
663.8 5.6323669e+08
663.9 5.619368e+08
664 5.6002199e+08
664.1 5.573789e+08
664.2 5.5393752e+08
664.3 5.4968636e+08
664.4 5.446816e+08
664.5 5.3904902e+08
664.6 5.3297804e+08
664.7 5.2670848e+08
664.8 5.2051111e+08
664.9 5.1466413e+08
665 5.0942822e+08
665.1 5.0502296e+08
665.2 5.0160774e+08
665.3 4.9926912e+08
665.4 4.9801631e+08
665.5 4.9778442e+08
665.6 4.984448e+08
665.7 4.998202e+08
665.8 5.0170287e+08
665.9 5.0387349e+08
666 5.0611938e+08
666.1 5.0825108e+08
666.2 5.1011637e+08
666.3 5.1161116e+08
666.4 5.126864e+08
666.5 5.1335019e+08
666.6 5.1366398e+08
666.7 5.1373268e+08
666.8 5.1368854e+08
666.9 5.1367044e+08
667 5.138011e+08
667.1 5.141656e+08
667.2 5.1479514e+08
667.3 5.1565898e+08
667.4 5.1666589e+08
667.5 5.1767472e+08
667.6 5.1851167e+08
667.7 5.1899105e+08
667.8 5.189361e+08
667.9 5.181973e+08
668 5.1666631e+08
668.1 5.1428511e+08
668.2 5.1105046e+08
668.3 5.0701422e+08
668.4 5.0228047e+08
668.5 4.9699999e+08
668.6 4.9136287e+08
668.7 4.8558922e+08
668.8 4.7991849e+08
668.9 4.7459724e+08
669 4.6986552e+08
669.1 4.6594232e+08
669.2 4.6301054e+08
669.3 4.6120281e+08
669.4 4.6058925e+08
669.5 4.6116874e+08
669.6 4.6286503e+08
669.7 4.6552824e+08
669.8 4.6894201e+08
669.9 4.7283578e+08
670 4.7690103e+08
670.1 4.8081046e+08
670.2 4.8423874e+08
670.3 4.8688371e+08
670.4 4.884869e+08
670.5 4.8885229e+08
670.6 4.8786204e+08
670.7 4.8548801e+08
670.8 4.8179752e+08
670.9 4.7695206e+08
671 4.7119793e+08
671.1 4.6484832e+08
671.2 4.5825737e+08
671.3 4.5178802e+08
671.4 4.4577722e+08
671.5 4.4050296e+08
671.6 4.3615835e+08
671.7 4.3283706e+08
671.8 4.30532e+08
671.9 4.291467e+08
672 4.2851556e+08
672.1 4.2842827e+08
672.2 4.2865374e+08
672.3 4.289605e+08
672.4 4.2913243e+08
672.5 4.2898028e+08
672.6 4.2835019e+08
672.7 4.2713023e+08
672.8 4.2525525e+08
672.9 4.227097e+08
673 4.1952728e+08
673.1 4.1578672e+08
673.2 4.1160297e+08
673.3 4.071148e+08
673.4 4.0246994e+08
673.5 3.9781053e+08
673.6 3.9326102e+08
673.7 3.8892076e+08
673.8 3.8486218e+08
673.9 3.8113429e+08
674 3.7776979e+08
674.1 3.7479374e+08
674.2 3.7223115e+08
674.3 3.701118e+08
674.4 3.6847111e+08
674.5 3.6734723e+08
674.6 3.6677531e+08
674.7 3.6678056e+08
674.8 3.6737181e+08
674.9 3.6853727e+08
675 3.7024323e+08
675.1 3.7243599e+08
675.2 3.7504652e+08
675.3 3.7799655e+08
675.4 3.8120529e+08
675.5 3.8459534e+08
675.6 3.8809743e+08
675.7 3.9165333e+08
675.8 3.952172e+08
675.9 3.9875551e+08
676 4.0224603e+08
676.1 4.0567613e+08
676.2 4.0904092e+08
676.3 4.1234132e+08
676.4 4.1558233e+08
676.5 4.1877137e+08
676.6 4.2191684e+08
676.7 4.2502676e+08
676.8 4.2810743e+08
676.9 4.311621e+08
677 4.3418974e+08
677.1 4.3718391e+08
677.2 4.4013191e+08
677.3 4.4301422e+08
677.4 4.4580457e+08
677.5 4.4847044e+08
677.6 4.5097423e+08
677.7 4.5327486e+08
677.8 4.5532977e+08
677.9 4.5709697e+08
678 4.5853705e+08
678.1 4.5961477e+08
678.2 4.6030014e+08
678.3 4.6056895e+08
678.4 4.6040254e+08
678.5 4.5978712e+08
678.6 4.5871255e+08
678.7 4.5717081e+08
678.8 4.5515441e+08
678.9 4.5265462e+08
679 4.4965997e+08
679.1 4.4615499e+08
679.2 4.4211943e+08
679.3 4.375281e+08
679.4 4.3235168e+08
679.5 4.2655875e+08
679.6 4.2011908e+08
679.7 4.1300861e+08
679.8 4.0521583e+08
679.9 3.9674951e+08
680 3.8764692e+08
680.1 3.7798183e+08
680.2 3.6787057e+08
680.3 3.574746e+08
680.4 3.469975e+08
680.5 3.3667471e+08
680.6 3.2675503e+08
680.7 3.1747455e+08
680.8 3.0902565e+08
680.9 3.0152662e+08
681 2.9499863e+08
681.1 2.8935663e+08
681.2 2.8441762e+08
681.3 2.7992546e+08
681.4 2.7558662e+08
681.5 2.711095e+08
681.6 2.6624024e+08
681.7 2.6079038e+08
681.8 2.5465472e+08
681.9 2.4781963e+08
682 2.4036368e+08
682.1 2.3245188e+08
682.2 2.2432494e+08
682.3 2.162833e+08
682.4 2.0866507e+08
682.5 2.0181656e+08
682.6 1.9605529e+08
682.7 1.9162839e+08
682.8 1.8867374e+08
682.9 1.8719437e+08
683 1.8705539e+08
683.1 1.8800623e+08
683.2 1.8972193e+08
683.3 1.918522e+08
683.4 1.9406685e+08
683.5 1.9609066e+08
683.6 1.9772497e+08
683.7 1.9885671e+08
683.8 1.9945633e+08
683.9 1.9956687e+08
684 1.9928588e+08
684.1 1.9874285e+08
684.2 1.9807486e+08
684.3 1.9740415e+08
684.4 1.9682114e+08
684.5 1.9637567e+08
684.6 1.9607751e+08
684.7 1.9590505e+08
684.8 1.9581905e+08
684.9 1.9577773e+08
685 1.9574989e+08
685.1 1.9572356e+08
685.2 1.9570955e+08
685.3 1.9574032e+08
685.4 1.9586514e+08
685.5 1.9614352e+08
685.6 1.9663801e+08
685.7 1.9740783e+08
685.8 1.9850383e+08
685.9 1.9996485e+08
686 2.01815e+08
686.1 2.0406107e+08
686.2 2.0668904e+08
686.3 2.0965947e+08
686.4 2.1290146e+08
686.5 2.1630624e+08
686.6 2.1972162e+08
686.7 2.2294906e+08
686.8 2.2574493e+08
686.9 2.2782732e+08
687 2.2888931e+08
687.1 2.2861961e+08
687.2 2.2673158e+08
687.3 2.2300309e+08
687.4 2.173305e+08
687.5 2.0980289e+08
687.6 2.0080349e+08
687.7 1.9114196e+08
687.8 1.8219919e+08
687.9 1.7599806e+08
688 1.7499509e+08
688.1 1.8138893e+08
688.2 1.9619141e+08
688.3 2.1883802e+08
688.4 2.4764589e+08
688.5 2.8053967e+08
688.6 3.1551829e+08
688.7 3.5083241e+08
688.8 3.850205e+08
688.9 4.1690237e+08
689 4.4556565e+08
689.1 4.7035181e+08
689.2 4.9084067e+08
689.3 5.0683148e+08
689.4 5.1832048e+08
689.5 5.2547543e+08
689.6 5.2860862e+08
689.7 5.2814934e+08
689.8 5.246167e+08
689.9 5.1859285e+08
690 5.1069649e+08
690.1 5.0155638e+08
690.2 4.917848e+08
690.3 4.8195181e+08
690.4 4.725619e+08
690.5 4.6403572e+08
690.6 4.5669928e+08
690.7 4.5078259e+08
690.8 4.464275e+08
690.9 4.4370264e+08
691 4.4262129e+08
691.1 4.4315767e+08
691.2 4.4525767e+08
691.3 4.4884194e+08
691.4 4.5380131e+08
691.5 4.5998635e+08
691.6 4.671939e+08
691.7 4.7515357e+08
691.8 4.8351705e+08
691.9 4.9185192e+08
692 4.9964172e+08
692.1 5.0629286e+08
692.2 5.1114945e+08
692.3 5.135164e+08
692.4 5.1269103e+08
692.5 5.0800271e+08
692.6 4.98859e+08
692.7 4.8479552e+08
692.8 4.6552604e+08
692.9 4.4098844e+08
693 4.1138304e+08
693.1 3.7720196e+08
693.2 3.3925262e+08
693.3 2.9868665e+08
693.4 2.5705995e+08
693.5 2.1647182e+08
693.6 1.7984657e+08
693.7 1.5129014e+08
693.8 1.3570605e+08
693.9 1.3594444e+08
694 1.4954614e+08
694.1 1.7084796e+08
694.2 1.9502387e+08
694.3 2.1915385e+08
694.4 2.4169844e+08
694.5 2.6193033e+08
694.6 2.7958851e+08
694.7 2.9468323e+08
694.8 3.0738118e+08
694.9 3.1793339e+08
695 3.2662736e+08
695.1 3.3375498e+08
695.2 3.3959155e+08
695.3 3.4438336e+08
695.4 3.4834216e+08
695.5 3.5164493e+08
695.6 3.5443768e+08
695.7 3.5684194e+08
695.8 3.5896233e+08
695.9 3.6089394e+08
696 3.627283e+08
696.1 3.6455689e+08
696.2 3.664718e+08
696.3 3.6856352e+08
696.4 3.7091647e+08
696.5 3.7360313e+08
696.6 3.7667808e+08
696.7 3.8017319e+08
696.8 3.8409501e+08
696.9 3.8842469e+08
697 3.9312054e+08
697.1 3.9812244e+08
697.2 4.0335731e+08
697.3 4.0874461e+08
697.4 4.1420111e+08
697.5 4.1964442e+08
697.6 4.2499509e+08
697.7 4.3017728e+08
697.8 4.3511838e+08
697.9 4.3974775e+08
698 4.4399518e+08
698.1 4.4778929e+08
698.2 4.5105639e+08
698.3 4.537199e+08
698.4 4.5570078e+08
698.5 4.5691891e+08
698.6 4.5729556e+08
698.7 4.5675686e+08
698.8 4.5523801e+08
698.9 4.5268815e+08
699 4.4907526e+08
699.1 4.4439094e+08
699.2 4.3865433e+08
699.3 4.3191494e+08
699.4 4.2425385e+08
699.5 4.1578303e+08
699.6 4.0664267e+08
699.7 3.9699652e+08
699.8 3.8702564e+08
699.9 3.7692101e+08
700 3.6687571e+08
700.1 3.5707741e+08
700.2 3.4770193e+08
700.3 3.3890826e+08
700.4 3.3083551e+08
700.5 3.2360141e+08
700.6 3.1730214e+08
700.7 3.1201291e+08
700.8 3.0778855e+08
700.9 3.0466402e+08
701 3.0265459e+08
701.1 3.0175597e+08
701.2 3.0194489e+08
701.3 3.0318037e+08
701.4 3.0540599e+08
701.5 3.085531e+08
701.6 3.1254455e+08
701.7 3.1729869e+08
701.8 3.2273296e+08
701.9 3.287668e+08
702 3.3532372e+08
702.1 3.4233232e+08
702.2 3.4972645e+08
702.3 3.5744472e+08
702.4 3.6542951e+08
702.5 3.7362573e+08
702.6 3.8197956e+08
702.7 3.904374e+08
702.8 3.9894508e+08
702.9 4.074474e+08
703 4.1588816e+08
703.1 4.2421048e+08
703.2 4.3235751e+08
703.3 4.4027343e+08
703.4 4.4790456e+08
703.5 4.5520073e+08
703.6 4.6211656e+08
703.7 4.6861285e+08
703.8 4.7465771e+08
703.9 4.802276e+08
704 4.8530775e+08
704.1 4.8989222e+08
704.2 4.9398309e+08
704.3 4.9758901e+08
704.4 5.0072301e+08
704.5 5.0339978e+08
704.6 5.0563287e+08
704.7 5.0743195e+08
704.8 5.0880074e+08
704.9 5.0973597e+08
705 5.1022739e+08
705.1 5.1025924e+08
705.2 5.0981283e+08
705.3 5.0887016e+08
705.4 5.074182e+08
705.5 5.0545338e+08
705.6 5.02986e+08
705.7 5.0004416e+08
705.8 4.966768e+08
705.9 4.9295585e+08
706 4.8897721e+08
706.1 4.8486064e+08
706.2 4.8074832e+08
706.3 4.7680232e+08
706.4 4.7320056e+08
706.5 4.7013115e+08
706.6 4.6778462e+08
706.7 4.6634371e+08
706.8 4.659703e+08
706.9 4.6678975e+08
707 4.6887359e+08
707.1 4.7222238e+08
707.2 4.7675167e+08
707.3 4.8228432e+08
707.4 4.8855203e+08
707.5 4.9520806e+08
707.6 5.0185094e+08
707.7 5.0805732e+08
707.8 5.1341996e+08
707.9 5.1758613e+08
708 5.202914e+08
708.1 5.2138428e+08
708.2 5.2083907e+08
708.3 5.1875554e+08
708.4 5.1534654e+08
708.5 5.1091577e+08
708.6 5.0582946e+08
708.7 5.0048559e+08
708.8 4.952843e+08
708.9 4.9060224e+08
709 4.8677233e+08
709.1 4.8406953e+08
709.2 4.8270207e+08
709.3 4.8280717e+08
709.4 4.8444993e+08
709.5 4.8762438e+08
709.6 4.9225585e+08
709.7 4.9820454e+08
709.8 5.0527038e+08
709.9 5.1319946e+08
710 5.2169248e+08
710.1 5.304153e+08
710.2 5.3901173e+08
710.3 5.4711825e+08
710.4 5.5438025e+08
710.5 5.6046922e+08
710.6 5.6510009e+08
710.7 5.6804797e+08
710.8 5.6916336e+08
710.9 5.6838493e+08
711 5.6574915e+08
711.1 5.6139581e+08
711.2 5.5556904e+08
711.3 5.4861292e+08
711.4 5.4096092e+08
711.5 5.3311823e+08
711.6 5.2563574e+08
711.7 5.1907467e+08
711.8 5.1396242e+08
711.9 5.1074196e+08
712 5.0972065e+08
712.1 5.1102709e+08
712.2 5.1458523e+08
712.3 5.201125e+08
712.4 5.2714316e+08
712.5 5.3507263e+08
712.6 5.4321412e+08
712.7 5.5085855e+08
712.8 5.5733006e+08
712.9 5.6203237e+08
713 5.6448354e+08
713.1 5.6433866e+08
713.2 5.6140099e+08
713.3 5.5562278e+08
713.4 5.4709738e+08
713.5 5.3604427e+08
713.6 5.2278908e+08
713.7 5.0774023e+08
713.8 4.913642e+08
713.9 4.7416068e+08
714 4.5663916e+08
714.1 4.3929775e+08
714.2 4.2260484e+08
714.3 4.0698407e+08
714.4 3.9280253e+08
714.5 3.8036209e+08
714.6 3.698935e+08
714.7 3.6155287e+08
714.8 3.5541988e+08
714.9 3.5149739e+08
715 3.4971197e+08
715.1 3.4991518e+08
715.2 3.5188588e+08
715.3 3.5533386e+08
715.4 3.5990566e+08
715.5 3.6519316e+08
715.6 3.7074569e+08
715.7 3.7608584e+08
715.8 3.8072879e+08
715.9 3.8420435e+08
716 3.8608054e+08
716.1 3.8598686e+08
716.2 3.8363533e+08
716.3 3.7883754e+08
716.4 3.7151587e+08
716.5 3.6170796e+08
716.6 3.4956411e+08
716.7 3.3533781e+08
716.8 3.1937066e+08
716.9 3.0207314e+08
717 2.8390315e+08
717.1 2.6534422e+08
717.2 2.4688533e+08
717.3 2.2900368e+08
717.4 2.1215174e+08
717.5 1.967486e+08
717.6 1.8317529e+08
717.7 1.7177197e+08
717.8 1.6283442e+08
717.9 1.566068e+08
718 1.5326995e+08
718.1 1.5292866e+08
718.2 1.5560432e+08
718.3 1.6123864e+08
718.4 1.6970799e+08
718.5 1.8084189e+08
718.6 1.944376e+08
718.7 2.1026654e+08
718.8 2.2807258e+08
718.9 2.4756518e+08
719 2.6841068e+08
719.1 2.9022431e+08
719.2 3.1256467e+08
719.3 3.3493121e+08
719.4 3.5676502e+08
719.5 3.7745302e+08
719.6 3.9633549e+08
719.7 4.1271723e+08
719.8 4.2588269e+08
719.9 4.3511582e+08
720 4.3972548e+08
720.1 4.3907748e+08
720.2 4.3263435e+08
720.3 4.2000457e+08
720.4 4.0100381e+08
720.5 3.7573423e+08
720.6 3.4469531e+08
720.7 3.0895756e+08
720.8 2.7046767e+08
720.9 2.3260848e+08
721 2.0106891e+08
721.1 1.8412089e+08
721.2 1.8906671e+08
721.3 2.1554171e+08
721.4 2.5633033e+08
721.5 3.0387353e+08
721.6 3.5284772e+08
721.7 3.9976921e+08
721.8 4.4230659e+08
721.9 4.7887358e+08
722 5.0842531e+08
722.1 5.3035537e+08
722.2 5.4443694e+08
722.3 5.5078087e+08
722.4 5.4979765e+08
722.5 5.4215784e+08
722.6 5.287484e+08
722.7 5.1062473e+08
722.8 4.889588e+08
722.9 4.6498448e+08
723 4.3994098e+08
723.1 4.1501553e+08
723.2 3.9128621e+08
723.3 3.6966735e+08
723.4 3.5086172e+08
723.5 3.353272e+08
723.6 3.2326715e+08
723.7 3.1465113e+08
723.8 3.0926448e+08
723.9 3.0677495e+08
724 3.0679846e+08
724.1 3.0894836e+08
724.2 3.1286065e+08
724.3 3.1819709e+08
724.4 3.2463467e+08
724.5 3.3185106e+08
724.6 3.3951465e+08
724.7 3.4728385e+08
724.8 3.5481676e+08
724.9 3.61789e+08
725 3.6791572e+08
725.1 3.7297345e+08
725.2 3.7681779e+08
725.3 3.7939427e+08
725.4 3.8074116e+08
725.5 3.8098412e+08
725.6 3.8032366e+08
725.7 3.790169e+08
725.8 3.7735548e+08
725.9 3.7564123e+08
726 3.7416157e+08
726.1 3.731662e+08
726.2 3.728469e+08
726.3 3.733221e+08
726.4 3.7462758e+08
726.5 3.7671436e+08
726.6 3.7945419e+08
726.7 3.8265244e+08
726.8 3.8606768e+08
726.9 3.8943721e+08
727 3.925072e+08
727.1 3.9506609e+08
727.2 3.9697891e+08
727.3 3.9821904e+08
727.4 3.9889225e+08
727.5 3.992466e+08
727.6 3.9966123e+08
727.7 4.0060911e+08
727.8 4.025936e+08
727.9 4.060671e+08
728 4.1134853e+08
728.1 4.1856128e+08
728.2 4.276091e+08
728.3 4.381955e+08
728.4 4.4987759e+08
728.5 4.6213666e+08
728.6 4.7444719e+08
728.7 4.86332e+08
728.8 4.9739854e+08
728.9 5.0735708e+08
729 5.1602438e+08
729.1 5.2331704e+08
729.2 5.2923847e+08
729.3 5.3386206e+08
729.4 5.3731255e+08
729.5 5.3974656e+08
729.6 5.41333e+08
729.7 5.4223378e+08
729.8 5.4258557e+08
729.9 5.4248346e+08
730 5.4196787e+08
730.1 5.4101634e+08
730.2 5.3954201e+08
730.3 5.374001e+08
730.4 5.3440329e+08
730.5 5.3034572e+08
730.6 5.25034e+08
730.7 5.1832218e+08
730.8 5.1014645e+08
730.9 5.0055401e+08
731 4.897208e+08
731.1 4.7795317e+08
731.2 4.6567072e+08
731.3 4.5337094e+08
731.4 4.4158039e+08
731.5 4.3080123e+08
731.6 4.2146438e+08
731.7 4.1389976e+08
731.8 4.083295e+08
731.9 4.0488242e+08
732 4.0362104e+08
732.1 4.0456817e+08
732.2 4.0772169e+08
732.3 4.1305123e+08
732.4 4.2047777e+08
732.5 4.2984368e+08
732.6 4.4088334e+08
732.7 4.5320428e+08
732.8 4.662845e+08
732.9 4.7948723e+08
733 4.9209026e+08
733.1 5.033252e+08
733.2 5.124218e+08
733.3 5.1865365e+08
733.4 5.213828e+08
733.5 5.2010164e+08
733.6 5.1447136e+08
733.7 5.0435634e+08
733.8 4.8985426e+08
733.9 4.7132166e+08
734 4.4939499e+08
734.1 4.2500581e+08
734.2 3.993864e+08
734.3 3.7405456e+08
734.4 3.5075331e+08
734.5 3.3130609e+08
734.6 3.1735008e+08
734.7 3.0996929e+08
734.8 3.0936709e+08
734.9 3.1478215e+08
735 3.2472398e+08
735.1 3.3738145e+08
735.2 3.5098882e+08
735.3 3.6404287e+08
735.4 3.7538476e+08
735.5 3.8420229e+08
735.6 3.8999765e+08
735.7 3.9254547e+08
735.8 3.9185111e+08
735.9 3.8811227e+08
736 3.816836e+08
736.1 3.7304376e+08
736.2 3.6276363e+08
736.3 3.5147441e+08
736.4 3.3983465e+08
736.5 3.2849485e+08
736.6 3.1805936e+08
736.7 3.0904682e+08
736.8 3.0185271e+08
736.9 2.9672039e+08
737 2.937277e+08
737.1 2.9279379e+08
737.2 2.9370567e+08
737.3 2.9615784e+08
737.4 2.997958e+08
737.5 3.0425473e+08
737.6 3.0918834e+08
737.7 3.1428676e+08
737.8 3.1928498e+08
737.9 3.2396423e+08
738 3.2814907e+08
738.1 3.3170195e+08
738.2 3.3451676e+08
738.3 3.3651216e+08
738.4 3.3762495e+08
738.5 3.3780397e+08
738.6 3.3700446e+08
738.7 3.3518296e+08
738.8 3.3229304e+08
738.9 3.2828185e+08
739 3.2308777e+08
739.1 3.1663947e+08
739.2 3.0885654e+08
739.3 2.9965188e+08
739.4 2.8893617e+08
739.5 2.7662432e+08
739.6 2.626439e+08
739.7 2.4694524e+08
739.8 2.2951293e+08
739.9 2.103779e+08
740 1.8962985e+08
740.1 1.6742989e+08
740.2 1.4402544e+08
740.3 1.1977537e+08
740.4 95211580
740.5 71232224
740.6 49804078
740.7 36328200
740.8 39437116
740.9 55551859
741 75875232
741.1 96799362
741.2 1.1700856e+08
741.3 1.3584578e+08
741.4 1.5285831e+08
741.5 1.6765883e+08
741.6 1.7988067e+08
741.7 1.8916805e+08
741.8 1.9518144e+08
741.9 1.9760902e+08
742 1.9618005e+08
742.1 1.9067802e+08
742.2 1.8095274e+08
742.3 1.6693155e+08
742.4 1.4862986e+08
742.5 1.2616215e+08
742.6 99756866
742.7 69794975
742.8 37050290
742.9 10594385
743 40570867
743.1 79833595
743.2 1.2038952e+08
743.3 1.6118673e+08
743.4 2.0145536e+08
743.5 2.405138e+08
743.6 2.7775979e+08
743.7 3.1268136e+08
743.8 3.4486714e+08
743.9 3.7401198e+08
744 3.9991721e+08
744.1 4.2248627e+08
744.2 4.4171683e+08
744.3 4.5769053e+08
744.4 4.7056121e+08
744.5 4.8054222e+08
744.6 4.8789311e+08
744.7 4.9290591e+08
744.8 4.9589144e+08
744.9 4.9716596e+08
745 4.9703905e+08
745.1 4.958036e+08
745.2 4.9372856e+08
745.3 4.9105481e+08
745.4 4.8799435e+08
745.5 4.8473191e+08
745.6 4.8142824e+08
745.7 4.7822382e+08
745.8 4.7524214e+08
745.9 4.7259172e+08
746 4.703667e+08
746.1 4.6864623e+08
746.2 4.6749304e+08
746.3 4.6695206e+08
746.4 4.6704951e+08
746.5 4.6779311e+08
746.6 4.6917346e+08
746.7 4.7116649e+08
746.8 4.7373653e+08
746.9 4.7683961e+08
747 4.8042626e+08
747.1 4.8444365e+08
747.2 4.8883658e+08
747.3 4.935475e+08
747.4 4.9851567e+08
747.5 5.0367578e+08
747.6 5.0895627e+08
747.7 5.1427794e+08
747.8 5.1955283e+08
747.9 5.2468378e+08
748 5.2956447e+08
748.1 5.3408014e+08
748.2 5.3810862e+08
748.3 5.4152159e+08
748.4 5.44186e+08
748.5 5.4596537e+08
748.6 5.4672104e+08
748.7 5.4631338e+08
748.8 5.4460304e+08
748.9 5.414527e+08
749 5.3672947e+08
749.1 5.3030863e+08
749.2 5.2207926e+08
749.3 5.1195242e+08
749.4 4.9987281e+08
749.5 4.8583462e+08
749.6 4.699024e+08
749.7 4.5223752e+08
749.8 4.3313033e+08
749.9 4.1303669e+08
750 3.9261492e+08
750.1 3.7275372e+08
750.2 3.5457206e+08
750.3 3.3936059e+08
750.4 3.2842979e+08
750.5 3.2285515e+08
750.6 3.2317962e+08
750.7 3.2920872e+08
750.8 3.4001944e+08
750.9 3.5417732e+08
751 3.7003814e+08
751.1 3.8600874e+08
751.2 4.0071505e+08
751.3 4.1308559e+08
751.4 4.2237828e+08
751.5 4.2817348e+08
751.6 4.3034717e+08
751.7 4.2903194e+08
751.8 4.2456998e+08
751.9 4.1746153e+08
752 4.0831138e+08
752.1 3.9777618e+08
752.2 3.8651469e+08
752.3 3.7514304e+08
752.4 3.6419702e+08
752.5 3.5410344e+08
752.6 3.451627e+08
752.7 3.3754409e+08
752.8 3.3129413e+08
752.9 3.2635642e+08
753 3.2259938e+08
753.1 3.1984722e+08
753.2 3.1790933e+08
753.3 3.1660454e+08
753.4 3.1577828e+08
753.5 3.1531247e+08
753.6 3.1512892e+08
753.7 3.1518792e+08
753.8 3.1548345e+08
753.9 3.1603632e+08
754 3.1688603e+08
754.1 3.1808166e+08
754.2 3.1967196e+08
754.3 3.2169475e+08
754.4 3.2416632e+08
754.5 3.2707192e+08
754.6 3.3035887e+08
754.7 3.3393386e+08
754.8 3.3766553e+08
754.9 3.4139251e+08
755 3.4493614e+08
755.1 3.4811626e+08
755.2 3.5076782e+08
755.3 3.5275636e+08
755.4 3.539905e+08
755.5 3.5443045e+08
755.6 3.5409197e+08
755.7 3.5304627e+08
755.8 3.5141644e+08
755.9 3.4937183e+08
756 3.4712165e+08
756.1 3.449091e+08
756.2 3.4300697e+08
756.3 3.417146e+08
756.4 3.4135515e+08
756.5 3.422708e+08
756.6 3.4481264e+08
756.7 3.4932193e+08
756.8 3.5610129e+08
756.9 3.6537693e+08
757 3.7725742e+08
757.1 3.9169666e+08
757.2 4.0846936e+08
757.3 4.2716419e+08
757.4 4.4719578e+08
757.5 4.6783321e+08
757.6 4.8824041e+08
757.7 5.0752412e+08
757.8 5.2478512e+08
757.9 5.3916959e+08
758 5.4991746e+08
758.1 5.5640483e+08
758.2 5.5817787e+08
758.3 5.5497576e+08
758.4 5.4674121e+08
758.5 5.3361788e+08
758.6 5.1593557e+08
758.7 4.9418496e+08
758.8 4.6898482e+08
758.9 4.4104506e+08
759 4.1112941e+08
759.1 3.8002092e+08
759.2 3.4849305e+08
759.3 3.172881e+08
759.4 2.8710363e+08
759.5 2.5858611e+08
759.6 2.3232905e+08
759.7 2.0887029e+08
759.8 1.8867993e+08
759.9 1.7212848e+08
760 1.5943004e+08
760.1 1.5057228e+08
760.2 1.4526949e+08
760.3 1.429804e+08
760.4 1.4299818e+08
760.5 1.4457282e+08
760.6 1.4701405e+08
760.7 1.4974978e+08
760.8 1.5234538e+08
760.9 1.5450044e+08
761 1.5603673e+08
761.1 1.568842e+08
761.2 1.5706676e+08
761.3 1.5668702e+08
761.4 1.5590828e+08
761.5 1.5493295e+08
761.6 1.5397773e+08
761.7 1.5324749e+08
761.8 1.5291169e+08
761.9 1.5308754e+08
762 1.5383384e+08
762.1 1.5515752e+08
762.2 1.5703257e+08
762.3 1.594294e+08
762.4 1.6235094e+08
762.5 1.6587127e+08
762.6 1.7017052e+08
762.7 1.7555717e+08
762.8 1.8246638e+08
762.9 1.914235e+08
763 2.0296987e+08
763.1 2.1756343e+08
763.2 2.3548172e+08
763.3 2.5675667e+08
763.4 2.8115515e+08
763.5 3.0819944e+08
763.6 3.3721048e+08
763.7 3.6735818e+08
763.8 3.9771058e+08
763.9 4.2727932e+08
764 4.550624e+08
764.1 4.8008531e+08
764.2 5.0144108e+08
764.3 5.1832888e+08
764.4 5.3009002e+08
764.5 5.3623974e+08
764.6 5.3649326e+08
764.7 5.3078453e+08
764.8 5.1927674e+08
764.9 5.0236435e+08
765 4.8066698e+08
765.1 4.5501614e+08
765.2 4.2643638e+08
765.3 3.9612155e+08
765.4 3.6540531e+08
765.5 3.3572048e+08
765.6 3.0853456e+08
765.7 2.8524079e+08
765.8 2.6698768e+08
765.9 2.5446302e+08
766 2.4771446e+08
766.1 2.4612579e+08
766.2 2.4859637e+08
766.3 2.5383344e+08
766.4 2.6061141e+08
766.5 2.679187e+08
766.6 2.7499906e+08
766.7 2.8133151e+08
766.8 2.8658684e+08
766.9 2.9058221e+08
767 2.9324215e+08
767.1 2.9456748e+08
767.2 2.9461106e+08
767.3 2.9345865e+08
767.4 2.9121372e+08
767.5 2.8798536e+08
767.6 2.8387916e+08
767.7 2.7899116e+08
767.8 2.7340484e+08
767.9 2.671914e+08
768 2.6041276e+08
768.1 2.5312721e+08
768.2 2.4539663e+08
768.3 2.372946e+08
768.4 2.2891436e+08
768.5 2.2037556e+08
768.6 2.1182887e+08
768.7 2.0345754e+08
768.8 1.9547503e+08
768.9 1.881179e+08
769 1.8163339e+08
769.1 1.7626166e+08
769.2 1.7221384e+08
769.3 1.6964902e+08
769.4 1.6865496e+08
769.5 1.6923772e+08
769.6 1.7132352e+08
769.7 1.7477215e+08
769.8 1.7939786e+08
769.9 1.8499166e+08
770 1.9134064e+08
770.1 1.9824167e+08
770.2 2.0550933e+08
770.3 2.1297912e+08
770.4 2.205072e+08
770.5 2.2796811e+08
770.6 2.3525127e+08
770.7 2.42257e+08
770.8 2.488925e+08
770.9 2.5506806e+08
771 2.6069391e+08
771.1 2.656778e+08
771.2 2.6992383e+08
771.3 2.7333268e+08
771.4 2.7580367e+08
771.5 2.7723913e+08
771.6 2.7755151e+08
771.7 2.7667401e+08
771.8 2.7457559e+08
771.9 2.7128135e+08
772 2.6689984e+08
772.1 2.6165773e+08
772.2 2.5594155e+08
772.3 2.5034121e+08
772.4 2.4568184e+08
772.5 2.4301691e+08
772.6 2.4354419e+08
772.7 2.4841796e+08
772.8 2.5848601e+08
772.9 2.7405597e+08
773 2.948077e+08
773.1 3.1987788e+08
773.2 3.4804051e+08
773.3 3.7788994e+08
773.4 4.0798133e+08
773.5 4.3692745e+08
773.6 4.634672e+08
773.7 4.8651789e+08
773.8 5.0521715e+08
773.9 5.1895509e+08
774 5.273954e+08
774.1 5.304838e+08
774.2 5.2844327e+08
774.3 5.2175606e+08
774.4 5.111335e+08
774.5 4.9747471e+08
774.6 4.818148e+08
774.7 4.6526275e+08
774.8 4.48929e+08
774.9 4.3384426e+08
775 4.2087472e+08
775.1 4.10645e+08
775.2 4.0348523e+08
775.3 3.9941787e+08
775.4 3.9819065e+08
775.5 3.9934696e+08
775.6 4.0231303e+08
775.7 4.0647983e+08
775.8 4.1126443e+08
775.9 4.1614597e+08
776 4.2067937e+08
776.1 4.244933e+08
776.2 4.272796e+08
776.3 4.2877971e+08
776.4 4.2877239e+08
776.5 4.2706482e+08
776.6 4.2348869e+08
776.7 4.1790128e+08
776.8 4.1019145e+08
776.9 4.0028983e+08
777 3.8818239e+08
777.1 3.7392704e+08
777.2 3.5767268e+08
777.3 3.3968108e+08
777.4 3.2035219e+08
777.5 3.0025325e+08
777.6 2.8015081e+08
777.7 2.6103876e+08
777.8 2.4414289e+08
777.9 2.3086093e+08
778 2.2258262e+08
778.1 2.2037525e+08
778.2 2.2464869e+08
778.3 2.3502134e+08
778.4 2.5049475e+08
778.5 2.6979646e+08
778.6 2.9167446e+08
778.7 3.1505131e+08
778.8 3.3906433e+08
778.9 3.6304842e+08
779 3.8650034e+08
779.1 4.0904309e+08
779.2 4.3039664e+08
779.3 4.5035602e+08
779.4 4.6877589e+08
779.5 4.8556006e+08
779.6 5.0065457e+08
779.7 5.1404295e+08
779.8 5.2574275e+08
779.9 5.3580232e+08
780 5.4429756e+08
780.1 5.5132819e+08
780.2 5.5701352e+08
780.3 5.6148797e+08
780.4 5.6489631e+08
780.5 5.67389e+08
780.6 5.6911768e+08
780.7 5.702309e+08
780.8 5.708702e+08
780.9 5.7116648e+08
781 5.712367e+08
781.1 5.7118083e+08
781.2 5.7107937e+08
781.3 5.709912e+08
781.4 5.7095208e+08
781.5 5.7097371e+08
781.6 5.7104337e+08
781.7 5.7112398e+08
781.8 5.7115457e+08
781.9 5.7105104e+08
782 5.7070735e+08
782.1 5.6999753e+08
782.2 5.6877894e+08
782.3 5.668976e+08
782.4 5.6419599e+08
782.5 5.6052371e+08
782.6 5.5575084e+08
782.7 5.4978291e+08
782.8 5.4257624e+08
782.9 5.3415169e+08
783 5.2460495e+08
783.1 5.1411167e+08
783.2 5.0292624e+08
783.3 4.913739e+08
783.4 4.7983612e+08
783.5 4.6873036e+08
783.6 4.5848523e+08
783.7 4.4951318e+08
783.8 4.4218273e+08
783.9 4.3679303e+08
784 4.3355348e+08
784.1 4.3257065e+08
784.2 4.3384398e+08
784.3 4.3726978e+08
784.4 4.4265187e+08
784.5 4.497161e+08
784.6 4.5812603e+08
784.7 4.6749771e+08
784.8 4.7741305e+08
784.9 4.8743209e+08
785 4.9710534e+08
785.1 5.0598782e+08
785.2 5.1365593e+08
785.3 5.1972773e+08
785.4 5.2388653e+08
785.5 5.2590618e+08
785.6 5.2567553e+08
785.7 5.2321827e+08
785.8 5.1870393e+08
785.9 5.1244529e+08
786 5.0487892e+08
786.1 4.965273e+08
786.2 4.8794495e+08
786.3 4.7965507e+08
786.4 4.7208747e+08
786.5 4.6553049e+08
786.6 4.6010768e+08
786.7 4.5578381e+08
786.8 4.5239703e+08
786.9 4.497071e+08
787 4.4744734e+08
787.1 4.4536989e+08
787.2 4.4327854e+08
787.3 4.4104832e+08
787.4 4.3863428e+08
787.5 4.3607341e+08
787.6 4.3348316e+08
787.7 4.3105895e+08
787.8 4.2907093e+08
787.9 4.278582e+08
788 4.2781715e+08
788.1 4.2937905e+08
788.2 4.3297287e+08
788.3 4.3897169e+08
788.4 4.4762633e+08
788.5 4.5899531e+08
788.6 4.7288458e+08
788.7 4.8880959e+08
788.8 5.0598792e+08
788.9 5.2336357e+08
789 5.3965924e+08
789.1 5.5345098e+08
789.2 5.6326e+08
789.3 5.6765737e+08
789.4 5.6537753e+08
789.5 5.5543549e+08
789.6 5.3724159e+08
789.7 5.1070805e+08
789.8 4.7634436e+08
789.9 4.3534713e+08
790 3.8970411e+08
790.1 3.4235113e+08
790.2 2.9741469e+08
790.3 2.604174e+08
790.4 2.3773167e+08
790.5 2.3398315e+08
790.6 2.4855006e+08
790.7 2.7597106e+08
790.8 3.0988513e+08
790.9 3.4550661e+08
791 3.7985274e+08
791.1 4.1125011e+08
791.2 4.3887399e+08
791.3 4.6243717e+08
791.4 4.8198957e+08
791.5 4.9778579e+08
791.6 5.1019381e+08
791.7 5.196296e+08
791.8 5.2650937e+08
791.9 5.3121449e+08
792 5.3406629e+08
792.1 5.353093e+08
792.2 5.3510206e+08
792.3 5.3351554e+08
792.4 5.3053952e+08
792.5 5.2609741e+08
792.6 5.2007061e+08
792.7 5.1233306e+08
792.8 5.0279658e+08
792.9 4.9146646e+08
793 4.7850465e+08
793.1 4.6429404e+08
793.2 4.4949062e+08
793.3 4.3504168e+08
793.4 4.2213828e+08
793.5 4.1206975e+08
793.6 4.0597111e+08
793.7 4.0451272e+08
793.8 4.076497e+08
793.9 4.1455844e+08
794 4.2379927e+08
794.1 4.3362478e+08
794.2 4.423033e+08
794.3 4.4836502e+08
794.4 4.5074147e+08
794.5 4.4881123e+08
794.6 4.4237812e+08
794.7 4.3160774e+08
794.8 4.1694314e+08
794.9 3.9901548e+08
795 3.7856068e+08
795.1 3.5634939e+08
795.2 3.3313414e+08
795.3 3.0961472e+08
795.4 2.8642095e+08
795.5 2.641107e+08
795.6 2.4318011e+08
795.7 2.2408181e+08
795.8 2.0724552e+08
795.9 1.9309295e+08
796 1.8203589e+08
796.1 1.7444712e+08
796.2 1.7060261e+08
796.3 1.7061328e+08
796.4 1.7438146e+08
796.5 1.8161045e+08
796.6 1.9186276e+08
796.7 2.0463518e+08
796.8 2.1941989e+08
796.9 2.3574006e+08
797 2.5316381e+08
797.1 2.7130618e+08
797.2 2.8982637e+08
797.3 3.0842454e+08
797.4 3.2683975e+08
797.5 3.4484901e+08
797.6 3.6226688e+08
797.7 3.7894481e+08
797.8 3.9476972e+08
797.9 4.0966131e+08
798 4.2356816e+08
798.1 4.364628e+08
798.2 4.4833622e+08
798.3 4.5919231e+08
798.4 4.6904273e+08
798.5 4.7790277e+08
798.6 4.8578846e+08
798.7 4.9271504e+08
798.8 4.9869702e+08
798.9 5.0374964e+08
799 5.0789166e+08
799.1 5.1114916e+08
799.2 5.1355996e+08
799.3 5.1517801e+08
799.4 5.1607712e+08
799.5 5.1635318e+08
799.6 5.1612397e+08
799.7 5.1552587e+08
799.8 5.147071e+08
799.9 5.1381732e+08
800 5.1299414e+08
800.1 5.1234751e+08
800.2 5.119435e+08
800.3 5.1178941e+08
800.4 5.1182225e+08
800.5 5.1190292e+08
800.6 5.1181807e+08
800.7 5.1129138e+08
800.8 5.1000593e+08
800.9 5.0763826e+08
801 5.0390412e+08
801.1 4.9861463e+08
801.2 4.9173884e+08
801.3 4.8346597e+08
801.4 4.7425545e+08
801.5 4.6485733e+08
801.6 4.5628048e+08
801.7 4.4968678e+08
801.8 4.462045e+08
801.9 4.4668911e+08
802 4.5150352e+08
802.1 4.6040734e+08
802.2 4.7260608e+08
802.3 4.8693531e+08
802.4 5.0210002e+08
802.5 5.1688971e+08
802.6 5.3032572e+08
802.7 5.4173427e+08
802.8 5.5075866e+08
802.9 5.5732996e+08
803 5.6161309e+08
803.1 5.6394161e+08
803.2 5.6475058e+08
803.3 5.6451358e+08
803.4 5.6368837e+08
803.5 5.6267345e+08
803.6 5.6177735e+08
803.7 5.6120118e+08
803.8 5.6103426e+08
803.9 5.6126154e+08
804 5.617811e+08
804.1 5.624286e+08
804.2 5.630058e+08
804.3 5.6330991e+08
804.4 5.6316075e+08
804.5 5.6242318e+08
804.6 5.610231e+08
804.7 5.5895549e+08
804.8 5.5628422e+08
804.9 5.5313377e+08
805 5.4967424e+08
805.1 5.4610136e+08
805.2 5.4261426e+08
805.3 5.3939381e+08
805.4 5.3658441e+08
805.5 5.342813e+08
805.6 5.3252485e+08
805.7 5.313015e+08
805.8 5.3055055e+08
805.9 5.301745e+08
806 5.3005097e+08
806.1 5.3004388e+08
806.2 5.3001239e+08
806.3 5.2981682e+08
806.4 5.2932137e+08
806.5 5.2839419e+08
806.6 5.2690577e+08
806.7 5.2472683e+08
806.8 5.2172696e+08
806.9 5.1777497e+08
807 5.1274177e+08
807.1 5.0650577e+08
807.2 4.9896067e+08
807.3 4.9002472e+08
807.4 4.7965046e+08
807.5 4.6783364e+08
807.6 4.5462029e+08
807.7 4.4011103e+08
807.8 4.244622e+08
807.9 4.0788357e+08
808 3.9063296e+08
808.1 3.7300809e+08
808.2 3.5533628e+08
808.3 3.3796239e+08
808.4 3.2123566e+08
808.5 3.0549561e+08
808.6 2.9105759e+08
808.7 2.7819793e+08
808.8 2.6713952e+08
808.9 2.580382e+08
809 2.5097133e+08
809.1 2.4592997e+08
809.2 2.4281655e+08
809.3 2.414494e+08
809.4 2.4157492e+08
809.5 2.4288692e+08
809.6 2.4505165e+08
809.7 2.4773583e+08
809.8 2.5063457e+08
809.9 2.5349579e+08
810 2.5613763e+08
810.1 2.5845645e+08
810.2 2.6042403e+08
810.3 2.6207398e+08
810.4 2.6347965e+08
810.5 2.647269e+08
810.6 2.6588616e+08
810.7 2.6698872e+08
810.8 2.6801066e+08
810.9 2.6886706e+08
811 2.6941645e+08
811.1 2.6947458e+08
811.2 2.6883532e+08
811.3 2.6729657e+08
811.4 2.6469035e+08
811.5 2.6091668e+08
811.6 2.5598273e+08
811.7 2.5004852e+08
811.8 2.4347953e+08
811.9 2.369017e+08
812 2.3124224e+08
812.1 2.2772029e+08
812.2 2.2773226e+08
812.3 2.3259358e+08
812.4 2.4318851e+08
812.5 2.596942e+08
812.6 2.8153538e+08
812.7 3.0755936e+08
812.8 3.3628852e+08
812.9 3.6613106e+08
813 3.9551941e+08
813.1 4.2299774e+08
813.2 4.4728595e+08
813.3 4.6733654e+08
813.4 4.8238918e+08
813.5 4.9202111e+08
813.6 4.9618738e+08
813.7 4.9524323e+08
813.8 4.8993985e+08
813.9 4.8138415e+08
814 4.7095393e+08
814.1 4.601629e+08
814.2 4.5048005e+08
814.3 4.4312605e+08
814.4 4.3889262e+08
814.5 4.3804169e+08
814.6 4.4032263e+08
814.7 4.45099e+08
814.8 4.515327e+08
814.9 4.5876196e+08
815 4.6603096e+08
815.1 4.7275951e+08
815.2 4.7856256e+08
815.3 4.8323679e+08
815.4 4.8673025e+08
815.5 4.8910639e+08
815.6 4.9050928e+08
815.7 4.9113319e+08
815.8 4.9119771e+08
815.9 4.9092799e+08
816 4.9053953e+08
816.1 4.9022654e+08
816.2 4.901533e+08
816.3 4.9044806e+08
816.4 4.9119948e+08
816.5 4.9245547e+08
816.6 4.9422446e+08
816.7 4.964791e+08
816.8 4.9916172e+08
816.9 5.021913e+08
817 5.0547097e+08
817.1 5.0889552e+08
817.2 5.1235819e+08
817.3 5.1575619e+08
817.4 5.1899498e+08
817.5 5.2199084e+08
817.6 5.2467233e+08
817.7 5.2698039e+08
817.8 5.2886787e+08
817.9 5.3029842e+08
818 5.3124534e+08
818.1 5.316905e+08
818.2 5.3162352e+08
818.3 5.3104145e+08
818.4 5.2994877e+08
818.5 5.2835781e+08
818.6 5.2628951e+08
818.7 5.2377431e+08
818.8 5.2085308e+08
818.9 5.1757795e+08
819 5.1401282e+08
819.1 5.1023329e+08
819.2 5.0632574e+08
819.3 5.0238531e+08
819.4 4.9851246e+08
819.5 4.9480809e+08
819.6 4.913676e+08
819.7 4.8827439e+08
819.8 4.8559396e+08
819.9 4.8336977e+08
820 4.816219e+08
820.1 4.803491e+08
820.2 4.7953389e+08
820.3 4.7914982e+08
820.4 4.7916926e+08
820.5 4.7957004e+08
820.6 4.8033966e+08
820.7 4.8147628e+08
820.8 4.8298673e+08
820.9 4.8488207e+08
821 4.8717188e+08
821.1 4.8985829e+08
821.2 4.9293057e+08
821.3 4.9636051e+08
821.4 5.0009851e+08
821.5 5.0407002e+08
821.6 5.0817158e+08
821.7 5.1226648e+08
821.8 5.1617973e+08
821.9 5.1969311e+08
822 5.2254135e+08
822.1 5.2441064e+08
822.2 5.2494136e+08
822.3 5.237361e+08
822.4 5.2037419e+08
822.5 5.144325e+08
822.6 5.0551163e+08
822.7 4.9326523e+08
822.8 4.7742946e+08
822.9 4.5784895e+08
823 4.3449612e+08
823.1 4.074812e+08
823.2 3.7705172e+08
823.3 3.4358182e+08
823.4 3.0755273e+08
823.5 2.6952709e+08
823.6 2.3012005e+08
823.7 1.8997046e+08
823.8 1.497164e+08
823.9 1.0998341e+08
824 71419789
824.1 35075887
824.2 12635692
824.3 38458990
824.4 68819685
824.5 97324318
824.6 1.2349141e+08
824.7 1.4722687e+08
824.8 1.6854399e+08
824.9 1.8750693e+08
825 2.042068e+08
825.1 2.187466e+08
825.2 2.3123049e+08
825.3 2.4175604e+08
825.4 2.5040942e+08
825.5 2.5726325e+08
825.6 2.6237736e+08
825.7 2.6580278e+08
825.8 2.6758957e+08
825.9 2.6779953e+08
826 2.6652522e+08
826.1 2.6391704e+08
826.2 2.6022041e+08
826.3 2.5582365e+08
826.4 2.5131427e+08
826.5 2.4753216e+08
826.6 2.4559311e+08
826.7 2.4683675e+08
826.8 2.5265209e+08
826.9 2.6418447e+08
827 2.820257e+08
827.1 3.0604022e+08
827.2 3.3539553e+08
827.3 3.6872898e+08
827.4 4.0433785e+08
827.5 4.403314e+08
827.6 4.7474208e+08
827.7 5.0561624e+08
827.8 5.3110174e+08
827.9 5.4953971e+08
828 5.5955948e+08
828.1 5.6017046e+08
828.2 5.5084367e+08
828.3 5.3157644e+08
828.4 5.0293806e+08
828.5 4.6610054e+08
828.6 4.2286887e+08
828.7 3.7573864e+08
828.8 3.280197e+08
828.9 2.8403675e+08
829 2.4921103e+08
829.1 2.2923202e+08
829.2 2.2735648e+08
829.3 2.4172871e+08
829.4 2.6669656e+08
829.5 2.9641861e+08
829.6 3.2668731e+08
829.7 3.5493961e+08
829.8 3.7978233e+08
829.9 4.0058459e+08
830 4.1720498e+08
830.1 4.2981422e+08
830.2 4.3877613e+08
830.3 4.4456444e+08
830.4 4.4770288e+08
830.5 4.4872184e+08
830.6 4.4812744e+08
830.7 4.4638057e+08
830.8 4.4388397e+08
830.9 4.4097587e+08
831 4.3792894e+08
831.1 4.3495334e+08
831.2 4.3220258e+08
831.3 4.2978133e+08
831.4 4.2775397e+08
831.5 4.2615331e+08
831.6 4.2498861e+08
831.7 4.2425272e+08
831.8 4.239279e+08
831.9 4.2399038e+08
832 4.2441369e+08
832.1 4.251709e+08
832.2 4.2623596e+08
832.3 4.2758437e+08
832.4 4.2919334e+08
832.5 4.3104165e+08
832.6 4.3310929e+08
832.7 4.3537702e+08
832.8 4.3782589e+08
832.9 4.4043678e+08
833 4.4318997e+08
833.1 4.4606476e+08
833.2 4.4903908e+08
833.3 4.5208925e+08
833.4 4.5518963e+08
833.5 4.5831251e+08
833.6 4.6142791e+08
833.7 4.6450363e+08
833.8 4.6750549e+08
833.9 4.7039782e+08
834 4.7314441e+08
834.1 4.7570996e+08
834.2 4.7806199e+08
834.3 4.8017331e+08
834.4 4.8202474e+08
834.5 4.8360789e+08
834.6 4.8492739e+08
834.7 4.860022e+08
834.8 4.8686523e+08
834.9 4.87561e+08
835 4.8814105e+08
835.1 4.8865716e+08
835.2 4.8915314e+08
835.3 4.8965592e+08
835.4 4.9016723e+08
835.5 4.90657e+08
835.6 4.910595e+08
835.7 4.9127287e+08
835.8 4.9116218e+08
835.9 4.9056603e+08
836 4.8930628e+08
836.1 4.8720079e+08
836.2 4.8407894e+08
836.3 4.7980015e+08
836.4 4.7427516e+08
836.5 4.6748984e+08
836.6 4.5953008e+08
836.7 4.5060493e+08
836.8 4.4106306e+08
836.9 4.3139505e+08
837 4.2221244e+08
837.1 4.1419501e+08
837.2 4.0800319e+08
837.3 4.0416495e+08
837.4 4.0296244e+08
837.5 4.043546e+08
837.6 4.0796634e+08
837.7 4.1315158e+08
837.8 4.1910942e+08
837.9 4.2501758e+08
838 4.3015044e+08
838.1 4.3396262e+08
838.2 4.361334e+08
838.3 4.3657566e+08
838.4 4.3541722e+08
838.5 4.3296205e+08
838.6 4.296385e+08
838.7 4.2593964e+08
838.8 4.2236054e+08
838.9 4.1933647e+08
839 4.1718674e+08
839.1 4.160689e+08
839.2 4.1594783e+08
839.3 4.1658242e+08
839.4 4.1753016e+08
839.5 4.1816748e+08
839.6 4.1772232e+08
839.7 4.1531548e+08
839.8 4.1000917e+08
839.9 4.0086204e+08
840 3.8699236e+08
840.1 3.6765149e+08
840.2 3.4231289e+08
840.3 3.107881e+08
840.4 2.7340154e+08
840.5 2.3131631e+08
840.6 1.8728944e+08
840.7 1.4762112e+08
840.8 1.2568674e+08
840.9 1.3680925e+08
841 1.7706902e+08
841.1 2.3127692e+08
841.2 2.8954739e+08
841.3 3.4666464e+08
841.4 3.9954883e+08
841.5 4.4623453e+08
841.6 4.85529e+08
841.7 5.1688846e+08
841.8 5.4034615e+08
841.9 5.5643347e+08
842 5.6607604e+08
842.1 5.7046548e+08
842.2 5.7091762e+08
842.3 5.6873294e+08
842.4 5.6507694e+08
842.5 5.6089484e+08
842.6 5.5686922e+08
842.7 5.5342035e+08
842.8 5.5074074e+08
842.9 5.4885005e+08
843 5.4765557e+08
843.1 5.4700657e+08
843.2 5.4673612e+08
843.3 5.4668851e+08
843.4 5.4673408e+08
843.5 5.4677459e+08
843.6 5.467427e+08
843.7 5.4659826e+08
843.8 5.4632354e+08
843.9 5.4591841e+08
844 5.4539608e+08
844.1 5.4477951e+08
844.2 5.4409827e+08
844.3 5.433858e+08
844.4 5.4267685e+08
844.5 5.4200496e+08
844.6 5.4140016e+08
844.7 5.4088681e+08
844.8 5.4048184e+08
844.9 5.4019333e+08
845 5.400198e+08
845.1 5.3994992e+08
845.2 5.3996282e+08
845.3 5.4002881e+08
845.4 5.4011024e+08
845.5 5.4016239e+08
845.6 5.4013429e+08
845.7 5.3996907e+08
845.8 5.3960408e+08
845.9 5.3897049e+08
846 5.3799274e+08
846.1 5.3658765e+08
846.2 5.3466364e+08
846.3 5.3212001e+08
846.4 5.2884661e+08
846.5 5.2472406e+08
846.6 5.1962478e+08
846.7 5.1341504e+08
846.8 5.0595848e+08
846.9 4.971213e+08
847 4.8677965e+08
847.1 4.7482961e+08
847.2 4.6120004e+08
847.3 4.4586857e+08
847.4 4.2888049e+08
847.5 4.1037006e+08
847.6 3.9058261e+08
847.7 3.6989514e+08
847.8 3.4883088e+08
847.9 3.2806151e+08
848 3.0838736e+08
848.1 2.9068405e+08
848.2 2.7580658e+08
848.3 2.6445543e+08
848.4 2.5703642e+08
848.5 2.5357318e+08
848.6 2.5372602e+08
848.7 2.5691984e+08
848.8 2.625239e+08
848.9 2.7000818e+08
849 2.7902983e+08
849.1 2.8944347e+08
849.2 3.0125373e+08
849.3 3.1453682e+08
849.4 3.2935737e+08
849.5 3.4570135e+08
849.6 3.6343789e+08
849.7 3.8231259e+08
849.8 4.0196684e+08
849.9 4.2197277e+08
850 4.4187368e+08
850.1 4.6122177e+08
850.2 4.7960887e+08
850.3 4.9668817e+08
850.4 5.1218721e+08
850.5 5.2591299e+08
850.6 5.3775101e+08
850.7 5.4765959e+08
850.8 5.5566134e+08
850.9 5.6183296e+08
851 5.6629462e+08
851.1 5.6919972e+08
851.2 5.7072553e+08
851.3 5.7106505e+08
851.4 5.7042012e+08
851.5 5.6899559e+08
851.6 5.6699452e+08
851.7 5.6461398e+08
851.8 5.6204135e+08
851.9 5.5945085e+08
852 5.5700012e+08
852.1 5.5482681e+08
852.2 5.5304505e+08
852.3 5.5174188e+08
852.4 5.5097364e+08
852.5 5.5076242e+08
852.6 5.5109273e+08
852.7 5.5190853e+08
852.8 5.5311088e+08
852.9 5.545565e+08
853 5.5605756e+08
853.1 5.5738308e+08
853.2 5.5826252e+08
853.3 5.5839177e+08
853.4 5.5744223e+08
853.5 5.5507322e+08
853.6 5.5094788e+08
853.7 5.4475268e+08
853.8 5.3622015e+08
853.9 5.2515433e+08
854 5.1145782e+08
854.1 4.9515924e+08
854.2 4.764392e+08
854.3 4.5565245e+08
854.4 4.3334315e+08
854.5 4.102483e+08
854.6 3.8728242e+08
854.7 3.6549268e+08
854.8 3.4597229e+08
854.9 3.297241e+08
855 3.1748591e+08
855.1 3.0956216e+08
855.2 3.0573342e+08
855.3 3.0529753e+08
855.4 3.0723245e+08
855.5 3.1041042e+08
855.6 3.1378594e+08
855.7 3.1651748e+08
855.8 3.1802176e+08
855.9 3.1797896e+08
856 3.1630854e+08
856.1 3.1313016e+08
856.2 3.0871882e+08
856.3 3.0345967e+08
856.4 2.9780578e+08
856.5 2.9224115e+08
856.6 2.8725047e+08
856.7 2.8329607e+08
856.8 2.8080147e+08
856.9 2.8013933e+08
857 2.816208e+08
857.1 2.854832e+08
857.2 2.9187435e+08
857.3 3.008352e+08
857.4 3.1228433e+08
857.5 3.2600971e+08
857.6 3.4167153e+08
857.7 3.5881785e+08
857.8 3.7691168e+08
857.9 3.9536669e+08
858 4.1358744e+08
858.1 4.3100992e+08
858.2 4.471383e+08
858.3 4.6157397e+08
858.4 4.7403384e+08
858.5 4.8435593e+08
858.6 4.9249155e+08
858.7 4.9848532e+08
858.8 5.0244547e+08
858.9 5.0450809e+08
859 5.0479985e+08
859.1 5.0340366e+08
859.2 5.003316e+08
859.3 4.9550909e+08
859.4 4.8877319e+08
859.5 4.7988735e+08
859.6 4.6857417e+08
859.7 4.5456755e+08
859.8 4.3768607e+08
859.9 4.1793059e+08
860 3.9561114e+08
860.1 3.7150823e+08
860.2 3.4706603e+08
860.3 3.2457757e+08
860.4 3.0721984e+08
860.5 2.9863479e+08
860.6 3.0179014e+08
860.7 3.1754851e+08
860.8 3.4414203e+08
860.9 3.7800078e+08
861 4.149974e+08
861.1 4.5124952e+08
861.2 4.8343115e+08
861.3 5.0884696e+08
861.4 5.2543981e+08
861.5 5.317903e+08
861.6 5.2711473e+08
861.7 5.1125419e+08
861.8 4.8464807e+08
861.9 4.4829215e+08
862 4.0369114e+08
862.1 3.5283104e+08
862.2 2.9822824e+08
862.3 2.4318699e+08
862.4 1.9255923e+08
862.5 1.543246e+08
862.6 1.397075e+08
862.7 1.5363474e+08
862.8 1.8692291e+08
862.9 2.2815398e+08
863 2.7076999e+08
863.1 3.1158173e+08
863.2 3.4898456e+08
863.3 3.8210336e+08
863.4 4.1041263e+08
863.5 4.3356042e+08
863.6 4.5128831e+08
863.7 4.6340547e+08
863.8 4.6979988e+08
863.9 4.7047842e+08
864 4.6563101e+08
864.1 4.5571429e+08
864.2 4.4154817e+08
864.3 4.2441332e+08
864.4 4.0612339e+08
864.5 3.8901828e+08
864.6 3.7578732e+08
864.7 3.690277e+08
864.8 3.7056797e+08
864.9 3.8084984e+08
865 3.9878177e+08
865.1 4.2216664e+08
865.2 4.4837867e+08
865.3 4.7491869e+08
865.4 4.9971886e+08
865.5 5.2124917e+08
865.6 5.3851324e+08
865.7 5.5099362e+08
865.8 5.5857679e+08
865.9 5.6147184e+08
866 5.6012968e+08
866.1 5.5516665e+08
866.2 5.4729549e+08
866.3 5.3726583e+08
866.4 5.2581533e+08
866.5 5.1363203e+08
866.6 5.0132755e+08
866.7 4.8942029e+08
866.8 4.7832717e+08
866.9 4.683623e+08
867 4.5974102e+08
867.1 4.525876e+08
867.2 4.4694521e+08
867.3 4.4278706e+08
867.4 4.4002755e+08
867.5 4.3853285e+08
867.6 4.3813041e+08
867.7 4.3861697e+08
867.8 4.3976513e+08
867.9 4.4132845e+08
868 4.4304544e+08
868.1 4.4464285e+08
868.2 4.4583868e+08
868.3 4.4634584e+08
868.4 4.4587699e+08
868.5 4.4415149e+08
868.6 4.4090522e+08
868.7 4.3590404e+08
868.8 4.2896169e+08
868.9 4.1996254e+08
869 4.0888979e+08
869.1 3.9585933e+08
869.2 3.8115858e+08
869.3 3.6528884e+08
869.4 3.4900556e+08
869.5 3.3334443e+08
869.6 3.1960841e+08
869.7 3.0927712e+08
869.8 3.0380164e+08
869.9 3.0429515e+08
870 3.1122649e+08
870.1 3.2428229e+08
870.2 3.4248001e+08
870.3 3.6444785e+08
870.4 3.8871398e+08
870.5 4.139079e+08
870.6 4.3886321e+08
870.7 4.6265195e+08
870.8 4.8458224e+08
870.9 5.0417911e+08
871 5.2115856e+08
871.1 5.3539937e+08
871.2 5.469142e+08
871.3 5.5582121e+08
871.4 5.6231665e+08
871.5 5.6664945e+08
871.6 5.6909825e+08
871.7 5.6995189e+08
871.8 5.6949355e+08
871.9 5.6798891e+08
872 5.6567826e+08
872.1 5.6277217e+08
872.2 5.5945016e+08
872.3 5.5586168e+08
872.4 5.5212864e+08
872.5 5.4834886e+08
872.6 5.4459984e+08
872.7 5.4094237e+08
872.8 5.3742392e+08
872.9 5.3408148e+08
873 5.3094391e+08
873.1 5.280339e+08
873.2 5.2536947e+08
873.3 5.2296504e+08
873.4 5.2083228e+08
873.5 5.1898038e+08
873.6 5.17416e+08
873.7 5.1614277e+08
873.8 5.1516028e+08
873.9 5.1446278e+08
874 5.1403762e+08
874.1 5.1386376e+08
874.2 5.1391061e+08
874.3 5.1413753e+08
874.4 5.1449436e+08
874.5 5.1492306e+08
874.6 5.1536056e+08
874.7 5.1574278e+08
874.8 5.1600926e+08
874.9 5.1610806e+08
875 5.1600031e+08
875.1 5.156638e+08
875.2 5.1509513e+08
875.3 5.1431012e+08
875.4 5.1334241e+08
875.5 5.1224039e+08
875.6 5.1106277e+08
875.7 5.0987341e+08
875.8 5.0873579e+08
875.9 5.0770779e+08
876 5.0683717e+08
876.1 5.0615816e+08
876.2 5.0568923e+08
876.3 5.0543225e+08
876.4 5.0537302e+08
876.5 5.0548277e+08
876.6 5.0572083e+08
876.7 5.0603781e+08
876.8 5.0637929e+08
876.9 5.066896e+08
877 5.0691543e+08
877.1 5.0700911e+08
877.2 5.0693134e+08
877.3 5.0665318e+08
877.4 5.061574e+08
877.5 5.0543905e+08
877.6 5.0450525e+08
877.7 5.0337443e+08
877.8 5.020749e+08
877.9 5.0064298e+08
878 4.991208e+08
878.1 4.9755378e+08
878.2 4.959881e+08
878.3 4.944682e+08
878.4 4.9303444e+08
878.5 4.9172108e+08
878.6 4.9055467e+08
878.7 4.89553e+08
878.8 4.8872452e+08
878.9 4.880684e+08
879 4.8757521e+08
879.1 4.8722816e+08
879.2 4.8700494e+08
879.3 4.8687997e+08
879.4 4.868272e+08
879.5 4.8682301e+08
879.6 4.8684933e+08
879.7 4.8689656e+08
879.8 4.8696604e+08
879.9 4.8707194e+08
880 4.8724203e+08
880.1 4.8751748e+08
880.2 4.8795122e+08
880.3 4.8860514e+08
880.4 4.8954618e+08
880.5 4.9084153e+08
880.6 4.9255359e+08
880.7 4.947348e+08
880.8 4.9742308e+08
880.9 5.0063811e+08
881 5.0437866e+08
881.1 5.0862118e+08
881.2 5.1331943e+08
881.3 5.1840522e+08
881.4 5.2378992e+08
881.5 5.2936667e+08
881.6 5.3501317e+08
881.7 5.4059506e+08
881.8 5.4596998e+08
881.9 5.5099241e+08
882 5.5551941e+08
882.1 5.594173e+08
882.2 5.6256909e+08
882.3 5.6488241e+08
882.4 5.6629723e+08
882.5 5.6679262e+08
882.6 5.6639156e+08
882.7 5.6516279e+08
882.8 5.632189e+08
882.9 5.6071021e+08
883 5.5781456e+08
883.1 5.5472383e+08
883.2 5.5162864e+08
883.3 5.4870291e+08
883.4 5.4609048e+08
883.5 5.438951e+08
883.6 5.4217496e+08
883.7 5.4094195e+08
883.8 5.4016476e+08
883.9 5.3977507e+08
884 5.3967515e+08
884.1 5.3974577e+08
884.2 5.3985356e+08
884.3 5.3985715e+08
884.4 5.3961191e+08
884.5 5.3897344e+08
884.6 5.3779975e+08
884.7 5.3595242e+08
884.8 5.3329697e+08
884.9 5.2970233e+08
885 5.2503971e+08
885.1 5.1918091e+08
885.2 5.1199635e+08
885.3 5.0335293e+08
885.4 4.9311225e+08
885.5 4.8112944e+08
885.6 4.6725313e+08
885.7 4.5132691e+08
885.8 4.3319249e+08
885.9 4.1269482e+08
886 3.8968902e+08
886.1 3.6404907e+08
886.2 3.3567792e+08
886.3 3.0451872e+08
886.4 2.7056718e+08
886.5 2.3388563e+08
886.6 1.9462152e+08
886.7 1.530408e+08
886.8 1.0962243e+08
886.9 65518316
887 27708196
887.1 42361429
887.2 86595029
887.3 1.3313846e+08
887.4 1.7888174e+08
887.5 2.2247383e+08
887.6 2.627781e+08
887.7 2.9869204e+08
887.8 3.2913612e+08
887.9 3.5308752e+08
888 3.6963469e+08
888.1 3.7804459e+08
888.2 3.778374e+08
888.3 3.6886472e+08
888.4 3.5139016e+08
888.5 3.2617839e+08
888.6 2.9461512e+08
888.7 2.5891213e+08
888.8 2.2249982e+08
888.9 1.9068047e+08
889 1.7094935e+08
889.1 1.7038846e+08
889.2 1.8961714e+08
889.3 2.2236848e+08
889.4 2.6152748e+08
889.5 3.0218183e+08
889.6 3.4140313e+08
889.7 3.7752203e+08
889.8 4.0964869e+08
889.9 4.3740033e+08
890 4.6073778e+08
890.1 4.79856e+08
890.2 4.9510329e+08
890.3 5.0691819e+08
890.4 5.1577966e+08
890.5 5.221684e+08
890.6 5.2653852e+08
890.7 5.2929846e+08
890.8 5.3080022e+08
890.9 5.3133577e+08
891 5.3113926e+08
891.1 5.3039347e+08
891.2 5.2923904e+08
891.3 5.277849e+08
891.4 5.2611842e+08
891.5 5.2431414e+08
891.6 5.2244006e+08
891.7 5.2056123e+08
891.8 5.1874039e+08
891.9 5.1703644e+08
892 5.1550137e+08
892.1 5.1417688e+08
892.2 5.1309158e+08
892.3 5.1225965e+08
892.4 5.1168151e+08
892.5 5.1134632e+08
892.6 5.1123621e+08
892.7 5.1133149e+08
892.8 5.1161609e+08
892.9 5.1208244e+08
893 5.1273504e+08
893.1 5.1359206e+08
893.2 5.1468453e+08
893.3 5.1605286e+08
893.4 5.1774061e+08
893.5 5.1978585e+08
893.6 5.2221073e+08
893.7 5.2501032e+08
893.8 5.2814207e+08
893.9 5.3151747e+08
894 5.3499753e+08
894.1 5.3839311e+08
894.2 5.4147095e+08
894.3 5.4396536e+08
894.4 5.4559463e+08
894.5 5.460811e+08
894.6 5.4517302e+08
894.7 5.4266638e+08
894.8 5.3842494e+08
894.9 5.3239666e+08
895 5.2462513e+08
895.1 5.1525466e+08
895.2 5.0452809e+08
895.3 4.9277671e+08
895.4 4.8040213e+08
895.5 4.6785086e+08
895.6 4.5558305e+08
895.7 4.4403841e+08
895.8 4.3360307e+08
895.9 4.2458194e+08
896 4.1718095e+08
896.1 4.1150165e+08
896.2 4.0754857e+08
896.3 4.0524665e+08
896.4 4.0446411e+08
896.5 4.0503586e+08
896.6 4.0678305e+08
896.7 4.0952688e+08
896.8 4.1309612e+08
896.9 4.1732974e+08
897 4.2207663e+08
897.1 4.2719423e+08
897.2 4.325478e+08
897.3 4.3801093e+08
897.4 4.4346752e+08
897.5 4.4881451e+08
897.6 4.5396485e+08
897.7 4.5884988e+08
897.8 4.6342062e+08
897.9 4.6764783e+08
898 4.7152095e+08
898.1 4.75046e+08
898.2 4.7824273e+08
898.3 4.8114103e+08
898.4 4.8377679e+08
898.5 4.8618703e+08
898.6 4.8840468e+08
898.7 4.9045322e+08
898.8 4.9234169e+08
898.9 4.9406073e+08
899 4.9558045e+08
899.1 4.9685041e+08
899.2 4.9780228e+08
899.3 4.9835518e+08
899.4 4.9842364e+08
899.5 4.9792823e+08
899.6 4.9680872e+08
899.7 4.9504012e+08
899.8 4.9265096e+08
899.9 4.8974287e+08
900 4.8650802e+08
900.1 4.8323847e+08
900.2 4.8031882e+08
900.3 4.7819197e+08
900.4 4.7729077e+08
900.5 4.7793704e+08
900.6 4.8022382e+08
900.7 4.8391123e+08
900.8 4.8837122e+08
900.9 4.9260659e+08
901 4.9534683e+08
901.1 4.9520149e+08
901.2 4.9083985e+08
901.3 4.8116563e+08
901.4 4.6546342e+08
901.5 4.4350326e+08
901.6 4.1559944e+08
901.7 3.8262881e+08
901.8 3.4602223e+08
901.9 3.0774905e+08
902 2.7031029e+08
902.1 2.3671662e+08
902.2 2.103013e+08
902.3 1.9402632e+08
902.4 1.8914797e+08
902.5 1.9425376e+08
902.6 2.0600549e+08
902.7 2.2083987e+08
902.8 2.3601066e+08
902.9 2.4974618e+08
903 2.610428e+08
903.1 2.6942617e+08
903.2 2.7477027e+08
903.3 2.7717418e+08
903.4 2.7687915e+08
903.5 2.7421075e+08
903.6 2.6953569e+08
903.7 2.6322666e+08
903.8 2.5563149e+08
903.9 2.4704571e+08
904 2.3768971e+08
904.1 2.2769315e+08
904.2 2.1708966e+08
904.3 2.0582329e+08
904.4 1.9376629e+08
904.5 1.8074481e+08
904.6 1.665679e+08
904.7 1.5105495e+08
904.8 1.3405896e+08
904.9 1.1548588e+08
905 95316804
905.1 73657000
905.2 50923790
905.3 29006370
905.4 20641879
905.5 39922557
905.6 67572626
905.7 97588238
905.8 1.2880023e+08
905.9 1.6067107e+08
906 1.9278626e+08
906.1 2.2475886e+08
906.2 2.5621005e+08
906.3 2.867706e+08
906.4 3.1608936e+08
906.5 3.4384426e+08
906.6 3.6975314e+08
906.7 3.9358325e+08
906.8 4.1515865e+08
906.9 4.3436512e+08
907 4.511526e+08
907.1 4.6553562e+08
907.2 4.775919e+08
907.3 4.8745948e+08
907.4 4.9533242e+08
907.5 5.0145481e+08
907.6 5.0611251e+08
907.7 5.0962197e+08
907.8 5.123155e+08
907.9 5.1452309e+08
908 5.1655158e+08
908.1 5.1866323e+08
908.2 5.2105663e+08
908.3 5.2385313e+08
908.4 5.2709169e+08
908.5 5.307333e+08
908.6 5.3467453e+08
908.7 5.3876774e+08
908.8 5.4284454e+08
908.9 5.4673876e+08
909 5.5030604e+08
909.1 5.5343784e+08
909.2 5.5606937e+08
909.3 5.5818123e+08
909.4 5.5979581e+08
909.5 5.6096938e+08
909.6 5.6178114e+08
909.7 5.6232029e+08
909.8 5.6267224e+08
909.9 5.6290466e+08
910 5.6305422e+08
910.1 5.6311466e+08
910.2 5.6302671e+08
910.3 5.6267052e+08
910.4 5.6186106e+08
910.5 5.60347e+08
910.6 5.5781351e+08
910.7 5.5388945e+08
910.8 5.481591e+08
910.9 5.4017878e+08
911 5.2949834e+08
911.1 5.1568768e+08
911.2 4.983684e+08
911.3 4.7725064e+08
911.4 4.5217615e+08
911.5 4.231691e+08
911.6 3.9049883e+08
911.7 3.5476244e+08
911.8 3.1700231e+08
911.9 2.7888256e+08
912 2.429423e+08
912.1 2.1284564e+08
912.2 1.9315957e+08
912.3 1.8766577e+08
912.4 1.9652635e+08
912.5 2.1576038e+08
912.6 2.3994532e+08
912.7 2.6452058e+08
912.8 2.8632992e+08
912.9 3.0340576e+08
913 3.1468587e+08
913.1 3.19807e+08
913.2 3.1895428e+08
913.3 3.1273426e+08
913.4 3.0205531e+08
913.5 2.8801192e+08
913.6 2.7177688e+08
913.7 2.5450713e+08
913.8 2.3726882e+08
913.9 2.2098529e+08
914 2.0641035e+08
914.1 1.9412727e+08
914.2 1.8457103e+08
914.3 1.7806584e+08
914.4 1.7486362e+08
914.5 1.751657e+08
914.6 1.7911649e+08
914.7 1.8677336e+08
914.8 1.9807205e+08
914.9 2.1280817e+08
915 2.3064327e+08
915.1 2.5112942e+08
915.2 2.7374122e+08
915.3 2.9790674e+08
915.4 3.2303431e+08
915.5 3.4853514e+08
915.6 3.7384317e+08
915.7 3.9843313e+08
915.8 4.2183719e+08
915.9 4.4365975e+08
916 4.6358988e+08
916.1 4.8140997e+08
916.2 4.9699966e+08
916.3 5.103339e+08
916.4 5.2147493e+08
916.5 5.3055817e+08
916.6 5.3777354e+08
916.7 5.4334418e+08
916.8 5.4750534e+08
916.9 5.5048625e+08
917 5.5249743e+08
917.1 5.5372457e+08
917.2 5.5432881e+08
917.3 5.54452e+08
917.4 5.5422419e+08
917.5 5.5377038e+08
917.6 5.5321394e+08
917.7 5.5267494e+08
917.8 5.5226351e+08
917.9 5.5206965e+08
918 5.5215243e+08
918.1 5.5253209e+08
918.2 5.5318765e+08
918.3 5.5406164e+08
918.4 5.5507093e+08
918.5 5.561214e+08
918.6 5.5712253e+08
918.7 5.5799846e+08
918.8 5.5869248e+08
918.9 5.5916386e+08
919 5.5937728e+08
919.1 5.5928682e+08
919.2 5.5881754e+08
919.3 5.5784822e+08
919.4 5.5619887e+08
919.5 5.5362608e+08
919.6 5.4982796e+08
919.7 5.4445943e+08
919.8 5.371569e+08
919.9 5.2757025e+08
920 5.1539909e+08
920.1 5.0042987e+08
920.2 4.8257034e+08
920.3 4.6187839e+08
920.4 4.3858333e+08
920.5 4.1309899e+08
920.6 3.8602979e+08
920.7 3.5817227e+08
920.8 3.3051514e+08
920.9 3.0423787e+08
921 2.8069866e+08
921.1 2.6138425e+08
921.2 2.4777407e+08
921.3 2.410853e+08
921.4 2.4195925e+08
921.5 2.5027509e+08
921.6 2.6524446e+08
921.7 2.8571433e+08
921.8 3.1046262e+08
921.9 3.3835408e+08
922 3.6836435e+08
922.1 3.9953493e+08
922.2 4.3091135e+08
922.3 4.6149267e+08
922.4 4.9020431e+08
922.5 5.1589801e+08
922.6 5.3737944e+08
922.7 5.5346171e+08
922.8 5.6304126e+08
922.9 5.651908e+08
923 5.5926268e+08
923.1 5.4499531e+08
923.2 5.2261642e+08
923.3 4.929401e+08
923.4 4.5745975e+08
923.5 4.1844201e+08
923.6 3.7901642e+08
923.7 3.4319503e+08
923.8 3.1559497e+08
923.9 3.0045609e+08
924 2.9991457e+08
924.1 3.1278186e+08
924.2 3.352734e+08
924.3 3.6293315e+08
924.4 3.92014e+08
924.5 4.1988464e+08
924.6 4.449233e+08
924.7 4.6628347e+08
924.8 4.8367699e+08
924.9 4.9720216e+08
925 5.072116e+08
925.1 5.1420992e+08
925.2 5.1877396e+08
925.3 5.2149072e+08
925.4 5.2291003e+08
925.5 5.2351031e+08
925.6 5.2367612e+08
925.7 5.2368695e+08
925.8 5.2371623e+08
925.9 5.2383958e+08
926 5.2405068e+08
926.1 5.2428291e+08
926.2 5.2443423e+08
926.3 5.2439301e+08
926.4 5.2406211e+08
926.5 5.2337878e+08
926.6 5.2232853e+08
926.7 5.2095107e+08
926.8 5.1933773e+08
926.9 5.1762043e+08
927 5.1595356e+08
927.1 5.1449137e+08
927.2 5.1336428e+08
927.3 5.1265799e+08
927.4 5.1239881e+08
927.5 5.1254735e+08
927.6 5.1300103e+08
927.7 5.136045e+08
927.8 5.1416538e+08
927.9 5.1447283e+08
928 5.1431613e+08
928.1 5.1350155e+08
928.2 5.1186612e+08
928.3 5.0928783e+08
928.4 5.0569184e+08
928.5 5.0105302e+08
928.6 4.9539456e+08
928.7 4.8878331e+08
928.8 4.8132183e+08
928.9 4.73138e+08
929 4.6437286e+08
929.1 4.5516776e+08
929.2 4.4565211e+08
929.3 4.3593288e+08
929.4 4.2608708e+08
929.5 4.1615802e+08
929.6 4.0615603e+08
929.7 3.9606336e+08
929.8 3.8584331e+08
929.9 3.7545238e+08
930 3.6485455e+08
930.1 3.540361e+08
930.2 3.4301905e+08
930.3 3.3187095e+08
930.4 3.2070877e+08
930.5 3.0969451e+08
930.6 2.9902122e+08
930.7 2.8888963e+08
930.8 2.7947842e+08
930.9 2.7091376e+08
931 2.6324566e+08
931.1 2.564382e+08
931.2 2.5037724e+08
931.3 2.4489365e+08
931.4 2.3979541e+08
931.5 2.3489963e+08
931.6 2.3005708e+08
931.7 2.2516527e+08
931.8 2.2016996e+08
931.9 2.150581e+08
932 2.0984628e+08
932.1 2.0456896e+08
932.2 1.9926944e+08
932.3 1.9399585e+08
932.4 1.8880265e+08
932.5 1.8375748e+08
932.6 1.7895246e+08
932.7 1.7451866e+08
932.8 1.706416e+08
932.9 1.6757491e+08
933 1.6564729e+08
933.1 1.6525641e+08
933.2 1.6684299e+08
933.3 1.7084297e+08
933.4 1.7762488e+08
933.5 1.874304e+08
933.6 2.0033784e+08
933.7 2.1625758e+08
933.8 2.349529e+08
933.9 2.5607131e+08
934 2.7917386e+08
934.1 3.0375733e+08
934.2 3.2927e+08
934.3 3.5512484e+08
934.4 3.8071348e+08
934.5 4.0542386e+08
934.6 4.2866286e+08
934.7 4.4988368e+08
934.8 4.686166e+08
934.9 4.8450012e+08
935 4.9730873e+08
935.1 5.069728e+08
935.2 5.1358634e+08
935.3 5.1739962e+08
935.4 5.1879545e+08
935.5 5.1825105e+08
935.6 5.1628994e+08
935.7 5.134308e+08
935.8 5.1014101e+08
935.9 5.0680194e+08
936 5.0369021e+08
936.1 5.0097592e+08
936.2 4.9873489e+08
936.3 4.9697007e+08
936.4 4.9563617e+08
936.5 4.9466248e+08
936.6 4.9397091e+08
936.7 4.934879e+08
936.8 4.9315067e+08
936.9 4.9290924e+08
937 4.9272591e+08
937.1 4.9257366e+08
937.2 4.9243452e+08
937.3 4.9229813e+08
937.4 4.9216024e+08
937.5 4.9202073e+08
937.6 4.9188048e+08
937.7 4.9173703e+08
937.8 4.9157934e+08
937.9 4.9138236e+08
938 4.9110264e+08
938.1 4.9067619e+08
938.2 4.9001961e+08
938.3 4.8903486e+08
938.4 4.8761755e+08
938.5 4.8566773e+08
938.6 4.8310187e+08
938.7 4.7986431e+08
938.8 4.7593652e+08
938.9 4.7134298e+08
939 4.661526e+08
939.1 4.6047565e+08
939.2 4.5445626e+08
939.3 4.4826158e+08
939.4 4.4206861e+08
939.5 4.3605049e+08
939.6 4.3036363e+08
939.7 4.2513734e+08
939.8 4.2046689e+08
939.9 4.1641067e+08
940 4.1299121e+08
940.1 4.1019949e+08
940.2 4.0800144e+08
940.3 4.0634539e+08
940.4 4.0516943e+08
940.5 4.0440761e+08
940.6 4.0399473e+08
940.7 4.0386931e+08
940.8 4.0397509e+08
940.9 4.0426115e+08
941 4.0468131e+08
941.1 4.0519317e+08
941.2 4.0575698e+08
941.3 4.0633496e+08
941.4 4.0689082e+08
941.5 4.0738977e+08
941.6 4.0779902e+08
941.7 4.0808876e+08
941.8 4.0823398e+08
941.9 4.0821743e+08
942 4.0803433e+08
942.1 4.0769939e+08
942.2 4.0725659e+08
942.3 4.0679169e+08
942.4 4.0644645e+08
942.5 4.0643259e+08
942.6 4.0704148e+08
942.7 4.086441e+08
942.8 4.1167482e+08
942.9 4.165931e+08
943 4.2382149e+08
943.1 4.3366523e+08
943.2 4.4622769e+08
943.3 4.613409e+08
943.4 4.7852856e+08
943.5 4.9701023e+08
943.6 5.1574373e+08
943.7 5.3349565e+08
943.8 5.4892746e+08
943.9 5.6068725e+08
944 5.6749988e+08
944.1 5.68251e+08
944.2 5.6206103e+08
944.3 5.483458e+08
944.4 5.2686065e+08
944.5 4.9772585e+08
944.6 4.6143314e+08
944.7 4.1883675e+08
944.8 3.7113789e+08
944.9 3.1988266e+08
945 2.6701703e+08
945.1 2.1510143e+08
945.2 1.6792402e+08
945.3 1.3183232e+08
945.4 1.1616929e+08
945.5 1.2547758e+08
945.6 1.5167957e+08
945.7 1.8441756e+08
945.8 2.1790732e+08
945.9 2.495502e+08
946 2.7825078e+08
946.1 3.0362657e+08
946.2 3.2565546e+08
946.3 3.4450033e+08
946.4 3.6041051e+08
946.5 3.7366248e+08
946.6 3.8452431e+08
946.7 3.9323688e+08
946.8 4.0000717e+08
946.9 4.0501033e+08
947 4.0839762e+08
947.1 4.1030769e+08
947.2 4.1087911e+08
947.3 4.1026243e+08
947.4 4.086306e+08
947.5 4.0618642e+08
947.6 4.031662e+08
947.7 3.9983877e+08
947.8 3.9649918e+08
947.9 3.9345673e+08
948 3.9101774e+08
948.1 3.894644e+08
948.2 3.8903199e+08
948.3 3.8988817e+08
948.4 3.9211789e+08
948.5 3.9571713e+08
948.6 4.0059696e+08
948.7 4.0659695e+08
948.8 4.1350522e+08
948.9 4.2108134e+08
949 4.2907817e+08
949.1 4.3725984e+08
949.2 4.4541431e+08
949.3 4.5336004e+08
949.4 4.6094763e+08
949.5 4.6805762e+08
949.6 4.7459599e+08
949.7 4.8048888e+08
949.8 4.8567754e+08
949.9 4.9011447e+08
950 4.9376089e+08
950.1 4.9658576e+08
950.2 4.9856613e+08
950.3 4.996885e+08
950.4 4.9995115e+08
950.5 4.9936688e+08
950.6 4.9796606e+08
950.7 4.9579959e+08
950.8 4.9294128e+08
950.9 4.8948924e+08
951 4.8556562e+08
951.1 4.8131426e+08
951.2 4.7689578e+08
951.3 4.7248016e+08
951.4 4.68237e+08
951.5 4.6432428e+08
951.6 4.6087688e+08
951.7 4.5799623e+08
951.8 4.5574263e+08
951.9 4.5413136e+08
952 4.5313316e+08
952.1 4.5267896e+08
952.2 4.5266798e+08
952.3 4.5297797e+08
952.4 4.5347624e+08
952.5 4.5403005e+08
952.6 4.5451555e+08
952.7 4.5482464e+08
952.8 4.5486954e+08
952.9 4.5458523e+08
953 4.5392999e+08
953.1 4.5288468e+08
953.2 4.51451e+08
953.3 4.496493e+08
953.4 4.4751636e+08
953.5 4.4510306e+08
953.6 4.4247234e+08
953.7 4.3969702e+08
953.8 4.3685746e+08
953.9 4.3403879e+08
954 4.3132753e+08
954.1 4.2880766e+08
954.2 4.2655619e+08
954.3 4.2463877e+08
954.4 4.2310563e+08
954.5 4.2198854e+08
954.6 4.2129921e+08
954.7 4.2102936e+08
954.8 4.2115259e+08
954.9 4.2162764e+08
955 4.2240275e+08
955.1 4.2342038e+08
955.2 4.2462176e+08
955.3 4.2595073e+08
955.4 4.2735653e+08
955.5 4.2879549e+08
955.6 4.3023156e+08
955.7 4.3163601e+08
955.8 4.3298661e+08
955.9 4.342666e+08
956 4.3546377e+08
956.1 4.3656978e+08
956.2 4.3757977e+08
956.3 4.3849226e+08
956.4 4.3930916e+08
956.5 4.400357e+08
956.6 4.4068028e+08
956.7 4.4125406e+08
956.8 4.4177037e+08
956.9 4.4224396e+08
957 4.4269021e+08
957.1 4.431243e+08
957.2 4.4356041e+08
957.3 4.4401096e+08
957.4 4.4448584e+08
957.5 4.4499172e+08
957.6 4.4553133e+08
957.7 4.4610277e+08
957.8 4.4669905e+08
957.9 4.4730782e+08
958 4.4791156e+08
958.1 4.4848828e+08
958.2 4.4901278e+08
958.3 4.4945862e+08
958.4 4.4980065e+08
958.5 4.5001801e+08
958.6 4.5009745e+08
958.7 4.500366e+08
958.8 4.4984689e+08
958.9 4.4955589e+08
959 4.4920842e+08
959.1 4.4886627e+08
959.2 4.4860604e+08
959.3 4.48515e+08
959.4 4.4868483e+08
959.5 4.4920359e+08
959.6 4.5014637e+08
959.7 4.5156556e+08
959.8 4.5348163e+08
959.9 4.5587571e+08
960 4.5868468e+08
960.1 4.6179963e+08
960.2 4.6506775e+08
960.3 4.6829746e+08
960.4 4.7126638e+08
960.5 4.7373122e+08
960.6 4.7543887e+08
960.7 4.7613803e+08
960.8 4.7559079e+08
960.9 4.7358398e+08
961 4.699402e+08
961.1 4.645288e+08
961.2 4.5727736e+08
961.3 4.4818397e+08
961.4 4.3733122e+08
961.5 4.2490194e+08
961.6 4.1119661e+08
961.7 3.9665086e+08
961.8 3.8184949e+08
961.9 3.6752996e+08
962 3.5456394e+08
962.1 3.4390273e+08
962.2 3.3647541e+08
962.3 3.3304466e+08
962.4 3.3405438e+08
962.5 3.3952663e+08
962.6 3.4905653e+08
962.7 3.6190764e+08
962.8 3.7716268e+08
962.9 3.9387186e+08
963 4.1116226e+08
963.1 4.2829978e+08
963.2 4.4471239e+08
963.3 4.5998776e+08
963.4 4.7385673e+08
963.5 4.861704e+08
963.6 4.9687562e+08
963.7 5.0599145e+08
963.8 5.1358793e+08
963.9 5.197679e+08
964 5.2465197e+08
964.1 5.2836696e+08
964.2 5.3103775e+08
964.3 5.3278261e+08
964.4 5.3371188e+08
964.5 5.3392936e+08
964.6 5.3353574e+08
964.7 5.3263282e+08
964.8 5.3132713e+08
964.9 5.2973175e+08
965 5.2796538e+08
965.1 5.2614832e+08
965.2 5.2439608e+08
965.3 5.2281162e+08
965.4 5.2147798e+08
965.5 5.2045277e+08
965.6 5.1976541e+08
965.7 5.1941755e+08
965.8 5.1938588e+08
965.9 5.1962645e+08
966 5.2007929e+08
966.1 5.2067269e+08
966.2 5.2132674e+08
966.3 5.2195664e+08
966.4 5.2247615e+08
966.5 5.2280205e+08
966.6 5.2285976e+08
966.7 5.2259006e+08
966.8 5.2195619e+08
966.9 5.2095034e+08
967 5.1959841e+08
967.1 5.1796189e+08
967.2 5.1613632e+08
967.3 5.1424617e+08
967.4 5.1243629e+08
967.5 5.1086098e+08
967.6 5.096717e+08
967.7 5.0900469e+08
967.8 5.0896998e+08
967.9 5.0964266e+08
968 5.1105736e+08
968.1 5.1320632e+08
968.2 5.1604094e+08
968.3 5.194764e+08
968.4 5.2339879e+08
968.5 5.2767374e+08
968.6 5.3215576e+08
968.7 5.3669751e+08
968.8 5.411582e+08
968.9 5.4541072e+08
969 5.4934709e+08
969.1 5.5288211e+08
969.2 5.5595515e+08
969.3 5.5853022e+08
969.4 5.605946e+08
969.5 5.6215617e+08
969.6 5.6323995e+08
969.7 5.6388412e+08
969.8 5.6413584e+08
969.9 5.640473e+08
970 5.6367212e+08
970.1 5.6306238e+08
970.2 5.6226633e+08
970.3 5.6132684e+08
970.4 5.6028052e+08
970.5 5.5915749e+08
970.6 5.579816e+08
970.7 5.5677116e+08
970.8 5.5553996e+08
970.9 5.5429858e+08
971 5.5305592e+08
971.1 5.5182086e+08
971.2 5.5060393e+08
971.3 5.4941889e+08
971.4 5.4828385e+08
971.5 5.4722203e+08
971.6 5.4626166e+08
971.7 5.4543509e+08
971.8 5.447771e+08
971.9 5.443224e+08
972 5.4410276e+08
972.1 5.441439e+08
972.2 5.4446254e+08
972.3 5.4506389e+08
972.4 5.4593975e+08
972.5 5.4706725e+08
972.6 5.4840847e+08
972.7 5.4991057e+08
972.8 5.5150685e+08
972.9 5.5311847e+08
973 5.5465697e+08
973.1 5.5602774e+08
973.2 5.5713417e+08
973.3 5.5788261e+08
973.4 5.5818782e+08
973.5 5.5797847e+08
973.6 5.5720249e+08
973.7 5.5583149e+08
973.8 5.538641e+08
973.9 5.5132747e+08
974 5.4827691e+08
974.1 5.4479339e+08
974.2 5.4097905e+08
974.3 5.369509e+08
974.4 5.328333e+08
974.5 5.2874957e+08
974.6 5.2481362e+08
974.7 5.2112216e+08
974.8 5.1774813e+08
974.9 5.1473596e+08
975 5.120991e+08
975.1 5.0982001e+08
975.2 5.0785265e+08
975.3 5.0612726e+08
975.4 5.0455691e+08
975.5 5.0304539e+08
975.6 5.0149565e+08
975.7 4.9981841e+08
975.8 4.9794068e+08
975.9 4.958142e+08
976 4.9342401e+08
976.1 4.9079717e+08
976.2 4.8801105e+08
976.3 4.8519989e+08
976.4 4.8255672e+08
976.5 4.8032716e+08
976.6 4.7879127e+08
976.7 4.7823182e+08
976.8 4.7889097e+08
976.9 4.8092275e+08
977 4.8435295e+08
977.1 4.8905913e+08
977.2 4.9477851e+08
977.3 5.0114339e+08
977.4 5.07735e+08
977.5 5.1414181e+08
977.6 5.2000868e+08
977.7 5.2506779e+08
977.8 5.2914793e+08
977.9 5.3216416e+08
978 5.3409308e+08
978.1 5.3494047e+08
978.2 5.3470788e+08
978.3 5.3336349e+08
978.4 5.308213e+08
978.5 5.2693062e+08
978.6 5.2147645e+08
978.7 5.1418989e+08
978.8 5.0476699e+08
978.9 4.9289383e+08
979 4.7827571e+08
979.1 4.606685e+08
979.2 4.399108e+08
979.3 4.1595622e+08
979.4 3.8890599e+08
979.5 3.5904358e+08
979.6 3.2687528e+08
979.7 2.9318415e+08
979.8 2.5910982e+08
979.9 2.2626819e+08
980 1.9690096e+08
980.1 1.7392251e+08
980.2 1.6043111e+08
980.3 1.5821978e+08
980.4 1.6624935e+08
980.5 1.8114301e+08
980.6 1.9910651e+08
980.7 2.1712096e+08
980.8 2.3311302e+08
980.9 2.4576226e+08
981 2.54305e+08
981.1 2.5840582e+08
981.2 2.5808341e+08
981.3 2.5366897e+08
981.4 2.4578304e+08
981.5 2.3532119e+08
981.6 2.2344002e+08
981.7 2.1152786e+08
981.8 2.0112935e+08
981.9 1.9377974e+08
982 1.9072705e+08
982.1 1.9261837e+08
982.2 1.9933608e+08
982.3 2.1011552e+08
982.4 2.2385778e+08
982.5 2.3943484e+08
982.6 2.558701e+08
982.7 2.7239974e+08
982.8 2.884662e+08
982.9 3.0368514e+08
983 3.1780788e+08
983.1 3.306878e+08
983.2 3.42253e+08
983.3 3.5248521e+08
983.4 3.6140404e+08
983.5 3.6905564e+08
983.6 3.7550494e+08
983.7 3.8083074e+08
983.8 3.8512293e+08
983.9 3.8848115e+08
984 3.9101447e+08
984.1 3.9284125e+08
984.2 3.9408872e+08
984.3 3.9489175e+08
984.4 3.9539036e+08
984.5 3.9572589e+08
984.6 3.9603615e+08
984.7 3.9645002e+08
984.8 3.9708246e+08
984.9 3.9803072e+08
985 3.9937244e+08
985.1 4.0116567e+08
985.2 4.0345021e+08
985.3 4.0624944e+08
985.4 4.0957109e+08
985.5 4.1340633e+08
985.6 4.1772655e+08
985.7 4.2247849e+08
985.8 4.2757875e+08
985.9 4.3290937e+08
986 4.38316e+08
986.1 4.4360987e+08
986.2 4.4857389e+08
986.3 4.5297259e+08
986.4 4.5656487e+08
986.5 4.5911824e+08
986.6 4.6042298e+08
986.7 4.6030521e+08
986.8 4.5863771e+08
986.9 4.5534791e+08
987 4.5042283e+08
987.1 4.4391068e+08
987.2 4.3591941e+08
987.3 4.2661222e+08
987.4 4.1620046e+08
987.5 4.0493445e+08
987.6 3.9309268e+08
987.7 3.8097024e+08
987.8 3.6886709e+08
987.9 3.5707709e+08
988 3.4587825e+08
988.1 3.3552486e+08
988.2 3.2624165e+08
988.3 3.1822013e+08
988.4 3.1161694e+08
988.5 3.0655369e+08
988.6 3.0311785e+08
988.7 3.0136392e+08
988.8 3.0131409e+08
988.9 3.0295771e+08
989 3.0624922e+08
989.1 3.1110447e+08
989.2 3.1739574e+08
989.3 3.2494643e+08
989.4 3.3352642e+08
989.5 3.4284944e+08
989.6 3.525735e+08
989.7 3.623053e+08
989.8 3.7160911e+08
989.9 3.8002003e+08
990 3.8706108e+08
990.1 3.9226318e+08
990.2 3.9518677e+08
990.3 3.954435e+08
990.4 3.9271687e+08
990.5 3.8678098e+08
990.6 3.7751724e+08
990.7 3.6493027e+08
990.8 3.4916514e+08
990.9 3.3053027e+08
991 3.0953203e+08
991.1 2.8692907e+08
991.2 2.6381468e+08
991.3 2.4172551e+08
991.4 2.2273573e+08
991.5 2.0939551e+08
991.6 2.042594e+08
991.7 2.0893331e+08
991.8 2.2326328e+08
991.9 2.45497e+08
992 2.7318719e+08
992.1 3.0396069e+08
992.2 3.3582768e+08
992.3 3.6720687e+08
992.4 3.9686486e+08
992.5 4.2385635e+08
992.6 4.4748535e+08
992.7 4.672841e+08
992.8 4.8300171e+08
992.9 4.9459508e+08
993 5.0221646e+08
993.1 5.0619377e+08
993.2 5.0700177e+08
993.3 5.0522405e+08
993.4 5.015078e+08
993.5 4.9651488e+08
993.6 4.9087407e+08
993.7 4.8513961e+08
993.8 4.7976091e+08
993.9 4.7506632e+08
994 4.7126183e+08
994.1 4.6844285e+08
994.2 4.6661506e+08
994.3 4.6571963e+08
994.4 4.6565814e+08
994.5 4.6631395e+08
994.6 4.6756826e+08
994.7 4.6931063e+08
994.8 4.7144464e+08
994.9 4.7388982e+08
995 4.7658129e+08
995.1 4.7946794e+08
995.2 4.8251018e+08
995.3 4.8567749e+08
995.4 4.8894628e+08
995.5 4.9229783e+08
995.6 4.9571634e+08
995.7 4.9918696e+08
995.8 5.0269369e+08
995.9 5.0621705e+08
996 5.0973174e+08
996.1 5.1320446e+08
996.2 5.165923e+08
996.3 5.1984211e+08
996.4 5.2289152e+08
996.5 5.2567177e+08
996.6 5.2811269e+08
996.7 5.3014968e+08
996.8 5.3173192e+08
996.9 5.3283082e+08
997 5.334473e+08
997.1 5.3361621e+08
997.2 5.3340661e+08
997.3 5.3291698e+08
997.4 5.3226553e+08
997.5 5.3157671e+08
997.6 5.3096598e+08
997.7 5.3052544e+08
997.8 5.3031271e+08
997.9 5.3034469e+08
998 5.3059643e+08
998.1 5.3100429e+08
998.2 5.3147131e+08
998.3 5.3187268e+08
998.4 5.3205924e+08
998.5 5.3185812e+08
998.6 5.3107027e+08
998.7 5.2946589e+08
998.8 5.2677942e+08
998.9 5.2270625e+08
999 5.1690317e+08
999.1 5.0899446e+08
999.2 4.9858464e+08
999.3 4.8527802e+08
999.4 4.6870414e+08
999.5 4.4854732e+08
999.6 4.2457729e+08
999.7 3.9667803e+08
999.8 3.6487105e+08
999.9 3.2933044e+08
1000 2.9038725e+08

