0.1 1.0009307
0.2 1.0030684
0.3 1.0063733
0.4 1.0107939
0.5 1.0162684
0.6 1.0227246
0.7 1.030078
0.8 1.0382284
0.9 1.047055
1 1.0564116
1.1 1.06622
1.2 1.0761741
1.3 1.0860265
1.4 1.0955041
1.5 1.1043207
1.6 1.1121958
1.7 1.1188801
1.8 1.1241853
1.9 1.1280179
2 1.130412
2.1 1.1315604
2.2 1.1318397
2.3 1.1318268
2.4 1.1323047
2.5 1.1342556
2.6 1.1388422
2.7 1.1473761
2.8 1.1612767
2.9 1.1820243
3 1.21111
3.1 1.2499885
3.2 1.3000358
3.3 1.3625151
3.4 1.4385494
3.5 1.5291029
3.6 1.6349671
3.7 1.7567527
3.8 1.8948868
3.9 2.0496141
4 2.2192241
4.1 2.4050692
4.2 2.6068949
4.3 2.8242917
4.4 3.0566898
4.5 3.3033427
4.6 3.5632985
4.7 3.8353589
4.8 4.1180293
4.9 4.4094666
5 4.7074334
5.1 5.0092709
5.2 5.3119031
5.3 5.6118822
5.4 5.905485
5.5 6.1888597
5.6 6.4582185
5.7 6.7100617
5.8 6.9414096
5.9 7.150015
6 7.3345252
6.1 7.4945708
6.2 7.6307615
6.3 7.7445938
6.4 7.8382809
6.5 7.9145373
6.6 7.9763508
6.7 8.026778
6.8 8.0687865
6.9 8.1051576
7 8.1384498
7.1 8.1710134
7.2 8.2050432
7.3 8.2426539
7.4 8.2859623
7.5 8.3371642
7.6 8.3985924
7.7 8.4727458
7.8 8.5622817
7.9 8.6699678
8 8.7985958
8.1 8.9525141
8.2 9.1330873
8.3 9.3424727
8.4 9.5823189
8.5 9.8536739
8.6 10.156939
8.7 10.491871
8.8 10.857622
8.9 11.25282
9 11.675646
9.1 12.123927
9.2 12.595194
9.3 13.086723
9.4 13.595528
9.5 14.118315
9.6 14.651403
9.7 15.190614
9.8 15.731144
9.9 16.267449
10 16.793165
10.1 17.301089
10.2 17.783265
10.3 18.231195
10.4 18.636194
10.5 18.98991
10.6 19.284974
10.7 19.515758
10.8 19.679154
10.9 19.775287
11 19.808043
11.1 19.78528
11.2 19.718621
11.3 19.622766
11.4 19.514327
11.5 19.410287
11.6 19.326299
11.7 19.275062
11.8 19.265063
11.9 19.299862
12 19.377967
12.1 19.49325
12.2 19.635719
12.3 19.792504
12.4 19.94895
12.5 20.089778
12.6 20.200337
12.7 20.267949
12.8 20.283329
12.9 20.241997
13 20.145534
13.1 20.002475
13.2 19.828601
13.3 19.646333
13.4 19.483013
13.5 19.367956
13.6 19.328471
13.7 19.385491
13.8 19.549793
13.9 19.819914
14 20.182403
14.1 20.614311
14.2 21.087109
14.3 21.570978
14.4 22.038555
14.5 22.467632
14.6 22.842645
14.7 23.155057
14.8 23.402834
14.9 23.589272
15 23.721423
15.1 23.808369
15.2 23.859576
15.3 23.883506
15.4 23.886677
15.5 23.873268
15.6 23.845349
15.7 23.803739
15.8 23.749432
15.9 23.685466
16 23.619634
16.1 23.564203
16.2 23.539376
16.3 23.573282
16.4 23.701231
16.5 23.963312
16.6 24.400316
16.7 25.04847
16.8 25.934044
16.9 27.069136
17 28.449605
17.1 30.05536
17.2 31.852435
17.3 33.795947
17.4 35.833189
17.5 37.906489
17.6 39.95582
17.7 41.92128
17.8 43.745638
17.9 45.377003
18 46.771612
18.1 47.896593
18.2 48.7325
18.3 49.275327
18.4 49.537724
18.5 49.549128
18.6 49.354551
18.7 49.011885
18.8 48.587616
18.9 48.15103
19 47.767141
19.1 47.488808
19.2 47.348876
19.3 47.353462
19.4 47.47777
19.5 47.665736
19.6 47.834531
19.7 47.884401
19.8 47.713961
19.9 47.240825
20 46.427436
20.1 45.311637
20.2 44.039785
20.3 42.894252
20.4 42.293667
20.5 42.729001
20.6 44.615743
20.7 48.125902
20.8 53.127004
20.9 59.265016
21 66.09796
21.1 73.193028
21.2 80.173036
21.3 86.731679
21.4 92.634728
21.5 97.715488
21.6 101.8677
21.7 105.03716
21.8 107.21277
21.9 108.41774
22 108.70135
22.1 108.13176
22.2 106.79011
22.3 104.76593
22.4 102.15378
22.5 99.051052
22.6 95.556655
22.7 91.770426
22.8 87.793006
22.9 83.726004
23 79.672216
23.1 75.73566
23.2 72.021153
23.3 68.633102
23.4 65.673219
23.5 63.236966
23.6 61.408891
23.7 60.257515
23.8 59.830928
23.9 60.154361
24 61.230332
24.1 63.040855
24.2 65.550162
24.3 68.706271
24.4 72.440465
24.5 76.664971
24.6 81.270002
24.7 86.121782
24.8 91.062949
24.9 95.91624
25 100.49163
25.1 104.59642
25.2 108.04728
25.3 110.6828
25.4 112.37534
25.5 113.04099
25.6 112.64682
25.7 111.2152
25.8 108.82516
25.9 105.61083
26 101.75696
26.1 97.49128
26.2 93.072521
26.3 88.772909
26.4 84.853749
26.5 81.534808
26.6 78.962088
26.7 77.183326
26.8 76.141974
26.9 75.694919
27 75.649164
27.1 75.805564
27.2 75.9982
27.3 76.12347
27.4 76.158214
27.5 76.168214
27.6 76.307535
27.7 76.806926
27.8 77.948092
27.9 80.022642
28 83.281514
28.1 87.889497
28.2 93.901488
28.3 101.26746
28.4 109.85872
28.5 119.50088
28.6 130.00194
28.7 141.17103
28.8 152.82816
28.9 164.80763
29 176.95754
29.1 189.13717
29.2 201.21354
29.3 213.0579
29.4 224.54268
29.5 235.53953
29.6 245.9185
29.7 255.54895
29.8 264.30235
29.9 272.05709
30 278.70531
30.1 284.16157
30.2 288.3727
30.3 291.32805
30.4 293.06856
30.5 293.69301
30.6 293.35922
30.7 292.27833
30.8 290.70072
30.9 288.89361
31 287.11228
31.1 285.56949
31.2 284.40857
31.3 283.68658
31.4 283.37074
31.5 283.34841
31.6 283.44679
31.7 283.45675
31.8 283.15563
31.9 282.32594
32 280.74951
32.1 278.25826
32.2 274.71945
32.3 270.05
32.4 264.22513
32.5 257.28549
32.6 249.34074
32.7 240.5679
32.8 231.20265
32.9 221.52312
33 211.82635
33.1 202.39928
33.2 193.48775
33.3 185.26869
33.4 177.83173
33.5 171.1762
33.6 165.2273
33.7 159.87246
33.8 155.01625
33.9 150.65177
34 146.94462
34.1 144.31872
34.2 143.51312
34.3 145.54865
34.4 151.53577
34.5 162.33551
34.6 178.23689
34.7 198.84572
34.8 223.20274
34.9 249.99004
35 277.7066
35.1 304.78576
35.2 329.67355
35.3 350.8887
35.4 367.07434
35.5 377.04355
35.6 379.81714
35.7 374.65237
35.8 361.06192
35.9 338.82579
36 308.00367
36.1 268.9683
36.2 222.52116
36.3 170.32355
36.4 116.80798
36.5 79.119685
36.6 97.846467
36.7 161.38522
36.8 240.35078
36.9 326.17875
37 416.0072
37.1 508.31115
37.2 601.98975
37.3 696.1185
37.4 789.86692
37.5 882.46835
37.6 973.20957
37.7 1061.4283
37.8 1146.5129
37.9 1227.9004
38 1305.0701
38.1 1377.5325
38.2 1444.8139
38.3 1506.4403
38.4 1561.9273
38.5 1610.781
38.6 1652.5196
38.7 1686.7164
38.8 1713.0671
38.9 1731.4738
39 1742.138
39.1 1745.6452
39.2 1743.0272
39.3 1735.7846
39.4 1725.8568
39.5 1715.5344
39.6 1707.3188
39.7 1703.7501
39.8 1707.2378
39.9 1719.9373
40 1743.7105
40.1 1780.187
40.2 1830.9088
40.3 1897.5143
40.4 1981.9023
40.5 2086.3231
40.6 2213.3715
40.7 2365.8851
40.8 2546.7881
40.9 2758.9366
41 3005.0254
41.1 3287.5865
41.2 3609.0648
41.3 3971.9014
41.4 4378.5113
41.5 4831.0434
41.6 5330.8519
41.7 5877.7052
41.8 6468.8562
41.9 7098.171
42 7755.5168
42.1 8426.5526
42.2 9092.9733
42.3 9733.1741
42.4 10323.249
42.5 10838.218
42.6 11253.404
42.7 11545.9
42.8 11696.137
42.9 11689.639
43 11519.134
43.1 11187.415
43.2 10711.545
43.3 10129.411
43.4 9509.6805
43.5 8964.4292
43.6 8655.9431
43.7 8773.9676
43.8 9465.7234
43.9 10767.862
44 12617.036
44.1 14913.202
44.2 17564.514
44.3 20500.152
44.4 23668.427
44.5 27031.877
44.6 30562.937
44.7 34240.53
44.8 38047.21
44.9 41966.613
45 45981.123
45.1 50069.874
45.2 54207.287
45.3 58362.328
45.4 62498.616
45.5 66575.342
45.6 70548.86
45.7 74374.668
45.8 78009.491
45.9 81413.187
46 84550.272
46.1 87390.971
46.2 89911.782
46.3 92095.647
46.4 93931.809
46.5 95415.511
46.6 96547.631
46.7 97334.343
46.8 97786.87
46.9 97921.345
47 97758.783
47.1 97325.13
47.2 96651.311
47.3 95773.206
47.4 94731.412
47.5 93570.685
47.6 92338.933
47.7 91085.677
47.8 89859.974
47.9 88707.896
48 87669.776
48.1 86777.571
48.2 86052.746
48.3 85505.072
48.4 85132.612
48.5 84922.941
48.6 84855.413
48.7 84904.065
48.8 85040.662
48.9 85237.396
49 85468.868
49.1 85713.193
49.2 85952.232
49.3 86171.138
49.4 86357.524
49.5 86500.569
49.6 86590.4
49.7 86617.964
49.8 86575.51
49.9 86457.64
50 86262.785
50.1 85994.844
50.2 85664.686
50.3 85291.168
50.4 84901.395
50.5 84529.955
50.6 84217.012
50.7 84005.273
50.8 83936.023
50.9 84044.676
51 84356.419
51.1 84882.651
51.2 85618.808
51.3 86543.929
51.4 87621.983
51.5 88804.627
51.6 90034.88
51.7 91251.12
51.8 92390.987
51.9 93394.943
52 94209.527
52.1 94790.591
52.2 95107.031
52.3 95145.73
52.4 94918.637
52.5 94472.967
52.6 93905.463
52.7 93380.934
52.8 93153.49
52.9 93584.977
53 95149.304
53.1 98406.98
53.2 103940.03
53.3 112260.06
53.4 123728.07
53.5 138523.1
53.6 156663.23
53.7 178051.81
53.8 202521.04
53.9 229860.77
54 259833.92
54.1 292184.29
54.2 326641.9
54.3 362929.12
54.4 400769.23
54.5 439897.67
54.6 480075.77
54.7 521105.76
54.8 562845.48
54.9 605220.68
55 648232.4
55.1 691956.76
55.2 736535.31
55.3 782154.62
55.4 829016.02
55.5 877297.95
55.6 927115.71
55.7 978483.91
55.8 1031287.5
55.9 1085264.9
56 1140004.9
56.1 1194955.8
56.2 1249442.8
56.3 1302689
56.4 1353835
56.5 1401953
56.6 1446053.7
56.7 1485086.4
56.8 1517933.9
56.9 1543408.8
57 1560253.8
57.1 1567155.4
57.2 1562775.2
57.3 1545803.7
57.4 1515040.7
57.5 1469503.7
57.6 1408565.5
57.7 1332126.5
57.8 1240831.8
57.9 1136364.3
58 1021879.7
58.1 902712.34
58.2 787534.41
58.3 689917.4
58.4 628635.29
58.5 621625.05
58.6 672901.74
58.7 768955.12
58.8 890390.66
58.9 1021215.5
59 1150314.5
59.1 1270247.5
59.2 1376136.2
59.3 1465028.1
59.4 1535574.2
59.5 1587854.1
59.6 1623237.7
59.7 1644217.7
59.8 1654169.7
59.9 1657019.8
60 1656827.3
60.1 1657326.7
60.2 1661511.8
60.3 1671364.7
60.4 1687812.2
60.5 1710930.2
60.6 1740332.8
60.7 1775635.7
60.8 1816870.2
60.9 1864758.6
61 1920800.5
61.1 1987158
61.2 2066364.8
61.3 2160916.6
61.4 2272830.9
61.5 2403274.4
61.6 2552332.4
61.7 2718947.2
61.8 2901001.8
61.9 3095492
62 3298731
62.1 3506543.7
62.2 3714430.2
62.3 3917695.3
62.4 4111550.9
62.5 4291204.4
62.6 4451948.6
62.7 4589269.9
62.8 4698996.2
62.9 4777507.2
63 4822038.9
63.1 4831117.2
63.2 4805170.7
63.3 4747373.7
63.4 4664764.2
63.5 4569616.8
63.6 4480861.7
63.7 4425207.1
63.8 4433625.2
63.9 4540197.1
64 4773977.7
64.1 5151748.2
64.2 5675182.7
64.3 6333777.4
64.4 7110667.3
64.5 7987902
64.6 8949830.2
64.7 9984820
64.8 11085873
64.9 12250475
65 13479834
65.1 14777565
65.2 16147977
65.3 17594172
65.4 19116255
65.5 20709909
65.6 22365552
65.7 24068126
65.8 25797479
65.9 27529222
66 29235883
66.1 30888226
66.2 32456590
66.3 33912180
66.4 35228237
66.5 36381084
66.6 37351054
66.7 38123324
66.8 38688727
66.9 39044606
67 39195813
67.1 39155955
67.2 38948992
67.3 38611261
67.4 38193877
67.5 37765240
67.6 37412949
67.7 37243802
67.8 37380001
67.9 37949792
68 39072374
68.1 40840127
68.2 43303958
68.3 46467059
68.4 50288052
68.5 54690147
68.6 59571626
68.7 64814644
68.8 70291615
68.9 75869768
69 81414856
69.1 86794734
69.2 91883196
69.3 96564124
69.4 1.0073577e+08
69.5 1.0431485e+08
69.6 1.0724008e+08
69.7 1.094748e+08
69.8 1.1100833e+08
69.9 1.1185593e+08
70 1.1205718e+08
70.1 1.1167305e+08
70.2 1.107816e+08
70.3 1.0947302e+08
70.4 1.0784415e+08
70.5 1.0599323e+08
70.6 1.0401507e+08
70.7 1.0199716e+08
70.8 1.0001685e+08
70.9 98139420
71 96417154
71.1 94888986
71.2 93580569
71.3 92504596
71.4 91661327
71.5 91039347
71.6 90616665
71.7 90362206
71.8 90237705
71.9 90199906
72 90202934
72.1 90200646
72.2 90148830
72.3 90007128
72.4 89740639
72.5 89321203
72.6 88728376
72.7 87950133
72.8 86983324
72.9 85833870
73 84516699
73.1 83055366
73.2 81481301
73.3 79832649
73.4 78152629
73.5 76487432
73.6 74883683
73.7 73385603
73.8 72032094
73.9 70854046
74 69872209
74.1 69095908
74.2 68522731
74.3 68139062
74.4 67921095
74.5 67835793
74.6 67841224
74.7 67885906
74.8 67907089
74.9 67828324
75 67557041
75.1 66983124
75.2 65979620
75.3 64406696
75.4 62120029
75.5 58985095
75.6 54900093
75.7 49833866
75.8 43895371
75.9 37478392
76 31577649
76.1 28270143
76.2 30179762
76.3 37741016
76.4 49093288
76.5 62471065
76.6 76750986
76.7 91180107
76.8 1.0519234e+08
76.9 1.1833776e+08
77 1.3026194e+08
77.1 1.4070295e+08
77.2 1.4949249e+08
77.3 1.5655535e+08
77.4 1.6190495e+08
77.5 1.6563461e+08
77.6 1.6790478e+08
77.7 1.6892718e+08
77.8 1.6894698e+08
77.9 1.6822403e+08
78 1.670145e+08
78.1 1.6555427e+08
78.2 1.640452e+08
78.3 1.6264556e+08
78.4 1.6146523e+08
78.5 1.6056603e+08
78.6 1.5996641e+08
78.7 1.5964964e+08
78.8 1.5957379e+08
78.9 1.5968198e+08
79 1.5991169e+08
79.1 1.6020233e+08
79.2 1.6050064e+08
79.3 1.6076417e+08
79.4 1.6096309e+08
79.5 1.6108093e+08
79.6 1.6111476e+08
79.7 1.6107508e+08
79.8 1.6098537e+08
79.9 1.6088107e+08
80 1.6080712e+08
80.1 1.6081353e+08
80.2 1.6094846e+08
80.3 1.6124883e+08
80.4 1.617295e+08
80.5 1.623728e+08
80.6 1.631206e+08
80.7 1.63871e+08
80.8 1.644809e+08
80.9 1.6477424e+08
81 1.6455489e+08
81.1 1.6362198e+08
81.2 1.6178582e+08
81.3 1.5888243e+08
81.4 1.5478558e+08
81.5 1.4941563e+08
81.6 1.4274489e+08
81.7 1.3479952e+08
81.8 1.2565815e+08
81.9 1.1544756e+08
82 1.0433571e+08
82.1 92522744
82.2 80230478
82.3 67691157
82.4 55136259
82.5 42786218
82.6 30842056
82.7 19481072
82.8 8872618.6
82.9 1712848.1
83 10114321
83.1 18099035
83.2 25170562
83.3 31326492
83.4 36599431
83.5 41040635
83.6 44713773
83.7 47690501
83.8 50046896
83.9 51860548
84 53208209
84.1 54163913
84.2 54797457
84.3 55173126
84.4 55348603
84.5 55373979
84.6 55290843
84.7 55131498
84.8 54918337
84.9 54663495
85 54368877
85.1 54026651
85.2 53620297
85.3 53126246
85.4 52516156
85.5 51759869
85.6 50829104
85.7 49701998
85.8 48368588
85.9 46837305
86 45142339
86.1 43351274
86.2 41571322
86.3 39950678
86.4 38669132
86.5 37911369
86.6 37822061
86.7 38456199
86.8 39750368
86.9 41532226
87 43559914
87.1 45568005
87.2 47303240
87.3 48546825
87.4 49127541
87.5 48931272
87.6 47911969
87.7 46109015
87.8 43677036
87.9 40934420
88 38427208
88.1 36959804
88.2 37452514
88.3 40531086
88.4 46171506
88.5 53818044
88.6 62738939
88.7 72235453
88.8 81688683
88.9 90551120
89 98337027
89.1 1.046239e+08
89.2 1.0906425e+08
89.3 1.1140506e+08
89.4 1.1151313e+08
89.5 1.0940606e+08
89.6 1.0529001e+08
89.7 99606463
89.8 93087339
89.9 86800053
90 82111257
90.1 80423874
90.2 82628693
90.3 88635673
90.4 97492101
90.5 1.0792213e+08
90.6 1.1875588e+08
90.7 1.2908938e+08
90.8 1.3829263e+08
90.9 1.4597183e+08
91 1.5192659e+08
91.1 1.5611132e+08
91.2 1.5860084e+08
91.3 1.5955925e+08
91.4 1.5921162e+08
91.5 1.5781888e+08
91.6 1.5565602e+08
91.7 1.5299403e+08
91.8 1.5008557e+08
91.9 1.4715426e+08
92 1.4438712e+08
92.1 1.4193003e+08
92.2 1.3988558e+08
92.3 1.3831316e+08
92.4 1.3723093e+08
92.5 1.3661946e+08
92.6 1.3642674e+08
92.7 1.3657428e+08
92.8 1.3696393e+08
92.9 1.3748512e+08
93 1.380223e+08
93.1 1.3846223e+08
93.2 1.3870096e+08
93.3 1.3865033e+08
93.4 1.3824363e+08
93.5 1.374404e+08
93.6 1.3623001e+08
93.7 1.3463396e+08
93.8 1.3270671e+08
93.9 1.3053483e+08
94 1.2823432e+08
94.1 1.2594576e+08
94.2 1.2382697e+08
94.3 1.2204289e+08
94.4 1.2075282e+08
94.5 1.2009579e+08
94.6 1.2017593e+08
94.7 1.2105019e+08
94.8 1.2272112e+08
94.9 1.2513589e+08
95 1.2819138e+08
95.1 1.3174324e+08
95.2 1.3561632e+08
95.3 1.3961451e+08
95.4 1.4352855e+08
95.5 1.4714176e+08
95.6 1.5023413e+08
95.7 1.5258555e+08
95.8 1.5397888e+08
95.9 1.5420352e+08
96 1.5305991e+08
96.1 1.5036511e+08
96.2 1.4595969e+08
96.3 1.3971557e+08
96.4 1.3154493e+08
96.5 1.2141013e+08
96.6 1.0933507e+08
96.7 95420128
96.8 79867576
96.9 63041766
97 45667672
97.1 29717680
97.2 22236318
97.3 31415612
97.4 48545220
97.5 67262135
97.6 85672620
97.7 1.0294173e+08
97.8 1.185493e+08
97.9 1.3213279e+08
98 1.4344965e+08
98.1 1.5236793e+08
98.2 1.5886234e+08
98.3 1.6300884e+08
98.4 1.6497595e+08
98.5 1.6501239e+08
98.6 1.6343202e+08
98.7 1.6059673e+08
98.8 1.5689825e+08
98.9 1.5273922e+08
99 1.4851367e+08
99.1 1.4458678e+08
99.2 1.4127411e+08
99.3 1.3882198e+08
99.4 1.3739147e+08
99.5 1.3704992e+08
99.6 1.3777246e+08
99.7 1.3945355e+08
99.8 1.4192534e+08
99.9 1.4497791e+08
100 1.4837717e+08
100.1 1.5187807e+08
100.2 1.5523288e+08
100.3 1.5819593e+08
100.4 1.6052632e+08
100.5 1.6199036e+08
100.6 1.6236487e+08
100.7 1.6144212e+08
100.8 1.590366e+08
100.9 1.5499348e+08
101 1.4919804e+08
101.1 1.4158522e+08
101.2 1.3214802e+08
101.3 1.2094358e+08
101.4 1.0809594e+08
101.5 93794812
101.6 78290596
101.7 61887945
101.8 44946294
101.9 27933593
102 12064924
102.1 10274298
102.2 24692425
102.3 39707571
102.4 53905722
102.5 66998137
102.6 78864291
102.7 89457703
102.8 98780849
102.9 1.068719e+08
103 1.1379479e+08
103.1 1.1963107e+08
103.2 1.2447335e+08
103.3 1.2842021e+08
103.4 1.315724e+08
103.5 1.3402999e+08
103.6 1.3589002e+08
103.7 1.3724456e+08
103.8 1.3817876e+08
103.9 1.3876901e+08
104 1.3908144e+08
104.1 1.3917087e+08
104.2 1.3908064e+08
104.3 1.3884329e+08
104.4 1.3848213e+08
104.5 1.3801344e+08
104.6 1.3744894e+08
104.7 1.3679819e+08
104.8 1.360705e+08
104.9 1.3527636e+08
105 1.344281e+08
105.1 1.3354012e+08
105.2 1.3262872e+08
105.3 1.3171172e+08
105.4 1.308081e+08
105.5 1.2993761e+08
105.6 1.2912053e+08
105.7 1.2837746e+08
105.8 1.2772912e+08
105.9 1.271961e+08
106 1.267984e+08
106.1 1.2655496e+08
106.2 1.2648286e+08
106.3 1.2659648e+08
106.4 1.2690639e+08
106.5 1.274182e+08
106.6 1.2813129e+08
106.7 1.2903751e+08
106.8 1.3011987e+08
106.9 1.3135149e+08
107 1.3269493e+08
107.1 1.3410219e+08
107.2 1.3551568e+08
107.3 1.3687043e+08
107.4 1.3809765e+08
107.5 1.3912959e+08
107.6 1.3990564e+08
107.7 1.4037894e+08
107.8 1.4052308e+08
107.9 1.4033794e+08
108 1.3985369e+08
108.1 1.3913194e+08
108.2 1.3826328e+08
108.3 1.373605e+08
108.4 1.3654768e+08
108.5 1.3594601e+08
108.6 1.356585e+08
108.7 1.357563e+08
108.8 1.3626973e+08
108.9 1.3718601e+08
109 1.3845419e+08
109.1 1.3999561e+08
109.2 1.4171721e+08
109.3 1.4352469e+08
109.4 1.4533314e+08
109.5 1.4707406e+08
109.6 1.4869854e+08
109.7 1.5017722e+08
109.8 1.5149796e+08
109.9 1.5266225e+08
110 1.5368123e+08
110.1 1.5457191e+08
110.2 1.5535405e+08
110.3 1.5604779e+08
110.4 1.56672e+08
110.5 1.5724331e+08
110.6 1.5777553e+08
110.7 1.5827945e+08
110.8 1.5876279e+08
110.9 1.5923041e+08
111 1.5968452e+08
111.1 1.601251e+08
111.2 1.605502e+08
111.3 1.6095624e+08
111.4 1.6133814e+08
111.5 1.6168914e+08
111.6 1.6200043e+08
111.7 1.6226044e+08
111.8 1.6245407e+08
111.9 1.625617e+08
112 1.6255836e+08
112.1 1.6241312e+08
112.2 1.6208875e+08
112.3 1.61542e+08
112.4 1.6072443e+08
112.5 1.59584e+08
112.6 1.5806735e+08
112.7 1.5612279e+08
112.8 1.5370384e+08
112.9 1.5077301e+08
113 1.473058e+08
113.1 1.4329438e+08
113.2 1.3875085e+08
113.3 1.3370981e+08
113.4 1.2823011e+08
113.5 1.2239563e+08
113.6 1.1631498e+08
113.7 1.1012002e+08
113.8 1.0396289e+08
113.9 98011253
114 92440932
114.1 87425339
114.2 83121281
114.3 79652018
114.4 77090482
114.5 75447586
114.6 74670592
114.7 74653356
114.8 75255480
114.9 76324130
115 77712627
115.1 79292751
115.2 80960626
115.3 82637731
115.4 84268889
115.5 85818784
115.6 87267998
115.7 88609162
115.8 89843491
115.9 90977819
116 92022173
116.1 92987864
116.2 93886064
116.3 94726828
116.4 95518514
116.5 96267518
116.6 96978285
116.7 97653495
116.8 98294357
116.9 98900958
117 99472597
117.1 1.0000808e+08
117.2 1.0050593e+08
117.3 1.0096461e+08
117.4 1.0138255e+08
117.5 1.0175833e+08
117.6 1.0209063e+08
117.7 1.0237838e+08
117.8 1.0262083e+08
117.9 1.0281763e+08
118 1.0296903e+08
118.1 1.0307607e+08
118.2 1.0314082e+08
118.3 1.0316663e+08
118.4 1.0315845e+08
118.5 1.0312309e+08
118.6 1.0306947e+08
118.7 1.0300887e+08
118.8 1.0295502e+08
118.9 1.029241e+08
119 1.0293461e+08
119.1 1.0300698e+08
119.2 1.03163e+08
119.3 1.0342498e+08
119.4 1.0381475e+08
119.5 1.0435236e+08
119.6 1.0505472e+08
119.7 1.0593425e+08
119.8 1.069975e+08
119.9 1.0824409e+08
120 1.0966594e+08
120.1 1.1124694e+08
120.2 1.1296314e+08
120.3 1.1478333e+08
120.4 1.1667019e+08
120.5 1.1858167e+08
120.6 1.2047267e+08
120.7 1.222967e+08
120.8 1.2400752e+08
120.9 1.2556059e+08
121 1.2691421e+08
121.1 1.2803036e+08
121.2 1.2887525e+08
121.3 1.2941958e+08
121.4 1.2963874e+08
121.5 1.295129e+08
121.6 1.290274e+08
121.7 1.2817327e+08
121.8 1.2694828e+08
121.9 1.2535848e+08
122 1.2342029e+08
122.1 1.2116309e+08
122.2 1.1863206e+08
122.3 1.1589109e+08
122.4 1.13025e+08
122.5 1.101404e+08
122.6 1.0736412e+08
122.7 1.0483795e+08
122.8 1.0270896e+08
122.9 1.0111524e+08
123 1.0016853e+08
123.1 99937425
123.2 1.0043546e+08
123.3 1.0161812e+08
123.4 1.0338971e+08
123.5 1.0561797e+08
123.6 1.0815186e+08
123.7 1.1083817e+08
123.8 1.135343e+08
123.9 1.1611612e+08
124 1.1848146e+08
124.1 1.2055027e+08
124.2 1.2226263e+08
124.3 1.2357579e+08
124.4 1.244608e+08
124.5 1.2489962e+08
124.6 1.2488262e+08
124.7 1.2440695e+08
124.8 1.2347556e+08
124.9 1.2209687e+08
125 1.2028502e+08
125.1 1.1806036e+08
125.2 1.1545035e+08
125.3 1.1249045e+08
125.4 1.0922508e+08
125.5 1.0570852e+08
125.6 1.0200569e+08
125.7 98192580
125.8 94356362
125.9 90594637
126 87013638
126.1 83724760
126.2 80838963
126.3 78458861
126.4 76668960
126.5 75525544
126.6 75048580
126.7 75218135
126.8 75976692
126.9 77236834
127 78892103
127.1 80828349
127.2 82933486
127.3 85104671
127.4 87252856
127.5 89305167
127.6 91205671
127.7 92915023
127.8 94409345
127.9 95678576
128 96724479
128.1 97558438
128.2 98199177
128.3 98670548
128.4 98999466
128.5 99214122
128.6 99342483
128.7 99411131
128.8 99444407
128.9 99463841
129 99487833
129.1 99531565
129.2 99607107
129.3 99723727
129.4 99888348
129.5 1.0010614e+08
129.6 1.0038117e+08
129.7 1.0071708e+08
129.8 1.0111765e+08
129.9 1.0158736e+08
130 1.0213171e+08
130.1 1.0275757e+08
130.2 1.034733e+08
130.3 1.0428887e+08
130.4 1.0521593e+08
130.5 1.062677e+08
130.6 1.074588e+08
130.7 1.0880479e+08
130.8 1.1032143e+08
130.9 1.1202338e+08
131 1.1392246e+08
131.1 1.1602521e+08
131.2 1.1832993e+08
131.3 1.2082311e+08
131.4 1.2347579e+08
131.5 1.2623991e+08
131.6 1.2904545e+08
131.7 1.3179873e+08
131.8 1.3438252e+08
131.9 1.3665856e+08
132 1.3847261e+08
132.1 1.3966223e+08
132.2 1.4006687e+08
132.3 1.3953954e+08
132.4 1.3795902e+08
132.5 1.3524127e+08
132.6 1.3134866e+08
132.7 1.2629577e+08
132.8 1.2015109e+08
132.9 1.1303406e+08
133 1.0510819e+08
133.1 96570835
133.2 87641103
133.3 78547305
133.4 69515217
133.5 60758312
133.6 52470568
133.7 44822112
133.8 37957356
133.9 31994600
134 27024999
134.1 23107544
134.2 20257313
134.3 18431112
134.4 17526893
134.5 17412009
134.6 17967177
134.7 19112859
134.8 20803662
134.9 23004694
135 25669861
135.1 28731566
135.2 32100660
135.3 35671701
135.4 39329609
135.5 42955899
135.6 46433997
135.7 49653698
135.8 52514942
135.9 54931081
136 56831935
136.1 58167014
136.2 58909556
136.3 59062228
136.4 58665624
136.5 57810709
136.6 56655840
136.7 55446757
136.8 54532266
136.9 54358185
137 55414215
137.1 58124114
137.2 62721347
137.3 69188833
137.4 77294268
137.5 86673919
137.6 96905721
137.7 1.0755131e+08
137.8 1.1817494e+08
137.9 1.2835187e+08
138 1.3767423e+08
138.1 1.4575763e+08
138.2 1.5224926e+08
138.3 1.5683712e+08
138.4 1.5925969e+08
138.5 1.5931507e+08
138.6 1.5686909e+08
138.7 1.5186179e+08
138.8 1.4431218e+08
138.9 1.3432162e+08
139 1.2207688e+08
139.1 1.0785577e+08
139.2 92042338
139.3 75171988
139.4 58071738
139.5 42327781
139.6 31687355
139.7 32224390
139.8 43096933
139.9 58008322
140 73617653
140.1 88600854
140.2 1.0234324e+08
140.3 1.1451931e+08
140.4 1.2495843e+08
140.5 1.3359354e+08
140.6 1.4043643e+08
140.7 1.4556239e+08
140.8 1.490982e+08
140.9 1.5121146e+08
141 1.5210021e+08
141.1 1.519826e+08
141.2 1.5108648e+08
141.3 1.4963903e+08
141.4 1.4785694e+08
141.5 1.4593739e+08
141.6 1.4405089e+08
141.7 1.4233652e+08
141.8 1.4090014e+08
141.9 1.3981586e+08
142 1.3913031e+08
142.1 1.3886875e+08
142.2 1.3904175e+08
142.3 1.3965071e+08
142.4 1.4069102e+08
142.5 1.4215189e+08
142.6 1.440127e+08
142.7 1.462367e+08
142.8 1.4876343e+08
142.9 1.515022e+08
143 1.5432869e+08
143.1 1.5708655e+08
143.2 1.5959472e+08
143.3 1.6165988e+08
143.4 1.6309234e+08
143.5 1.6372314e+08
143.6 1.634196e+08
143.7 1.620973e+08
143.8 1.5972714e+08
143.9 1.563368e+08
144 1.5200716e+08
144.1 1.4686457e+08
144.2 1.4107015e+08
144.3 1.3480785e+08
144.4 1.2827202e+08
144.5 1.2165587e+08
144.6 1.1514122e+08
144.7 1.0888993e+08
144.8 1.0303741e+08
144.9 97688144
145 92913497
145.1 88751660
145.2 85209840
145.3 82268318
145.4 79885901
145.5 78006071
145.6 76563146
145.7 75487869
145.8 74712120
145.9 74172641
146 73813796
146.1 73589437
146.2 73463883
146.3 73412025
146.4 73418541
146.5 73476286
146.6 73583974
146.7 73743373
146.8 73956293
146.9 74221702
147 74533266
147.1 74877602
147.2 75233416
147.3 75571610
147.4 75856327
147.5 76046795
147.6 76099750
147.7 75972201
147.8 75624252
147.9 75021762
148 74138652
148.1 72958714
148.2 71476851
148.3 69699706
148.4 67645675
148.5 65344299
148.6 62835078
148.7 60165707
148.8 57389791
148.9 54564093
149 51745439
149.1 48987429
149.2 46337249
149.3 43832904
149.4 41501282
149.5 39357422
149.6 37405207
149.7 35639450
149.8 34049048
149.9 32620602
150 31341840
150.1 30204250
150.2 29204542
150.3 28344847
150.4 27631782
150.5 27074690
150.6 26683479
150.7 26466448
150.8 26428454
150.9 26569547
151 26884035
151.1 27359769
151.2 27977420
151.3 28709645
151.4 29520233
151.5 30363490
151.6 31184176
151.7 31918243
151.8 32494423
151.9 32836570
152 32866465
152.1 32506779
152.2 31683837
152.3 30329965
152.4 28385228
152.5 25798570
152.6 22528421
152.7 18543099
152.8 13821823
152.9 8361061.6
153 2297332.4
153.1 5060744.3
153.2 12739046
153.3 21178653
153.4 30298175
153.5 40032353
153.6 50300645
153.7 61002182
153.8 72014033
153.9 83191251
154 94368765
154.1 1.0536526e+08
154.2 1.1598911e+08
154.3 1.2604607e+08
154.4 1.3534844e+08
154.5 1.4372491e+08
154.6 1.5103021e+08
154.7 1.571537e+08
154.8 1.620259e+08
154.9 1.6562222e+08
155 1.6796353e+08
155.1 1.6911333e+08
155.2 1.6917203e+08
155.3 1.6826892e+08
155.4 1.6655267e+08
155.5 1.6418149e+08
155.6 1.6131371e+08
155.7 1.580996e+08
155.8 1.5467498e+08
155.9 1.5115674e+08
156 1.476404e+08
156.1 1.4419952e+08
156.2 1.4088653e+08
156.3 1.3773495e+08
156.4 1.3476226e+08
156.5 1.3197338e+08
156.6 1.2936433e+08
156.7 1.2692588e+08
156.8 1.2464685e+08
156.9 1.2251712e+08
157 1.2052991e+08
157.1 1.1868345e+08
157.2 1.1698175e+08
157.3 1.1543462e+08
157.4 1.1405678e+08
157.5 1.1286625e+08
157.6 1.1188221e+08
157.7 1.1112251e+08
157.8 1.1060116e+08
157.9 1.1032608e+08
158 1.1029728e+08
158.1 1.1050574e+08
158.2 1.1093292e+08
158.3 1.1155091e+08
158.4 1.1232309e+08
158.5 1.1320516e+08
158.6 1.1414633e+08
158.7 1.1509063e+08
158.8 1.1597823e+08
158.9 1.167468e+08
159 1.1733286e+08
159.1 1.1767324e+08
159.2 1.1770673e+08
159.3 1.1737597e+08
159.4 1.1662961e+08
159.5 1.15425e+08
159.6 1.1373122e+08
159.7 1.1153274e+08
159.8 1.0883349e+08
159.9 1.0566157e+08
160 1.0207437e+08
160.1 98163957
160.2 94062329
160.3 89945445
160.4 86034002
160.5 82587303
160.6 79885250
160.7 78194403
160.8 77720296
160.9 78559370
161 80671490
161.1 83886791
161.2 87941387
161.3 92522844
161.4 97308552
161.5 1.0199071e+08
161.6 1.0628988e+08
161.7 1.099616e+08
161.8 1.1279993e+08
161.9 1.1463997e+08
162 1.153603e+08
162.1 1.1488526e+08
162.2 1.1318683e+08
162.3 1.1028575e+08
162.4 1.0625173e+08
162.5 1.0120252e+08
162.6 95302394
162.7 88760165
162.8 81827214
162.9 74795513
163 67994250
163.1 61780786
163.2 56517029
163.3 52519429
163.4 49981008
163.5 48895675
163.6 49041417
163.7 50046868
163.8 51496934
163.9 53015352
164 54301912
164.1 55136792
164.2 55370610
164.3 54911831
164.4 53716447
164.5 51781433
164.6 49142335
164.7 45875356
164.8 42104998
164.9 38019518
165 33897378
165.1 30144043
165.2 27313784
165.3 26026402
165.4 26682028
165.5 29176418
165.6 33002560
165.7 37582181
165.8 42451428
165.9 47281041
166 51844276
166.1 55985702
166.2 59600174
166.3 62619746
166.4 65005632
166.5 66743320
166.6 67839854
166.7 68322772
166.8 68240418
166.9 67663398
167 66686848
167.1 65432881
167.2 64052060
167.3 62721961
167.4 61640076
167.5 61008317
167.6 61008372
167.7 61772012
167.8 63355904
167.9 65731602
168 68795057
168.1 72390551
168.2 76339004
168.3 80462397
168.4 84600776
168.5 88621924
168.6 92425216
168.7 95941263
168.8 99128569
168.9 1.0196813e+08
169 1.0445675e+08
169.1 1.0659986e+08
169.2 1.0840444e+08
169.3 1.0987299e+08
169.4 1.109989e+08
169.5 1.1176378e+08
169.6 1.1213703e+08
169.7 1.1207782e+08
169.8 1.1153941e+08
169.9 1.1047598e+08
170 1.0885186e+08
170.1 1.0665349e+08
170.2 1.0390378e+08
170.3 1.0067886e+08
170.4 97125717
170.5 93477796
170.6 90061676
170.7 87283389
170.8 85579992
170.9 85330814
171 86750302
171.1 89814673
171.2 94267401
171.3 99697059
171.4 1.05639e+08
171.5 1.1165753e+08
171.6 1.1739407e+08
171.7 1.2258684e+08
171.8 1.2707195e+08
171.9 1.3077405e+08
172 1.3369135e+08
172.1 1.3587809e+08
172.2 1.3742643e+08
172.3 1.3844907e+08
172.4 1.3906376e+08
172.5 1.3938024e+08
172.6 1.394905e+08
172.7 1.394626e+08
172.8 1.3933846e+08
172.9 1.3913557e+08
173 1.3885221e+08
173.1 1.3847546e+08
173.2 1.379906e+08
173.3 1.3739026e+08
173.4 1.3668176e+08
173.5 1.3589095e+08
173.6 1.3506156e+08
173.7 1.3425016e+08
173.8 1.3351736e+08
173.9 1.3291745e+08
174 1.3248863e+08
174.1 1.3224629e+08
174.2 1.3218056e+08
174.3 1.3225841e+08
174.4 1.3242916e+08
174.5 1.3263191e+08
174.6 1.3280287e+08
174.7 1.3288166e+08
174.8 1.328156e+08
174.9 1.3256214e+08
175 1.3208966e+08
175.1 1.3137707e+08
175.2 1.3041269e+08
175.3 1.2919286e+08
175.4 1.2772042e+08
175.5 1.2600328e+08
175.6 1.2405323e+08
175.7 1.2188486e+08
175.8 1.1951488e+08
175.9 1.1696154e+08
176 1.1424439e+08
176.1 1.1138428e+08
176.2 1.084036e+08
176.3 1.0532658e+08
176.4 1.0217987e+08
176.5 98992999
176.6 95798718
176.7 92633156
176.8 89535518
176.9 86547298
177 83710925
177.1 81067863
177.2 78656317
177.3 76508765
177.4 74649663
177.5 73093658
177.6 71844599
177.7 70895508
177.8 70229515
177.9 69821586
178 69640829
178.1 69653045
178.2 69823289
178.3 70118173
178.4 70507742
178.5 70966798
178.6 71475648
178.7 72020294
178.8 72592181
178.9 73187654
179 73807234
179.1 74454882
179.2 75137297
179.3 75863327
179.4 76643495
179.5 77489640
179.6 78414672
179.7 79432411
179.8 80557489
179.9 81805262
180 83191673
180.1 84732986
180.2 86445276
180.3 88343605
180.4 90440817
180.5 92745945
180.6 95262304
180.7 97985431
180.8 1.0090108e+08
180.9 1.0398354e+08
181 1.071946e+08
181.1 1.1048327e+08
181.2 1.1378654e+08
181.3 1.170312e+08
181.4 1.2013658e+08
181.5 1.2301817e+08
181.6 1.2559182e+08
181.7 1.277783e+08
181.8 1.2950774e+08
181.9 1.3072381e+08
182 1.3138727e+08
182.1 1.3147851e+08
182.2 1.3099923e+08
182.3 1.2997272e+08
182.4 1.2844317e+08
182.5 1.2647377e+08
182.6 1.2414383e+08
182.7 1.2154518e+08
182.8 1.1877797e+08
182.9 1.1594613e+08
183 1.1315283e+08
183.1 1.1049615e+08
183.2 1.0806535e+08
183.3 1.0593784e+08
183.4 1.0417729e+08
183.5 1.0283277e+08
183.6 1.0193901e+08
183.7 1.0151736e+08
183.8 1.015772e+08
183.9 1.0211718e+08
184 1.0312607e+08
184.1 1.0458288e+08
184.2 1.0645627e+08
184.3 1.0870367e+08
184.4 1.1127024e+08
184.5 1.1408831e+08
184.6 1.1707749e+08
184.7 1.2014572e+08
184.8 1.2319129e+08
184.9 1.2610563e+08
185 1.2877672e+08
185.1 1.3109279e+08
185.2 1.3294596e+08
185.3 1.3423548e+08
185.4 1.3487053e+08
185.5 1.3477211e+08
185.6 1.3387425e+08
185.7 1.3212436e+08
185.8 1.2948309e+08
185.9 1.2592367e+08
186 1.2143141e+08
186.1 1.1600347e+08
186.2 1.0964953e+08
186.3 1.023939e+08
186.4 94279896
186.5 85377781
186.6 75799227
186.7 65724698
186.8 55459770
186.9 45559075
187 37091118
187.1 31987212
187.2 32428124
187.3 38443570
187.4 47959733
187.5 59131089
187.6 70896455
187.7 82659616
187.8 94052921
187.9 1.0482925e+08
188 1.148149e+08
188.1 1.2388755e+08
188.2 1.3196449e+08
188.3 1.389948e+08
188.4 1.4495322e+08
188.5 1.498346e+08
188.6 1.5364873e+08
188.7 1.5641569e+08
188.8 1.5816172e+08
188.9 1.5891588e+08
189 1.5870761e+08
189.1 1.5756536e+08
189.2 1.5551611e+08
189.3 1.5258605e+08
189.4 1.48802e+08
189.5 1.4419373e+08
189.6 1.3879675e+08
189.7 1.3265556e+08
189.8 1.2582697e+08
189.9 1.1838335e+08
190 1.1041544e+08
190.1 1.0203468e+08
190.2 93374560
190.3 84591116
190.4 75862222
190.5 67385533
190.6 59374539
190.7 52051319
190.8 45632945
190.9 40306624
191 36190234
191.1 33286548
191.2 31459532
191.3 30462975
191.4 30013965
191.5 29865991
191.6 29846268
191.7 29856083
191.8 29850624
191.9 29813560
192 29735428
192.1 29600115
192.2 29380395
192.3 29040911
192.4 28545326
192.5 27864133
192.6 26980480
192.7 25892775
192.8 24614061
192.9 23168948
193 21589202
193.1 19909103
193.2 18161543
193.3 16375646
193.4 14576623
193.5 12788780
193.6 11043352
193.7 9394775.3
193.8 7951719.4
193.9 6922798.2
194 6616117.8
194.1 7247551.3
194.2 8726173.3
194.3 10797411
194.4 13247856
194.5 15936059
194.6 18762676
194.7 21647296
194.8 24517146
194.9 27302746
195 29937090
195.1 32356546
195.2 34502554
195.3 36323637
195.4 37777458
195.5 38832800
195.6 39471476
195.7 39690231
195.8 39502781
195.9 38942121
196 38063197
196.1 36945804
196.2 35697050
196.3 34451810
196.4 33368146
196.5 32613618
196.6 32339876
196.7 32649581
196.8 33569100
196.9 35042323
197 36948863
197.1 39134906
197.2 41441811
197.3 43724943
197.4 45862780
197.5 47759296
197.6 49342556
197.7 50561552
197.8 51382595
197.9 51786212
198 51765287
198.1 51325044
198.2 50485313
198.3 49285321
198.4 47791001
198.5 46104311
198.6 44373053
198.7 42797487
198.8 41626400
198.9 41132235
199 41559390
199.1 43059012
199.2 45645622
199.3 49203693
199.4 53534690
199.5 58411251
199.6 63615480
199.7 68958227
199.8 74285634
199.9 79479273
200 84453647
200.1 89152747
200.2 93546295
200.3 97625833
200.4 1.0140066e+08
200.5 1.0489361e+08
200.6 1.0813654e+08
200.7 1.1116562e+08
200.8 1.1401633e+08
200.9 1.1671824e+08
201 1.192896e+08
201.1 1.217321e+08
201.2 1.2402593e+08
201.3 1.2612571e+08
201.4 1.2795783e+08
201.5 1.2941993e+08
201.6 1.303833e+08
201.7 1.3069887e+08
201.8 1.3020734e+08
201.9 1.2875349e+08
202 1.2620449e+08
202.1 1.2247117e+08
202.2 1.1753115e+08
202.3 1.114524e+08
202.4 1.0441609e+08
202.5 96737563
202.6 88883149
202.7 81474616
202.8 75258055
202.9 70993738
203 69239163
203.1 70110226
203.2 73220890
203.3 77873739
203.4 83326539
203.5 88958582
203.6 94318314
203.7 99108178
203.8 1.0315093e+08
203.9 1.0635656e+08
204 1.0869516e+08
204.1 1.1017636e+08
204.2 1.1083444e+08
204.3 1.1071821e+08
204.4 1.0988479e+08
204.5 1.0839651e+08
204.6 1.0632007e+08
204.7 1.0372711e+08
204.8 1.0069552e+08
204.9 97310572
205 93665360
205.1 89859879
205.2 85998568
205.3 82186176
205.4 78522242
205.5 75094824
205.6 71974463
205.7 69209595
205.8 66824582
205.9 64821065
206 63182564
206.1 61881404
206.2 60886460
206.3 60170176
206.4 59713662
206.5 59509306
206.6 59560873
206.7 59881454
206.8 60489885
206.9 61406350
207 62647922
207.1 64224760
207.2 66137462
207.3 68375865
207.4 70919222
207.5 73737493
207.6 76793302
207.7 80044172
207.8 83444688
207.9 86948398
208 90509349
208.1 94083271
208.2 97628422
208.3 1.0110617e+08
208.4 1.0448135e+08
208.5 1.0772247e+08
208.6 1.1080179e+08
208.7 1.1369524e+08
208.8 1.1638235e+08
208.9 1.1884602e+08
209 1.2107225e+08
209.1 1.2304989e+08
209.2 1.2477026e+08
209.3 1.2622683e+08
209.4 1.274149e+08
209.5 1.2833132e+08
209.6 1.2897424e+08
209.7 1.2934298e+08
209.8 1.2943804e+08
209.9 1.2926112e+08
210 1.2881543e+08
210.1 1.2810597e+08
210.2 1.2714015e+08
210.3 1.2592841e+08
210.4 1.2448506e+08
210.5 1.2282933e+08
210.6 1.2098644e+08
210.7 1.1898892e+08
210.8 1.1687793e+08
210.9 1.1470461e+08
211 1.1253133e+08
211.1 1.1043248e+08
211.2 1.0849466e+08
211.3 1.0681558e+08
211.4 1.0550124e+08
211.5 1.0466089e+08
211.6 1.0439939e+08
211.7 1.0480761e+08
211.8 1.0595186e+08
211.9 1.078644e+08
212 1.1053711e+08
212.1 1.1391964e+08
212.2 1.1792253e+08
212.3 1.2242418e+08
212.4 1.272804e+08
212.5 1.3233471e+08
212.6 1.3742856e+08
212.7 1.424105e+08
212.8 1.4714413e+08
212.9 1.5151451e+08
213 1.5543291e+08
213.1 1.5883979e+08
213.2 1.6170575e+08
213.3 1.6403064e+08
213.4 1.6584074e+08
213.5 1.6718437e+08
213.6 1.6812621e+08
213.7 1.6874084e+08
213.8 1.6910604e+08
213.9 1.6929638e+08
214 1.6937755e+08
214.1 1.694019e+08
214.2 1.6940537e+08
214.3 1.6940597e+08
214.4 1.6940378e+08
214.5 1.6938236e+08
214.6 1.6931125e+08
214.7 1.6914939e+08
214.8 1.6884901e+08
214.9 1.6835981e+08
215 1.6763306e+08
215.1 1.6662534e+08
215.2 1.653019e+08
215.3 1.6363927e+08
215.4 1.616272e+08
215.5 1.5926985e+08
215.6 1.5658628e+08
215.7 1.5361019e+08
215.8 1.5038913e+08
215.9 1.4698308e+08
216 1.434626e+08
216.1 1.3990655e+08
216.2 1.3639936e+08
216.3 1.3302795e+08
216.4 1.2987826e+08
216.5 1.2703153e+08
216.6 1.2456027e+08
216.7 1.2252423e+08
216.8 1.209667e+08
216.9 1.1991153e+08
217 1.1936146e+08
217.1 1.192981e+08
217.2 1.1968396e+08
217.3 1.2046622e+08
217.4 1.2158201e+08
217.5 1.2296443e+08
217.6 1.2454848e+08
217.7 1.2627643e+08
217.8 1.2810178e+08
217.9 1.299918e+08
218 1.3192851e+08
218.1 1.3390821e+08
218.2 1.3593983e+08
218.3 1.3804235e+08
218.4 1.4024138e+08
218.5 1.4256502e+08
218.6 1.4503879e+08
218.7 1.4767978e+08
218.8 1.5048996e+08
218.9 1.5344931e+08
219 1.5650942e+08
219.1 1.5958882e+08
219.2 1.6257083e+08
219.3 1.6530504e+08
219.4 1.6761243e+08
219.5 1.692939e+08
219.6 1.701413e+08
219.7 1.699498e+08
219.8 1.6853031e+08
219.9 1.6572107e+08
220 1.613974e+08
220.1 1.5547945e+08
220.2 1.479381e+08
220.3 1.3879938e+08
220.4 1.2814893e+08
220.5 1.1613871e+08
220.6 1.0300032e+08
220.7 89074687
220.8 74879631
220.9 61265599
221 49744485
221.1 42866673
221.2 43263529
221.3 50651428
221.4 62191344
221.5 75440551
221.6 88996072
221.7 1.0207631e+08
221.8 1.1421498e+08
221.9 1.2511948e+08
222 1.3460799e+08
222.1 1.4257927e+08
222.2 1.4899582e+08
222.3 1.5387232e+08
222.4 1.5726628e+08
222.5 1.592696e+08
222.6 1.6000092e+08
222.7 1.5959855e+08
222.8 1.5821442e+08
222.9 1.5600871e+08
223 1.5314537e+08
223.1 1.4978819e+08
223.2 1.4609714e+08
223.3 1.4222483e+08
223.4 1.3831285e+08
223.5 1.3448813e+08
223.6 1.308595e+08
223.7 1.2751496e+08
223.8 1.2452017e+08
223.9 1.2191876e+08
224 1.1973445e+08
224.1 1.1797502e+08
224.2 1.1663721e+08
224.3 1.1571165e+08
224.4 1.1518662e+08
224.5 1.1504952e+08
224.6 1.1528521e+08
224.7 1.1587105e+08
224.8 1.1676918e+08
224.9 1.1791714e+08
225 1.1921918e+08
225.1 1.2054054e+08
225.2 1.217072e+08
225.3 1.2251245e+08
225.4 1.2273043e+08
225.5 1.2213521e+08
225.6 1.2052279e+08
225.7 1.177326e+08
225.8 1.1366502e+08
225.9 1.0829236e+08
226 1.0166155e+08
226.1 93888679
226.2 85146586
226.3 75647997
226.4 65626863
226.5 55320571
226.6 44955006
226.7 34733681
226.8 24831482
226.9 15394069
227 6557325.5
227.1 2036448.3
227.2 9350038.3
227.3 16125189
227.4 22162941
227.5 27448465
227.6 31984289
227.7 35781261
227.8 38855642
227.9 41227778
228 42921729
228.1 43965739
228.2 44393587
228.3 44246975
228.4 43579223
228.5 42460713
228.6 40986636
228.7 39287543
228.8 37542311
228.9 35990290
229 34932913
229.1 34707088
229.2 35616991
229.3 37845710
229.4 41407288
229.5 46174590
229.6 51948730
229.7 58517275
229.8 65682565
229.9 73268347
230 81116717
230.1 89082533
230.2 97028348
230.3 1.0482083e+08
230.4 1.1232899e+08
230.5 1.1942419e+08
230.6 1.2598198e+08
230.7 1.3188557e+08
230.8 1.3703058e+08
230.9 1.4133068e+08
231 1.4472328e+08
231.1 1.4717454e+08
231.2 1.4868299e+08
231.3 1.49281e+08
231.4 1.4903398e+08
231.5 1.4803713e+08
231.6 1.4641016e+08
231.7 1.4429074e+08
231.8 1.4182715e+08
231.9 1.3917109e+08
232 1.3647116e+08
232.1 1.3386742e+08
232.2 1.3148712e+08
232.3 1.2944183e+08
232.4 1.2782543e+08
232.5 1.2671301e+08
232.6 1.2616024e+08
232.7 1.2620299e+08
232.8 1.2685703e+08
232.9 1.2811773e+08
233 1.2995963e+08
233.1 1.3233606e+08
233.2 1.3517886e+08
233.3 1.3839835e+08
233.4 1.4188379e+08
233.5 1.4550452e+08
233.6 1.4911213e+08
233.7 1.525438e+08
233.8 1.5562717e+08
233.9 1.5818712e+08
234 1.6005439e+08
234.1 1.6107649e+08
234.2 1.6113052e+08
234.3 1.6013775e+08
234.4 1.580789e+08
234.5 1.5500895e+08
234.6 1.510693e+08
234.7 1.4649428e+08
234.8 1.4160811e+08
234.9 1.3680739e+08
235 1.3252479e+08
235.1 1.2917276e+08
235.2 1.27075e+08
235.3 1.2640457e+08
235.4 1.2715305e+08
235.5 1.2914588e+08
235.6 1.3209611e+08
235.7 1.3567263e+08
235.8 1.3955861e+08
235.9 1.4348807e+08
236 1.4726106e+08
236.1 1.5074342e+08
236.2 1.5385801e+08
236.3 1.5657261e+08
236.4 1.5888761e+08
236.5 1.6082521e+08
236.6 1.6242054e+08
236.7 1.6371506e+08
236.8 1.6475183e+08
236.9 1.6557234e+08
237 1.6621467e+08
237.1 1.6671251e+08
237.2 1.6709491e+08
237.3 1.6738643e+08
237.4 1.6760748e+08
237.5 1.6777484e+08
237.6 1.6790209e+08
237.7 1.6800001e+08
237.8 1.6807691e+08
237.9 1.6813889e+08
238 1.6819011e+08
238.1 1.6823314e+08
238.2 1.6826924e+08
238.3 1.682989e+08
238.4 1.6832217e+08
238.5 1.6833911e+08
238.6 1.6835008e+08
238.7 1.6835584e+08
238.8 1.6835753e+08
238.9 1.6835655e+08
239 1.683543e+08
239.1 1.6835192e+08
239.2 1.6835017e+08
239.3 1.6834931e+08
239.4 1.6834921e+08
239.5 1.6834945e+08
239.6 1.6834954e+08
239.7 1.6834903e+08
239.8 1.6834769e+08
239.9 1.6834551e+08
240 1.6834275e+08
240.1 1.6833986e+08
240.2 1.6833744e+08
240.3 1.683362e+08
240.4 1.6833695e+08
240.5 1.6834056e+08
240.6 1.683481e+08
240.7 1.6836084e+08
240.8 1.6838035e+08
240.9 1.6840862e+08
241 1.6844806e+08
241.1 1.685015e+08
241.2 1.6857205e+08
241.3 1.6866288e+08
241.4 1.6877674e+08
241.5 1.6891544e+08
241.6 1.6907907e+08
241.7 1.6926508e+08
241.8 1.694674e+08
241.9 1.6967555e+08
242 1.6987396e+08
242.1 1.7004175e+08
242.2 1.7015314e+08
242.3 1.7017867e+08
242.4 1.700874e+08
242.5 1.6985013e+08
242.6 1.6944358e+08
242.7 1.6885509e+08
242.8 1.6808732e+08
242.9 1.6716215e+08
243 1.6612251e+08
243.1 1.6503141e+08
243.2 1.6396705e+08
243.3 1.6301409e+08
243.4 1.6225203e+08
243.5 1.6174266e+08
243.6 1.615196e+08
243.7 1.6158271e+08
243.8 1.61899e+08
243.9 1.6240991e+08
244 1.6304282e+08
244.1 1.6372369e+08
244.2 1.6438763e+08
244.3 1.6498538e+08
244.4 1.6548477e+08
244.5 1.6586755e+08
244.6 1.6612283e+08
244.7 1.662387e+08
244.8 1.6619375e+08
244.9 1.6594992e+08
245 1.6544786e+08
245.1 1.6460554e+08
245.2 1.6332027e+08
245.3 1.6147395e+08
245.4 1.5894092e+08
245.5 1.5559747e+08
245.6 1.5133196e+08
245.7 1.4605455e+08
245.8 1.3970563e+08
245.9 1.3226214e+08
246 1.2374135e+08
246.1 1.142019e+08
246.2 1.0374218e+08
246.3 92496443
246.4 80629609
246.5 68332080
246.6 55817783
246.7 43333451
246.8 31208206
246.9 20086558
247 12209070
247.1 13421927
247.2 21371534
247.3 30550941
247.4 39528823
247.5 47933457
247.6 55631643
247.7 62567787
247.8 68719359
247.9 74080104
248 78652134
248.1 82441701
248.2 85456913
248.3 87706632
248.4 89200118
248.5 89947115
248.6 89958130
248.7 89244726
248.8 87819692
248.9 85697021
249 82891689
249.1 79419308
249.2 75295751
249.3 70536945
249.4 65159010
249.5 59179001
249.6 52616499
249.7 45496466
249.8 37854351
249.9 29746793
250 21283253
250.1 12780517
250.2 6267858
250.3 9981730.1
250.4 18894472
250.5 28572218
250.6 38396129
250.7 48152130
250.8 57702483
250.9 66938938
251 75773625
251.1 84137418
251.2 91979632
251.3 99267506
251.4 1.0598512e+08
251.5 1.1213176e+08
251.6 1.1771993e+08
251.7 1.2277316e+08
251.8 1.2732378e+08
251.9 1.3141079e+08
252 1.3507779e+08
252.1 1.3837113e+08
252.2 1.4133812e+08
252.3 1.4402531e+08
252.4 1.4647681e+08
252.5 1.4873259e+08
252.6 1.5082673e+08
252.7 1.5278577e+08
252.8 1.5462702e+08
252.9 1.5635723e+08
253 1.5797155e+08
253.1 1.5945312e+08
253.2 1.6077349e+08
253.3 1.6189407e+08
253.4 1.6276883e+08
253.5 1.6334822e+08
253.6 1.635844e+08
253.7 1.6343739e+08
253.8 1.6288157e+08
253.9 1.6191171e+08
254 1.6054752e+08
254.1 1.5883536e+08
254.2 1.5684639e+08
254.3 1.5467063e+08
254.4 1.5240749e+08
254.5 1.5015422e+08
254.6 1.4799477e+08
254.7 1.4599152e+08
254.8 1.4418206e+08
254.9 1.4258158e+08
255 1.4119003e+08
255.1 1.4000181e+08
255.2 1.3901521e+08
255.3 1.3823922e+08
255.4 1.3769594e+08
255.5 1.3741798e+08
255.6 1.3744308e+08
255.7 1.3780478e+08
255.8 1.3851237e+08
255.9 1.3954399e+08
256 1.408395e+08
256.1 1.4229918e+08
256.2 1.4378864e+08
256.3 1.4514903e+08
256.4 1.4621026e+08
256.5 1.4680521e+08
256.6 1.4678246e+08
256.7 1.4601643e+08
256.8 1.4441423e+08
256.9 1.4191923e+08
257 1.3851185e+08
257.1 1.342083e+08
257.2 1.2905787e+08
257.3 1.2313955e+08
257.4 1.1655836e+08
257.5 1.0944181e+08
257.6 1.0193682e+08
257.7 94207470
257.8 86433831
257.9 78812232
258 71557003
258.1 64902512
258.2 59102067
258.3 54416300
258.4 51081176
258.5 49252867
258.6 48949867
258.7 50033141
258.8 52245527
258.9 55283522
259 58857623
259.1 62722085
259.2 66680440
259.3 70579659
259.4 74301693
259.5 77756161
259.6 80875142
259.7 83609859
259.8 85928802
259.9 87816902
260 89275556
260.1 90323458
260.2 90998268
260.3 91359085
260.4 91489427
260.5 91499952
260.6 91529416
260.7 91741535
260.8 92314931
260.9 93423901
261 95210144
261.1 97749707
261.2 1.0102326e+08
261.3 1.0489845e+08
261.4 1.0912944e+08
261.5 1.1337294e+08
261.6 1.172161e+08
261.7 1.2021103e+08
261.8 1.2191184e+08
261.9 1.2191193e+08
262 1.1987964e+08
262.1 1.1559105e+08
262.2 1.0895881e+08
262.3 1.0005848e+08
262.4 89158238
262.5 76769932
262.6 63767083
262.7 51669660
262.8 43138707
262.9 41610737
263 47953133
263.1 59271549
263.2 72546057
263.3 86031230
263.4 98814253
263.5 1.1041334e+08
263.6 1.2058773e+08
263.7 1.2924855e+08
263.8 1.3641004e+08
263.9 1.4215733e+08
264 1.4662175e+08
264.1 1.4996061e+08
264.2 1.5234032e+08
264.3 1.539228e+08
264.4 1.5485516e+08
264.5 1.5526247e+08
264.6 1.5524369e+08
264.7 1.5487041e+08
264.8 1.5418795e+08
264.9 1.532185e+08
265 1.5196575e+08
265.1 1.5042059e+08
265.2 1.485672e+08
265.3 1.4638916e+08
265.4 1.4387484e+08
265.5 1.4102165e+08
265.6 1.3783853e+08
265.7 1.3434624e+08
265.8 1.3057529e+08
265.9 1.2656153e+08
266 1.2234e+08
266.1 1.1793782e+08
266.2 1.1336754e+08
266.3 1.086222e+08
266.4 1.0367335e+08
266.5 98472569
266.6 92956389
266.7 87053848
266.8 80695270
266.9 73820949
267 66388556
267.1 58378562
267.2 49797565
267.3 40680107
267.4 31091174
267.5 21138751
267.6 11072357
267.7 3759265.1
267.8 11527166
267.9 21916591
268 32369384
268.1 42622025
268.2 52532379
268.3 61987982
268.4 70893717
268.5 79169817
268.6 86751779
268.7 93590439
268.8 99651700
268.9 1.0491578e+08
269 1.0937594e+08
269.1 1.1303689e+08
269.2 1.1591283e+08
269.3 1.180255e+08
269.4 1.1940241e+08
269.5 1.2007531e+08
269.6 1.2007936e+08
269.7 1.1945277e+08
269.8 1.1823722e+08
269.9 1.164788e+08
270 1.1422933e+08
270.1 1.1154774e+08
270.2 1.0850119e+08
270.3 1.0516552e+08
270.4 1.0162464e+08
270.5 97968714
270.6 94291036
270.7 90683905
270.8 87233897
270.9 84017301
271 81096410
271.1 78517226
271.2 76308746
271.3 74483552
271.4 73039087
271.5 71958950
271.6 71213823
271.7 70762087
271.8 70550544
271.9 70515842
272 70587012
272.1 70689231
272.2 70748603
272.3 70697545
272.4 70480355
272.5 70058616
272.6 69416215
272.7 68563815
272.8 67542570
272.9 66426640
273 65323641
273.1 64371617
273.2 63730699
273.3 63567940
273.4 64035719
273.5 65247505
273.6 67258065
273.7 70055129
273.8 73564995
273.9 77668546
274 82220968
274.1 87069504
274.2 92066537
274.3 97077891
274.4 1.0198737e+08
274.5 1.0669878e+08
274.6 1.111363e+08
274.7 1.152439e+08
274.8 1.1898398e+08
274.9 1.2233548e+08
275 1.2529156e+08
275.1 1.2785691e+08
275.2 1.3004477e+08
275.3 1.318739e+08
275.4 1.3336564e+08
275.5 1.3454115e+08
275.6 1.354192e+08
275.7 1.3601454e+08
275.8 1.3633701e+08
275.9 1.3639146e+08
276 1.3617851e+08
276.1 1.3569602e+08
276.2 1.3494115e+08
276.3 1.3391285e+08
276.4 1.3261448e+08
276.5 1.3105628e+08
276.6 1.2925737e+08
276.7 1.2724716e+08
276.8 1.2506567e+08
276.9 1.2276287e+08
277 1.2039691e+08
277.1 1.1803122e+08
277.2 1.157309e+08
277.3 1.1355851e+08
277.4 1.1156998e+08
277.5 1.0981095e+08
277.6 1.0831414e+08
277.7 1.0709807e+08
277.8 1.0616718e+08
277.9 1.0551328e+08
278 1.0511774e+08
278.1 1.0495385e+08
278.2 1.0498871e+08
278.3 1.0518414e+08
278.4 1.0549645e+08
278.5 1.0587522e+08
278.6 1.0626163e+08
278.7 1.0658722e+08
278.8 1.0677384e+08
278.9 1.067358e+08
279 1.0638436e+08
279.1 1.0563464e+08
279.2 1.0441406e+08
279.3 1.0267132e+08
279.4 1.0038425e+08
279.5 97565412
279.6 94264153
279.7 90564785
279.8 86580865
279.9 82446239
280 78303850
280.1 74293554
280.2 70540263
280.3 67143782
280.4 64171668
280.5 61656201
280.6 59595974
280.7 57961666
280.8 56704594
280.9 55766049
281 55085537
281.1 54606759
281.2 54280996
281.3 54068278
281.4 53936996
281.5 53862667
281.6 53826410
281.7 53813477
281.8 53812000
281.9 53811989
282 53804531
282.1 53781097
282.2 53732891
282.3 53650181
282.4 53521588
282.5 53333356
282.6 53068627
282.7 52706794
282.8 52222973
282.9 51587666
283 50766669
283.1 49721271
283.2 48408820
283.3 46783718
283.4 44798988
283.5 42408602
283.6 39570997
283.7 36254622
283.8 32447538
283.9 28176305
284 23549242
284.1 18870899
284.2 14956862
284.3 13620230
284.4 16468038
284.5 22582714
284.6 30466327
284.7 39327498
284.8 48764284
284.9 58516534
285 68375183
285.1 78151537
285.2 87668080
285.3 96757708
285.4 1.0526655e+08
285.5 1.1305832e+08
285.6 1.2001909e+08
285.7 1.2606196e+08
285.8 1.3113087e+08
285.9 1.3520347e+08
286 1.3829237e+08
286.1 1.4044464e+08
286.2 1.4173931e+08
286.3 1.422828e+08
286.4 1.4220236e+08
286.5 1.4163796e+08
286.6 1.4073306e+08
286.7 1.3962523e+08
286.8 1.3843758e+08
286.9 1.3727198e+08
287 1.3620491e+08
287.1 1.3528648e+08
287.2 1.3454231e+08
287.3 1.3397795e+08
287.4 1.3358458e+08
287.5 1.3334505e+08
287.6 1.3323935e+08
287.7 1.3324872e+08
287.8 1.3335836e+08
287.9 1.3355843e+08
288 1.3384365e+08
288.1 1.3421152e+08
288.2 1.3465929e+08
288.3 1.3517985e+08
288.4 1.3575686e+08
288.5 1.3635986e+08
288.6 1.3694019e+08
288.7 1.37429e+08
288.8 1.3773828e+08
288.9 1.3776555e+08
289 1.3740171e+08
289.1 1.3654121e+08
289.2 1.350928e+08
289.3 1.3298891e+08
289.4 1.3019242e+08
289.5 1.2669962e+08
289.6 1.2253948e+08
289.7 1.1776971e+08
289.8 1.1247049e+08
289.9 1.067373e+08
290 1.0067377e+08
290.1 94385537
290.2 87975673
290.3 81541864
290.4 75175403
290.5 68961709
290.6 62982029
290.7 57315780
290.8 52042793
290.9 47244393
291 43001780
291.1 39389854
291.2 36465152
291.3 34249104
291.4 32712388
291.5 31769499
291.6 31289711
291.7 31121463
291.8 31120248
291.9 31171293
292 31204330
292.1 31202443
292.2 31208029
292.3 31327214
292.4 31730467
292.5 32642738
292.6 34314885
292.7 36976126
292.8 40784125
292.9 45797033
293 51976265
293.1 59207405
293.2 67322499
293.3 76116398
293.4 85358081
293.5 94800178
293.6 1.0418904e+08
293.7 1.1327616e+08
293.8 1.2183064e+08
293.9 1.296517e+08
294 1.3658006e+08
294.1 1.4250682e+08
294.2 1.4737876e+08
294.3 1.5119927e+08
294.4 1.5402472e+08
294.5 1.5595635e+08
294.6 1.5712862e+08
294.7 1.5769533e+08
294.8 1.5781501e+08
294.9 1.5763741e+08
295 1.572926e+08
295.1 1.5688389e+08
295.2 1.56485e+08
295.3 1.5614117e+08
295.4 1.5587332e+08
295.5 1.5568403e+08
295.6 1.5556385e+08
295.7 1.5549715e+08
295.8 1.5546667e+08
295.9 1.5545672e+08
296 1.5545519e+08
296.1 1.5545472e+08
296.2 1.5545333e+08
296.3 1.5545469e+08
296.4 1.5546815e+08
296.5 1.5550824e+08
296.6 1.5559351e+08
296.7 1.557444e+08
296.8 1.5598017e+08
296.9 1.563149e+08
297 1.5675304e+08
297.1 1.57285e+08
297.2 1.578837e+08
297.3 1.5850248e+08
297.4 1.5907515e+08
297.5 1.5951827e+08
297.6 1.5973542e+08
297.7 1.5962315e+08
297.8 1.5907786e+08
297.9 1.5800269e+08
298 1.5631403e+08
298.1 1.5394668e+08
298.2 1.5085767e+08
298.3 1.4702836e+08
298.4 1.4246504e+08
298.5 1.3719836e+08
298.6 1.3128202e+08
298.7 1.2479135e+08
298.8 1.1782241e+08
298.9 1.1049226e+08
299 1.0294105e+08
299.1 95336366
299.2 87879971
299.3 80815972
299.4 74436880
299.5 69079374
299.6 65095806
299.7 62788940
299.8 62320150
299.9 63640075
300 66495822
300.1 70511326
300.2 75283537
300.3 80447584
300.4 85703952
300.5 90821667
300.6 95631283
300.7 1.0001519e+08
300.8 1.0389809e+08
300.9 1.0723845e+08
301 1.1002086e+08
301.1 1.1224948e+08
301.2 1.1394244e+08
301.3 1.1512761e+08
301.4 1.1583959e+08
301.5 1.1611807e+08
301.6 1.1600744e+08
301.7 1.1555704e+08
301.8 1.1482191e+08
301.9 1.1386315e+08
302 1.1274757e+08
302.1 1.1154618e+08
302.2 1.1033126e+08
302.3 1.0917222e+08
302.4 1.0813052e+08
302.5 1.0725452e+08
302.6 1.0657484e+08
302.7 1.0610124e+08
302.8 1.058215e+08
302.9 1.0570245e+08
303 1.056928e+08
303.1 1.0572737e+08
303.2 1.0573178e+08
303.3 1.0562703e+08
303.4 1.0533361e+08
303.5 1.0477496e+08
303.6 1.0388039e+08
303.7 1.0258789e+08
303.8 1.0084715e+08
303.9 98623416
304 95902713
304.1 92698802
304.2 89062320
304.3 85091998
304.4 80947092
304.5 76858280
304.6 73130643
304.7 70127191
304.8 68218621
304.9 67695343
305 68668365
305.1 71014099
305.2 74400029
305.3 78370635
305.4 82441595
305.5 86168732
305.6 89188210
305.7 91237969
305.8 92169995
305.9 91958820
306 90708241
306.1 88655747
306.2 86171154
306.3 83741256
306.4 81926537
306.5 81276334
306.6 82208406
306.7 84898097
306.8 89241405
306.9 94913742
307 1.0148001e+08
307.1 1.0849515e+08
307.2 1.1556635e+08
307.3 1.223799e+08
307.4 1.2870598e+08
307.5 1.3439231e+08
307.6 1.3935292e+08
307.7 1.4355493e+08
307.8 1.4700489e+08
307.9 1.4973537e+08
308 1.5179264e+08
308.1 1.5322596e+08
308.2 1.5407894e+08
308.3 1.5438353e+08
308.4 1.5415659e+08
308.5 1.53399e+08
308.6 1.5209707e+08
308.7 1.5022568e+08
308.8 1.477528e+08
308.9 1.4464486e+08
309 1.4087252e+08
309.1 1.3641665e+08
309.2 1.3127426e+08
309.3 1.2546394e+08
309.4 1.1903073e+08
309.5 1.1204975e+08
309.6 1.0462801e+08
309.7 96903800
309.8 89042708
309.9 81229820
310 73657787
310.1 66511123
310.2 59948052
310.3 54082615
310.4 48971250
310.5 44608807
310.6 40937525
310.7 37868213
310.8 35307860
310.9 33185573
311 31470792
311.1 30181822
311.2 29385222
311.3 29186238
311.4 29709453
311.5 31071131
311.6 33351194
311.7 36576311
311.8 40719350
311.9 45710167
312 51449131
312.1 57818419
312.2 64690409
312.3 71934211
312.4 79421169
312.5 87029586
312.6 94648525
312.7 1.0218046e+08
312.8 1.0954259e+08
312.9 1.1666676e+08
313 1.2349813e+08
313.1 1.2999267e+08
313.2 1.3611387e+08
313.3 1.4182885e+08
313.4 1.4710421e+08
313.5 1.5190217e+08
313.6 1.5617717e+08
313.7 1.5987349e+08
313.8 1.6292433e+08
313.9 1.652527e+08
314 1.6677435e+08
314.1 1.6740301e+08
314.2 1.6705756e+08
314.3 1.6567101e+08
314.4 1.6320037e+08
314.5 1.5963656e+08
314.6 1.5501333e+08
314.7 1.4941426e+08
314.8 1.4297685e+08
314.9 1.3589337e+08
315 1.2840779e+08
315.1 1.2080842e+08
315.2 1.1341508e+08
315.3 1.065592e+08
315.4 1.0055483e+08
315.5 95660958
315.6 92040246
315.7 89727305
315.8 88621583
315.9 88511960
316 89124410
316.1 90174203
316.2 91406828
316.3 92621660
316.4 93680376
316.5 94505140
316.6 95071062
316.7 95395949
316.8 95529013
316.9 95539428
317 95505305
317.1 95503637
317.2 95601860
317.3 95851750
317.4 96286280
317.5 96919698
317.6 97750607
317.7 98767234
317.8 99953651
317.9 1.012956e+08
318 1.0278471e+08
318.1 1.0442034e+08
318.2 1.0620879e+08
318.3 1.0816038e+08
318.4 1.1028512e+08
318.5 1.1258816e+08
318.6 1.1506608e+08
318.7 1.1770479e+08
318.8 1.2047923e+08
318.9 1.2335481e+08
319 1.2629e+08
319.1 1.2923946e+08
319.2 1.3215715e+08
319.3 1.3499909e+08
319.4 1.3772553e+08
319.5 1.4030255e+08
319.6 1.4270303e+08
319.7 1.4490729e+08
319.8 1.4690317e+08
319.9 1.4868595e+08
320 1.5025782e+08
320.1 1.5162713e+08
320.2 1.5280739e+08
320.3 1.5381598e+08
320.4 1.5467278e+08
320.5 1.5539865e+08
320.6 1.5601396e+08
320.7 1.5653726e+08
320.8 1.569841e+08
320.9 1.5736628e+08
321 1.5769127e+08
321.1 1.579622e+08
321.2 1.5817803e+08
321.3 1.5833421e+08
321.4 1.5842349e+08
321.5 1.5843699e+08
321.6 1.5836532e+08
321.7 1.5819983e+08
321.8 1.5793377e+08
321.9 1.5756336e+08
322 1.5708878e+08
322.1 1.5651504e+08
322.2 1.5585257e+08
322.3 1.5511775e+08
322.4 1.5433314e+08
322.5 1.5352744e+08
322.6 1.5273515e+08
322.7 1.5199574e+08
322.8 1.5135231e+08
322.9 1.5084967e+08
323 1.5053169e+08
323.1 1.5043825e+08
323.2 1.5060167e+08
323.3 1.5104323e+08
323.4 1.5177002e+08
323.5 1.5277268e+08
323.6 1.5402458e+08
323.7 1.5548255e+08
323.8 1.5708952e+08
323.9 1.5877882e+08
324 1.6047964e+08
324.1 1.621233e+08
324.2 1.6364919e+08
324.3 1.6500992e+08
324.4 1.661747e+08
324.5 1.6713055e+08
324.6 1.6788127e+08
324.7 1.6844432e+08
324.8 1.6884632e+08
324.9 1.6911811e+08
325 1.6929018e+08
325.1 1.6938933e+08
325.2 1.694367e+08
325.3 1.6944741e+08
325.4 1.6943103e+08
325.5 1.6939279e+08
325.6 1.693347e+08
325.7 1.6925651e+08
325.8 1.6915629e+08
325.9 1.690307e+08
326 1.6887509e+08
326.1 1.6868352e+08
326.2 1.684489e+08
326.3 1.6816323e+08
326.4 1.678179e+08
326.5 1.6740416e+08
326.6 1.6691342e+08
326.7 1.6633758e+08
326.8 1.6566904e+08
326.9 1.6490055e+08
327 1.6402478e+08
327.1 1.6303368e+08
327.2 1.6191774e+08
327.3 1.6066517e+08
327.4 1.5926112e+08
327.5 1.5768708e+08
327.6 1.5592043e+08
327.7 1.5393435e+08
327.8 1.5169803e+08
327.9 1.4917732e+08
328 1.4633592e+08
328.1 1.4313716e+08
328.2 1.3954654e+08
328.3 1.3553525e+08
328.4 1.3108484e+08
328.5 1.2619323e+08
328.6 1.208825e+08
328.7 1.1520838e+08
328.8 1.0927169e+08
328.9 1.0323081e+08
329 97313335
329.1 91821716
329.2 87123426
329.3 83611770
329.4 81627772
329.5 81356254
329.6 82742980
329.7 85484896
329.8 89099320
329.9 93027014
330 96721194
330.1 99704602
330.2 1.0159999e+08
330.3 1.0214474e+08
330.4 1.0119717e+08
330.5 98737830
330.6 94867339
330.7 89801259
330.8 83862900
330.9 77474321
331 71143397
331.1 65438251
331.2 60930367
331.3 58086980
331.4 57130510
331.5 57951345
331.6 60158597
331.7 63234371
331.8 66677877
331.9 70077900
332 73126044
332.1 75603237
332.2 77360747
332.3 78304483
332.4 78384839
332.5 77592125
332.6 75957181
332.7 73557130
332.8 70526612
332.9 67074998
333 63508717
333.1 60252506
333.2 57850212
333.3 56907931
333.4 57950063
333.5 61236740
333.6 66677943
333.7 73912340
333.8 82460449
333.9 91839251
334 1.0161142e+08
334.1 1.1139435e+08
334.2 1.2085462e+08
334.3 1.2970089e+08
334.4 1.3767962e+08
334.5 1.4457453e+08
334.6 1.5020937e+08
334.7 1.5445335e+08
334.8 1.5722825e+08
334.9 1.5851608e+08
335 1.5836593e+08
335.1 1.5689824e+08
335.2 1.5430465e+08
335.3 1.5084137e+08
335.4 1.4681463e+08
335.5 1.4255736e+08
335.6 1.3839831e+08
335.7 1.3462697e+08
335.8 1.31461e+08
335.9 1.2902393e+08
336 1.2733982e+08
336.1 1.2634644e+08
336.2 1.2592232e+08
336.3 1.2591868e+08
336.4 1.2618785e+08
336.5 1.2660281e+08
336.6 1.2706693e+08
336.7 1.2751546e+08
336.8 1.2791161e+08
336.9 1.2823981e+08
337 1.284982e+08
337.1 1.2869162e+08
337.2 1.2882581e+08
337.3 1.2890308e+08
337.4 1.2891947e+08
337.5 1.2886309e+08
337.6 1.2871362e+08
337.7 1.2844248e+08
337.8 1.2801367e+08
337.9 1.2738495e+08
338 1.2650938e+08
338.1 1.2533717e+08
338.2 1.2381774e+08
338.3 1.2190203e+08
338.4 1.1954494e+08
338.5 1.1670796e+08
338.6 1.1336171e+08
338.7 1.0948839e+08
338.8 1.050839e+08
338.9 1.0015952e+08
339 94742945
339.1 88878557
339.2 82626906
339.3 76063355
339.4 69275979
339.5 62362882
339.6 55429102
339.7 48583379
339.8 41935005
339.9 35591007
340 29653850
340.1 24219813
340.2 19378084
340.3 15210277
340.4 11788723
340.5 9168012.8
340.6 7358507.2
340.7 6282563.5
340.8 5771650
340.9 5665393.9
341 5922158.6
341.1 6608896.7
341.2 7790816
341.3 9451272.1
341.4 11503214
341.5 13834171
341.6 16335886
341.7 18917497
341.8 21511518
341.9 24076825
342 26599285
342.1 29089466
342.2 31576995
342.3 34101724
342.4 36702895
342.5 39408298
342.6 42225716
342.7 45138373
342.8 48104923
342.9 51063278
343 53936833
343.1 56641548
343.2 59092672
343.3 61210373
343.4 62923980
343.5 64174816
343.6 64917789
343.7 65121971
343.8 64770433
343.9 63859575
344 62398146
344.1 60406143
344.2 57913693
344.3 54960058
344.4 51592862
344.5 47867696
344.6 43848296
344.7 39607636
344.8 35230507
344.9 30818607
345 26499995
345.1 22445847
345.2 18896316
345.3 16182438
345.4 14677117
345.5 14577040
345.6 15679927
345.7 17517589
345.8 19649661
345.9 21776376
346 23717965
346.1 25374225
346.2 26696657
346.3 27672182
346.4 28313464
346.5 28652668
346.6 28737060
346.7 28625848
346.8 28388114
346.9 28101925
347 27854605
347.1 27743694
347.2 27877392
347.3 28372361
347.4 29346791
347.5 30908273
347.6 33139459
347.7 36086820
347.8 39756610
347.9 44118037
348 49110569
348.1 54652091
348.2 60646199
348.3 66988255
348.4 73570437
348.5 80286036
348.6 87033122
348.7 93717581
348.8 1.0025549e+08
348.9 1.0657478e+08
349 1.1261621e+08
349.1 1.1833367e+08
349.2 1.2369383e+08
349.3 1.286754e+08
349.4 1.3326782e+08
349.5 1.3746983e+08
349.6 1.4128784e+08
349.7 1.4473424e+08
349.8 1.478258e+08
349.9 1.5058226e+08
350 1.5302509e+08
350.1 1.5517642e+08
350.2 1.570583e+08
350.3 1.586921e+08
350.4 1.6009811e+08
350.5 1.6129531e+08
350.6 1.6230129e+08
350.7 1.6313227e+08
350.8 1.6380325e+08
350.9 1.6432821e+08
351 1.6472045e+08
351.1 1.6499288e+08
351.2 1.6515836e+08
351.3 1.6523e+08
351.4 1.6522125e+08
351.5 1.6514595e+08
351.6 1.6501809e+08
351.7 1.6485149e+08
351.8 1.6465927e+08
351.9 1.6445342e+08
352 1.6424435e+08
352.1 1.640407e+08
352.2 1.6384926e+08
352.3 1.6367518e+08
352.4 1.6352233e+08
352.5 1.6339357e+08
352.6 1.6329108e+08
352.7 1.6321652e+08
352.8 1.6317087e+08
352.9 1.6315434e+08
353 1.6316594e+08
353.1 1.632033e+08
353.2 1.6326243e+08
353.3 1.6333778e+08
353.4 1.6342248e+08
353.5 1.6350878e+08
353.6 1.6358857e+08
353.7 1.6365399e+08
353.8 1.6369797e+08
353.9 1.6371461e+08
354 1.6369954e+08
354.1 1.6365007e+08
354.2 1.6356529e+08
354.3 1.6344605e+08
354.4 1.6329497e+08
354.5 1.6311627e+08
354.6 1.6291568e+08
354.7 1.6270004e+08
354.8 1.6247695e+08
354.9 1.6225413e+08
355 1.6203875e+08
355.1 1.6183669e+08
355.2 1.6165201e+08
355.3 1.6148654e+08
355.4 1.6133995e+08
355.5 1.6121015e+08
355.6 1.6109422e+08
355.7 1.6098945e+08
355.8 1.6089461e+08
355.9 1.6081118e+08
356 1.6074427e+08
356.1 1.6070318e+08
356.2 1.6070156e+08
356.3 1.6075677e+08
356.4 1.6088859e+08
356.5 1.6111706e+08
356.6 1.6145939e+08
356.7 1.6192621e+08
356.8 1.625175e+08
356.9 1.6321884e+08
357 1.6399877e+08
357.1 1.6480804e+08
357.2 1.655813e+08
357.3 1.6624122e+08
357.4 1.6670481e+08
357.5 1.6689109e+08
357.6 1.6672905e+08
357.7 1.6616489e+08
357.8 1.6516769e+08
357.9 1.6373294e+08
358 1.6188357e+08
358.1 1.5966876e+08
358.2 1.5716057e+08
358.3 1.5444901e+08
358.4 1.5163597e+08
358.5 1.4882857e+08
358.6 1.4613235e+08
358.7 1.4364473e+08
358.8 1.4144912e+08
358.9 1.3960991e+08
359 1.3816867e+08
359.1 1.3714166e+08
359.2 1.3651897e+08
359.3 1.3626523e+08
359.4 1.3632209e+08
359.5 1.3661227e+08
359.6 1.3704512e+08
359.7 1.3752332e+08
359.8 1.3795027e+08
359.9 1.3823788e+08
360 1.3831393e+08
360.1 1.381286e+08
360.2 1.376594e+08
360.3 1.3691424e+08
360.4 1.3593211e+08
360.5 1.3478136e+08
360.6 1.3355581e+08
360.7 1.3236876e+08
360.8 1.3134579e+08
360.9 1.3061652e+08
361 1.303062e+08
361.1 1.3052735e+08
361.2 1.313719e+08
361.3 1.3290389e+08
361.4 1.3515288e+08
361.5 1.3810804e+08
361.6 1.417129e+08
361.7 1.4586104e+08
361.8 1.5039273e+08
361.9 1.5509328e+08
362 1.5969354e+08
362.1 1.6387362e+08
362.2 1.6727066e+08
362.3 1.6949169e+08
362.4 1.7013226e+08
362.5 1.6880114e+08
362.6 1.651509e+08
362.7 1.589135e+08
362.8 1.499401e+08
362.9 1.3824452e+08
363 1.2405335e+08
363.1 1.0787392e+08
363.2 90612634
363.3 73821131
363.4 60157676
363.5 53519688
363.6 56435432
363.7 66588466
363.8 79666635
363.9 92677064
364 1.0399657e+08
364.1 1.1279601e+08
364.2 1.1871035e+08
364.3 1.2167586e+08
364.4 1.218364e+08
364.5 1.194768e+08
364.6 1.1496923e+08
364.7 1.087287e+08
364.8 1.0117749e+08
364.9 92718744
365 83719201
365.1 74500528
365.2 65338489
365.3 56469464
365.4 48104639
365.5 40453608
365.6 33759932
365.7 28345015
365.8 24622387
365.9 22972777
366 23440375
366.1 25600853
366.2 28847342
366.3 32689653
366.4 36817472
366.5 41050959
366.6 45286832
366.7 49463535
366.8 53541549
366.9 57492692
367 61294371
367.1 64926520
367.2 68369990
367.3 71605689
367.4 74614099
367.5 77374965
367.6 79867058
367.7 82068015
367.8 83954272
367.9 85501194
368 86683479
368.1 87475941
368.2 87854748
368.3 87799145
368.4 87293648
368.5 86330609
368.6 84912974
368.7 83056998
368.8 80794635
368.9 78175273
369 75266507
369.1 72153636
369.2 68937582
369.3 65730897
369.4 62651571
369.5 59814467
369.6 57320678
369.7 55245913
369.8 53630166
369.9 52471589
370 51726979
370.1 51319263
370.2 51149964
370.3 51113265
370.4 51108696
370.5 51051001
370.6 50877274
370.7 50552393
370.8 50074036
370.9 49478355
371 48846706
371.1 48312545
371.2 48065372
371.3 48345584
371.4 49422631
371.5 51553473
371.6 54931402
371.7 59647383
371.8 65681150
371.9 72919144
372 81182262
372.1 90249085
372.2 99870180
372.3 1.0977578e+08
372.4 1.196808e+08
372.5 1.2929027e+08
372.6 1.3830708e+08
372.7 1.4644273e+08
372.8 1.5343092e+08
372.9 1.5904316e+08
373 1.6310513e+08
373.1 1.6551188e+08
373.2 1.6623993e+08
373.3 1.6535443e+08
373.4 1.6300988e+08
373.5 1.5944339e+08
373.6 1.5496047e+08
373.7 1.4991348e+08
373.8 1.4467416e+08
373.9 1.3960169e+08
374 1.3500969e+08
374.1 1.3113636e+08
374.2 1.2812385e+08
374.3 1.2601209e+08
374.4 1.2474899e+08
374.5 1.2421445e+08
374.6 1.2425063e+08
374.7 1.2469081e+08
374.8 1.2538105e+08
374.9 1.2619246e+08
375 1.2702495e+08
375.1 1.2780452e+08
375.2 1.2847674e+08
375.3 1.289983e+08
375.4 1.2932839e+08
375.5 1.29421e+08
375.6 1.2921881e+08
375.7 1.2864925e+08
375.8 1.276228e+08
375.9 1.2603371e+08
376 1.237629e+08
376.1 1.206828e+08
376.2 1.1666393e+08
376.3 1.1158282e+08
376.4 1.0533121e+08
376.5 97826640
376.6 89025094
376.7 78938394
376.8 67663195
376.9 55443417
377 42841385
377.1 31302077
377.2 24756380
377.3 28554177
377.4 40375395
377.5 55240666
377.6 70837299
377.7 86090338
377.8 1.003261e+08
377.9 1.1303988e+08
378 1.2383931e+08
378.1 1.3243909e+08
378.2 1.3867009e+08
378.3 1.4248895e+08
378.4 1.4398123e+08
378.5 1.4335502e+08
378.6 1.4092386e+08
378.7 1.3708035e+08
378.8 1.3226325e+08
378.9 1.2692215e+08
379 1.2148406e+08
379.1 1.1632616e+08
379.2 1.117577e+08
379.3 1.080128e+08
379.4 1.0525374e+08
379.5 1.0358173e+08
379.6 1.0305042e+08
379.7 1.0367713e+08
379.8 1.0544797e+08
379.9 1.0831663e+08
380 1.1219915e+08
380.1 1.1696852e+08
380.2 1.2245217e+08
380.3 1.2843411e+08
380.4 1.3466139e+08
380.5 1.4085394e+08
380.6 1.4671665e+08
380.7 1.5195275e+08
380.8 1.5627806e+08
380.9 1.594356e+08
381 1.6121046e+08
381.1 1.614445e+08
381.2 1.6005044e+08
381.3 1.5702495e+08
381.4 1.5246009e+08
381.5 1.4655249e+08
381.6 1.3960942e+08
381.7 1.3204987e+08
381.8 1.2439679e+08
381.9 1.172529e+08
382 1.1124838e+08
382.1 1.069509e+08
382.2 1.0474754e+08
382.3 1.0474371e+08
382.4 1.0674091e+08
382.5 1.1031382e+08
382.6 1.1494009e+08
382.7 1.2011559e+08
382.8 1.2542129e+08
382.9 1.3054577e+08
383 1.3528064e+08
383.1 1.3950439e+08
383.2 1.4316321e+08
383.3 1.462529e+08
383.4 1.4880332e+08
383.5 1.5086569e+08
383.6 1.525025e+08
383.7 1.5378004e+08
383.8 1.5476289e+08
383.9 1.5551043e+08
384 1.560749e+08
384.1 1.5650065e+08
384.2 1.5682444e+08
384.3 1.5707618e+08
384.4 1.5728001e+08
384.5 1.574553e+08
384.6 1.5761751e+08
384.7 1.5777876e+08
384.8 1.5794836e+08
384.9 1.5813312e+08
385 1.5833784e+08
385.1 1.5856572e+08
385.2 1.5881885e+08
385.3 1.5909866e+08
385.4 1.5940612e+08
385.5 1.597417e+08
385.6 1.6010508e+08
385.7 1.6049474e+08
385.8 1.6090751e+08
385.9 1.6133834e+08
386 1.6178028e+08
386.1 1.6222483e+08
386.2 1.6266257e+08
386.3 1.6308376e+08
386.4 1.6347898e+08
386.5 1.6383938e+08
386.6 1.6415666e+08
386.7 1.644227e+08
386.8 1.6462898e+08
386.9 1.6476588e+08
387 1.6482231e+08
387.1 1.6478569e+08
387.2 1.6464247e+08
387.3 1.6437934e+08
387.4 1.6398499e+08
387.5 1.6345214e+08
387.6 1.6277971e+08
387.7 1.6197453e+08
387.8 1.610524e+08
387.9 1.6003809e+08
388 1.5896427e+08
388.1 1.5786923e+08
388.2 1.5679386e+08
388.3 1.5577809e+08
388.4 1.5485732e+08
388.5 1.5405933e+08
388.6 1.5340203e+08
388.7 1.5289225e+08
388.8 1.5252568e+08
388.9 1.5228777e+08
389 1.5215551e+08
389.1 1.5209974e+08
389.2 1.5208775e+08
389.3 1.520859e+08
389.4 1.5206213e+08
389.5 1.5198808e+08
389.6 1.5184082e+08
389.7 1.5160385e+08
389.8 1.5126764e+08
389.9 1.5082935e+08
390 1.5029194e+08
390.1 1.4966276e+08
390.2 1.4895166e+08
390.3 1.4816894e+08
390.4 1.4732313e+08
390.5 1.46419e+08
390.6 1.4545581e+08
390.7 1.4442604e+08
390.8 1.4331457e+08
390.9 1.4209847e+08
391 1.4074722e+08
391.1 1.3922334e+08
391.2 1.374833e+08
391.3 1.3547849e+08
391.4 1.3315606e+08
391.5 1.3045984e+08
391.6 1.2733116e+08
391.7 1.2370994e+08
391.8 1.1953629e+08
391.9 1.1475293e+08
392 1.0930871e+08
392.1 1.0316303e+08
392.2 96291254
392.3 88690466
392.4 80385059
392.5 71431656
392.6 61923279
392.7 51994009
392.8 41829176
392.9 31699079
393 22090844
393.1 14298665
393.2 12064477
393.3 17043477
393.4 24679308
393.5 32638442
393.6 40256828
393.7 47298851
393.8 53663639
393.9 59306803
394 64212295
394.1 68379297
394.2 71815179
394.3 74531930
394.4 76545243
394.5 77876035
394.6 78554381
394.7 78625945
394.8 78160939
394.9 77265449
395 76094334
395.1 74863431
395.2 73856115
395.3 73415705
395.4 73913449
395.5 75688124
395.6 78971130
395.7 83829371
395.8 90154186
395.9 97695742
396 1.0611774e+08
396.1 1.1504759e+08
396.2 1.2411176e+08
396.3 1.3295771e+08
396.4 1.4126712e+08
396.5 1.4876461e+08
396.6 1.5522412e+08
396.7 1.6047374e+08
396.8 1.6439909e+08
396.9 1.6694496e+08
397 1.6811475e+08
397.1 1.6796757e+08
397.2 1.6661275e+08
397.3 1.6420217e+08
397.4 1.6092065e+08
397.5 1.5697514e+08
397.6 1.5258321e+08
397.7 1.4796174e+08
397.8 1.4331603e+08
397.9 1.388301e+08
398 1.3465854e+08
398.1 1.3092066e+08
398.2 1.2769772e+08
398.3 1.2503394e+08
398.4 1.229413e+08
398.5 1.2140757e+08
398.6 1.2040571e+08
398.7 1.1990241e+08
398.8 1.198631e+08
398.9 1.2025162e+08
399 1.2102351e+08
399.1 1.221138e+08
399.2 1.2342143e+08
399.3 1.2479422e+08
399.4 1.2601835e+08
399.5 1.2681627e+08
399.6 1.2685496e+08
399.7 1.2576498e+08
399.8 1.2316841e+08
399.9 1.1871283e+08
400 1.1210782e+08
400.1 1.0316061e+08
400.2 91809406
400.3 78157707
400.4 62529274
400.5 45634972
400.6 29366031
400.7 20883943
400.8 30217799
400.9 48046526
401 67391018
401.1 86304346
401.2 1.0395014e+08
401.3 1.1983267e+08
401.4 1.3363654e+08
401.5 1.4518003e+08
401.6 1.5439343e+08
401.7 1.6130273e+08
401.8 1.6601368e+08
401.9 1.6869559e+08
402 1.6956523e+08
402.1 1.6887156e+08
402.2 1.6688191e+08
402.3 1.6386977e+08
402.4 1.6010462e+08
402.5 1.5584341e+08
402.6 1.5132373e+08
402.7 1.4675821e+08
402.8 1.4233012e+08
402.9 1.3818987e+08
403 1.344526e+08
403.1 1.3119698e+08
403.2 1.2846554e+08
403.3 1.2626674e+08
403.4 1.2457891e+08
403.5 1.2335574e+08
403.6 1.2253281e+08
403.7 1.2203459e+08
403.8 1.2178109e+08
403.9 1.216938e+08
404 1.217005e+08
404.1 1.2173902e+08
404.2 1.2175985e+08
404.3 1.2172805e+08
404.4 1.2162445e+08
404.5 1.2144651e+08
404.6 1.2120875e+08
404.7 1.2094272e+08
404.8 1.2069634e+08
404.9 1.205321e+08
405 1.2052366e+08
405.1 1.2075061e+08
405.2 1.2129109e+08
405.3 1.2221307e+08
405.4 1.2356509e+08
405.5 1.2536829e+08
405.6 1.2761132e+08
405.7 1.3024933e+08
405.8 1.3320741e+08
405.9 1.3638754e+08
406 1.3967792e+08
406.1 1.4296276e+08
406.2 1.4613135e+08
406.3 1.4908541e+08
406.4 1.5174434e+08
406.5 1.540483e+08
406.6 1.5595937e+08
406.7 1.5746112e+08
406.8 1.58557e+08
406.9 1.5926774e+08
407 1.5962825e+08
407.1 1.5968404e+08
407.2 1.5948757e+08
407.3 1.5909458e+08
407.4 1.5856073e+08
407.5 1.5793859e+08
407.6 1.572752e+08
407.7 1.5661031e+08
407.8 1.5597528e+08
407.9 1.5539262e+08
408 1.5487617e+08
408.1 1.5443168e+08
408.2 1.5405771e+08
408.3 1.5374679e+08
408.4 1.5348663e+08
408.5 1.5326141e+08
408.6 1.530531e+08
408.7 1.5284262e+08
408.8 1.5261107e+08
408.9 1.5234061e+08
409 1.5201532e+08
409.1 1.5162174e+08
409.2 1.5114914e+08
409.3 1.5058965e+08
409.4 1.4993803e+08
409.5 1.4919142e+08
409.6 1.4834887e+08
409.7 1.4741092e+08
409.8 1.4637912e+08
409.9 1.4525571e+08
410 1.440433e+08
410.1 1.4274481e+08
410.2 1.4136349e+08
410.3 1.3990314e+08
410.4 1.3836843e+08
410.5 1.3676543e+08
410.6 1.3510219e+08
410.7 1.3338935e+08
410.8 1.3164071e+08
410.9 1.2987371e+08
411 1.2810961e+08
411.1 1.2637333e+08
411.2 1.2469281e+08
411.3 1.2309785e+08
411.4 1.2161846e+08
411.5 1.2028271e+08
411.6 1.1911438e+08
411.7 1.1813065e+08
411.8 1.1734011e+08
411.9 1.1674139e+08
412 1.163228e+08
412.1 1.1606282e+08
412.2 1.1593173e+08
412.3 1.1589388e+08
412.4 1.1591062e+08
412.5 1.1594332e+08
412.6 1.1595638e+08
412.7 1.1591981e+08
412.8 1.1581125e+08
412.9 1.156174e+08
413 1.1533458e+08
413.1 1.1496869e+08
413.2 1.1453434e+08
413.3 1.1405349e+08
413.4 1.1355354e+08
413.5 1.1306503e+08
413.6 1.1261922e+08
413.7 1.1224564e+08
413.8 1.119698e+08
413.9 1.1181131e+08
414 1.1178255e+08
414.1 1.1188798e+08
414.2 1.1212409e+08
414.3 1.1248013e+08
414.4 1.129392e+08
414.5 1.1347988e+08
414.6 1.1407784e+08
414.7 1.1470758e+08
414.8 1.1534389e+08
414.9 1.1596308e+08
415 1.1654391e+08
415.1 1.1706821e+08
415.2 1.1752132e+08
415.3 1.1789231e+08
415.4 1.1817414e+08
415.5 1.1836377e+08
415.6 1.1846215e+08
415.7 1.1847428e+08
415.8 1.1840903e+08
415.9 1.1827885e+08
416 1.1809932e+08
416.1 1.1788837e+08
416.2 1.1766537e+08
416.3 1.1744998e+08
416.4 1.1726094e+08
416.5 1.1711485e+08
416.6 1.170252e+08
416.7 1.1700156e+08
416.8 1.1704942e+08
416.9 1.1717051e+08
417 1.1736382e+08
417.1 1.1762726e+08
417.2 1.1795976e+08
417.3 1.1836355e+08
417.4 1.1884604e+08
417.5 1.1942095e+08
417.6 1.2010791e+08
417.7 1.2093042e+08
417.8 1.2191198e+08
417.9 1.2307098e+08
418 1.2441518e+08
418.1 1.2593709e+08
418.2 1.2761142e+08
418.3 1.2939548e+08
418.4 1.3123256e+08
418.5 1.3305764e+08
418.6 1.3480433e+08
418.7 1.3641171e+08
418.8 1.3782978e+08
418.9 1.3902314e+08
419 1.3997223e+08
419.1 1.4067266e+08
419.2 1.4113275e+08
419.3 1.4137009e+08
419.4 1.4140753e+08
419.5 1.4126913e+08
419.6 1.4097663e+08
419.7 1.405465e+08
419.8 1.3998784e+08
419.9 1.3930105e+08
420 1.3847724e+08
420.1 1.3749817e+08
420.2 1.363367e+08
420.3 1.3495768e+08
420.4 1.3331941e+08
420.5 1.3137581e+08
420.6 1.2907934e+08
420.7 1.2638488e+08
420.8 1.2325432e+08
420.9 1.1966142e+08
421 1.155966e+08
421.1 1.1107062e+08
421.2 1.061168e+08
421.3 1.00791e+08
421.4 95169397
421.5 89344092
421.6 83417209
421.7 77494162
421.8 71677022
421.9 66058759
422 60718999
422.1 55721637
422.2 51114385
422.3 46930035
422.4 43189015
422.5 39902654
422.6 37076494
422.7 34712986
422.8 32812998
422.9 31375740
423 30397067
423.1 29866593
423.2 29764518
423.3 30059229
423.4 30706379
423.5 31649542
423.6 32821906
423.7 34148381
423.8 35547657
423.9 36934131
424 38219804
424.1 39316385
424.2 40137818
424.3 40603499
424.4 40642516
424.5 40199542
424.6 39243495
424.7 37781035
424.8 35878491
424.9 33697682
425 31550202
425.1 29957705
425.2 29645314
425.3 31329953
425.4 35347783
425.5 41518829
425.6 49371828
425.7 58383923
425.8 68065567
425.9 77958917
426 87619947
426.1 96608267
426.2 1.044881e+08
426.3 1.1083881e+08
426.4 1.152729e+08
426.5 1.1745946e+08
426.6 1.1715156e+08
426.7 1.1421658e+08
426.8 1.0867011e+08
426.9 1.0071744e+08
427 90814142
427.1 79771165
427.2 68943929
427.3 60478072
427.4 57132656
427.5 60679023
427.6 70202087
427.7 83246129
427.8 97655280
427.9 1.1200379e+08
428 1.2540534e+08
428.1 1.3731923e+08
428.2 1.4743673e+08
428.3 1.556172e+08
428.4 1.6184813e+08
428.5 1.6621607e+08
428.6 1.6888241e+08
428.7 1.700618e+08
428.8 1.7000222e+08
428.9 1.6896652e+08
429 1.6721592e+08
429.1 1.649956e+08
429.2 1.6252311e+08
429.3 1.5998005e+08
429.4 1.5750742e+08
429.5 1.5520479e+08
429.6 1.5313291e+08
429.7 1.5131916e+08
429.8 1.497646e+08
429.9 1.4845149e+08
430 1.4735036e+08
430.1 1.4642575e+08
430.2 1.4564045e+08
430.3 1.4495835e+08
430.4 1.4434606e+08
430.5 1.4377372e+08
430.6 1.4321533e+08
430.7 1.4264891e+08
430.8 1.4205651e+08
430.9 1.4142444e+08
431 1.4074358e+08
431.1 1.4000989e+08
431.2 1.3922499e+08
431.3 1.383967e+08
431.4 1.3753933e+08
431.5 1.3667354e+08
431.6 1.3582546e+08
431.7 1.3502526e+08
431.8 1.343049e+08
431.9 1.3369547e+08
432 1.332242e+08
432.1 1.3291174e+08
432.2 1.327698e+08
432.3 1.3279972e+08
432.4 1.3299195e+08
432.5 1.3332664e+08
432.6 1.3377517e+08
432.7 1.3430231e+08
432.8 1.3486896e+08
432.9 1.3543485e+08
433 1.3596127e+08
433.1 1.3641342e+08
433.2 1.367624e+08
433.3 1.3698677e+08
433.4 1.3707368e+08
433.5 1.3701961e+08
433.6 1.3683071e+08
433.7 1.3652279e+08
433.8 1.3612077e+08
433.9 1.3565757e+08
434 1.3517233e+08
434.1 1.3470788e+08
434.2 1.3430752e+08
434.3 1.3401122e+08
434.4 1.338517e+08
434.5 1.3385075e+08
434.6 1.3401637e+08
434.7 1.3434118e+08
434.8 1.3480258e+08
434.9 1.3536456e+08
435 1.3598113e+08
435.1 1.3660096e+08
435.2 1.371727e+08
435.3 1.3765032e+08
435.4 1.3799801e+08
435.5 1.3819411e+08
435.6 1.3823366e+08
435.7 1.3812951e+08
435.8 1.3791178e+08
435.9 1.3762587e+08
436 1.3732923e+08
436.1 1.3708718e+08
436.2 1.3696826e+08
436.3 1.370394e+08
436.4 1.3736136e+08
436.5 1.3798463e+08
436.6 1.3894607e+08
436.7 1.4026628e+08
436.8 1.4194786e+08
436.9 1.4397437e+08
437 1.463101e+08
437.1 1.4890038e+08
437.2 1.5167266e+08
437.3 1.5453802e+08
437.4 1.5739346e+08
437.5 1.6012477e+08
437.6 1.6261021e+08
437.7 1.647249e+08
437.8 1.6634605e+08
437.9 1.6735878e+08
438 1.6766255e+08
438.1 1.6717765e+08
438.2 1.6585162e+08
438.3 1.6366502e+08
438.4 1.6063594e+08
438.5 1.5682293e+08
438.6 1.523255e+08
438.7 1.4728201e+08
438.8 1.4186442e+08
438.9 1.3626964e+08
439 1.3070772e+08
439.1 1.2538711e+08
439.2 1.2049816e+08
439.3 1.1619665e+08
439.4 1.1258988e+08
439.5 1.0972832e+08
439.6 1.0760487e+08
439.7 1.0616207e+08
439.8 1.0530545e+08
439.9 1.0491944e+08
440 1.0488242e+08
440.1 1.0507853e+08
440.2 1.0540528e+08
440.3 1.0577772e+08
440.4 1.0612992e+08
440.5 1.0641512e+08
440.6 1.066051e+08
440.7 1.0668939e+08
440.8 1.0667421e+08
440.9 1.0658128e+08
441 1.0644601e+08
441.1 1.0631529e+08
441.2 1.0624453e+08
441.3 1.0629421e+08
441.4 1.0652601e+08
441.5 1.0699888e+08
441.6 1.0776522e+08
441.7 1.0886754e+08
441.8 1.1033581e+08
441.9 1.121856e+08
442 1.1441713e+08
442.1 1.1701523e+08
442.2 1.1995e+08
442.3 1.2317816e+08
442.4 1.2664492e+08
442.5 1.3028613e+08
442.6 1.3403085e+08
442.7 1.3780393e+08
442.8 1.4152871e+08
442.9 1.4512971e+08
443 1.4853508e+08
443.1 1.5167888e+08
443.2 1.5450289e+08
443.3 1.5695808e+08
443.4 1.5900552e+08
443.5 1.6061683e+08
443.6 1.6177415e+08
443.7 1.6246978e+08
443.8 1.627055e+08
443.9 1.6249182e+08
444 1.6184716e+08
444.1 1.6079721e+08
444.2 1.5937441e+08
444.3 1.576177e+08
444.4 1.5557244e+08
444.5 1.5329055e+08
444.6 1.5083053e+08
444.7 1.4825747e+08
444.8 1.4564261e+08
444.9 1.4306242e+08
445 1.4059693e+08
445.1 1.3832724e+08
445.2 1.3633214e+08
445.3 1.3468417e+08
445.4 1.3344513e+08
445.5 1.3266179e+08
445.6 1.3236203e+08
445.7 1.32552e+08
445.8 1.332146e+08
445.9 1.3430938e+08
446 1.3577381e+08
446.1 1.3752591e+08
446.2 1.3946814e+08
446.3 1.4149232e+08
446.4 1.4348568e+08
446.5 1.4533768e+08
446.6 1.4694706e+08
446.7 1.4822872e+08
446.8 1.4911953e+08
446.9 1.4958234e+08
447 1.4960788e+08
447.1 1.492141e+08
447.2 1.4844333e+08
447.3 1.4735755e+08
447.4 1.4603243e+08
447.5 1.4455091e+08
447.6 1.4299682e+08
447.7 1.4144912e+08
447.8 1.3997714e+08
447.9 1.38637e+08
448 1.3746929e+08
448.1 1.3649807e+08
448.2 1.3573105e+08
448.3 1.3516069e+08
448.4 1.3476618e+08
448.5 1.3451586e+08
448.6 1.343699e+08
448.7 1.3428294e+08
448.8 1.3420666e+08
448.9 1.3409194e+08
449 1.3389076e+08
449.1 1.3355774e+08
449.2 1.3305125e+08
449.3 1.323343e+08
449.4 1.3137496e+08
449.5 1.3014648e+08
449.6 1.2862713e+08
449.7 1.2679975e+08
449.8 1.2465128e+08
449.9 1.2217233e+08
450 1.1935724e+08
450.1 1.1620478e+08
450.2 1.1271982e+08
450.3 1.0891583e+08
450.4 1.0481834e+08
450.5 1.0046873e+08
450.6 95927851
450.7 91278613
450.8 86626591
450.9 82097419
451 77829907
451.1 73963997
451.2 70623768
451.3 67897693
451.4 65820999
451.5 64366560
451.6 63449226
451.7 62943700
451.8 62710883
451.9 62625475
452 62599188
452.1 62596818
452.2 62644423
452.3 62828978
452.4 63288123
452.5 64188330
452.6 65692023
452.7 67919225
452.8 70914596
452.9 74631012
453 78934097
453.1 83622928
453.2 88457485
453.3 93184727
453.4 97559265
453.5 1.0135798e+08
453.6 1.0438962e+08
453.7 1.0650076e+08
453.8 1.0757972e+08
453.9 1.0755944e+08
454 1.0642076e+08
454.1 1.041968e+08
454.2 1.0097976e+08
454.3 96930885
454.4 92293968
454.5 87411432
454.6 82737537
454.7 78834345
454.8 76324008
454.9 75772474
455 77524891
455.1 81586815
455.2 87642698
455.3 95188341
455.4 1.0367449e+08
455.5 1.1259634e+08
455.6 1.215287e+08
455.7 1.3013064e+08
455.8 1.3813838e+08
455.9 1.4535554e+08
456 1.51644e+08
456.1 1.5691609e+08
456.2 1.6112783e+08
456.3 1.6427298e+08
456.4 1.6637769e+08
456.5 1.6749545e+08
456.6 1.6770237e+08
456.7 1.6709277e+08
456.8 1.6577498e+08
456.9 1.6386745e+08
457 1.6149522e+08
457.1 1.5878654e+08
457.2 1.5586975e+08
457.3 1.5287001e+08
457.4 1.4990605e+08
457.5 1.4708654e+08
457.6 1.4450644e+08
457.7 1.4224339e+08
457.8 1.4035472e+08
457.9 1.3887559e+08
458 1.3781877e+08
458.1 1.3717622e+08
458.2 1.3692229e+08
458.3 1.3701804e+08
458.4 1.3741582e+08
458.5 1.3806354e+08
458.6 1.3890804e+08
458.7 1.3989753e+08
458.8 1.4098297e+08
458.9 1.4211893e+08
459 1.4326396e+08
459.1 1.443809e+08
459.2 1.4543725e+08
459.3 1.4640566e+08
459.4 1.4726461e+08
459.5 1.4799915e+08
459.6 1.4860164e+08
459.7 1.4907223e+08
459.8 1.4941875e+08
459.9 1.4965582e+08
460 1.4980291e+08
460.1 1.4988126e+08
460.2 1.4990992e+08
460.3 1.4990135e+08
460.4 1.4985755e+08
460.5 1.497677e+08
460.6 1.4960828e+08
460.7 1.4934668e+08
460.8 1.4894838e+08
460.9 1.4838752e+08
461 1.476596e+08
461.1 1.4679407e+08
461.2 1.4586401e+08
461.3 1.4498905e+08
461.4 1.4432809e+08
461.5 1.4405961e+08
461.6 1.443508e+08
461.7 1.4532111e+08
461.8 1.4701032e+08
461.9 1.4936125e+08
462 1.5222302e+08
462.1 1.5537308e+08
462.2 1.5855015e+08
462.3 1.6148861e+08
462.4 1.6394691e+08
462.5 1.6572689e+08
462.6 1.6668398e+08
462.7 1.6672995e+08
462.8 1.6583069e+08
462.9 1.6400101e+08
463 1.6129809e+08
463.1 1.5781447e+08
463.2 1.5367125e+08
463.3 1.4901145e+08
463.4 1.4399357e+08
463.5 1.387851e+08
463.6 1.3355577e+08
463.7 1.284704e+08
463.8 1.2368127e+08
463.9 1.1932049e+08
464 1.1549274e+08
464.1 1.1226943e+08
464.2 1.0968529e+08
464.3 1.0773824e+08
464.4 1.0639275e+08
464.5 1.0558633e+08
464.6 1.0523777e+08
464.7 1.05256e+08
464.8 1.0554803e+08
464.9 1.0602546e+08
465 1.0660902e+08
465.1 1.0723157e+08
465.2 1.0783951e+08
465.3 1.0839325e+08
465.4 1.0886685e+08
465.5 1.0924697e+08
465.6 1.095314e+08
465.7 1.0972707e+08
465.8 1.098477e+08
465.9 1.0991112e+08
466 1.0993646e+08
466.1 1.0994154e+08
466.2 1.099407e+08
466.3 1.0994338e+08
466.4 1.0995375e+08
466.5 1.0997122e+08
466.6 1.0999183e+08
466.7 1.1001003e+08
466.8 1.1002052e+08
466.9 1.1001973e+08
467 1.1000664e+08
467.1 1.0998299e+08
467.2 1.0995268e+08
467.3 1.0992085e+08
467.4 1.098926e+08
467.5 1.0987178e+08
467.6 1.0986001e+08
467.7 1.098561e+08
467.8 1.0985589e+08
467.9 1.098527e+08
468 1.0983809e+08
468.1 1.0980297e+08
468.2 1.0973889e+08
468.3 1.0963917e+08
468.4 1.0949994e+08
468.5 1.0932068e+08
468.6 1.0910439e+08
468.7 1.0885734e+08
468.8 1.0858843e+08
468.9 1.0830821e+08
469 1.0802786e+08
469.1 1.0775809e+08
469.2 1.0750813e+08
469.3 1.0728491e+08
469.4 1.0709243e+08
469.5 1.0693134e+08
469.6 1.0679869e+08
469.7 1.0668799e+08
469.8 1.0658927e+08
469.9 1.0648943e+08
470 1.063727e+08
470.1 1.0622133e+08
470.2 1.0601644e+08
470.3 1.0573921e+08
470.4 1.0537232e+08
470.5 1.0490181e+08
470.6 1.0431924e+08
470.7 1.0362429e+08
470.8 1.0282766e+08
470.9 1.0195433e+08
471 1.0104677e+08
471.1 1.0016809e+08
471.2 99404180
471.3 98864251
471.4 98678279
471.5 98990163
471.6 99945586
471.7 1.0167493e+08
471.8 1.0427351e+08
471.9 1.0778316e+08
472 1.1217965e+08
472.1 1.1736883e+08
472.2 1.2319171e+08
472.3 1.2943621e+08
472.4 1.3585284e+08
472.5 1.4217169e+08
472.6 1.4811916e+08
472.7 1.5343397e+08
472.8 1.5788166e+08
472.9 1.6126744e+08
473 1.6344674e+08
473.1 1.6433291e+08
473.2 1.639017e+08
473.3 1.6219234e+08
473.4 1.593052e+08
473.5 1.5539645e+08
473.6 1.5066996e+08
473.7 1.4536693e+08
473.8 1.3975322e+08
473.9 1.3410442e+08
474 1.2868844e+08
474.1 1.2374627e+08
474.2 1.1947238e+08
474.3 1.159979e+08
474.4 1.1338094e+08
474.5 1.1160771e+08
474.6 1.1060512e+08
474.7 1.1026233e+08
474.8 1.1045511e+08
474.9 1.1106741e+08
475 1.1200563e+08
475.1 1.1320406e+08
475.2 1.1462185e+08
475.3 1.1623295e+08
475.4 1.1801169e+08
475.5 1.1991658e+08
475.6 1.2187566e+08
475.7 1.2377608e+08
475.8 1.2546019e+08
475.9 1.2672881e+08
476 1.2735145e+08
476.1 1.2708211e+08
476.2 1.2567906e+08
476.3 1.2292701e+08
476.4 1.186604e+08
476.5 1.1278756e+08
476.6 1.0531621e+08
476.7 96383278
476.8 86296044
476.9 75599490
477 65193761
477.1 56501278
477.2 51476604
477.3 51818972
477.4 57528008
477.5 66956443
477.6 78257707
477.7 90115851
477.8 1.0171495e+08
477.9 1.1256853e+08
478 1.2239884e+08
478.1 1.3106579e+08
478.2 1.3852404e+08
478.3 1.4479471e+08
478.4 1.4994515e+08
478.5 1.5407354e+08
478.6 1.5729684e+08
478.7 1.5974106e+08
478.8 1.6153327e+08
478.9 1.6279487e+08
479 1.636359e+08
479.1 1.6415014e+08
479.2 1.6441133e+08
479.3 1.6447067e+08
479.4 1.6435599e+08
479.5 1.6407288e+08
479.6 1.6360797e+08
479.7 1.629341e+08
479.8 1.6201702e+08
479.9 1.6082286e+08
480 1.5932545e+08
480.1 1.5751277e+08
480.2 1.5539172e+08
480.3 1.5299053e+08
480.4 1.5035883e+08
480.5 1.4756519e+08
480.6 1.4469244e+08
480.7 1.4183137e+08
480.8 1.3907337e+08
480.9 1.3650291e+08
481 1.3419074e+08
481.1 1.3218853e+08
481.2 1.3052576e+08
481.3 1.2920897e+08
481.4 1.2822348e+08
481.5 1.2753684e+08
481.6 1.2710342e+08
481.7 1.2686906e+08
481.8 1.2677527e+08
481.9 1.2676232e+08
482 1.2677113e+08
482.1 1.2674408e+08
482.2 1.2662502e+08
482.3 1.2635884e+08
482.4 1.2589121e+08
482.5 1.2516861e+08
482.6 1.2413923e+08
482.7 1.2275468e+08
482.8 1.2097261e+08
482.9 1.1876013e+08
483 1.1609769e+08
483.1 1.1298296e+08
483.2 1.0943442e+08
483.3 1.0549394e+08
483.4 1.0122788e+08
483.5 96726195
483.6 92099213
483.7 87471735
483.8 82974697
483.9 78734997
484 74864847
484.1 71452735
484.2 68558480
484.3 66214334
484.4 64432487
484.5 63216942
484.6 62575629
484.7 62527998
484.8 63104459
484.9 64336964
485 66243486
485.1 68811960
485.2 71989559
485.3 75680826
485.4 79754450
485.5 84055715
485.6 88420899
485.7 92690700
485.8 96721104
485.9 1.0039118e+08
486 1.0360792e+08
486.1 1.0630853e+08
486.2 1.0846077e+08
486.3 1.1006174e+08
486.4 1.1113575e+08
486.5 1.1173139e+08
486.6 1.119183e+08
486.7 1.1178343e+08
486.8 1.1142713e+08
486.9 1.1095863e+08
487 1.104912e+08
487.1 1.1013659e+08
487.2 1.0999917e+08
487.3 1.1016997e+08
487.4 1.1072113e+08
487.5 1.1170165e+08
487.6 1.1313477e+08
487.7 1.1501775e+08
487.8 1.1732366e+08
487.9 1.2000507e+08
488 1.2299881e+08
488.1 1.2623116e+08
488.2 1.2962284e+08
488.3 1.3309338e+08
488.4 1.3656483e+08
488.5 1.3996458e+08
488.6 1.4322752e+08
488.7 1.4629757e+08
488.8 1.4912858e+08
488.9 1.5168479e+08
489 1.5394088e+08
489.1 1.5588158e+08
489.2 1.5750098e+08
489.3 1.5880153e+08
489.4 1.5979291e+08
489.5 1.6049061e+08
489.6 1.6091463e+08
489.7 1.6108803e+08
489.8 1.6103561e+08
489.9 1.6078274e+08
490 1.6035429e+08
490.1 1.5977383e+08
490.2 1.5906303e+08
490.3 1.582413e+08
490.4 1.5732563e+08
490.5 1.5633061e+08
490.6 1.552685e+08
490.7 1.5414927e+08
490.8 1.5298044e+08
490.9 1.5176653e+08
491 1.505081e+08
491.1 1.4920017e+08
491.2 1.4783017e+08
491.3 1.4637552e+08
491.4 1.4480129e+08
491.5 1.4305824e+08
491.6 1.4108187e+08
491.7 1.3879295e+08
491.8 1.3609976e+08
491.9 1.3290238e+08
492 1.2909872e+08
492.1 1.245923e+08
492.2 1.1930112e+08
492.3 1.1316748e+08
492.4 1.0616828e+08
492.5 98326139
492.6 89721920
492.7 80510960
492.8 70947747
492.9 61428089
493 52561225
493.1 45265214
493.2 40758776
493.3 40094786
493.4 43292229
493.5 49273902
493.6 56743300
493.7 64734020
493.8 72634430
493.9 80074256
494 86834286
494.1 92792097
494.2 97890283
494.3 1.0211679e+08
494.4 1.054917e+08
494.5 1.0805781e+08
494.6 1.0987346e+08
494.7 1.1100729e+08
494.8 1.1153434e+08
494.9 1.1153361e+08
495 1.1108689e+08
495.1 1.1027868e+08
495.2 1.0919706e+08
495.3 1.0793502e+08
495.4 1.0659166e+08
495.5 1.0527233e+08
495.6 1.0408687e+08
495.7 1.0314505e+08
495.8 1.0254894e+08
495.9 1.0238289e+08
496 1.027028e+08
496.1 1.0352751e+08
496.2 1.0483465e+08
496.3 1.0656274e+08
496.4 1.0861903e+08
496.5 1.1089106e+08
496.6 1.1325938e+08
496.7 1.156088e+08
496.8 1.1783679e+08
496.9 1.1985842e+08
497 1.2160829e+08
497.1 1.2304007e+08
497.2 1.241248e+08
497.3 1.2484871e+08
497.4 1.2521116e+08
497.5 1.252232e+08
497.6 1.2490671e+08
497.7 1.2429392e+08
497.8 1.2342707e+08
497.9 1.223577e+08
498 1.2114521e+08
498.1 1.1985451e+08
498.2 1.1855257e+08
498.3 1.1730425e+08
498.4 1.161675e+08
498.5 1.151888e+08
498.6 1.1439931e+08
498.7 1.1381221e+08
498.8 1.1342167e+08
498.9 1.1320333e+08
499 1.1311592e+08
499.1 1.1310354e+08
499.2 1.13098e+08
499.3 1.1302075e+08
499.4 1.1278441e+08
499.5 1.1229382e+08
499.6 1.114472e+08
499.7 1.101377e+08
499.8 1.0825608e+08
499.9 1.0569483e+08
500 1.0235408e+08
500.1 98149703
500.2 93023739
500.3 86957952
500.4 79992346
500.5 72252828
500.6 63997366
500.7 55698680
500.8 48185823
500.9 42801852
501 41222731
501.1 44407738
501.2 51711190
501.3 61650490
501.4 72924586
501.5 84636513
501.6 96182201
501.7 1.0714e+08
501.8 1.1720894e+08
501.9 1.2617856e+08
502 1.3391409e+08
502.1 1.4034792e+08
502.2 1.4547264e+08
502.3 1.4933353e+08
502.4 1.520196e+08
502.5 1.5365347e+08
502.6 1.5438027e+08
502.7 1.5435661e+08
502.8 1.5374033e+08
502.9 1.5268183e+08
503 1.5131745e+08
503.1 1.4976531e+08
503.2 1.4812343e+08
503.3 1.4646979e+08
503.4 1.4486375e+08
503.5 1.4334802e+08
503.6 1.4195054e+08
503.7 1.4068571e+08
503.8 1.3955473e+08
503.9 1.385449e+08
504 1.376284e+08
504.1 1.3676086e+08
504.2 1.3588043e+08
504.3 1.3490789e+08
504.4 1.3374818e+08
504.5 1.3229371e+08
504.6 1.3042926e+08
504.7 1.2803828e+08
504.8 1.2501028e+08
504.9 1.2124865e+08
505 1.1667856e+08
505.1 1.1125434e+08
505.2 1.0496596e+08
505.3 97844244
505.4 89964741
505.5 81450278
505.6 72472983
505.7 63257292
505.8 54087114
505.9 45322694
506 37433828
506.1 31041261
506.2 26877673
506.3 25446271
506.4 26483878
506.5 29059147
506.6 32239788
506.7 35425242
506.8 38309087
506.9 40770364
507 42794417
507.1 44423485
507.2 45725034
507.3 46770604
507.4 47622058
507.5 48324073
507.6 48902167
507.7 49365296
507.8 49711657
507.9 49936158
508 50038162
508.1 50028525
508.2 49935360
508.3 49808268
508.4 49720821
508.5 49770890
508.6 50078152
508.7 50777889
508.8 52010701
508.9 53909002
509 56582940
509.1 60109363
509.2 64526429
509.3 69833781
509.4 75995783
509.5 82944583
509.6 90580732
509.7 98770596
509.8 1.0734107e+08
509.9 1.1607286e+08
510 1.2469399e+08
510.1 1.3287539e+08
510.2 1.4023072e+08
510.3 1.4632233e+08
510.4 1.5067502e+08
510.5 1.5279885e+08
510.6 1.5222067e+08
510.7 1.4852311e+08
510.8 1.4138787e+08
510.9 1.3063946e+08
511 1.1628561e+08
511.1 98554223
511.2 77941303
511.3 55351771
511.4 32897437
511.5 20264438
511.6 34037657
511.7 56970027
511.8 80101795
511.9 1.0141343e+08
512 1.1998931e+08
512.1 1.3528696e+08
512.2 1.4700442e+08
512.3 1.5503798e+08
512.4 1.5945508e+08
512.5 1.6046773e+08
512.6 1.5840488e+08
512.7 1.5368467e+08
512.8 1.4678824e+08
512.9 1.3823657e+08
513 1.2857104e+08
513.1 1.1833768e+08
513.2 1.080741e+08
513.3 98295932
513.4 89477677
513.5 82020963
513.6 76206475
513.7 72139249
513.8 69716022
513.9 68645657
514 68522752
514.1 68917797
514.2 69444749
514.3 69792977
514.4 69732638
514.5 69108166
514.6 67830775
514.7 65876234
514.8 63291399
514.9 60211896
515 56892121
515.1 53743313
515.2 51357499
515.3 50459491
515.4 51717173
515.5 55459830
515.6 61537285
515.7 69446182
515.8 78556581
515.9 88261227
516 98031649
516.1 1.0742982e+08
516.2 1.1610827e+08
516.3 1.2380957e+08
516.4 1.3036612e+08
516.5 1.3569807e+08
516.6 1.3980773e+08
516.7 1.4276939e+08
516.8 1.4471511e+08
516.9 1.4581754e+08
517 1.4627203e+08
517.1 1.4627999e+08
517.2 1.4603557e+08
517.3 1.4571661e+08
517.4 1.4547984e+08
517.5 1.4545917e+08
517.6 1.4576512e+08
517.7 1.4648314e+08
517.8 1.4766942e+08
517.9 1.4934401e+08
518 1.5148258e+08
518.1 1.5400984e+08
518.2 1.5679736e+08
518.3 1.5966824e+08
518.4 1.6240883e+08
518.5 1.6478622e+08
518.6 1.6656865e+08
518.7 1.6754578e+08
518.8 1.6754611e+08
518.9 1.6644976e+08
519 1.6419569e+08
519.1 1.6078357e+08
519.2 1.5627084e+08
519.3 1.5076633e+08
519.4 1.4442148e+08
519.5 1.3742025e+08
519.6 1.2996873e+08
519.7 1.222848e+08
519.8 1.1458808e+08
519.9 1.0709e+08
520 99984015
520.1 93435831
520.2 87574590
520.3 82486322
520.4 78211942
520.5 74751785
520.6 72077297
520.7 70147988
520.8 68929422
520.9 68407082
521 68591930
521.1 69515982
521.2 71219368
521.3 73733132
521.4 77063305
521.5 81180764
521.6 86018565
521.7 91475494
521.8 97423138
521.9 1.037141e+08
522 1.1019008e+08
522.1 1.1668969e+08
522.2 1.23056e+08
522.3 1.2914405e+08
522.4 1.3482777e+08
522.5 1.400058e+08
522.6 1.4460538e+08
522.7 1.4858377e+08
522.8 1.5192692e+08
522.9 1.5464554e+08
523 1.5676904e+08
523.1 1.583381e+08
523.2 1.5939673e+08
523.3 1.5998485e+08
523.4 1.601322e+08
523.5 1.598545e+08
523.6 1.5915255e+08
523.7 1.5801457e+08
523.8 1.5642198e+08
523.9 1.5435822e+08
524 1.5181959e+08
524.1 1.488269e+08
524.2 1.4543565e+08
524.3 1.4174266e+08
524.4 1.3788633e+08
524.5 1.3403875e+08
524.6 1.3038864e+08
524.7 1.2711649e+08
524.8 1.2436649e+08
524.9 1.2222209e+08
525 1.2069302e+08
525.1 1.1971826e+08
525.2 1.1918435e+08
525.3 1.189529e+08
525.4 1.1888906e+08
525.5 1.1888437e+08
525.6 1.1887012e+08
525.7 1.1882088e+08
525.8 1.1874904e+08
525.9 1.1869256e+08
526 1.1869804e+08
526.1 1.1880231e+08
526.2 1.1901579e+08
526.3 1.1931153e+08
526.4 1.1962251e+08
526.5 1.198483e+08
526.6 1.1986936e+08
526.7 1.1956582e+08
526.8 1.1883653e+08
526.9 1.1761464e+08
527 1.1587757e+08
527.1 1.1364994e+08
527.2 1.1100017e+08
527.3 1.0803159e+08
527.4 1.0486997e+08
527.5 1.0164921e+08
527.6 98497275
527.7 95523948
527.8 92812034
527.9 90412957
528 88347254
528.1 86609581
528.2 85177129
528.3 84019852
528.4 83110790
528.5 82435066
528.6 81996526
528.7 81821379
528.8 81958357
528.9 82475047
529 83450216
529.1 84962507
529.2 87076836
529.3 89830863
529.4 93224496
529.5 97214894
529.6 1.0171802e+08
529.7 1.0661605e+08
529.8 1.1176864e+08
529.9 1.1702591e+08
530 1.2224089e+08
530.1 1.2728026e+08
530.2 1.3203241e+08
530.3 1.3641244e+08
530.4 1.4036426e+08
530.5 1.4385977e+08
530.6 1.4689589e+08
530.7 1.4948982e+08
530.8 1.5167331e+08
530.9 1.5348661e+08
531 1.5497269e+08
531.1 1.5617222e+08
531.2 1.5711968e+08
531.3 1.5784079e+08
531.4 1.5835131e+08
531.5 1.5865711e+08
531.6 1.5875531e+08
531.7 1.5863628e+08
531.8 1.5828618e+08
531.9 1.5768971e+08
532 1.5683292e+08
532.1 1.5570571e+08
532.2 1.5430386e+08
532.3 1.5263052e+08
532.4 1.5069706e+08
532.5 1.4852324e+08
532.6 1.4613686e+08
532.7 1.4357287e+08
532.8 1.4087219e+08
532.9 1.3808026e+08
533 1.3524556e+08
533.1 1.3241806e+08
533.2 1.2964779e+08
533.3 1.2698348e+08
533.4 1.2447127e+08
533.5 1.2215355e+08
533.6 1.200678e+08
533.7 1.182455e+08
533.8 1.1671097e+08
533.9 1.1548009e+08
534 1.1455899e+08
534.1 1.1394255e+08
534.2 1.1361284e+08
534.3 1.1353766e+08
534.4 1.1366922e+08
534.5 1.1394345e+08
534.6 1.1427988e+08
534.7 1.1458241e+08
534.8 1.1474086e+08
534.9 1.1463338e+08
535 1.1412942e+08
535.1 1.1309309e+08
535.2 1.1138689e+08
535.3 1.0887575e+08
535.4 1.0543157e+08
535.5 1.0093881e+08
535.6 95301772
535.7 88455009
535.8 80379418
535.9 71129878
536 60889488
536.1 50093485
536.2 39747727
536.3 32175856
536.4 31319376
536.5 38699376
536.6 51271685
536.7 66102078
536.8 81616131
536.9 96916288
537 1.1139505e+08
537.1 1.2459885e+08
537.2 1.361856e+08
537.3 1.4591382e+08
537.4 1.5364102e+08
537.5 1.5932232e+08
537.6 1.6300579e+08
537.7 1.6482325e+08
537.8 1.6497674e+08
537.9 1.6372145e+08
538 1.6134659e+08
538.1 1.581558e+08
538.2 1.5444855e+08
538.3 1.5050406e+08
538.4 1.4656857e+08
538.5 1.428465e+08
538.6 1.3949559e+08
538.7 1.3662566e+08
538.8 1.3430053e+08
538.9 1.3254234e+08
539 1.3133745e+08
539.1 1.3064339e+08
539.2 1.3039631e+08
539.3 1.3051836e+08
539.4 1.3092482e+08
539.5 1.3153063e+08
539.6 1.3225602e+08
539.7 1.3303091e+08
539.8 1.3379806e+08
539.9 1.3451461e+08
540 1.3515221e+08
540.1 1.3569597e+08
540.2 1.3614232e+08
540.3 1.3649635e+08
540.4 1.3676893e+08
540.5 1.369738e+08
540.6 1.3712498e+08
540.7 1.3723452e+08
540.8 1.3731068e+08
540.9 1.3735648e+08
541 1.3736857e+08
541.1 1.3733649e+08
541.2 1.3724213e+08
541.3 1.3705954e+08
541.4 1.3675514e+08
541.5 1.3628827e+08
541.6 1.3561234e+08
541.7 1.3467663e+08
541.8 1.3342894e+08
541.9 1.3181912e+08
542 1.2980368e+08
542.1 1.273514e+08
542.2 1.2444982e+08
542.3 1.2111235e+08
542.4 1.1738545e+08
542.5 1.133552e+08
542.6 1.0915215e+08
542.7 1.0495292e+08
542.8 1.0097646e+08
542.9 97472534
543 94699964
543.1 92894909
543.2 92234056
543.3 92803571
543.4 94586141
543.5 97471837
543.6 1.0128728e+08
543.7 1.0583041e+08
543.8 1.108995e+08
543.9 1.1631126e+08
544 1.2190855e+08
544.1 1.2756061e+08
544.2 1.3315916e+08
544.3 1.3861277e+08
544.4 1.4384105e+08
544.5 1.4876965e+08
544.6 1.5332642e+08
544.7 1.5743905e+08
544.8 1.6103426e+08
544.9 1.6403837e+08
545 1.6637949e+08
545.1 1.6799089e+08
545.2 1.6881567e+08
545.3 1.6881252e+08
545.4 1.6796234e+08
545.5 1.662754e+08
545.6 1.6379882e+08
545.7 1.6062335e+08
545.8 1.5688881e+08
545.9 1.527863e+08
546 1.4855538e+08
546.1 1.4447344e+08
546.2 1.4083512e+08
546.3 1.3792123e+08
546.4 1.3596039e+08
546.5 1.3509175e+08
546.6 1.3534055e+08
546.7 1.3661596e+08
546.8 1.3873274e+08
546.9 1.4144865e+08
547 1.4450548e+08
547.1 1.4766321e+08
547.2 1.5072228e+08
547.3 1.5353389e+08
547.4 1.5600076e+08
547.5 1.5807149e+08
547.6 1.5973152e+08
547.7 1.6099281e+08
547.8 1.6188374e+08
547.9 1.6244032e+08
548 1.6269909e+08
548.1 1.6269212e+08
548.2 1.6244397e+08
548.3 1.6197068e+08
548.4 1.6128042e+08
548.5 1.6037559e+08
548.6 1.5925599e+08
548.7 1.5792266e+08
548.8 1.563819e+08
548.9 1.5464884e+08
549 1.5275015e+08
549.1 1.5072522e+08
549.2 1.4862556e+08
549.3 1.4651227e+08
549.4 1.4445169e+08
549.5 1.4250982e+08
549.6 1.4074629e+08
549.7 1.3920878e+08
549.8 1.3792895e+08
549.9 1.3692036e+08
550 1.361788e+08
550.1 1.3568473e+08
550.2 1.3540726e+08
550.3 1.3530898e+08
550.4 1.3535085e+08
550.5 1.3549656e+08
550.6 1.3571609e+08
550.7 1.3598831e+08
550.8 1.3630251e+08
550.9 1.3665902e+08
551 1.370689e+08
551.1 1.3755281e+08
551.2 1.3813883e+08
551.3 1.3885962e+08
551.4 1.3974854e+08
551.5 1.4083527e+08
551.6 1.421409e+08
551.7 1.4367308e+08
551.8 1.4542173e+08
551.9 1.4735585e+08
552 1.4942206e+08
552.1 1.5154527e+08
552.2 1.5363172e+08
552.3 1.5557434e+08
552.4 1.5726021e+08
552.5 1.5857943e+08
552.6 1.5943473e+08
552.7 1.5975068e+08
552.8 1.5948144e+08
552.9 1.5861603e+08
553 1.5718003e+08
553.1 1.5523342e+08
553.2 1.5286431e+08
553.3 1.5017937e+08
553.4 1.4729209e+08
553.5 1.4431057e+08
553.6 1.4132679e+08
553.7 1.3840905e+08
553.8 1.3559856e+08
553.9 1.3291061e+08
554 1.3033943e+08
554.1 1.2786547e+08
554.2 1.2546349e+08
554.3 1.2310989e+08
554.4 1.2078835e+08
554.5 1.1849312e+08
554.6 1.1623002e+08
554.7 1.1401542e+08
554.8 1.1187355e+08
554.9 1.0983293e+08
555 1.0792229e+08
555.1 1.0616664e+08
555.2 1.0458396e+08
555.3 1.0318288e+08
555.4 1.0196154e+08
555.5 1.009078e+08
555.6 1.000006e+08
555.7 99212374
555.8 98512069
555.9 97868668
556 97254837
556.1 96650606
556.2 96046993
556.3 95449480
556.4 94881202
556.5 94385498
556.6 94027206
556.7 93891797
556.8 94081245
556.9 94705764
557 95871306
557.1 97664205
557.2 1.0013586e+08
557.3 1.0329129e+08
557.4 1.0708464e+08
557.5 1.1142281e+08
557.6 1.161758e+08
557.7 1.211909e+08
557.8 1.2630769e+08
557.9 1.3137139e+08
558 1.362434e+08
558.1 1.4080836e+08
558.2 1.4497814e+08
558.3 1.4869288e+08
558.4 1.5191984e+08
558.5 1.5465043e+08
558.6 1.5689601e+08
558.7 1.586829e+08
558.8 1.6004711e+08
558.9 1.6102904e+08
559 1.6166867e+08
559.1 1.6200137e+08
559.2 1.6205468e+08
559.3 1.6184626e+08
559.4 1.6138311e+08
559.5 1.6066216e+08
559.6 1.5967231e+08
559.7 1.5839773e+08
559.8 1.568224e+08
559.9 1.549354e+08
560 1.5273687e+08
560.1 1.5024375e+08
560.2 1.4749506e+08
560.3 1.4455573e+08
560.4 1.4151828e+08
560.5 1.3850152e+08
560.6 1.3564553e+08
560.7 1.3310238e+08
560.8 1.3102298e+08
560.9 1.2954112e+08
561 1.2875728e+08
561.1 1.2872552e+08
561.2 1.294467e+08
561.3 1.308697e+08
561.4 1.329002e+08
561.5 1.354144e+08
561.6 1.3827434e+08
561.7 1.4134168e+08
561.8 1.4448836e+08
561.9 1.4760358e+08
562 1.5059725e+08
562.1 1.5340096e+08
562.2 1.5596698e+08
562.3 1.5826616e+08
562.4 1.602852e+08
562.5 1.6202373e+08
562.6 1.6349135e+08
562.7 1.6470487e+08
562.8 1.6568581e+08
562.9 1.6645811e+08
563 1.6704612e+08
563.1 1.6747283e+08
563.2 1.6775834e+08
563.3 1.6791854e+08
563.4 1.6796405e+08
563.5 1.6789944e+08
563.6 1.6772278e+08
563.7 1.6742558e+08
563.8 1.669931e+08
563.9 1.6640509e+08
564 1.6563684e+08
564.1 1.6466068e+08
564.2 1.6344768e+08
564.3 1.619695e+08
564.4 1.6020051e+08
564.5 1.5811973e+08
564.6 1.5571286e+08
564.7 1.5297401e+08
564.8 1.4990718e+08
564.9 1.4652736e+08
565 1.4286109e+08
565.1 1.3894647e+08
565.2 1.3483255e+08
565.3 1.3057801e+08
565.4 1.2624912e+08
565.5 1.2191715e+08
565.6 1.1765509e+08
565.7 1.1353401e+08
565.8 1.0961919e+08
565.9 1.0596645e+08
566 1.0261907e+08
566.1 99605789
566.2 96940119
566.3 94621356
566.4 92636907
566.5 90965590
566.6 89581193
566.7 88455596
566.8 87560917
566.9 86870466
567 86358619
567.1 86000041
567.2 85768814
567.3 85638041
567.4 85580271
567.5 85568830
567.6 85579804
567.7 85594197
567.8 85599680
567.9 85591444
568 85571876
568.1 85549086
568.2 85534584
568.3 85540595
568.4 85577515
568.5 85651941
568.6 85765494
568.7 85914485
568.8 86090345
568.9 86280683
569 86470805
569.1 86645564
569.2 86791356
569.3 86898093
569.4 86960940
569.5 86981639
569.6 86969307
569.7 86940675
569.8 86919860
569.9 86937803
570 87031526
570.1 87243310
570.2 87619771
570.3 88210694
570.4 89067393
570.5 90240326
570.6 91775834
570.7 93712037
570.8 96074257
570.9 98870552
571 1.0208809e+08
571.1 1.0569103e+08
571.2 1.0962035e+08
571.3 1.1379563e+08
571.4 1.1811874e+08
571.5 1.2247874e+08
571.6 1.2675768e+08
571.7 1.3083663e+08
571.8 1.3460148e+08
571.9 1.3794804e+08
572 1.407863e+08
572.1 1.4304339e+08
572.2 1.4466546e+08
572.3 1.4561829e+08
572.4 1.458869e+08
572.5 1.4547435e+08
572.6 1.4439997e+08
572.7 1.4269735e+08
572.8 1.4041225e+08
572.9 1.3760062e+08
573 1.3432692e+08
573.1 1.3066257e+08
573.2 1.2668471e+08
573.3 1.2247499e+08
573.4 1.1811835e+08
573.5 1.1370152e+08
573.6 1.0931123e+08
573.7 1.0503185e+08
573.8 1.0094254e+08
573.9 97114091
574 93605621
574.1 90461706
574.2 87710538
574.3 85363607
574.4 83417210
574.5 81855616
574.6 80655234
574.7 79788781
574.8 79228357
574.9 78946581
575 78915502
575.1 79103686
575.2 79472542
575.3 79973365
575.4 80546576
575.5 81124104
575.6 81635050
575.7 82013806
575.8 82209107
575.9 82192159
576 81962182
576.1 81548133
576.2 81006172
576.3 80413138
576.4 79857006
576.5 79425801
576.6 79196684
576.7 79226862
576.8 79547561
576.9 80161674
577 81044879
577.1 82149459
577.2 83409745
577.3 84748168
577.4 86081169
577.5 87324557
577.6 88398173
577.7 89229883
577.8 89759019
577.9 89939404
578 89742116
578.1 89158073
578.2 88200519
578.3 86907368
578.4 85343289
578.5 83601207
578.6 81802627
578.7 80095797
578.8 78650326
578.9 77646744
579 77260229
579.1 77639718
579.2 78886567
579.3 81038969
579.4 84067337
579.5 87881596
579.6 92346697
579.7 97300674
579.8 1.0257077e+08
579.9 1.0798566e+08
580 1.1338389e+08
580.1 1.1861934e+08
580.2 1.2356493e+08
580.3 1.2811505e+08
580.4 1.3218723e+08
580.5 1.3572318e+08
580.6 1.3868898e+08
580.7 1.4107461e+08
580.8 1.4289268e+08
580.9 1.4417633e+08
581 1.4497642e+08
581.1 1.4535823e+08
581.2 1.4539756e+08
581.3 1.4517662e+08
581.4 1.4477981e+08
581.5 1.4428943e+08
581.6 1.4378176e+08
581.7 1.4332352e+08
581.8 1.4296896e+08
581.9 1.4275782e+08
582 1.4271418e+08
582.1 1.428463e+08
582.2 1.4314734e+08
582.3 1.4359696e+08
582.4 1.4416346e+08
582.5 1.4480639e+08
582.6 1.4547944e+08
582.7 1.4613336e+08
582.8 1.4671877e+08
582.9 1.4718884e+08
583 1.475014e+08
583.1 1.476208e+08
583.2 1.4751905e+08
583.3 1.4717651e+08
583.4 1.4658199e+08
583.5 1.4573242e+08
583.6 1.4463226e+08
583.7 1.4329263e+08
583.8 1.4173052e+08
583.9 1.3996804e+08
584 1.3803193e+08
584.1 1.359533e+08
584.2 1.3376766e+08
584.3 1.3151521e+08
584.4 1.2924141e+08
584.5 1.2699761e+08
584.6 1.2484168e+08
584.7 1.2283848e+08
584.8 1.2105965e+08
584.9 1.1958259e+08
585 1.1848812e+08
585.1 1.1785641e+08
585.2 1.1776138e+08
585.3 1.1826369e+08
585.4 1.1940322e+08
585.5 1.2119227e+08
585.6 1.2361061e+08
585.7 1.2660344e+08
585.8 1.3008242e+08
585.9 1.3392955e+08
586 1.3800314e+08
586.1 1.4214487e+08
586.2 1.4618749e+08
586.3 1.4996227e+08
586.4 1.5330636e+08
586.5 1.5606957e+08
586.6 1.5812067e+08
586.7 1.5935306e+08
586.8 1.5968965e+08
586.9 1.5908684e+08
587 1.5753731e+08
587.1 1.5507168e+08
587.2 1.5175859e+08
587.3 1.4770346e+08
587.4 1.4304539e+08
587.5 1.3795252e+08
587.6 1.3261544e+08
587.7 1.2723854e+08
587.8 1.2202933e+08
587.9 1.171857e+08
588 1.1288186e+08
588.1 1.0925442e+08
588.2 1.0639093e+08
588.3 1.0432364e+08
588.4 1.0303052e+08
588.5 1.0244356e+08
588.6 1.0246241e+08
588.7 1.0296977e+08
588.8 1.0384518e+08
588.9 1.0497505e+08
589 1.0625857e+08
589.1 1.0760999e+08
589.2 1.0895865e+08
589.3 1.1024775e+08
589.4 1.1143297e+08
589.5 1.1248125e+08
589.6 1.1337008e+08
589.7 1.1408705e+08
589.8 1.1462943e+08
589.9 1.1500343e+08
590 1.1522289e+08
590.1 1.1530702e+08
590.2 1.1527743e+08
590.3 1.1515449e+08
590.4 1.1495369e+08
590.5 1.1468265e+08
590.6 1.1433955e+08
590.7 1.1391356e+08
590.8 1.133875e+08
590.9 1.1274237e+08
591 1.1196278e+08
591.1 1.1104213e+08
591.2 1.0998614e+08
591.3 1.0881393e+08
591.4 1.0755624e+08
591.5 1.0625129e+08
591.6 1.0493907e+08
591.7 1.0365551e+08
591.8 1.0242743e+08
591.9 1.0126928e+08
592 1.0018199e+08
592.1 99154079
592.2 98164628
592.3 97188257
592.4 96201771
592.5 95192593
592.6 94168862
592.7 93170801
592.8 92282234
592.9 91639891
593 91436407
593.1 91911328
593.2 93324776
593.3 95912973
593.4 99834149
593.5 1.0512198e+08
593.6 1.1166328e+08
593.7 1.1920529e+08
593.8 1.2738488e+08
593.9 1.3576678e+08
594 1.4388156e+08
594.1 1.5125944e+08
594.2 1.5745968e+08
594.3 1.6209654e+08
594.4 1.6486199e+08
594.5 1.655451e+08
594.6 1.6404725e+08
594.7 1.6039248e+08
594.8 1.5473218e+08
594.9 1.4734397e+08
595 1.3862482e+08
595.1 1.2907821e+08
595.2 1.1929425e+08
595.3 1.099186e+08
595.4 1.0160181e+08
595.5 94919144
595.6 90262884
595.7 87741620
595.8 87149003
595.9 88036800
596 89852308
596.1 92063288
596.2 94226973
596.3 96007187
596.4 97162645
596.5 97525874
596.6 96983269
596.7 95460389
596.8 92913389
596.9 89326145
597 84712383
597.1 79122387
597.2 72654765
597.3 65475480
597.4 57849734
597.5 50197697
597.6 43187080
597.7 37835874
597.8 35408337
597.9 36718983
598 41373405
598.1 48177933
598.2 56000604
598.3 64057218
598.4 71846114
598.5 79047283
598.6 85456677
598.7 90948375
598.8 95452038
598.9 98938579
599 1.0141088e+08
599.1 1.0289844e+08
599.2 1.0345569e+08
599.3 1.031637e+08
599.4 1.0213493e+08
599.5 1.0051971e+08
599.6 98512465
599.7 96354280
599.8 94327268
599.9 92735852
600 91872352
600.1 91970772
600.2 93161960
600.3 95448444
600.4 98710797
600.5 1.0274184e+08
600.6 1.0729273e+08
600.7 1.1211457e+08
600.8 1.1698679e+08
600.9 1.2173145e+08
601 1.2621681e+08
601.1 1.3035425e+08
601.2 1.3409162e+08
601.3 1.3740552e+08
601.4 1.4029364e+08
601.5 1.4276796e+08
601.6 1.448492e+08
601.7 1.465624e+08
601.8 1.4793382e+08
601.9 1.4898878e+08
602 1.4975042e+08
602.1 1.5023909e+08
602.2 1.5047226e+08
602.3 1.5046482e+08
602.4 1.5022947e+08
602.5 1.4977734e+08
602.6 1.4911854e+08
602.7 1.4826266e+08
602.8 1.4721931e+08
602.9 1.459984e+08
603 1.446105e+08
603.1 1.4306701e+08
603.2 1.4138036e+08
603.3 1.395642e+08
603.4 1.3763359e+08
603.5 1.3560525e+08
603.6 1.3349781e+08
603.7 1.3133213e+08
603.8 1.2913159e+08
603.9 1.2692222e+08
604 1.2473267e+08
604.1 1.2259381e+08
604.2 1.2053802e+08
604.3 1.1859784e+08
604.4 1.1680439e+08
604.5 1.1518529e+08
604.6 1.1376265e+08
604.7 1.1255116e+08
604.8 1.1155682e+08
604.9 1.1077628e+08
605 1.1019718e+08
605.1 1.0979928e+08
605.2 1.0955628e+08
605.3 1.0943799e+08
605.4 1.0941277e+08
605.5 1.0944962e+08
605.6 1.0952011e+08
605.7 1.0959962e+08
605.8 1.0966818e+08
605.9 1.0971064e+08
606 1.0971639e+08
606.1 1.0967878e+08
606.2 1.0959428e+08
606.3 1.0946165e+08
606.4 1.0928125e+08
606.5 1.0905455e+08
606.6 1.0878399e+08
606.7 1.084732e+08
606.8 1.0812743e+08
606.9 1.0775436e+08
607 1.0736486e+08
607.1 1.0697377e+08
607.2 1.066003e+08
607.3 1.0626791e+08
607.4 1.0600339e+08
607.5 1.0583493e+08
607.6 1.0578925e+08
607.7 1.0588791e+08
607.8 1.0614327e+08
607.9 1.0655475e+08
608 1.0710607e+08
608.1 1.0776416e+08
608.2 1.0848001e+08
608.3 1.0919138e+08
608.4 1.0982683e+08
608.5 1.1031052e+08
608.6 1.1056685e+08
608.7 1.1052461e+08
608.8 1.1012022e+08
608.9 1.0929998e+08
609 1.0802165e+08
609.1 1.062555e+08
609.2 1.0398503e+08
609.3 1.0120773e+08
609.4 97935650
609.5 94195938
609.6 90031071
609.7 85498651
609.8 80670552
609.9 75631319
610 70475739
610.1 65305610
610.2 60225797
610.3 55339708
610.4 50744398
610.5 46525522
610.6 42752471
610.7 39474144
610.8 36715942
610.9 34478651
611 32739653
611.1 31456349
611.2 30570970
611.3 30015612
611.4 29716485
611.5 29597138
611.6 29580953
611.7 29593475
611.8 29564938
611.9 29433041
612 29145762
612.1 28663965
612.2 27963544
612.3 27037028
612.4 25894672
612.5 24565175
612.6 23096289
612.7 21555470
612.8 20030473
612.9 18628837
613 17473412
613.1 16689197
613.2 16378459
613.3 16591352
613.4 17311355
613.5 18468685
613.6 19971201
613.7 21731941
613.8 23683422
613.9 25781007
614 28000785
614.1 30335618
614.2 32790978
614.3 35380976
614.4 38124601
614.5 41042015
614.6 44150813
614.7 47462219
614.8 50977296
614.9 54683333
615 58550692
615.1 62530452
615.2 66553307
615.3 70530161
615.4 74354925
615.5 77909904
615.6 81074039
615.7 83733963
615.8 85797433
615.9 87208138
616 87960229
616.1 88110239
616.2 87783359
616.3 87170663
616.4 86514003
616.5 86077008
616.6 86104610
616.7 86779596
616.8 88189655
616.9 90317057
617 93053993
617.1 96235382
617.2 99675708
617.3 1.0319913e+08
617.4 1.0665837e+08
617.5 1.099431e+08
617.6 1.1298055e+08
617.7 1.1573154e+08
617.8 1.1818428e+08
617.9 1.2034738e+08
618 1.2224316e+08
618.1 1.2390156e+08
618.2 1.2535509e+08
618.3 1.2663472e+08
618.4 1.2776704e+08
618.5 1.287723e+08
618.6 1.2966365e+08
618.7 1.3044718e+08
618.8 1.3112273e+08
618.9 1.3168532e+08
619 1.3212699e+08
619.1 1.3243876e+08
619.2 1.3261278e+08
619.3 1.3264423e+08
619.4 1.3253299e+08
619.5 1.3228487e+08
619.6 1.3191227e+08
619.7 1.3143422e+08
619.8 1.3087572e+08
619.9 1.3026637e+08
620 1.296384e+08
620.1 1.2902426e+08
620.2 1.2845394e+08
620.3 1.2795236e+08
620.4 1.2753722e+08
620.5 1.2721749e+08
620.6 1.2699287e+08
620.7 1.2685439e+08
620.8 1.2678584e+08
620.9 1.2676615e+08
621 1.2677209e+08
621.1 1.267812e+08
621.2 1.267744e+08
621.3 1.2673809e+08
621.4 1.2666563e+08
621.5 1.2655803e+08
621.6 1.264238e+08
621.7 1.2627813e+08
621.8 1.261413e+08
621.9 1.2603656e+08
622 1.2598753e+08
622.1 1.2601526e+08
622.2 1.2613538e+08
622.3 1.2635537e+08
622.4 1.2667247e+08
622.5 1.2707251e+08
622.6 1.2752975e+08
622.7 1.2800797e+08
622.8 1.2846273e+08
622.9 1.2884452e+08
623 1.2910247e+08
623.1 1.2918831e+08
623.2 1.2906e+08
623.3 1.2868489e+08
623.4 1.2804191e+08
623.5 1.2712281e+08
623.6 1.2593241e+08
623.7 1.2448786e+08
623.8 1.2281708e+08
623.9 1.2095672e+08
624 1.1894956e+08
624.1 1.1684196e+08
624.2 1.1468119e+08
624.3 1.1251306e+08
624.4 1.1038006e+08
624.5 1.0831996e+08
624.6 1.0636533e+08
624.7 1.0454376e+08
624.8 1.0287911e+08
624.9 1.0139338e+08
625 1.0010919e+08
625.1 99052355
625.2 98254115
625.3 97752280
625.4 97590807
625.5 97817222
625.6 98477703
625.7 99610123
625.8 1.0123594e+08
625.9 1.0335238e+08
626 1.0592647e+08
626.1 1.0889244e+08
626.2 1.1215305e+08
626.3 1.1558483e+08
626.4 1.1904645e+08
626.5 1.2238897e+08
626.6 1.2546695e+08
626.7 1.2814913e+08
626.8 1.3032797e+08
626.9 1.3192719e+08
627 1.3290694e+08
627.1 1.3326623e+08
627.2 1.3304258e+08
627.3 1.3230905e+08
627.4 1.31169e+08
627.5 1.2974914e+08
627.6 1.2819156e+08
627.7 1.2664543e+08
627.8 1.2525901e+08
627.9 1.2417261e+08
628 1.2351263e+08
628.1 1.2338666e+08
628.2 1.238795e+08
628.3 1.2504934e+08
628.4 1.2692423e+08
628.5 1.294985e+08
628.6 1.3272984e+08
628.7 1.3653781e+08
628.8 1.4080437e+08
628.9 1.4537724e+08
629 1.5007604e+08
629.1 1.5470096e+08
629.2 1.5904327e+08
629.3 1.6289684e+08
629.4 1.6606987e+08
629.5 1.6839574e+08
629.6 1.697426e+08
629.7 1.700207e+08
629.8 1.6918733e+08
629.9 1.6724888e+08
630 1.6426014e+08
630.1 1.6032083e+08
630.2 1.5556986e+08
630.3 1.5017759e+08
630.4 1.4433683e+08
630.5 1.3825316e+08
630.6 1.3213503e+08
630.7 1.2618424e+08
630.8 1.2058727e+08
630.9 1.1550758e+08
631 1.1107933e+08
631.1 1.0740266e+08
631.2 1.0454089e+08
631.3 1.0251951e+08
631.4 1.013271e+08
631.5 1.0091755e+08
631.6 1.0121309e+08
631.7 1.0210744e+08
631.8 1.0346877e+08
631.9 1.0514266e+08
632 1.0695546e+08
632.1 1.0871917e+08
632.2 1.1023846e+08
632.3 1.1132079e+08
632.4 1.1178986e+08
632.5 1.1150223e+08
632.6 1.1036632e+08
632.7 1.083622e+08
632.8 1.0555983e+08
632.9 1.0213234e+08
633 98359734
633.1 94616376
633.2 91334389
633.3 88937660
633.4 87753307
633.5 87928568
633.6 89393665
633.7 91892354
633.8 95061175
633.9 98515530
634 1.0191176e+08
634.1 1.0497817e+08
634.2 1.0752254e+08
634.3 1.0942643e+08
634.4 1.1063399e+08
634.5 1.1113982e+08
634.6 1.1097787e+08
634.7 1.1021195e+08
634.8 1.0892788e+08
634.9 1.0722634e+08
635 1.0521618e+08
635.1 1.0300748e+08
635.2 1.0070443e+08
635.3 98398632
635.4 96163687
635.5 94052181
635.6 92095822
635.7 90308692
635.8 88692733
635.9 87243969
636 85957851
636.1 84832500
636.2 83869377
636.3 83071621
636.4 82440887
636.5 81973770
636.6 81658869
636.7 81475251
636.8 81392656
636.9 81373331
637 81375063
637.1 81354812
637.2 81272353
637.3 81093463
637.4 80792345
637.5 80353179
637.6 79770764
637.7 79050352
637.8 78206755
637.9 77262874
638 76247778
638.1 75194456
638.2 74137404
638.3 73110212
638.4 72143317
638.5 71262135
638.6 70485715
638.7 69826068
638.8 69288196
638.9 68870801
639 68567533
639.1 68368616
639.2 68262638
639.3 68238331
639.4 68286204
639.5 68399942
639.6 68577500
639.7 68821873
639.8 69141481
639.9 69550131
640 70066480
640.1 70712939
640.2 71514006
640.3 72494054
640.4 73674736
640.5 75072228
640.6 76694625
640.7 78539839
640.8 80594253
640.9 82832332
641 85217189
641.1 87702028
641.2 90232279
641.3 92748179
641.4 95187618
641.5 97489031
641.6 99594205
641.7 1.0145087e+08
641.8 1.0301499e+08
641.9 1.0425266e+08
642 1.0514152e+08
642.1 1.0567171e+08
642.2 1.0584632e+08
642.3 1.0568127e+08
642.4 1.0520481e+08
642.5 1.0445666e+08
642.6 1.0348691e+08
642.7 1.0235474e+08
642.8 1.0112708e+08
642.9 99877289
643 98683618
643.1 97627518
643.2 96791439
643.3 96255984
643.4 96096256
643.5 96377480
643.6 97150218
643.7 98445786
643.8 1.0027264e+08
643.9 1.026144e+08
644 1.0543005e+08
644.1 1.0865613e+08
644.2 1.1221086e+08
644.3 1.1599942e+08
644.4 1.1991992e+08
644.5 1.2386945e+08
644.6 1.2774973e+08
644.7 1.3147207e+08
644.8 1.3496115e+08
644.9 1.3815756e+08
645 1.4101882e+08
645.1 1.4351897e+08
645.2 1.4564671e+08
645.3 1.4740269e+08
645.4 1.4879617e+08
645.5 1.4984187e+08
645.6 1.505574e+08
645.7 1.5096199e+08
645.8 1.5107672e+08
645.9 1.5092635e+08
646 1.5054261e+08
646.1 1.4996831e+08
646.2 1.492613e+08
646.3 1.4849728e+08
646.4 1.4776972e+08
646.5 1.4718564e+08
646.6 1.4685628e+08
646.7 1.4688269e+08
646.8 1.4733794e+08
646.9 1.4824953e+08
647 1.4958615e+08
647.1 1.5125298e+08
647.2 1.5309734e+08
647.3 1.5492388e+08
647.4 1.5651614e+08
647.5 1.5766046e+08
647.6 1.5816843e+08
647.7 1.5789508e+08
647.8 1.5675153e+08
647.9 1.5471116e+08
648 1.5180998e+08
648.1 1.4814149e+08
648.2 1.438475e+08
648.3 1.3910601e+08
648.4 1.3411773e+08
648.5 1.2909259e+08
648.6 1.2423727e+08
648.7 1.1974452e+08
648.8 1.1578482e+08
648.9 1.1250012e+08
649 1.0999996e+08
649.1 1.0835943e+08
649.2 1.0761896e+08
649.3 1.0778558e+08
649.4 1.0883528e+08
649.5 1.1071604e+08
649.6 1.13351e+08
649.7 1.1664128e+08
649.8 1.2046808e+08
649.9 1.24694e+08
650 1.2916345e+08
650.1 1.3370236e+08
650.2 1.3811731e+08
650.3 1.421945e+08
650.4 1.4569907e+08
650.5 1.4837533e+08
650.6 1.4994873e+08
650.7 1.5013054e+08
650.8 1.4862601e+08
650.9 1.4514669e+08
651 1.3942737e+08
651.1 1.312474e+08
651.2 1.2045598e+08
651.3 1.0700118e+08
651.4 90964742
651.5 72615849
651.6 52549886
651.7 32342991
651.8 19386578
651.9 29961399
652 51208036
652.1 73548316
652.2 94751885
652.3 1.13759e+08
652.4 1.2984963e+08
652.5 1.4252191e+08
652.6 1.5147747e+08
652.7 1.5662175e+08
652.8 1.5805833e+08
652.9 1.5607214e+08
653 1.511017e+08
653.1 1.4370294e+08
653.2 1.3450846e+08
653.3 1.2418605e+08
653.4 1.1339968e+08
653.5 1.0277426e+08
653.6 92863384
653.7 84117574
653.8 76851505
653.9 71215012
654 67182359
654.1 64576863
654.2 63132765
654.3 62572491
654.4 62669412
654.5 63279634
654.6 64344066
654.7 65870227
654.8 67903295
654.9 70493804
655 73668221
655.1 77407552
655.2 81637063
655.3 86227096
655.4 91002424
655.5 95756740
655.6 1.0026946e+08
655.7 1.0432326e+08
655.8 1.0772153e+08
655.9 1.1030548e+08
656 1.1197034e+08
656.1 1.1267974e+08
656.2 1.1247702e+08
656.3 1.1149169e+08
656.4 1.0993833e+08
656.5 1.0810536e+08
656.6 1.0633021e+08
656.7 1.0495993e+08
656.8 1.0430004e+08
656.9 1.0456256e+08
657 1.0582949e+08
657.1 1.0804615e+08
657.2 1.1104623e+08
657.3 1.1459662e+08
657.4 1.1844447e+08
657.5 1.2235387e+08
657.6 1.2612787e+08
657.7 1.296173e+08
657.8 1.3272085e+08
657.9 1.3538002e+08
658 1.3757202e+08
658.1 1.3930254e+08
658.2 1.405991e+08
658.3 1.4150571e+08
658.4 1.4207861e+08
658.5 1.4238275e+08
658.6 1.424888e+08
658.7 1.4246998e+08
658.8 1.4239848e+08
658.9 1.4234134e+08
659 1.4235599e+08
659.1 1.4248589e+08
659.2 1.427572e+08
659.3 1.4317714e+08
659.4 1.4373455e+08
659.5 1.4440279e+08
659.6 1.4514437e+08
659.7 1.4591651e+08
659.8 1.4667648e+08
659.9 1.4738586e+08
660 1.4801299e+08
660.1 1.485335e+08
660.2 1.4892902e+08
660.3 1.4918466e+08
660.4 1.4928576e+08
660.5 1.492148e+08
660.6 1.4894886e+08
660.7 1.4845834e+08
660.8 1.4770704e+08
660.9 1.466538e+08
661 1.4525567e+08
661.1 1.4347214e+08
661.2 1.4127038e+08
661.3 1.3863082e+08
661.4 1.3555276e+08
661.5 1.3205941e+08
661.6 1.2820193e+08
661.7 1.2406171e+08
661.8 1.1975055e+08
661.9 1.1540776e+08
662 1.1119356e+08
662.1 1.0727843e+08
662.2 1.0382815e+08
662.3 1.0098599e+08
662.4 98854700
662.5 97482353
662.6 96856421
662.7 96908005
662.8 97525078
662.9 98570548
663 99900240
663.1 1.0137717e+08
663.2 1.0288063e+08
663.3 1.043105e+08
663.4 1.0558789e+08
663.5 1.0665373e+08
663.6 1.0746652e+08
663.7 1.0800003e+08
663.8 1.082416e+08
663.9 1.0819123e+08
664 1.0786139e+08
664.1 1.0727754e+08
664.2 1.0647876e+08
664.3 1.0551839e+08
664.4 1.0446388e+08
664.5 1.0339564e+08
664.6 1.0240423e+08
664.7 1.015858e+08
664.8 1.0103553e+08
664.9 1.0083955e+08
665 1.0106614e+08
665.1 1.0175728e+08
665.2 1.0292213e+08
665.3 1.0453336e+08
665.4 1.06527e+08
665.5 1.0880552e+08
665.6 1.1124338e+08
665.7 1.1369409e+08
665.8 1.1599817e+08
665.9 1.1799148e+08
666 1.1951426e+08
666.1 1.2042107e+08
666.2 1.2059221e+08
666.3 1.1994732e+08
666.4 1.1846169e+08
666.5 1.1618546e+08
666.6 1.1326542e+08
666.7 1.0996681e+08
666.8 1.0668839e+08
666.9 1.0395684e+08
667 1.0237852e+08
667.1 1.0253067e+08
667.2 1.0480662e+08
667.3 1.0928204e+08
667.4 1.1568211e+08
667.5 1.2346427e+08
667.6 1.3195606e+08
667.7 1.4048034e+08
667.8 1.4843982e+08
667.9 1.5536466e+08
668 1.6093417e+08
668.1 1.6498106e+08
668.2 1.6748207e+08
668.3 1.6853761e+08
668.4 1.6834331e+08
668.5 1.6715728e+08
668.6 1.6526752e+08
668.7 1.6296374e+08
668.8 1.605163e+08
668.9 1.581635e+08
669 1.5610582e+08
669.1 1.5450491e+08
669.2 1.5348394e+08
669.3 1.5312651e+08
669.4 1.5347262e+08
669.5 1.5451186e+08
669.6 1.5617543e+08
669.7 1.5832968e+08
669.8 1.6077384e+08
669.9 1.6324368e+08
670 1.6542186e+08
670.1 1.6695478e+08
670.2 1.674749e+08
670.3 1.6662751e+08
670.4 1.6410071e+08
670.5 1.5965705e+08
670.6 1.5316558e+08
670.7 1.4463287e+08
670.8 1.3423303e+08
670.9 1.2233879e+08
671 1.0955878e+08
671.1 96788057
671.2 85263707
671.3 76545178
671.4 72186951
671.5 72954727
671.6 78240208
671.7 86517714
671.8 96237783
671.9 1.0626105e+08
672 1.1586928e+08
672.1 1.2465408e+08
672.2 1.3241407e+08
672.3 1.3908238e+08
672.4 1.4467786e+08
672.5 1.4927217e+08
672.6 1.5296702e+08
672.7 1.5587852e+08
672.8 1.5812614e+08
672.9 1.5982527e+08
673 1.6108225e+08
673.1 1.6199135e+08
673.2 1.6263321e+08
673.3 1.6307452e+08
673.4 1.6336858e+08
673.5 1.6355661e+08
673.6 1.6366946e+08
673.7 1.6372967e+08
673.8 1.6375341e+08
673.9 1.6375228e+08
674 1.6373479e+08
674.1 1.6370739e+08
674.2 1.6367515e+08
674.3 1.636421e+08
674.4 1.636114e+08
674.5 1.6358541e+08
674.6 1.6356568e+08
674.7 1.6355314e+08
674.8 1.6354816e+08
674.9 1.6355083e+08
675 1.6356112e+08
675.1 1.6357911e+08
675.2 1.6360512e+08
675.3 1.6363976e+08
675.4 1.6368395e+08
675.5 1.6373875e+08
675.6 1.6380515e+08
675.7 1.6388379e+08
675.8 1.6397449e+08
675.9 1.640759e+08
676 1.6418503e+08
676.1 1.64297e+08
676.2 1.6440491e+08
676.3 1.6450007e+08
676.4 1.6457255e+08
676.5 1.6461213e+08
676.6 1.6460958e+08
676.7 1.6455819e+08
676.8 1.6445529e+08
676.9 1.643036e+08
677 1.6411212e+08
677.1 1.638963e+08
677.2 1.6367741e+08
677.3 1.6348089e+08
677.4 1.6333392e+08
677.5 1.6326229e+08
677.6 1.6328693e+08
677.7 1.6342069e+08
677.8 1.6366559e+08
677.9 1.6401115e+08
678 1.6443404e+08
678.1 1.6489912e+08
678.2 1.6536178e+08
678.3 1.6577113e+08
678.4 1.660738e+08
678.5 1.6621757e+08
678.6 1.6615447e+08
678.7 1.6584301e+08
678.8 1.6524931e+08
678.9 1.643473e+08
679 1.6311833e+08
679.1 1.6155061e+08
679.2 1.5963904e+08
679.3 1.5738572e+08
679.4 1.5480139e+08
679.5 1.5190738e+08
679.6 1.4873781e+08
679.7 1.4534136e+08
679.8 1.4178204e+08
679.9 1.3813854e+08
680 1.345021e+08
680.1 1.3097278e+08
680.2 1.276546e+08
680.3 1.246498e+08
680.4 1.2205283e+08
680.5 1.1994473e+08
680.6 1.1838834e+08
680.7 1.1742511e+08
680.8 1.1707377e+08
680.9 1.1733101e+08
681 1.1817384e+08
681.1 1.195632e+08
681.2 1.2144788e+08
681.3 1.2376846e+08
681.4 1.2646055e+08
681.5 1.2945724e+08
681.6 1.3269091e+08
681.7 1.3609442e+08
681.8 1.3960196e+08
681.9 1.4314971e+08
682 1.4667648e+08
682.1 1.5012417e+08
682.2 1.5343814e+08
682.3 1.5656729e+08
682.4 1.5946374e+08
682.5 1.6208203e+08
682.6 1.643778e+08
682.7 1.6630599e+08
682.8 1.6781857e+08
682.9 1.688621e+08
683 1.6937515e+08
683.1 1.6928593e+08
683.2 1.6851045e+08
683.3 1.6695141e+08
683.4 1.6449828e+08
683.5 1.6102885e+08
683.6 1.5641254e+08
683.7 1.5051566e+08
683.8 1.4320864e+08
683.9 1.3437517e+08
684 1.2392273e+08
684.1 1.1179397e+08
684.2 97978302
684.3 82522941
684.4 65544006
684.5 47243219
684.6 27974395
684.7 9218045.9
684.8 15179492
684.9 35350976
685 55715141
685.1 75397030
685.2 93910235
685.3 1.1085127e+08
685.4 1.2588371e+08
685.5 1.3874756e+08
685.6 1.492702e+08
685.7 1.5737389e+08
685.8 1.6307804e+08
685.9 1.6649565e+08
686 1.6782395e+08
686.1 1.6732998e+08
686.2 1.6533218e+08
686.3 1.6217939e+08
686.4 1.5822886e+08
686.5 1.5382486e+08
686.6 1.4927933e+08
686.7 1.4485628e+08
686.8 1.4076108e+08
686.9 1.3713565e+08
687 1.3405994e+08
687.1 1.3155905e+08
687.2 1.2961426e+08
687.3 1.2817589e+08
687.4 1.2717559e+08
687.5 1.2653656e+08
687.6 1.2618065e+08
687.7 1.2603278e+08
687.8 1.2602293e+08
687.9 1.2608694e+08
688 1.2616672e+08
688.1 1.2621067e+08
688.2 1.2617454e+08
688.3 1.2602281e+08
688.4 1.2573038e+08
688.5 1.2528442e+08
688.6 1.2468583e+08
688.7 1.2395025e+08
688.8 1.2310813e+08
688.9 1.2220403e+08
689 1.2129489e+08
689.1 1.2044757e+08
689.2 1.1973561e+08
689.3 1.192356e+08
689.4 1.1902319e+08
689.5 1.1916896e+08
689.6 1.1973442e+08
689.7 1.2076814e+08
689.8 1.223023e+08
689.9 1.2434984e+08
690 1.2690219e+08
690.1 1.2992798e+08
690.2 1.3337254e+08
690.3 1.3715841e+08
690.4 1.4118684e+08
690.5 1.4534024e+08
690.6 1.4948567e+08
690.7 1.5347923e+08
690.8 1.5717132e+08
690.9 1.6041272e+08
691 1.6306115e+08
691.1 1.6498798e+08
691.2 1.6608496e+08
691.3 1.6627026e+08
691.4 1.6549366e+08
691.5 1.6374034e+08
691.6 1.6103312e+08
691.7 1.5743283e+08
691.8 1.530367e+08
691.9 1.4797478e+08
692 1.4240443e+08
692.1 1.36503e+08
692.2 1.3045894e+08
692.3 1.2446168e+08
692.4 1.1869073e+08
692.5 1.1330473e+08
692.6 1.0843145e+08
692.7 1.0416013e+08
692.8 1.0053748e+08
692.9 97568376
693 95221212
693.1 93436950
693.2 92139731
693.3 91246959
693.4 90677165
693.5 90355008
693.6 90213607
693.7 90194992
693.8 90249583
693.9 90335435
694 90417634
694.1 90467927
694.2 90464407
694.3 90391008
694.4 90236599
694.5 89993585
694.6 89656066
694.7 89217710
694.8 88669571
694.9 87998048
695 87183192
695.1 86197487
695.2 85005192
695.3 83562305
695.4 81817170
695.5 79711757
695.6 77183609
695.7 74168491
695.8 70603743
695.9 66432470
696 61608806
696.1 56104993
696.2 49922076
696.3 43109158
696.4 35805563
696.5 28351914
696.6 21620119
696.7 17796756
696.8 19814887
696.9 27011673
697 36775518
697.1 47677370
697.2 59068889
697.3 70585591
697.4 81972206
697.5 93025638
697.6 1.0357598e+08
697.7 1.1348073e+08
697.8 1.2262364e+08
697.9 1.3091516e+08
698 1.3829299e+08
698.1 1.447223e+08
698.2 1.5019527e+08
698.3 1.5473005e+08
698.4 1.5836883e+08
698.5 1.6117531e+08
698.6 1.6323155e+08
698.7 1.6463414e+08
698.8 1.6549007e+08
698.9 1.6591217e+08
699 1.6601454e+08
699.1 1.6590805e+08
699.2 1.6569611e+08
699.3 1.6547082e+08
699.4 1.6530969e+08
699.5 1.6527287e+08
699.6 1.65401e+08
699.7 1.6571361e+08
699.8 1.6620815e+08
699.9 1.6685953e+08
700 1.6762036e+08
700.1 1.6842185e+08
700.2 1.6917533e+08
700.3 1.6977474e+08
700.4 1.7009984e+08
700.5 1.7002043e+08
700.6 1.694014e+08
700.7 1.6810863e+08
700.8 1.6601532e+08
700.9 1.6300864e+08
701 1.5899605e+08
701.1 1.5391112e+08
701.2 1.4771833e+08
701.3 1.4041677e+08
701.4 1.3204256e+08
701.5 1.2267035e+08
701.6 1.1241416e+08
701.7 1.0142856e+08
701.8 89911859
701.9 78114669
702 66360669
702.1 55093921
702.2 44977764
702.3 37053701
702.4 32749964
702.5 33054278
702.6 37296713
702.7 43787240
702.8 51152445
702.9 58598766
703 65706967
703.1 72261066
703.2 78157296
703.3 83357883
703.4 87866064
703.5 91711189
703.6 94938868
703.7 97603917
703.8 99765096
703.9 1.0148122e+08
704 1.0280845e+08
704.1 1.0379885e+08
704.2 1.0450013e+08
704.3 1.0495668e+08
704.4 1.0521182e+08
704.5 1.0531115e+08
704.6 1.0530655e+08
704.7 1.0526013e+08
704.8 1.0524731e+08
704.9 1.0535765e+08
705 1.0569216e+08
705.1 1.0635606e+08
705.2 1.0744707e+08
705.3 1.0904052e+08
705.4 1.1117456e+08
705.5 1.1383931e+08
705.6 1.1697331e+08
705.7 1.2046864e+08
705.8 1.2418343e+08
705.9 1.2795867e+08
706 1.3163591e+08
706.1 1.3507271e+08
706.2 1.3815437e+08
706.3 1.408009e+08
706.4 1.4296974e+08
706.5 1.4465462e+08
706.6 1.4588155e+08
706.7 1.4670292e+08
706.8 1.4719048e+08
706.9 1.4742799e+08
707 1.4750387e+08
707.1 1.4750439e+08
707.2 1.4750719e+08
707.3 1.4757542e+08
707.4 1.4775239e+08
707.5 1.4805678e+08
707.6 1.4847865e+08
707.7 1.4897655e+08
707.8 1.4947606e+08
707.9 1.4987016e+08
708 1.5002187e+08
708.1 1.4976911e+08
708.2 1.4893211e+08
708.3 1.4732297e+08
708.4 1.4475718e+08
708.5 1.4106664e+08
708.6 1.3611351e+08
708.7 1.2980439e+08
708.8 1.2210421e+08
708.9 1.130498e+08
709 1.0276428e+08
709.1 91475207
709.2 79544683
709.3 67528446
709.4 56295018
709.5 47217872
709.6 42203069
709.7 42730928
709.8 48277000
709.9 56858271
710 66709198
710.1 76748718
710.2 86381207
710.3 95291851
710.4 1.033299e+08
710.5 1.1044542e+08
710.6 1.1665195e+08
710.7 1.2200174e+08
710.8 1.2656768e+08
710.9 1.3042957e+08
711 1.3366375e+08
711.1 1.3633554e+08
711.2 1.3849431e+08
711.3 1.4017055e+08
711.4 1.4137484e+08
711.5 1.4209807e+08
711.6 1.423126e+08
711.7 1.419742e+08
711.8 1.4102441e+08
711.9 1.3939347e+08
712 1.3700374e+08
712.1 1.3377377e+08
712.2 1.2962318e+08
712.3 1.2447844e+08
712.4 1.1827967e+08
712.5 1.1098875e+08
712.6 1.0259884e+08
712.7 93146128
712.8 82725332
712.9 71513543
713 59814260
713.1 48155192
713.2 37528236
713.3 29887212
713.4 28099084
713.5 32831227
713.6 41277995
713.7 50832586
713.8 60131719
713.9 68496940
714 75582719
714.1 81235922
714.2 85435215
714.3 88256169
714.4 89843685
714.5 90386503
714.6 90093382
714.7 89172057
714.8 87812263
714.9 86173682
715 84379062
715.1 82512123
715.2 80619487
715.3 78715542
715.4 76789187
715.5 74811519
715.6 72743854
715.7 70545796
715.8 68183436
715.9 65638040
716 62915866
716.1 60059893
716.2 57164089
716.3 54389817
716.4 51980673
716.5 50265073
716.6 49627022
716.7 50428044
716.8 52897253
716.9 57053783
717 62714938
717.1 69569180
717.2 77253487
717.3 85402056
717.4 93668891
717.5 1.0173768e+08
717.6 1.0932852e+08
717.7 1.162054e+08
717.8 1.2218488e+08
717.9 1.2714459e+08
718 1.3102982e+08
718.1 1.338564e+08
718.2 1.357084e+08
718.3 1.3672986e+08
718.4 1.371107e+08
718.5 1.3706764e+08
718.6 1.3682216e+08
718.7 1.3657828e+08
718.8 1.3650328e+08
718.9 1.3671466e+08
719 1.3727491e+08
719.1 1.3819459e+08
719.2 1.3944164e+08
719.3 1.4095431e+08
719.4 1.4265445e+08
719.5 1.4445905e+08
719.6 1.4628874e+08
719.7 1.4807308e+08
719.8 1.4975316e+08
719.9 1.5128212e+08
720 1.5262439e+08
720.1 1.5375403e+08
720.2 1.5465287e+08
720.3 1.5530832e+08
720.4 1.5571148e+08
720.5 1.5585533e+08
720.6 1.5573331e+08
720.7 1.5533821e+08
720.8 1.546615e+08
720.9 1.5369289e+08
721 1.5242021e+08
721.1 1.508294e+08
721.2 1.4890449e+08
721.3 1.4662782e+08
721.4 1.439802e+08
721.5 1.4094134e+08
721.6 1.3749085e+08
721.7 1.3360978e+08
721.8 1.2928343e+08
721.9 1.2450548e+08
722 1.1928414e+08
722.1 1.1365069e+08
722.2 1.0767101e+08
722.3 1.0146054e+08
722.4 95202736
722.5 89169253
722.6 83735743
722.7 79378231
722.8 76624397
722.9 75939196
723 77570742
723.1 81447764
723.2 87206544
723.3 94317394
723.4 1.022167e+08
723.5 1.103895e+08
723.6 1.1840448e+08
723.7 1.2592254e+08
723.8 1.3269481e+08
723.9 1.3855724e+08
724 1.4342389e+08
724.1 1.4727891e+08
724.2 1.5016673e+08
724.3 1.5218051e+08
724.4 1.5344887e+08
724.5 1.5412159e+08
724.6 1.543553e+08
724.7 1.5430011e+08
724.8 1.5408856e+08
724.9 1.5382777e+08
725 1.5359556e+08
725.1 1.5344061e+08
725.2 1.5338632e+08
725.3 1.5343727e+08
725.4 1.535871e+08
725.5 1.5382635e+08
725.6 1.5414896e+08
725.7 1.5455661e+08
725.8 1.5506026e+08
725.9 1.5567875e+08
726 1.5643479e+08
726.1 1.5734909e+08
726.2 1.584337e+08
726.3 1.5968599e+08
726.4 1.6108433e+08
726.5 1.6258666e+08
726.6 1.641323e+08
726.7 1.6564673e+08
726.8 1.6704873e+08
726.9 1.6825865e+08
727 1.6920681e+08
727.1 1.6984071e+08
727.2 1.7013046e+08
727.3 1.7007174e+08
727.4 1.6968623e+08
727.5 1.6901953e+08
727.6 1.681369e+08
727.7 1.6711741e+08
727.8 1.6604699e+08
727.9 1.6501118e+08
728 1.6408811e+08
728.1 1.6334228e+08
728.2 1.6281961e+08
728.3 1.6254395e+08
728.4 1.6251532e+08
728.5 1.6270989e+08
728.6 1.6308163e+08
728.7 1.6356567e+08
728.8 1.640831e+08
728.9 1.6454724e+08
729 1.648711e+08
729.1 1.6497598e+08
729.2 1.6480072e+08
729.3 1.6431124e+08
729.4 1.6350954e+08
729.5 1.6244088e+08
729.6 1.611974e+08
729.7 1.5991603e+08
729.8 1.5876819e+08
729.9 1.5793966e+08
730 1.5760111e+08
730.1 1.5787299e+08
730.2 1.5879239e+08
730.3 1.6029104e+08
730.4 1.6219178e+08
730.5 1.6422492e+08
730.6 1.6606012e+08
730.7 1.6734562e+08
730.8 1.6774688e+08
730.9 1.6697897e+08
731 1.6482989e+08
731.1 1.6117437e+08
731.2 1.559786e+08
731.3 1.492975e+08
731.4 1.4126578e+08
731.5 1.3208465e+08
731.6 1.2200589e+08
731.7 1.1131473e+08
731.8 1.0031316e+08
731.9 89304777
732 78582099
732.1 68416562
732.2 59050869
732.3 50692210
732.4 43503568
732.5 37589480
732.6 32974824
732.7 29584151
732.8 27241200
732.9 25705641
733 24736535
733.1 24148273
733.2 23833853
733.3 23755072
733.4 23912710
733.5 24311212
733.6 24930485
733.7 25713362
733.8 26570023
733.9 27393487
734 28077978
734.1 28534350
734.2 28700412
734.3 28546389
734.4 28076677
734.5 27329158
734.6 26373192
734.7 25307176
734.8 24256187
734.9 23369471
735 22815990
735.1 22774567
735.2 23415582
735.3 24877000
735.4 27245264
735.5 30550240
735.6 34771854
735.7 39848989
735.8 45685225
735.9 52152487
736 59095761
736.1 66340782
736.2 73704689
736.3 81008329
736.4 88088396
736.5 94807628
736.6 1.0106175e+08
736.7 1.0678245e+08
736.8 1.1193647e+08
736.9 1.1652122e+08
737 1.20558e+08
737.1 1.2408392e+08
737.2 1.2714351e+08
737.3 1.2978094e+08
737.4 1.3203358e+08
737.5 1.3392714e+08
737.6 1.3547254e+08
737.7 1.3666448e+08
737.8 1.3748165e+08
737.9 1.3788815e+08
738 1.378363e+08
738.1 1.3727043e+08
738.2 1.3613175e+08
738.3 1.3436423e+08
738.4 1.3192146e+08
738.5 1.2877446e+08
738.6 1.2492033e+08
738.7 1.2039166e+08
738.8 1.1526626e+08
738.9 1.096768e+08
739 1.0381915e+08
739.1 97956971
739.2 92418387
739.3 87576987
739.4 83808676
739.5 81421498
739.6 80574332
739.7 81222093
739.8 83122470
739.9 85902305
740 89145946
740.1 92467762
740.2 95554516
740.3 98182038
740.4 1.0021584e+08
740.5 1.0160312e+08
740.6 1.0236022e+08
740.7 1.0255752e+08
740.8 1.0230264e+08
740.9 1.0172307e+08
741 1.0094943e+08
741.1 1.0010129e+08
741.2 99277682
741.3 98554111
741.4 97986908
741.5 97624150
741.6 97520641
741.7 97752804
741.8 98428199
741.9 99684156
742 1.0167138e+08
742.1 1.0452253e+08
742.2 1.0831225e+08
742.3 1.1302131e+08
742.4 1.1851818e+08
742.5 1.2456539e+08
742.6 1.3084835e+08
742.7 1.370175e+08
742.8 1.4273304e+08
742.9 1.4770372e+08
743 1.5171475e+08
743.1 1.5464264e+08
743.2 1.5645745e+08
743.3 1.5721425e+08
743.4 1.5703703e+08
743.5 1.5609833e+08
743.6 1.5459785e+08
743.7 1.5274259e+08
743.8 1.5073031e+08
743.9 1.4873699e+08
744 1.4690865e+08
744.1 1.4535706e+08
744.2 1.4415886e+08
744.3 1.4335726e+08
744.4 1.4296572e+08
744.5 1.4297274e+08
744.6 1.433473e+08
744.7 1.4404433e+08
744.8 1.4500988e+08
744.9 1.4618557e+08
745 1.4751237e+08
745.1 1.4893353e+08
745.2 1.5039665e+08
745.3 1.5185508e+08
745.4 1.5326872e+08
745.5 1.5460428e+08
745.6 1.558352e+08
745.7 1.569413e+08
745.8 1.5790819e+08
745.9 1.5872658e+08
746 1.5939153e+08
746.1 1.5990162e+08
746.2 1.6025821e+08
746.3 1.6046471e+08
746.4 1.6052595e+08
746.5 1.6044773e+08
746.6 1.6023647e+08
746.7 1.5989906e+08
746.8 1.5944283e+08
746.9 1.5887562e+08
747 1.5820587e+08
747.1 1.5744269e+08
747.2 1.565958e+08
747.3 1.5567533e+08
747.4 1.5469144e+08
747.5 1.5365378e+08
747.6 1.5257081e+08
747.7 1.5144908e+08
747.8 1.5029254e+08
747.9 1.4910194e+08
748 1.4787444e+08
748.1 1.4660349e+08
748.2 1.4527898e+08
748.3 1.4388762e+08
748.4 1.4241362e+08
748.5 1.4083953e+08
748.6 1.3914717e+08
748.7 1.3731855e+08
748.8 1.3533681e+08
748.9 1.3318699e+08
749 1.3085677e+08
749.1 1.2833697e+08
749.2 1.2562221e+08
749.3 1.2271138e+08
749.4 1.1960835e+08
749.5 1.1632276e+08
749.6 1.128709e+08
749.7 1.0927671e+08
749.8 1.0557268e+08
749.9 1.0180043e+08
750 98010792
750.1 94262887
750.2 90622105
750.3 87156576
750.4 83932135
750.5 81005979
750.6 78419682
750.7 76192680
750.8 74317667
750.9 72759243
751 71456607
751.1 70330153
751.2 69290994
751.3 68251990
751.4 67138943
751.5 65900988
751.6 64519707
751.7 63016633
751.8 61458697
751.9 59960489
752 58681136
752.1 57812579
752.2 57556354
752.3 58089662
752.4 59528636
752.5 61902652
752.6 65150742
752.7 69139688
752.8 73692949
752.9 78618397
753 83728424
753.1 88851811
753.2 93839425
753.3 98566157
753.4 1.029308e+08
753.5 1.068549e+08
753.6 1.1028118e+08
753.7 1.1317175e+08
753.8 1.1550654e+08
753.9 1.1728209e+08
754 1.1851101e+08
754.1 1.1922233e+08
754.2 1.19463e+08
754.3 1.1930031e+08
754.4 1.1882505e+08
754.5 1.1815454e+08
754.6 1.1743442e+08
754.7 1.1683713e+08
754.8 1.1655525e+08
754.9 1.1678782e+08
755 1.1771958e+08
755.1 1.1949547e+08
755.2 1.2219586e+08
755.3 1.258192e+08
755.4 1.3027706e+08
755.5 1.3540214e+08
755.6 1.4096596e+08
755.7 1.4670085e+08
755.8 1.5232169e+08
755.9 1.5754494e+08
756 1.6210438e+08
756.1 1.6576381e+08
756.2 1.6832758e+08
756.3 1.6964938e+08
756.4 1.6963933e+08
756.5 1.6826933e+08
756.6 1.6557596e+08
756.7 1.6166036e+08
756.8 1.5668432e+08
756.9 1.5086207e+08
757 1.4444776e+08
757.1 1.3771861e+08
757.2 1.3095496e+08
757.3 1.2441864e+08
757.4 1.1833209e+08
757.5 1.1286127e+08
757.6 1.0810541e+08
757.7 1.0409592e+08
757.8 1.0080461e+08
757.9 98159126
758 96061392
758.1 94404798
758.2 93087073
758.3 92017800
758.4 91121174
758.5 90335418
758.6 89610371
758.7 88904404
758.8 88181436
758.9 87408457
759 86553753
759.1 85585886
759.2 84473387
759.3 83185025
759.4 81690480
759.5 79961236
759.6 77971573
759.7 75699636
759.8 73128663
759.9 70248590
760 67058299
760.1 63568883
760.2 59808339
760.3 55828227
760.4 51712945
760.5 47592202
760.6 43656351
760.7 40170546
760.8 37474114
760.9 35937639
761 35856035
761.1 37319481
761.2 40171570
761.3 44095086
761.4 48736187
761.5 53781455
761.6 58981310
761.7 64146507
761.8 69137292
761.9 73852988
762 78223779
762.1 82204511
762.2 85769975
762.3 88911205
762.4 91632496
762.5 93948907
762.6 95884113
762.7 97468471
762.8 98737222
762.9 99728770
763 1.0048302e+08
763.1 1.0103977e+08
763.2 1.0143727e+08
763.3 1.0171082e+08
763.4 1.0189174e+08
763.5 1.0200647e+08
763.6 1.0207601e+08
763.7 1.0211563e+08
763.8 1.0213483e+08
763.9 1.0213759e+08
764 1.0212276e+08
764.1 1.0208461e+08
764.2 1.0201355e+08
764.3 1.0189698e+08
764.4 1.0172017e+08
764.5 1.0146741e+08
764.6 1.0112326e+08
764.7 1.006741e+08
764.8 1.001099e+08
764.9 99426364
765 98627243
765.1 97726911
765.2 96752802
765.3 95747434
765.4 94769407
765.5 93892692
765.6 93203416
765.7 92793589
765.8 92751735
765.9 93151344
766 94039118
766.1 95425700
766.2 97281310
766.3 99537472
766.4 1.0209422e+08
766.5 1.0483076e+08
766.6 1.0761702e+08
766.7 1.10324e+08
766.8 1.1283143e+08
766.9 1.1503254e+08
767 1.1683574e+08
767.1 1.1816417e+08
767.2 1.1895338e+08
767.3 1.1914834e+08
767.4 1.1870013e+08
767.5 1.1756326e+08
767.6 1.1569429e+08
767.7 1.1305216e+08
767.8 1.096012e+08
767.9 1.0531753e+08
768 1.0019988e+08
768.1 94286777
768.2 87682729
768.3 80597760
768.4 73405515
768.5 66719045
768.6 61450324
768.7 58730861
768.8 59514821
768.9 64005909
769 71523505
769.1 80944071
769.2 91150872
769.3 1.0121122e+08
769.4 1.1039448e+08
769.5 1.1815408e+08
769.6 1.2411487e+08
769.7 1.2806823e+08
769.8 1.2996857e+08
769.9 1.2992503e+08
770 1.2818498e+08
770.1 1.2510806e+08
770.2 1.2113094e+08
770.3 1.1672461e+08
770.4 1.1234645e+08
770.5 1.0839131e+08
770.6 1.0514851e+08
770.7 1.0277417e+08
770.8 1.0128696e+08
770.9 1.0058898e+08
771 1.0050415e+08
771.1 1.0082056e+08
771.2 1.0132525e+08
771.3 1.018259e+08
771.4 1.0216026e+08
771.5 1.0219708e+08
771.6 1.0183246e+08
771.7 1.0098495e+08
771.8 99591135
771.9 97602521
772 94983954
772.1 91713312
772.2 87782076
772.3 83196342
772.4 77977909
772.5 72165211
772.6 65814088
772.7 58998756
772.8 51813902
772.9 44380200
773 36858808
773.1 29489940
773.2 22698362
773.3 17364066
773.4 15124319
773.5 17072952
773.6 21895277
773.7 27897034
773.8 34219212
773.9 40482790
774 46505978
774.1 52194250
774.2 57498185
774.3 62395313
774.4 66880887
774.5 70962205
774.6 74654448
774.7 77977332
774.8 80952350
774.9 83600648
775 85941595
775.1 87992124
775.2 89766844
775.3 91278829
775.4 92540935
775.5 93567401
775.6 94375499
775.7 94986958
775.8 95428958
775.9 95734533
776 95942288
776.1 96095427
776.2 96240124
776.3 96423378
776.4 96690493
776.5 97082433
776.6 97633303
776.7 98368266
776.8 99302164
776.9 1.0043903e+08
777 1.0177256e+08
777.1 1.0328742e+08
777.2 1.049612e+08
777.3 1.0676651e+08
777.4 1.0867311e+08
777.5 1.1064954e+08
777.6 1.1266424e+08
777.7 1.1468607e+08
777.8 1.1668435e+08
777.9 1.1862851e+08
778 1.2048762e+08
778.1 1.2222992e+08
778.2 1.2382243e+08
778.3 1.2523074e+08
778.4 1.2641895e+08
778.5 1.2734962e+08
778.6 1.2798382e+08
778.7 1.2828109e+08
778.8 1.2819946e+08
778.9 1.276956e+08
779 1.267254e+08
779.1 1.2524518e+08
779.2 1.2321404e+08
779.3 1.2059756e+08
779.4 1.1737322e+08
779.5 1.135378e+08
779.6 1.0911655e+08
779.7 1.041742e+08
779.8 98827066
779.9 93255247
780 87712274
780.1 82526925
780.2 78087448
780.3 74795150
780.4 72981007
780.5 72805126
780.6 74191024
780.7 76840428
780.8 80318600
780.9 84155959
781 87922419
781.1 91265333
781.2 93921619
781.3 95716440
781.4 96556155
781.5 96419065
781.6 95345257
781.7 93425918
781.8 90792233
781.9 87603959
782 84037808
782.1 80275798
782.2 76493765
782.3 72850373
782.4 69477196
782.5 66470807
782.6 63888133
782.7 61746222
782.8 60026940
782.9 58685872
783 57663615
783.1 56897136
783.2 56329248
783.3 55915178
783.4 55626125
783.5 55450308
783.6 55392213
783.7 55470691
783.8 55716381
783.9 56168711
784 56872643
784.1 57875233
784.2 59222110
784.3 60954036
784.4 63103770
784.5 65693445
784.6 68732655
784.7 72217284
784.8 76129053
784.9 80435658
785 85091391
785.1 90038174
785.2 95206995
785.3 1.005198e+08
785.4 1.0589188e+08
785.5 1.1123485e+08
785.6 1.1646009e+08
785.7 1.2148265e+08
785.8 1.2622541e+08
785.9 1.306231e+08
786 1.3462595e+08
786.1 1.3820254e+08
786.2 1.413415e+08
786.3 1.4405179e+08
786.4 1.4636141e+08
786.5 1.4831449e+08
786.6 1.4996713e+08
786.7 1.5138211e+08
786.8 1.5262332e+08
786.9 1.5375024e+08
787 1.5481343e+08
787.1 1.558512e+08
787.2 1.5688812e+08
787.3 1.5793516e+08
787.4 1.5899143e+08
787.5 1.6004693e+08
787.6 1.6108591e+08
787.7 1.6209027e+08
787.8 1.6304246e+08
787.9 1.6392778e+08
788 1.6473572e+08
788.1 1.6546052e+08
788.2 1.66101e+08
788.3 1.6665986e+08
788.4 1.6714264e+08
788.5 1.6755658e+08
788.6 1.6790941e+08
788.7 1.6820823e+08
788.8 1.6845854e+08
788.9 1.6866324e+08
789 1.6882182e+08
789.1 1.689295e+08
789.2 1.6897644e+08
789.3 1.6894694e+08
789.4 1.6881872e+08
789.5 1.6856235e+08
789.6 1.6814073e+08
789.7 1.6750886e+08
789.8 1.6661395e+08
789.9 1.6539596e+08
790 1.6378866e+08
790.1 1.6172153e+08
790.2 1.5912268e+08
790.3 1.5592295e+08
790.4 1.5206174e+08
790.5 1.4749465e+08
790.6 1.422034e+08
790.7 1.3620812e+08
790.8 1.2958209e+08
790.9 1.224682e+08
791 1.1509556e+08
791.1 1.0779199e+08
791.2 1.0098365e+08
791.3 95166553
791.4 90831527
791.5 88339102
791.6 87784180
791.7 88930845
791.8 91269090
791.9 94156629
792 96962373
792.1 99160154
792.2 1.003699e+08
792.3 1.0036406e+08
792.4 99055561
792.5 96477222
792.6 92757701
792.7 88096891
792.8 82742660
792.9 76970261
793 71065188
793.1 65309715
793.2 59972678
793.3 55301459
793.4 51514795
793.5 48795432
793.6 47283337
793.7 47072394
793.8 48213600
793.9 50723784
794 54593869
794.1 59790527
794.2 66250146
794.3 73868955
794.4 82494313
794.5 91920624
794.6 1.0189142e+08
794.7 1.1210796e+08
794.8 1.2224393e+08
794.9 1.3196527e+08
795 1.4095326e+08
795.1 1.4892867e+08
795.2 1.5567366e+08
795.3 1.6104891e+08
795.4 1.6500319e+08
795.5 1.6757409e+08
795.6 1.6887978e+08
795.7 1.69103e+08
795.8 1.6846961e+08
795.9 1.6722477e+08
796 1.6560982e+08
796.1 1.6384266e+08
796.2 1.6210349e+08
796.3 1.6052701e+08
796.4 1.5920064e+08
796.5 1.5816798e+08
796.6 1.574357e+08
796.7 1.5698227e+08
796.8 1.5676702e+08
796.9 1.5673849e+08
797 1.568415e+08
797.1 1.5702281e+08
797.2 1.5723517e+08
797.3 1.574401e+08
797.4 1.576094e+08
797.5 1.5772558e+08
797.6 1.577815e+08
797.7 1.5777927e+08
797.8 1.5772881e+08
797.9 1.5764616e+08
798 1.5755166e+08
798.1 1.5746825e+08
798.2 1.5741985e+08
798.3 1.574298e+08
798.4 1.575194e+08
798.5 1.5770658e+08
798.6 1.5800462e+08
798.7 1.5842098e+08
798.8 1.589565e+08
798.9 1.5960477e+08
799 1.60352e+08
799.1 1.611773e+08
799.2 1.6205339e+08
799.3 1.6294767e+08
799.4 1.6382353e+08
799.5 1.6464178e+08
799.6 1.6536208e+08
799.7 1.6594411e+08
799.8 1.6634869e+08
799.9 1.6653857e+08
800 1.6647895e+08
800.1 1.6613796e+08
800.2 1.654869e+08
800.3 1.6450051e+08
800.4 1.631572e+08
800.5 1.6143935e+08
800.6 1.5933371e+08
800.7 1.5683169e+08
800.8 1.5392984e+08
800.9 1.5063009e+08
801 1.4694002e+08
801.1 1.4287281e+08
801.2 1.3844722e+08
801.3 1.3368722e+08
801.4 1.2862176e+08
801.5 1.2328453e+08
801.6 1.1771406e+08
801.7 1.1195439e+08
801.8 1.060565e+08
801.9 1.0008076e+08
802 94100485
802.1 88206442
802.2 82511750
802.3 77155866
802.4 72305079
802.5 68145536
802.6 64864122
802.7 62615162
802.8 61479048
802.9 61429467
803 62328033
803.1 63951380
803.2 66037038
803.3 68328138
803.4 70604751
803.5 72700089
803.6 74505013
803.7 75964936
803.8 77072075
803.9 77854965
804 78366583
804.1 78672243
804.2 78838436
804.3 78923683
804.4 78972307
804.5 79011639
804.6 79052610
804.7 79093195
804.8 79123734
804.9 79132990
805 79113887
805.1 79068054
805.2 79008636
805.3 78961074
805.4 78961843
805.5 79055315
805.6 79289166
805.7 79708919
805.8 80352374
805.9 81244784
806 82395502
806.1 83796632
806.2 85423804
806.3 87238831
806.4 89193709
806.5 91235293
806.6 93310007
806.7 95368072
806.8 97366907
806.9 99273522
807 1.0106585e+08
807.1 1.0273309e+08
807.2 1.0427514e+08
807.3 1.057013e+08
807.4 1.070284e+08
807.5 1.0827858e+08
807.6 1.0947678e+08
807.7 1.1064827e+08
807.8 1.1181629e+08
807.9 1.1300001e+08
808 1.1421283e+08
808.1 1.1546119e+08
808.2 1.1674394e+08
808.3 1.1805221e+08
808.4 1.1936986e+08
808.5 1.2067439e+08
808.6 1.2193836e+08
808.7 1.2313123e+08
808.8 1.2422149e+08
808.9 1.2517901e+08
809 1.2597755e+08
809.1 1.265971e+08
809.2 1.2702608e+08
809.3 1.2726298e+08
809.4 1.2731739e+08
809.5 1.2721014e+08
809.6 1.2697233e+08
809.7 1.2664329e+08
809.8 1.2626744e+08
809.9 1.2589024e+08
810 1.2555375e+08
810.1 1.2529218e+08
810.2 1.2512814e+08
810.3 1.2507013e+08
810.4 1.2511155e+08
810.5 1.2523141e+08
810.6 1.2539642e+08
810.7 1.2556415e+08
810.8 1.256867e+08
810.9 1.2571434e+08
811 1.2559885e+08
811.1 1.2529631e+08
811.2 1.2476932e+08
811.3 1.2398864e+08
811.4 1.2293434e+08
811.5 1.2159652e+08
811.6 1.1997571e+08
811.7 1.1808273e+08
811.8 1.1593817e+08
811.9 1.1357113e+08
812 1.110174e+08
812.1 1.0831681e+08
812.2 1.0551006e+08
812.3 1.0263493e+08
812.4 99722563
812.5 96794092
812.6 93858243
812.7 90910478
812.8 87933985
812.9 84902599
813 81785404
813.1 78552486
813.2 75181166
813.3 71662019
813.4 68004116
813.5 64238996
813.6 60423028
813.7 56637690
813.8 52987058
813.9 49591382
814 46575320
814.1 44050024
814.2 42090734
814.3 40715840
814.4 39876735
814.5 39465512
814.6 39339434
814.7 39353494
814.8 39391615
814.9 39391638
815 39363616
815.1 39401598
815.2 39685885
815.3 40467876
815.4 42028672
815.5 44613979
815.6 48369825
815.7 53312441
815.8 59343005
815.9 66287658
816 73937191
816.1 82074350
816.2 90489091
816.3 98986224
816.4 1.0738918e+08
816.5 1.1554203e+08
816.6 1.2331063e+08
816.7 1.3058329e+08
816.8 1.3727091e+08
816.9 1.433067e+08
817 1.4864535e+08
817.1 1.5326189e+08
817.2 1.5715008e+08
817.3 1.6032066e+08
817.4 1.6279928e+08
817.5 1.6462435e+08
817.6 1.6584487e+08
817.7 1.6651811e+08
817.8 1.6670738e+08
817.9 1.6647989e+08
818 1.6590472e+08
818.1 1.6505107e+08
818.2 1.6398677e+08
818.3 1.6277709e+08
818.4 1.6148387e+08
818.5 1.6016483e+08
818.6 1.5887309e+08
818.7 1.5765649e+08
818.8 1.5655683e+08
818.9 1.5560866e+08
819 1.5483769e+08
819.1 1.542586e+08
819.2 1.5387254e+08
819.3 1.5366442e+08
819.4 1.5360038e+08
819.5 1.5362576e+08
819.6 1.5366425e+08
819.7 1.5361845e+08
819.8 1.5337242e+08
819.9 1.5279651e+08
820 1.5175462e+08
820.1 1.5011432e+08
820.2 1.4775961e+08
820.3 1.446068e+08
820.4 1.4062329e+08
820.5 1.3584925e+08
820.6 1.304217e+08
820.7 1.2459886e+08
820.8 1.187797e+08
820.9 1.1350656e+08
821 1.0942946e+08
821.1 1.0720681e+08
821.2 1.0734121e+08
821.3 1.1000965e+08
821.4 1.1499036e+08
821.5 1.2173523e+08
821.6 1.2952866e+08
821.7 1.3763824e+08
821.8 1.454103e+08
821.9 1.5231408e+08
822 1.5795468e+08
822.1 1.6207073e+08
822.2 1.6452507e+08
822.3 1.6529208e+08
822.4 1.6444287e+08
822.5 1.6212918e+08
822.6 1.5856622e+08
822.7 1.5401516e+08
822.8 1.4876539e+08
822.9 1.4311713e+08
823 1.3736438e+08
823.1 1.3177874e+08
823.2 1.265943e+08
823.3 1.2199478e+08
823.4 1.1810424e+08
823.5 1.1498326e+08
823.6 1.1263173e+08
823.7 1.1099833e+08
823.8 1.0999501e+08
823.9 1.0951355e+08
824 1.094411e+08
824.1 1.0967248e+08
824.2 1.10118e+08
824.3 1.1070701e+08
824.4 1.1138773e+08
824.5 1.1212442e+08
824.6 1.128931e+08
824.7 1.1367678e+08
824.8 1.1446127e+08
824.9 1.1523223e+08
825 1.1597385e+08
825.1 1.166691e+08
825.2 1.1730126e+08
825.3 1.1785585e+08
825.4 1.1832265e+08
825.5 1.1869684e+08
825.6 1.1897926e+08
825.7 1.1917563e+08
825.8 1.1929486e+08
825.9 1.1934704e+08
826 1.1934127e+08
826.1 1.1928409e+08
826.2 1.1917859e+08
826.3 1.1902449e+08
826.4 1.1881911e+08
826.5 1.1855905e+08
826.6 1.182421e+08
826.7 1.1786906e+08
826.8 1.1744506e+08
826.9 1.1697998e+08
827 1.1648804e+08
827.1 1.1598641e+08
827.2 1.1549325e+08
827.3 1.1502547e+08
827.4 1.1459643e+08
827.5 1.1421411e+08
827.6 1.1387969e+08
827.7 1.1358685e+08
827.8 1.133217e+08
827.9 1.1306318e+08
828 1.1278409e+08
828.1 1.1245236e+08
828.2 1.1203289e+08
828.3 1.1148944e+08
828.4 1.1078693e+08
828.5 1.0989369e+08
828.6 1.0878369e+08
828.7 1.0743867e+08
828.8 1.0584991e+08
828.9 1.0401961e+08
829 1.0196181e+08
829.1 99702730
829.2 97280498
829.3 94744078
829.4 92151419
829.5 89566648
829.6 87056362
829.7 84685119
829.8 82510529
829.9 80578550
830 78919813
830.1 77547781
830.2 76459213
830.3 75636815
830.4 75053229
830.5 74674966
830.6 74464693
830.7 74380591
830.8 74372174
830.9 74372925
831 74291091
831.1 74000758
831.2 73335619
831.3 72087591
831.4 70011665
831.5 66837395
831.6 62286442
831.7 56094821
831.8 48037975
831.9 37956421
832 25779786
832.1 11549128
832.2 4628531.6
832.3 22357419
832.4 41312890
832.5 60957986
832.6 80685004
832.7 99829019
832.8 1.1770347e+08
832.9 1.3364044e+08
833 1.4703228e+08
833.1 1.5737142e+08
833.2 1.6428477e+08
833.3 1.6755975e+08
833.4 1.6715916e+08
833.5 1.6322344e+08
833.6 1.5605978e+08
833.7 1.4611941e+08
833.8 1.3396544e+08
833.9 1.2023493e+08
834 1.0559954e+08
834.1 90729040
834.2 76262107
834.3 62787272
834.4 50834765
834.5 40871679
834.6 33271686
834.7 28203351
834.8 25442150
834.9 24333892
835 24090455
835.1 24128574
835.2 24169341
835.3 24172810
835.4 24241060
835.5 24534324
835.6 25203714
835.7 26345263
835.8 27984762
835.9 30092731
836 32613437
836.1 35489379
836.2 38672652
836.3 42124762
836.4 45810491
836.5 49691033
836.6 53719507
836.7 57839820
836.8 61988336
836.9 66097158
837 70097800
837.1 73924420
837.2 77516178
837.3 80818699
837.4 83784838
837.5 86375055
837.6 88557757
837.7 90309950
837.8 91618493
837.9 92482228
838 92915202
838.1 92951086
838.2 92648791
838.3 92098876
838.4 91429801
838.5 90812051
838.6 90456912
838.7 90605691
838.8 91505790
838.9 93373860
839 96353250
839.1 1.0047909e+08
839.2 1.0566378e+08
839.3 1.1170708e+08
839.4 1.1832439e+08
839.5 1.2518283e+08
839.6 1.3193626e+08
839.7 1.3825511e+08
839.8 1.4385035e+08
839.9 1.4849177e+08
840 1.5202102e+08
840.1 1.5435961e+08
840.2 1.5551136e+08
840.3 1.5555928e+08
840.4 1.5465665e+08
840.5 1.5301254e+08
840.6 1.5087262e+08
840.7 1.4849655e+08
840.8 1.4613415e+08
840.9 1.440031e+08
841 1.4227145e+08
841.1 1.4104774e+08
841.2 1.4038014e+08
841.3 1.4026419e+08
841.4 1.4065632e+08
841.5 1.4148985e+08
841.6 1.4268961e+08
841.7 1.4418301e+08
841.8 1.4590639e+08
841.9 1.4780677e+08
842 1.4983993e+08
842.1 1.5196617e+08
842.2 1.541451e+08
842.3 1.56331e+08
842.4 1.5846998e+08
842.5 1.6049953e+08
842.6 1.623509e+08
842.7 1.6395353e+08
842.8 1.6524099e+08
842.9 1.6615703e+08
843 1.6666098e+08
843.1 1.6673161e+08
843.2 1.6636932e+08
843.3 1.6559656e+08
843.4 1.6445702e+08
843.5 1.6301386e+08
843.6 1.6134742e+08
843.7 1.595526e+08
843.8 1.5773587e+08
843.9 1.5601164e+08
844 1.5449756e+08
844.1 1.5330823e+08
844.2 1.5254722e+08
844.3 1.5229741e+08
844.4 1.5261053e+08
844.5 1.5349732e+08
844.6 1.5491996e+08
844.7 1.5678847e+08
844.8 1.5896208e+08
844.9 1.6125552e+08
845 1.6344965e+08
845.1 1.6530494e+08
845.2 1.6657647e+08
845.3 1.6702888e+08
845.4 1.6645017e+08
845.5 1.6466329e+08
845.6 1.6153495e+08
845.7 1.569812e+08
845.8 1.5096985e+08
845.9 1.4351989e+08
846 1.3469871e+08
846.1 1.2461758e+08
846.2 1.1342677e+08
846.3 1.0131136e+08
846.4 88489902
846.5 75220443
846.6 61823893
846.7 48753907
846.8 36800546
846.9 27642874
847 24415287
847.1 28673679
847.2 37415520
847.3 47707994
847.4 58224117
847.5 68393230
847.6 77936511
847.7 86702579
847.8 94607306
847.9 1.0160941e+08
848 1.0769931e+08
848.1 1.1289304e+08
848.2 1.1722781e+08
848.3 1.2075789e+08
848.4 1.2355013e+08
848.5 1.2567919e+08
848.6 1.2722292e+08
848.7 1.2825845e+08
848.8 1.2885989e+08
848.9 1.2909836e+08
849 1.2904473e+08
849.1 1.2877518e+08
849.2 1.2837852e+08
849.3 1.2796371e+08
849.4 1.2766445e+08
849.5 1.276374e+08
849.6 1.280507e+08
849.7 1.2906121e+08
849.8 1.3078337e+08
849.9 1.3325726e+08
850 1.364265e+08
850.1 1.4013455e+08
850.2 1.441417e+08
850.3 1.4815723e+08
850.4 1.5187754e+08
850.5 1.5502136e+08
850.6 1.5735622e+08
850.7 1.5871427e+08
850.8 1.5899793e+08
850.9 1.5817758e+08
851 1.5628381e+08
851.1 1.5339662e+08
851.2 1.4963377e+08
851.3 1.4513949e+08
851.4 1.4007463e+08
851.5 1.3460842e+08
851.6 1.2891198e+08
851.7 1.231532e+08
851.8 1.1749251e+08
851.9 1.1207906e+08
852 1.0704675e+08
852.1 1.0250983e+08
852.2 98558069
852.3 95252213
852.4 92620533
852.5 90657855
852.6 89327887
852.7 88569000
852.8 88302582
852.9 88442457
853 88903734
853.1 89609900
853.2 90497567
853.3 91518882
853.4 92641902
853.5 93849392
853.6 95136489
853.7 96507608
853.8 97972926
853.9 99544735
854 1.0123395e+08
854.1 1.0304703e+08
854.2 1.0498366e+08
854.3 1.0703518e+08
854.4 1.091842e+08
854.5 1.1140511e+08
854.6 1.1366552e+08
854.7 1.1592845e+08
854.8 1.1815494e+08
854.9 1.2030675e+08
855 1.2234904e+08
855.1 1.2425256e+08
855.2 1.2599537e+08
855.3 1.2756388e+08
855.4 1.2895318e+08
855.5 1.3016671e+08
855.6 1.3121523e+08
855.7 1.3211528e+08
855.8 1.328873e+08
855.9 1.3355332e+08
856 1.3413469e+08
856.1 1.3464975e+08
856.2 1.3511177e+08
856.3 1.355272e+08
856.4 1.3589435e+08
856.5 1.3620252e+08
856.6 1.364317e+08
856.7 1.3655259e+08
856.8 1.3652702e+08
856.9 1.3630875e+08
857 1.3584435e+08
857.1 1.3507447e+08
857.2 1.3393515e+08
857.3 1.3235954e+08
857.4 1.3027973e+08
857.5 1.276291e+08
857.6 1.2434485e+08
857.7 1.2037106e+08
857.8 1.1566195e+08
857.9 1.1018532e+08
858 1.0392614e+08
858.1 96889701
858.2 89104452
858.3 80623877
858.4 71527409
858.5 61920198
858.6 51932017
858.7 41716485
858.8 31454792
858.9 21382477
859 11966829
859.1 5831158.5
859.2 10245762
859.3 17968761
859.4 25475765
859.5 32288858
859.6 38257804
859.7 43311484
859.8 47415560
859.9 50560182
860 52755062
860.1 54027664
860.2 54423764
860.3 54010625
860.4 52883421
860.5 51175805
860.6 49075355
860.7 46843266
860.8 44832618
860.9 43488014
861 43295393
861.1 44662399
861.2 47778142
861.3 52560347
861.4 58726773
861.5 65911142
861.6 73744246
861.7 81887905
861.8 90042175
861.9 97943601
862 1.0536278e+08
862.1 1.1210363e+08
862.2 1.1800429e+08
862.3 1.2293902e+08
862.4 1.2682007e+08
862.5 1.2959902e+08
862.6 1.3126684e+08
862.7 1.3185242e+08
862.8 1.3141944e+08
862.9 1.300617e+08
863 1.2789704e+08
863.1 1.2506036e+08
863.2 1.2169613e+08
863.3 1.179509e+08
863.4 1.1396619e+08
863.5 1.0987218e+08
863.6 1.0578249e+08
863.7 1.0179041e+08
863.8 97966611
863.9 94358801
864 90993190
864.1 87877834
864.2 85007542
864.3 82369916
864.4 79951878
864.5 77745957
864.6 75755590
864.7 73998640
864.8 72508367
864.9 71331156
865 70520591
865.1 70128078
865.2 70191250
865.3 70722469
865.4 71700291
865.5 73066161
865.6 74727019
865.7 76562583
865.8 78434887
865.9 80197603
866 81703356
866.1 82808252
866.2 83373663
866.3 83265898
866.4 82354682
866.5 80511501
866.6 77608837
866.7 73521183
866.8 68128512
866.9 61322671
867 53017154
867.1 43161554
867.2 31767626
867.3 18999945
867.4 6444256.2
867.5 13185717
867.6 29409524
867.7 46760445
867.8 64470111
867.9 81989844
868 98763205
868.1 1.1422134e+08
868.2 1.2780723e+08
868.3 1.390082e+08
868.4 1.4739011e+08
868.5 1.5262885e+08
868.6 1.5453512e+08
868.7 1.5306944e+08
868.8 1.4834544e+08
868.9 1.4062137e+08
869 1.3028178e+08
869.1 1.1781299e+08
869.2 1.037782e+08
869.3 88800580
869.4 73567834
869.5 58885912
869.6 45838391
869.7 36099318
869.8 31901809
869.9 34038437
870 40300557
870.1 48060535
870.2 55839204
870.3 62962799
870.4 69144434
870.5 74282785
870.6 78373020
870.7 81464566
870.8 83638963
870.9 84997166
871 85651773
871.1 85722132
871.2 85331296
871.3 84604213
871.4 83666705
871.5 82644790
871.6 81663797
871.7 80846618
871.8 80310379
871.9 80160993
872 80485539
872.1 81343259
872.2 82756850
872.3 84706196
872.4 87126385
872.5 89910766
872.6 92918606
872.7 95986003
872.8 98938529
872.9 1.0160421e+08
873 1.0382585e+08
873.1 1.0547195e+08
873.2 1.0644565e+08
873.3 1.0669116e+08
873.4 1.0619748e+08
873.5 1.0499908e+08
873.6 1.0317351e+08
873.7 1.0083609e+08
873.8 98131832
873.9 95225087
874 92287263
874.1 89483610
874.2 86960171
874.3 84832528
874.4 83178128
874.5 82033605
874.6 81397519
874.7 81237595
874.8 81500449
874.9 82121594
875 83034056
875.1 84174910
875.2 85489872
875.3 86936500
875.4 88486509
875.5 90127454
875.6 91863719
875.7 93716500
875.8 95722399
875.9 97930326
876 1.0039661e+08
876.1 1.0317851e+08
876.2 1.0632653e+08
876.3 1.0987636e+08
876.4 1.1384115e+08
876.5 1.1820511e+08
876.6 1.2291932e+08
876.7 1.2790036e+08
876.8 1.3303213e+08
876.9 1.3817121e+08
877 1.4315525e+08
877.1 1.4781404e+08
877.2 1.5198233e+08
877.3 1.5551327e+08
877.4 1.5829128e+08
877.5 1.6024303e+08
877.6 1.6134532e+08
877.7 1.6162878e+08
877.8 1.6117671e+08
877.9 1.6011869e+08
878 1.5861922e+08
878.1 1.5686213e+08
878.2 1.5503244e+08
878.3 1.5329784e+08
878.4 1.5179249e+08
878.5 1.5060566e+08
878.6 1.4977712e+08
878.7 1.492993e+08
878.8 1.491253e+08
878.9 1.4918007e+08
879 1.4937229e+08
879.1 1.4960461e+08
879.2 1.4978111e+08
879.3 1.4981166e+08
879.4 1.4961372e+08
879.5 1.4911231e+08
879.6 1.4823928e+08
879.7 1.469326e+08
879.8 1.4513642e+08
879.9 1.4280229e+08
880 1.3989169e+08
880.1 1.3637971e+08
880.2 1.3225936e+08
880.3 1.2754602e+08
880.4 1.2228127e+08
880.5 1.1653514e+08
880.6 1.1040645e+08
880.7 1.0402048e+08
880.8 97523877
880.9 91076862
881 84842907
881.1 78976609
881.2 73610813
881.3 68844783
881.4 64736090
881.5 61299297
881.6 58513892
881.7 56341746
881.8 54751414
881.9 53743992
882 53373758
882.1 53756186
882.2 55056493
882.3 57456176
882.4 61104623
882.5 66073279
882.6 72329988
882.7 79738530
882.8 88074906
882.9 97048701
883 1.0632286e+08
883.1 1.1553084e+08
883.2 1.2429273e+08
883.3 1.3223181e+08
883.4 1.3899223e+08
883.5 1.4425728e+08
883.6 1.477669e+08
883.7 1.4933298e+08
883.8 1.4885076e+08
883.9 1.463051e+08
884 1.4177107e+08
884.1 1.3540897e+08
884.2 1.2745448e+08
884.3 1.1820533e+08
884.4 1.0800606e+08
884.5 97232663
884.6 86278605
884.7 75543292
884.8 65422875
884.9 56300638
885 48528983
885.1 42388365
885.2 38012282
885.3 35304717
885.4 33929600
885.5 33420786
885.6 33341273
885.7 33387431
885.8 33414803
885.9 33418263
886 33494886
886.1 33798545
886.2 34487349
886.3 35670616
886.4 37371443
886.5 39519617
886.6 41973952
886.7 44558522
886.8 47096533
886.9 49434009
887 51452790
887.1 53075313
887.2 54263880
887.3 55016707
887.4 55362720
887.5 55356880
887.6 55077472
887.7 54626133
887.8 54130216
887.9 53745360
888 53654186
888.1 54055868
888.2 55142977
888.3 57068130
888.4 59911380
888.5 63662691
888.6 68226876
888.7 73446371
888.8 79130525
888.9 85081866
889 91115107
889.1 97068688
889.2 1.0281027e+08
889.3 1.0823779e+08
889.4 1.1327754e+08
889.5 1.1788035e+08
889.6 1.2201676e+08
889.7 1.2567203e+08
889.8 1.288415e+08
889.9 1.3152663e+08
890 1.3373194e+08
890.1 1.3546295e+08
890.2 1.3672488e+08
890.3 1.3752216e+08
890.4 1.3785851e+08
890.5 1.3773748e+08
890.6 1.3716337e+08
890.7 1.3614242e+08
890.8 1.3468432e+08
890.9 1.3280379e+08
891 1.3052236e+08
891.1 1.278701e+08
891.2 1.2488717e+08
891.3 1.2162508e+08
891.4 1.1814733e+08
891.5 1.1452925e+08
891.6 1.1085678e+08
891.7 1.0722392e+08
891.8 1.0372873e+08
891.9 1.0046785e+08
892 97529806
892.1 94987761
892.2 92892654
892.3 91268056
892.4 90107876
892.5 89377590
892.6 89018813
892.7 88956246
892.8 89105613
892.9 89381225
893 89702262
893.1 89997357
893.2 90207507
893.3 90287587
893.4 90206792
893.5 89948324
893.6 89508538
893.7 88895665
893.8 88128196
893.9 87232932
894 86242767
894.1 85194241
894.2 84125012
894.3 83071378
894.4 82066084
894.5 81136579
894.6 80303920
894.7 79582419
894.8 78980069
894.9 78499703
895 78140744
895.1 77901369
895.2 77780870
895.3 77781959
895.4 77912804
895.5 78188554
895.6 78632207
895.7 79274650
895.8 80153835
895.9 81313066
896 82798491
896.1 84655926
896.2 86927233
896.3 89646490
896.4 92836245
896.5 96504135
896.6 1.0064017e+08
896.7 1.0521486e+08
896.8 1.1017845e+08
896.9 1.1546122e+08
897 1.2097491e+08
897.1 1.2661528e+08
897.2 1.3226538e+08
897.3 1.3779971e+08
897.4 1.4308872e+08
897.5 1.4800366e+08
897.6 1.5242153e+08
897.7 1.5622989e+08
897.8 1.5933144e+08
897.9 1.6164828e+08
898 1.6312553e+08
898.1 1.6373429e+08
898.2 1.6347379e+08
898.3 1.6237235e+08
898.4 1.6048724e+08
898.5 1.5790317e+08
898.6 1.5472931e+08
898.7 1.5109499e+08
898.8 1.4714396e+08
898.9 1.430276e+08
899 1.3889719e+08
899.1 1.3489577e+08
899.2 1.3115017e+08
899.3 1.2776397e+08
899.4 1.2481218e+08
899.5 1.223384e+08
899.6 1.2035493e+08
899.7 1.1884568e+08
899.8 1.1777138e+08
899.9 1.1707602e+08
900 1.1669353e+08
900.1 1.1655371e+08
900.2 1.1658697e+08
900.3 1.1672766e+08
900.4 1.1691618e+08
900.5 1.1710015e+08
900.6 1.1723494e+08
900.7 1.1728385e+08
900.8 1.1721818e+08
900.9 1.1701703e+08
901 1.1666722e+08
901.1 1.1616292e+08
901.2 1.1550516e+08
901.3 1.1470122e+08
901.4 1.1376371e+08
901.5 1.1270955e+08
901.6 1.1155886e+08
901.7 1.1033374e+08
901.8 1.0905717e+08
901.9 1.0775198e+08
902 1.0643999e+08
902.1 1.0514141e+08
902.2 1.0387443e+08
902.3 1.0265507e+08
902.4 1.0149716e+08
902.5 1.0041248e+08
902.6 99410878
902.7 98500426
902.8 97687400
902.9 96976165
903 96368907
903.1 95865290
903.2 95462120
903.3 95153151
903.4 94929125
903.5 94778133
903.6 94686320
903.7 94638872
903.8 94621200
903.9 94620188
904 94625357
904.1 94629838
904.2 94631021
904.3 94630818
904.4 94635440
904.5 94654673
904.6 94700610
904.7 94785923
904.8 94921791
904.9 95115712
905 95369499
905.1 95677790
905.2 96027339
905.3 96397254
905.4 96760175
905.5 97084208
905.6 97335314
905.7 97479804
905.8 97486621
905.9 97329189
906 96986732
906.1 96445090
906.2 95697118
906.3 94742837
906.4 93589482
906.5 92251573
906.6 90751109
906.7 89117907
906.8 87390088
906.9 85614618
907 83847777
907.1 82155331
907.2 80612098
907.3 79300521
907.4 78307856
907.5 77721683
907.6 77623798
907.7 78083046
907.8 79148234
907.9 80842598
908 83161038
908.1 86070668
908.2 89514244
908.3 93415428
908.4 97684684
908.5 1.0222488e+08
908.6 1.0693615e+08
908.7 1.1171987e+08
908.8 1.1648197e+08
908.9 1.2113559e+08
909 1.2560343e+08
909.1 1.2981966e+08
909.2 1.3373136e+08
909.3 1.3729955e+08
909.4 1.404995e+08
909.5 1.4332038e+08
909.6 1.4576411e+08
909.7 1.4784364e+08
909.8 1.4958073e+08
909.9 1.5100341e+08
910 1.5214361e+08
910.1 1.5303498e+08
910.2 1.5371116e+08
910.3 1.5420456e+08
910.4 1.5454558e+08
910.5 1.5476225e+08
910.6 1.5487994e+08
910.7 1.5492122e+08
910.8 1.549057e+08
910.9 1.548498e+08
911 1.5476661e+08
911.1 1.5466591e+08
911.2 1.5455438e+08
911.3 1.5443628e+08
911.4 1.5431433e+08
911.5 1.541909e+08
911.6 1.5406929e+08
911.7 1.5395486e+08
911.8 1.5385579e+08
911.9 1.5378328e+08
912 1.5375104e+08
912.1 1.5377411e+08
912.2 1.53867e+08
912.3 1.5404158e+08
912.4 1.5430478e+08
912.5 1.5465684e+08
912.6 1.5509012e+08
912.7 1.5558901e+08
912.8 1.5613094e+08
912.9 1.5668849e+08
913 1.5723236e+08
913.1 1.5773473e+08
913.2 1.5817269e+08
913.3 1.5853094e+08
913.4 1.5880356e+08
913.5 1.589943e+08
913.6 1.5911533e+08
913.7 1.5918457e+08
913.8 1.5922179e+08
913.9 1.5924426e+08
914 1.5926257e+08
914.1 1.5927737e+08
914.2 1.592779e+08
914.3 1.5924265e+08
914.4 1.5914264e+08
914.5 1.589471e+08
914.6 1.5863127e+08
914.7 1.5818548e+08
914.8 1.5762423e+08
914.9 1.5699348e+08
915 1.5637368e+08
915.1 1.5587602e+08
915.2 1.556297e+08
915.3 1.5576017e+08
915.4 1.5636113e+08
915.5 1.5746654e+08
915.6 1.5903101e+08
915.7 1.6092533e+08
915.8 1.6294922e+08
915.9 1.6485791e+08
916 1.6639509e+08
916.1 1.6732471e+08
916.2 1.6745594e+08
916.3 1.6665882e+08
916.4 1.6487064e+08
916.5 1.6209463e+08
916.6 1.5839319e+08
916.7 1.5387784e+08
916.8 1.4869782e+08
916.9 1.4302853e+08
917 1.3706093e+08
917.1 1.3099215e+08
917.2 1.2501766e+08
917.3 1.1932477e+08
917.4 1.1408734e+08
917.5 1.0946132e+08
917.6 1.055809e+08
917.7 1.0255481e+08
917.8 1.0046288e+08
917.9 99352721
918 99236854
918.1 1.0009063e+08
918.2 1.0185114e+08
918.3 1.0441739e+08
918.4 1.0765168e+08
918.5 1.1138245e+08
918.6 1.1540842e+08
918.7 1.1950425e+08
918.8 1.2342777e+08
918.9 1.2692852e+08
919 1.2975743e+08
919.1 1.3167723e+08
919.2 1.324731e+08
919.3 1.3196319e+08
919.4 1.300086e+08
919.5 1.2652268e+08
919.6 1.2147967e+08
919.7 1.1492322e+08
919.8 1.069759e+08
919.9 97852218
920 87879882
920.1 77537760
920.2 67521707
920.3 58835809
920.4 52818174
920.5 50804500
920.6 53281530
920.7 59448495
920.8 67899803
920.9 77405411
921 87123200
921.1 96524446
921.2 1.0529023e+08
921.3 1.132395e+08
921.4 1.202844e+08
921.5 1.2640174e+08
921.6 1.3161347e+08
921.7 1.359722e+08
921.8 1.3955008e+08
921.9 1.4242998e+08
922 1.4469869e+08
922.1 1.4644181e+08
922.2 1.4774014e+08
922.3 1.486674e+08
922.4 1.4928913e+08
922.5 1.4966248e+08
922.6 1.4983673e+08
922.7 1.4985437e+08
922.8 1.4975247e+08
922.9 1.4956422e+08
923 1.4932043e+08
923.1 1.4905085e+08
923.2 1.4878522e+08
923.3 1.4855378e+08
923.4 1.4838739e+08
923.5 1.4831698e+08
923.6 1.4837256e+08
923.7 1.4858175e+08
923.8 1.4896792e+08
923.9 1.4954823e+08
924 1.5033176e+08
924.1 1.5131792e+08
924.2 1.5249543e+08
924.3 1.5384199e+08
924.4 1.5532475e+08
924.5 1.569017e+08
924.6 1.5852374e+08
924.7 1.6013748e+08
924.8 1.6168854e+08
924.9 1.6312508e+08
925 1.6440136e+08
925.1 1.6548115e+08
925.2 1.6634046e+08
925.3 1.6696949e+08
925.4 1.6737346e+08
925.5 1.675719e+08
925.6 1.675967e+08
925.7 1.6748856e+08
925.8 1.6729256e+08
925.9 1.670532e+08
926 1.6680972e+08
926.1 1.6659247e+08
926.2 1.6642085e+08
926.3 1.6630306e+08
926.4 1.6623769e+08
926.5 1.6621644e+08
926.6 1.6622739e+08
926.7 1.662581e+08
926.8 1.6629787e+08
926.9 1.6633901e+08
927 1.6637679e+08
927.1 1.6640867e+08
927.2 1.6643259e+08
927.3 1.6644507e+08
927.4 1.6643902e+08
927.5 1.6640162e+08
927.6 1.6631247e+08
927.7 1.6614207e+08
927.8 1.6585125e+08
927.9 1.6539155e+08
928 1.6470706e+08
928.1 1.6373777e+08
928.2 1.624242e+08
928.3 1.6071293e+08
928.4 1.5856244e+08
928.5 1.5594837e+08
928.6 1.5286751e+08
928.7 1.4933988e+08
928.8 1.4540863e+08
928.9 1.4113753e+08
929 1.3660659e+08
929.1 1.3190617e+08
929.2 1.2713045e+08
929.3 1.2237105e+08
929.4 1.1771141e+08
929.5 1.1322261e+08
929.6 1.0896064e+08
929.7 1.0496533e+08
929.8 1.0126044e+08
929.9 97854755
930 94743742
930.1 91911549
930.2 89333289
930.3 86977546
930.4 84809156
930.5 82792197
930.6 80893092
930.7 79083620
930.8 77343561
930.9 75662696
931 74041898
931.1 72493053
931.2 71037696
931.3 69704352
931.4 68524823
931.5 67529902
931.6 66745248
931.7 66188222
931.8 65866393
931.9 65778029
932 65914442
932.1 66263569
932.2 66813918
932.3 67557970
932.4 68494330
932.5 69628206
932.6 70970147
932.7 72533283
932.8 74329606
932.9 76365964
933 78640554
933.1 81140543
933.2 83841221
933.3 86706798
933.4 89692589
933.5 92748178
933.6 95820987
933.7 98859749
933.8 1.0181741e+08
933.9 1.0465321e+08
934 1.0733366e+08
934.1 1.098326e+08
934.2 1.1213034e+08
934.3 1.1421218e+08
934.4 1.1606678e+08
934.5 1.1768472e+08
934.6 1.1905767e+08
934.7 1.2017861e+08
934.8 1.2104306e+08
934.9 1.2165151e+08
935 1.2201265e+08
935.1 1.2214696e+08
935.2 1.2208995e+08
935.3 1.2189418e+08
935.4 1.2162878e+08
935.5 1.2137537e+08
935.6 1.2121939e+08
935.7 1.2123613e+08
935.8 1.2147255e+08
935.9 1.2192689e+08
936 1.2253039e+08
936.1 1.2313536e+08
936.2 1.2351397e+08
936.3 1.2336939e+08
936.4 1.2235943e+08
936.5 1.2013094e+08
936.6 1.1636311e+08
936.7 1.1081907e+08
936.8 1.0340805e+08
936.9 94266575
937 83879882
937.1 73281963
937.2 64344703
937.3 59834615
937.4 62177516
937.5 71271700
937.6 84778876
937.7 1.001965e+08
937.8 1.1570925e+08
937.9 1.301134e+08
938 1.426323e+08
938.1 1.5280372e+08
938.2 1.6041848e+08
938.3 1.6548019e+08
938.4 1.6816976e+08
938.5 1.6880799e+08
938.6 1.678147e+08
938.7 1.6566506e+08
938.8 1.628453e+08
938.9 1.5981056e+08
939 1.5694835e+08
939.1 1.5455157e+08
939.2 1.5280479e+08
939.3 1.5178555e+08
939.4 1.5147934e+08
939.5 1.518037e+08
939.6 1.526353e+08
939.7 1.5383454e+08
939.8 1.5526423e+08
939.9 1.5680164e+08
940 1.5834465e+08
940.1 1.5981357e+08
940.2 1.6115021e+08
940.3 1.6231526e+08
940.4 1.6328467e+08
940.5 1.6404551e+08
940.6 1.6459133e+08
940.7 1.6491734e+08
940.8 1.6501541e+08
940.9 1.6486934e+08
941 1.6445071e+08
941.1 1.6371585e+08
941.2 1.6260431e+08
941.3 1.6103932e+08
941.4 1.5893045e+08
941.5 1.5617863e+08
941.6 1.5268326e+08
941.7 1.4835131e+08
941.8 1.4310792e+08
941.9 1.3690832e+08
942 1.2975084e+08
942.1 1.2169146e+08
942.2 1.1286071e+08
942.3 1.034851e+08
942.4 93915435
942.5 84663550
942.6 76437984
942.7 70136378
942.8 66697384
942.9 66743921
943 70223312
943.1 76436186
943.2 84421252
943.3 93294397
943.4 1.0237423e+08
943.5 1.1117802e+08
943.6 1.193818e+08
943.7 1.2678238e+08
943.8 1.3326858e+08
943.9 1.3879986e+08
944 1.4338956e+08
944.1 1.4709056e+08
944.2 1.4998235e+08
944.3 1.5215915e+08
944.4 1.5371907e+08
944.5 1.5475478e+08
944.6 1.5534632e+08
944.7 1.5555661e+08
944.8 1.5543006e+08
944.9 1.5499466e+08
945 1.5426731e+08
945.1 1.5326195e+08
945.2 1.5199973e+08
945.3 1.5051971e+08
945.4 1.4888845e+08
945.5 1.4720624e+08
945.6 1.4560737e+08
945.7 1.4425225e+08
945.8 1.4331018e+08
945.9 1.4293422e+08
946 1.4323271e+08
946.1 1.4424507e+08
946.2 1.4592945e+08
946.3 1.4816669e+08
946.4 1.507792e+08
946.5 1.5355868e+08
946.6 1.5629508e+08
946.7 1.588004e+08
946.8 1.6092452e+08
946.9 1.6256239e+08
947 1.6365438e+08
947.1 1.6418167e+08
947.2 1.6415888e+08
947.3 1.6362584e+08
947.4 1.6263957e+08
947.5 1.6126722e+08
947.6 1.5958053e+08
947.7 1.5765153e+08
947.8 1.5554957e+08
947.9 1.5333935e+08
948 1.5107961e+08
948.1 1.4882235e+08
948.2 1.4661232e+08
948.3 1.4448667e+08
948.4 1.424748e+08
948.5 1.405983e+08
948.6 1.3887112e+08
948.7 1.3729996e+08
948.8 1.3588507e+08
948.9 1.3462125e+08
949 1.3349931e+08
949.1 1.3250778e+08
949.2 1.3163485e+08
949.3 1.3087034e+08
949.4 1.3020748e+08
949.5 1.2964419e+08
949.6 1.2918328e+08
949.7 1.2883116e+08
949.8 1.2859441e+08
949.9 1.2847397e+08
950 1.2845698e+08
950.1 1.2850703e+08
950.2 1.2855427e+08
950.3 1.2848776e+08
950.4 1.28152e+08
950.5 1.2734998e+08
950.6 1.2585336e+08
950.7 1.2341947e+08
950.8 1.1981345e+08
950.9 1.1483284e+08
951 1.0833146e+08
951.1 1.0023939e+08
951.2 90576387
951.3 79456951
951.4 67086676
951.5 53751271
951.6 39803272
951.7 25666211
951.8 12029537
951.9 5671242.8
952 16551183
952.1 28203498
952.2 38816238
952.3 48109367
952.4 55969368
952.5 62359808
952.6 67298716
952.7 70845987
952.8 73093874
952.9 74159478
953 74179026
953.1 73303641
953.2 71696084
953.3 69527783
953.4 66975439
953.5 64216537
953.6 61423355
953.7 58755361
953.8 56350391
953.9 54315621
954 52719880
954.1 51589002
954.2 50905263
954.3 50610618
954.4 50612078
954.5 50787171
954.6 50988059
954.7 51044210
954.8 50764596
954.9 49940865
955 48352849
955.1 45777314
955.2 42000309
955.3 36832881
955.4 30129533
955.5 21809707
955.6 11897217
955.7 1916692.2
955.8 12880338
955.9 26872761
956 41705769
956.1 56945937
956.2 72161360
956.3 86927791
956.4 1.0085586e+08
956.5 1.1361688e+08
956.6 1.2496232e+08
956.7 1.3473472e+08
956.8 1.4286972e+08
956.9 1.4938994e+08
957 1.5439249e+08
957.1 1.5803235e+08
957.2 1.6050388e+08
957.3 1.6202253e+08
957.4 1.6280823e+08
957.5 1.6307141e+08
957.6 1.6300191e+08
957.7 1.6276084e+08
957.8 1.6247493e+08
957.9 1.6223297e+08
958 1.620842e+08
958.1 1.6203834e+08
958.2 1.6206761e+08
958.3 1.6211073e+08
958.4 1.6207914e+08
958.5 1.6186528e+08
958.6 1.6135282e+08
958.7 1.6042838e+08
958.8 1.5899417e+08
958.9 1.5698108e+08
959 1.5436158e+08
959.1 1.5116178e+08
959.2 1.4747174e+08
959.3 1.4345251e+08
959.4 1.3933756e+08
959.5 1.3542506e+08
959.6 1.3205666e+08
959.7 1.2957933e+08
959.8 1.2829149e+08
959.9 1.2838393e+08
960 1.2989444e+08
960.1 1.3269471e+08
960.2 1.3651521e+08
960.3 1.4099675e+08
960.4 1.4574917e+08
960.5 1.5040169e+08
960.6 1.5463845e+08
960.7 1.5821918e+08
960.8 1.6098821e+08
960.9 1.6287467e+08
961 1.6388633e+08
961.1 1.6409864e+08
961.2 1.6364037e+08
961.3 1.6267701e+08
961.4 1.613931e+08
961.5 1.5997485e+08
961.6 1.5859414e+08
961.7 1.5739479e+08
961.8 1.5648206e+08
961.9 1.5591547e+08
962 1.5570515e+08
962.1 1.5581134e+08
962.2 1.5614652e+08
962.3 1.5658005e+08
962.4 1.5694479e+08
962.5 1.5704598e+08
962.6 1.566721e+08
962.7 1.5560792e+08
962.8 1.5364903e+08
962.9 1.5061748e+08
963 1.4637738e+08
963.1 1.4084978e+08
963.2 1.3402581e+08
963.3 1.2597823e+08
963.4 1.1687162e+08
963.5 1.0697305e+08
963.6 96665647
963.7 86467415
963.8 77051869
963.9 69245819
964 63934963
964.1 61792544
964.2 62919784
964.3 66752751
964.4 72375101
964.5 78898593
964.6 85641622
964.7 92141327
964.8 98107742
964.9 1.03375e+08
965 1.0786361e+08
965.1 1.1155351e+08
965.2 1.1446508e+08
965.3 1.1664573e+08
965.4 1.1816017e+08
965.5 1.1908358e+08
965.6 1.194966e+08
965.7 1.1948165e+08
965.8 1.191202e+08
965.9 1.1849031e+08
966 1.1766462e+08
966.1 1.1670831e+08
966.2 1.1567747e+08
966.3 1.1461785e+08
966.4 1.1356444e+08
966.5 1.1254192e+08
966.6 1.1156603e+08
966.7 1.1064572e+08
966.8 1.0978545e+08
966.9 1.0898735e+08
967 1.0825271e+08
967.1 1.0758265e+08
967.2 1.0697813e+08
967.3 1.0643961e+08
967.4 1.0596693e+08
967.5 1.0555978e+08
967.6 1.0521902e+08
967.7 1.0494873e+08
967.8 1.0475854e+08
967.9 1.0466585e+08
968 1.0469727e+08
968.1 1.0488882e+08
968.2 1.0528473e+08
968.3 1.0593471e+08
968.4 1.0688995e+08
968.5 1.0819834e+08
968.6 1.0989927e+08
968.7 1.12019e+08
968.8 1.145667e+08
968.9 1.1753202e+08
969 1.2088405e+08
969.1 1.2457185e+08
969.2 1.2852623e+08
969.3 1.3266268e+08
969.4 1.3688513e+08
969.5 1.4109034e+08
969.6 1.4517281e+08
969.7 1.4902988e+08
969.8 1.5256697e+08
969.9 1.5570253e+08
970 1.5837246e+08
970.1 1.6053349e+08
970.2 1.6216545e+08
970.3 1.63272e+08
970.4 1.6387986e+08
970.5 1.6403663e+08
970.6 1.6380736e+08
970.7 1.6327033e+08
970.8 1.6251239e+08
970.9 1.6162415e+08
971 1.6069551e+08
971.1 1.5981147e+08
971.2 1.5904859e+08
971.3 1.5847189e+08
971.4 1.5813242e+08
971.5 1.5806528e+08
971.6 1.5828832e+08
971.7 1.5880153e+08
971.8 1.5958712e+08
971.9 1.6061053e+08
972 1.6182228e+08
972.1 1.631606e+08
972.2 1.6455494e+08
972.3 1.6593011e+08
972.4 1.6721088e+08
972.5 1.6832695e+08
972.6 1.6921792e+08
972.7 1.6983789e+08
972.8 1.7015938e+08
972.9 1.7017589e+08
973 1.6990285e+08
973.1 1.6937634e+08
973.2 1.6864963e+08
973.3 1.6778768e+08
973.4 1.6686018e+08
973.5 1.6593421e+08
973.6 1.6506754e+08
973.7 1.6430371e+08
973.8 1.6366956e+08
973.9 1.6317526e+08
974 1.6281654e+08
974.1 1.6257826e+08
974.2 1.6243847e+08
974.3 1.6237215e+08
974.4 1.6235409e+08
974.5 1.623607e+08
974.6 1.623706e+08
974.7 1.623642e+08
974.8 1.623224e+08
974.9 1.6222465e+08
975 1.6204676e+08
975.1 1.617586e+08
975.2 1.6132231e+08
975.3 1.6069124e+08
975.4 1.5980991e+08
975.5 1.5861542e+08
975.6 1.5704016e+08
975.7 1.5501574e+08
975.8 1.524779e+08
975.9 1.4937189e+08
976 1.4565774e+08
976.1 1.4131494e+08
976.2 1.3634606e+08
976.3 1.3077885e+08
976.4 1.2466665e+08
976.5 1.180871e+08
976.6 1.1113899e+08
976.7 1.0393775e+08
976.8 96609647
976.9 89285310
977 82092884
977.1 75151522
977.2 68565665
977.3 62420651
977.4 56780061
977.5 51685022
977.6 47155496
977.7 43193284
977.8 39786270
977.9 36913279
978 34548887
978.1 32667631
978.2 31247222
978.3 30270565
978.4 29726484
978.5 29609226
978.6 29916928
978.7 30649384
978.8 31805587
978.9 33381503
979 35368362
979.1 37751584
979.2 40510233
979.3 43616900
979.4 47037882
979.5 50733607
979.6 54659285
979.7 58765733
979.8 63000341
979.9 67308103
980 71632632
980.1 75917113
980.2 80105124
980.3 84141340
980.4 87972129
980.5 91546071
980.6 94814469
980.7 97731881
980.8 1.0025672e+08
980.9 1.0235196e+08
981 1.0398586e+08
981.1 1.0513283e+08
981.2 1.0577437e+08
981.3 1.0590011e+08
981.4 1.0550906e+08
981.5 1.046111e+08
981.6 1.0322868e+08
981.7 1.0139865e+08
981.8 99173696
981.9 96623060
982 93831547
982.1 90896312
982.2 87920871
982.3 85006405
982.4 82241221
982.5 79690073
982.6 77385737
982.7 75325241
982.8 73472230
982.9 71765387
983 70131178
983.1 68498304
983.2 66811327
983.3 65041808
983.4 63196261
983.5 61320927
983.6 59503475
983.7 57871282
983.8 56585050
983.9 55825826
984 55774182
984.1 56583537
984.2 58354574
984.3 61120253
984.4 64846971
984.5 69449000
984.6 74807697
984.7 80787782
984.8 87247436
984.9 94042764
985 1.0102879e+08
985.1 1.0805913e+08
985.2 1.14986e+08
985.3 1.2166137e+08
985.4 1.279398e+08
985.5 1.3368273e+08
985.6 1.3876419e+08
985.7 1.43077e+08
985.8 1.4653909e+08
985.9 1.4909909e+08
986 1.5074076e+08
986.1 1.5148591e+08
986.2 1.5139581e+08
986.3 1.505712e+08
986.4 1.4915109e+08
986.5 1.4731043e+08
986.6 1.4525613e+08
986.7 1.4322046e+08
986.8 1.4145034e+08
986.9 1.4019079e+08
987 1.3966203e+08
987.1 1.4003195e+08
987.2 1.4138889e+08
987.3 1.4372158e+08
987.4 1.4691254e+08
987.5 1.5074711e+08
987.6 1.5493562e+08
987.7 1.5914293e+08
987.8 1.6301947e+08
987.9 1.6622959e+08
988 1.68475e+08
988.1 1.6951245e+08
988.2 1.6916554e+08
988.3 1.67331e+08
988.4 1.6397967e+08
988.5 1.5915307e+08
988.6 1.5295619e+08
988.7 1.4554762e+08
988.8 1.3712809e+08
988.9 1.2792843e+08
989 1.1819789e+08
989.1 1.0819355e+08
989.2 98171266
989.3 88378558
989.4 79049142
989.5 70398740
989.6 62620914
989.7 55881012
989.8 50306024
989.9 45969758
990 42877721
990.1 40962644
990.2 40101772
990.3 40155135
990.4 41008948
990.5 42605403
990.6 44949803
990.7 48096777
990.8 52123107
990.9 57096464
991 63048546
991.1 69957829
991.2 77742782
991.3 86263307
991.4 95327461
991.5 1.047014e+08
991.6 1.1412152e+08
991.7 1.233084e+08
991.8 1.3198195e+08
991.9 1.3987713e+08
992 1.4675901e+08
992.1 1.5243579e+08
992.2 1.5676871e+08
992.3 1.5967771e+08
992.4 1.6114252e+08
992.5 1.6119954e+08
992.6 1.5993496e+08
992.7 1.5747575e+08
992.8 1.5397945e+08
992.9 1.4962443e+08
993 1.4460135e+08
993.1 1.391066e+08
993.2 1.3333769e+08
993.3 1.2749029e+08
993.4 1.21756e+08
993.5 1.1631965e+08
993.6 1.1135493e+08
993.7 1.0701712e+08
993.8 1.0343302e+08
993.9 1.006891e+08
994 98821114
994.1 97808586
994.2 97577181
994.3 98008955
994.4 98957823
994.5 1.0026605e+08
994.6 1.0177816e+08
994.7 1.0335027e+08
994.8 1.0485483e+08
994.9 1.0618151e+08
995 1.0723576e+08
995.1 1.0793615e+08
995.2 1.0821131e+08
995.3 1.0799732e+08
995.4 1.0723554e+08
995.5 1.0587126e+08
995.6 1.0385298e+08
995.7 1.0113243e+08
995.8 97665120
995.9 93411459
996 88338239
996.1 82420523
996.2 75643724
996.3 68005823
996.4 59519529
996.5 50214246
996.6 40137661
996.7 29356828
996.8 17958918
996.9 6057757.7
997 6287007.4
997.1 18836821
997.2 31507216
997.3 44138626
997.4 56579481
997.5 68685020
997.6 80322325
997.7 91375090
997.8 1.0174736e+08
997.9 1.113659e+08
998 1.2018095e+08
998.1 1.2816559e+08
998.2 1.3531382e+08
998.3 1.4163777e+08
998.4 1.4716446e+08
998.5 1.519325e+08
998.6 1.5598908e+08
998.7 1.593874e+08
998.8 1.6218465e+08
998.9 1.644405e+08
999 1.6621593e+08
999.1 1.6757243e+08
999.2 1.6857108e+08
999.3 1.6927184e+08
999.4 1.6973254e+08
999.5 1.700078e+08
999.6 1.701479e+08
999.7 1.7019748e+08
999.8 1.7019442e+08
999.9 1.7016886e+08
1000 1.7014257e+08

