0.1 0.90980002
0.2 0.81991196
0.3 0.73063578
0.4 0.64223979
0.5 0.55496459
0.6 0.46903019
0.7 0.38464669
0.8 0.30202899
0.9 0.2214197
1 0.14314708
1.1 0.067255121
1.2 0.017949475
1.3 0.081198371
1.4 0.14798668
1.5 0.21137877
1.6 0.27071232
1.7 0.32562448
1.8 0.37587608
1.9 0.42134394
2 0.46202945
2.1 0.49806288
2.2 0.52969744
2.3 0.55729377
2.4 0.58129726
2.5 0.60220981
2.6 0.62056351
2.7 0.63689705
2.8 0.6517385
2.9 0.66559434
3 0.67894397
3.1 0.69223952
3.2 0.70590724
3.3 0.72035422
3.4 0.73597872
3.5 0.753187
3.6 0.77241784
3.7 0.79417507
3.8 0.81906658
3.9 0.84784654
4 0.88109381
4.1 0.92019137
4.2 0.96647567
4.3 1.0214895
4.4 1.0869446
4.5 1.164654
4.6 1.2564382
4.7 1.364006
4.8 1.4888185
4.9 1.6319407
5 1.7938896
5.1 1.974485
5.2 2.1727217
5.3 2.3866738
5.4 2.6134543
5.5 2.8492469
5.6 3.0894227
5.7 3.3287499
5.8 3.5616877
5.9 3.7827488
6 3.9868986
6.1 4.1699506
6.2 4.3289104
6.3 4.4622217
6.4 4.5698738
6.5 4.6533554
6.6 4.7154611
6.7 4.7599958
6.8 4.791448
6.9 4.8147082
7 4.8348996
7.1 4.8573367
7.2 4.8875736
7.3 4.9314403
7.4 4.9949387
7.5 5.083884
7.6 5.2032576
7.7 5.3563606
7.8 5.5439734
7.9 5.7637686
8 6.0101546
8.1 6.2772849
8.2 6.5516463
8.3 6.82058
8.4 7.0708521
8.5 7.2894686
8.6 7.4643362
8.7 7.5847642
8.8 7.6418223
8.9 7.6285821
9 7.540272
9.1 7.3743689
9.2 7.1306549
9.3 6.8112574
9.4 6.4207092
9.5 5.9660699
9.6 5.4572015
9.7 4.9073592
9.8 4.3344225
9.9 3.7633538
10 3.2307376
10.1 2.7913194
10.2 2.5196701
10.3 2.48537
10.4 2.6999145
10.5 3.1065124
10.6 3.6308069
10.7 4.2162478
10.8 4.8267657
10.9 5.4399159
11 6.0411991
11.1 6.6206558
11.2 7.1709577
11.3 7.6863534
11.4 8.1621072
11.5 8.5942442
11.6 8.9794909
11.7 9.315343
11.8 9.6002026
11.9 9.8335367
12 10.016013
12.1 10.149582
12.2 10.237488
12.3 10.284206
12.4 10.295317
12.5 10.277349
12.6 10.237609
12.7 10.184018
12.8 10.124945
12.9 10.069018
13 10.024868
13.1 10.000746
13.2 10.003976
13.3 10.040243
13.4 10.112744
13.5 10.221356
13.6 10.361977
13.7 10.526279
13.8 10.702043
13.9 10.874209
14 11.026652
14.1 11.144644
14.2 11.217892
14.3 11.244031
14.4 11.232372
14.5 11.207538
14.6 11.212103
14.7 11.306544
14.8 11.564028
14.9 12.058489
15 12.848352
15.1 13.963192
15.2 15.400261
15.3 17.130942
15.4 19.111318
15.5 21.291373
15.6 23.620866
15.7 26.052367
15.8 28.542552
15.9 31.052632
16 33.523856
16.1 35.952148
16.2 38.312751
16.3 40.58486
16.4 42.751429
16.5 44.798965
16.6 46.717297
16.7 48.499347
16.8 50.140882
16.9 51.640271
17 52.998244
17.1 54.217667
17.2 55.30333
17.3 56.261754
17.4 57.101
17.5 57.830489
17.6 58.460799
17.7 59.003444
17.8 59.470607
17.9 59.874829
18 60.228651
18.1 60.54422
18.2 60.832928
18.3 61.105131
18.4 61.370073
18.5 61.636147
18.6 61.911615
18.7 62.205918
18.8 62.531609
18.9 62.906857
19 63.358313
19.1 63.923945
19.2 64.655228
19.3 65.61796
19.4 66.890867
19.5 68.561421
19.6 70.718814
19.7 73.444921
19.8 76.804932
19.9 80.839813
20 85.562359
20.1 90.957585
20.2 96.986933
20.3 103.59499
20.4 110.71717
20.5 118.28707
20.6 126.24262
20.7 134.5307
20.8 143.10987
20.9 151.95137
21 161.03848
21.1 170.36452
21.2 179.92961
21.3 189.73683
21.4 199.78779
21.5 210.07824
21.6 220.59383
21.7 231.30645
21.8 242.17139
21.9 253.1254
22 264.08601
22.1 274.95204
22.2 285.60557
22.3 295.91523
22.4 305.7409
22.5 314.93956
22.6 323.37202
22.7 330.91034
22.8 337.44534
22.9 342.89386
23 347.20504
23.1 350.36538
23.2 352.40184
23.3 353.38277
23.4 353.41633
23.5 352.64616
23.6 351.24449
23.7 349.40271
23.8 347.31981
23.9 345.18924
24 343.18513
24.1 341.44879
24.2 340.07713
24.3 339.11426
24.4 338.54783
24.5 338.31092
24.6 338.2897
24.7 338.33595
24.8 338.28298
24.9 337.96261
25 337.22144
25.1 335.93451
25.2 334.01569
25.3 331.42458
25.4 328.1707
25.5 324.31563
25.6 319.97431
25.7 315.31609
25.8 310.56545
25.9 306.00205
26 301.9583
26.1 298.81256
26.2 296.97516
26.3 296.86555
26.4 298.88037
26.5 303.35591
26.6 310.53121
26.7 320.52027
26.8 333.29951
26.9 348.71181
27 366.48386
27.1 386.24987
27.2 407.57589
27.3 429.98045
27.4 452.95048
27.5 475.95289
27.6 498.44331
27.7 519.87353
27.8 539.69894
27.9 557.38689
28 572.42634
28.1 584.33877
28.2 592.69002
28.3 597.10235
28.4 597.26588
28.5 592.94876
28.6 584.00508
28.7 570.38014
28.8 552.11254
28.9 529.33274
29 502.25816
29.1 471.1846
29.2 436.4743
29.3 398.54098
29.4 357.83254
29.5 314.81245
29.6 269.94116
29.7 223.65947
29.8 176.37652
29.9 128.46819
30 80.309445
30.1 32.625142
30.2 19.122925
30.3 65.424751
30.4 112.44859
30.5 158.71038
30.6 203.73947
30.7 247.04905
30.8 288.06281
30.9 326.10555
31 360.4185
31.1 390.19485
31.2 414.63482
31.3 433.0198
31.4 444.80449
31.5 449.72591
31.6 447.92762
31.7 440.09513
31.8 427.59111
31.9 412.55741
32 397.77047
32.1 386.87777
32.2 383.16132
32.3 388.56718
32.4 402.77691
32.5 423.13077
32.6 445.39268
32.7 464.72739
32.8 476.40804
32.9 476.20386
33 460.60223
33.1 427.0461
33.2 374.45271
33.3 304.8249
33.4 229.53417
33.5 192.05679
33.6 260.3984
33.7 414.7524
33.8 615.93787
33.9 849.57426
34 1109.8282
34.1 1393.1532
34.2 1696.6695
34.3 2017.7056
34.4 2353.6701
34.5 2702.0338
34.6 3060.3519
34.7 3426.3011
34.8 3797.7215
34.9 4172.6576
35 4549.3973
35.1 4926.508
35.2 5302.8665
35.3 5677.686
35.4 6050.5356
35.5 6421.3548
35.6 6790.4604
35.7 7158.5458
35.8 7526.6713
35.9 7896.2456
36 8268.9953
36.1 8646.9233
36.2 9032.253
36.3 9427.357
36.4 9834.6675
36.5 10256.566
36.6 10695.251
36.7 11152.582
36.8 11629.903
36.9 12127.859
37 12646.208
37.1 13183.667
37.2 13737.8
37.3 14304.999
37.4 14880.566
37.5 15458.93
37.6 16033.982
37.7 16599.531
37.8 17149.816
37.9 17680.018
38 18186.671
38.1 18667.877
38.2 19123.235
38.3 19553.408
38.4 19959.337
38.5 20341.173
38.6 20697.082
38.7 21022.162
38.8 21307.728
38.9 21541.162
39 21706.434
39.1 21785.231
39.2 21758.538
39.3 21608.382
39.4 21319.503
39.5 20880.722
39.6 20285.882
39.7 19534.338
39.8 18631.045
39.9 17586.316
40 16415.385
40.1 15137.852
40.2 13777.096
40.3 12359.693
40.4 10914.889
40.5 9474.1302
40.6 8070.6994
40.7 6739.5198
40.8 5517.1874
40.9 4442.1325
41 3553.9421
41.1 2888.2234
41.2 2460.3376
41.3 2241.8667
41.4 2162.5079
41.5 2151.9094
41.6 2178.0466
41.7 2254.2395
41.8 2421.9759
41.9 2719.3289
42 3154.0041
42.1 3701.0892
42.2 4318.1257
42.3 4958.9925
42.4 5581.1621
42.5 6149.0331
42.6 6635.8431
42.7 7025.076
42.8 7311.4576
42.9 7501.357
43 7612.3331
43.1 7671.5484
43.2 7712.8039
43.3 7772.1414
43.4 7882.4472
43.5 8068.2339
43.6 8342.2541
43.7 8705.1306
43.8 9147.8127
43.9 9655.4332
44 10210.963
44.1 10797.76
44.2 11400.902
44.3 12007.658
44.4 12607.503
44.5 13192.015
44.6 13754.821
44.7 14291.663
44.8 14800.566
44.9 15282.038
45 15739.232
45.1 16177.973
45.2 16606.586
45.3 17035.468
45.4 17476.403
45.5 17941.629
45.6 18442.715
45.7 18989.359
45.8 19588.181
45.9 20241.649
46 20947.21
46.1 21696.709
46.2 22476.162
46.3 23265.931
46.4 24041.348
46.5 24773.823
46.6 25432.461
46.7 25986.154
46.8 26406.127
46.9 26668.902
47 26759.642
47.1 26675.94
47.2 26432.136
47.3 26064.291
47.4 25635.729
47.5 25242.38
47.6 25015.598
47.7 25117.937
47.8 25726.494
47.9 27003.196
48 29062.718
48.1 31955.81
48.2 35676.432
48.3 40183.832
48.4 45424.956
48.5 51349.284
48.6 57915.938
48.7 65095.86
48.8 72871.745
48.9 81237.438
49 90197.793
49.1 99769.461
49.2 109982.74
49.3 120884.12
49.4 132538.82
49.5 145032.17
49.6 158468.58
49.7 172967.22
49.8 188654.09
49.9 205651.28
50 224064.81
50.1 243973.52
50.2 265420.66
50.3 288409.9
50.4 312906.01
50.5 338839.71
50.6 366115.74
50.7 394622.36
50.8 424241.24
50.9 454856.15
51 486359.98
51.1 518659.38
51.2 551677.24
51.3 585353.26
51.4 619643.51
51.5 654519.78
51.6 689969.96
51.7 726000.28
51.8 762640.11
51.9 799949.07
52 838025.61
52.1 877015.02
52.2 917113.99
52.3 958568.29
52.4 1001660.1
52.5 1046683
52.6 1093904.6
52.7 1143518.8
52.8 1195595.5
52.9 1250032.4
53 1306519.6
53.1 1364521.7
53.2 1423282.4
53.3 1481849.5
53.4 1539120.6
53.5 1593902.6
53.6 1644980.6
53.7 1691191.5
53.8 1731497
53.9 1765053.9
54 1791277.9
54.1 1809900
54.2 1821015.7
54.3 1825127.6
54.4 1823182.3
54.5 1816603.9
54.6 1807323
54.7 1797795.2
54.8 1790994.6
54.9 1790356.7
55 1799638.7
55.1 1822669.6
55.2 1862993.6
55.3 1923459.7
55.4 2005860.3
55.5 2110730.9
55.6 2237371.5
55.7 2384072.4
55.8 2548466.6
55.9 2727917.3
56 2919871.7
56.1 3122140.6
56.2 3333087.4
56.3 3551723.1
56.4 3777709.5
56.5 4011279.3
56.6 4253090
56.7 4504033.8
56.8 4765034.5
56.9 5036860.7
57 5319987.2
57.1 5614521.9
57.2 5920208.1
57.3 6236498.6
57.4 6562686
57.5 6898067.5
57.6 7242119.7
57.7 7594655.9
57.8 7955945
57.9 8326772.7
58 8708433.3
58.1 9102651.4
58.2 9511438.8
58.3 9936907.1
58.4 10381062
58.5 10845615
58.6 11331840
58.7 11840506
58.8 12371889
58.9 12925855
59 13501984
59.1 14099685
59.2 14718272
59.3 15356944
59.4 16014672
59.5 16690007
59.6 17380837
59.7 18084161
59.8 18795933
59.9 19511022
60 20223305
60.1 20925893
60.2 21611451
60.3 22272571
60.4 22902153
60.5 23493742
60.6 24041789
60.7 24541822
60.8 24990528
60.9 25385741
61 25726379
61.1 26012343
61.2 26244431
61.3 26424298
61.4 26554528
61.5 26638856
61.6 26682621
61.7 26693498
61.8 26682578
61.9 26665826
62 26665875
62.1 26713988
62.2 26851759
62.3 27131790
62.4 27616261
62.5 28372250
62.6 29463293
62.7 30938093
62.8 32818904
62.9 35092744
63 37707545
63.1 40573468
63.2 43568156
63.3 46544492
63.4 49339830
63.5 51786094
63.6 53720224
63.7 54985390
63.8 55483444
63.9 55124759
64 53855173
64.1 51659019
64.2 48560891
64.3 44627836
64.4 39975441
64.5 34785252
64.6 29350658
64.7 24189646
64.8 20267551
64.9 19069909
65 21535925
65.1 26934411
65.2 34017786
65.3 41977463
65.4 50380542
65.5 58983737
65.6 67635454
65.7 76231910
65.8 84696978
65.9 92972230
66 1.0101158e+08
66.1 1.0877808e+08
66.2 1.1624181e+08
66.3 1.2337833e+08
66.4 1.3016747e+08
66.5 1.365924e+08
66.6 1.4263898e+08
66.7 1.482954e+08
66.8 1.5355211e+08
66.9 1.5840203e+08
67 1.6284104e+08
67.1 1.6686859e+08
67.2 1.7048833e+08
67.3 1.7370861e+08
67.4 1.7654273e+08
67.5 1.7900891e+08
67.6 1.8112976e+08
67.7 1.829315e+08
67.8 1.844429e+08
67.9 1.8569403e+08
68 1.8671514e+08
68.1 1.8753554e+08
68.2 1.8818286e+08
68.3 1.8868246e+08
68.4 1.8905718e+08
68.5 1.8932726e+08
68.6 1.8951048e+08
68.7 1.8962234e+08
68.8 1.8967636e+08
68.9 1.8968438e+08
69 1.896569e+08
69.1 1.896034e+08
69.2 1.8953267e+08
69.3 1.8945311e+08
69.4 1.89373e+08
69.5 1.8930054e+08
69.6 1.8924386e+08
69.7 1.8921065e+08
69.8 1.8920747e+08
69.9 1.892387e+08
70 1.8930495e+08
70.1 1.8940116e+08
70.2 1.8951437e+08
70.3 1.8962134e+08
70.4 1.8968629e+08
70.5 1.8965923e+08
70.6 1.8947485e+08
70.7 1.8905267e+08
70.8 1.8829829e+08
70.9 1.8710613e+08
71 1.8536339e+08
71.1 1.8295526e+08
71.2 1.7977118e+08
71.3 1.7571185e+08
71.4 1.7069692e+08
71.5 1.6467326e+08
71.6 1.5762409e+08
71.7 1.4957928e+08
71.8 1.40628e+08
71.9 1.3093518e+08
72 1.2076442e+08
72.1 1.1050994e+08
72.2 1.0073762e+08
72.3 92222002
72.4 85932143
72.5 82872321
72.6 83729052
72.7 88525522
72.8 96628727
72.9 1.0709042e+08
73 1.1897723e+08
73.1 1.3151665e+08
73.2 1.4411324e+08
73.3 1.5631994e+08
73.4 1.678061e+08
73.5 1.7833327e+08
73.6 1.877387e+08
73.7 1.959241e+08
73.8 2.0284737e+08
73.9 2.0851571e+08
74 2.1297902e+08
74.1 2.1632318e+08
74.2 2.1866295e+08
74.3 2.201344e+08
74.4 2.2088721e+08
74.5 2.2107692e+08
74.6 2.2085747e+08
74.7 2.2037438e+08
74.8 2.1975875e+08
74.9 2.1912235e+08
75 2.185541e+08
75.1 2.1811787e+08
75.2 2.1785192e+08
75.3 2.1776986e+08
75.4 2.1786309e+08
75.5 2.1810464e+08
75.6 2.1845416e+08
75.7 2.1886365e+08
75.8 2.1928359e+08
75.9 2.1966877e+08
76 2.1998325e+08
76.1 2.2020391e+08
76.2 2.2032191e+08
76.3 2.2034208e+08
76.4 2.2028035e+08
76.5 2.2015974e+08
76.6 2.2000583e+08
76.7 2.1984257e+08
76.8 2.1968925e+08
76.9 2.1955888e+08
77 2.1945805e+08
77.1 2.1938784e+08
77.2 2.1934524e+08
77.3 2.1932469e+08
77.4 2.193194e+08
77.5 2.1932237e+08
77.6 2.1932722e+08
77.7 2.1932879e+08
77.8 2.1932339e+08
77.9 2.193086e+08
78 2.1928235e+08
78.1 2.1924102e+08
78.2 2.1917666e+08
78.3 2.1907351e+08
78.4 2.1890433e+08
78.5 2.186272e+08
78.6 2.1818337e+08
78.7 2.1749683e+08
78.8 2.1647589e+08
78.9 2.1501667e+08
79 2.1300855e+08
79.1 2.1034081e+08
79.2 2.0691024e+08
79.3 2.0262873e+08
79.4 1.9743078e+08
79.5 1.9128006e+08
79.6 1.84175e+08
79.7 1.7615305e+08
79.8 1.6729356e+08
79.9 1.5771925e+08
80 1.4759623e+08
80.1 1.371326e+08
80.2 1.2657547e+08
80.3 1.1620594e+08
80.4 1.0633068e+08
80.5 97267834
80.6 89323489
80.7 82755708
80.8 77728110
80.9 74266312
81 72240352
81.1 71390000
81.2 71385342
81.3 71894507
81.4 72633046
81.5 73386908
81.6 74014553
81.7 74437414
81.8 74625838
81.9 74584624
82 74340171
82.1 73930224
82.2 73396736
82.3 72782187
82.4 72129453
82.5 71484980
82.6 70904484
82.7 70459745
82.8 70244338
82.9 70375500
83 70989220
83.1 72226702
83.2 74213060
83.3 77033033
83.4 80711184
83.5 85203190
83.6 90400171
83.7 96142876
83.8 1.0224009e+08
83.9 1.0848632e+08
84 1.1467603e+08
84.1 1.2061349e+08
84.2 1.2611876e+08
84.3 1.3103024e+08
84.4 1.352049e+08
84.5 1.3851715e+08
84.6 1.4085701e+08
84.7 1.421289e+08
84.8 1.4225173e+08
84.9 1.4116117e+08
85 1.3881464e+08
85.1 1.3519938e+08
85.2 1.3034336e+08
85.3 1.243287e+08
85.4 1.1730666e+08
85.5 1.0951312e+08
85.6 1.0128255e+08
85.7 93057014
85.8 85381348
85.9 78867110
86 74099764
86.1 71482230
86.2 71076440
86.3 72563961
86.4 75373946
86.5 78879780
86.6 82542215
86.7 85965649
86.8 88896776
86.9 91199516
87 92825213
87.1 93785603
87.2 94130687
87.3 93931778
87.4 93269496
87.5 92226378
87.6 90883769
87.7 89322542
87.8 87626953
87.9 85890603
88 84222964
88.1 82754293
88.2 81636234
88.3 81035264
88.4 81117240
88.5 82024207
88.6 83848848
88.7 86614978
88.8 90271397
88.9 94700840
89 99739649
89.1 1.05201e+08
89.2 1.1089583e+08
89.3 1.1664854e+08
89.4 1.2230707e+08
89.5 1.2774817e+08
89.6 1.3287901e+08
89.7 1.3763621e+08
89.8 1.4198312e+08
89.9 1.45906e+08
90 1.4940964e+08
90.1 1.525129e+08
90.2 1.5524441e+08
90.3 1.5763878e+08
90.4 1.5973336e+08
90.5 1.6156575e+08
90.6 1.6317193e+08
90.7 1.6458509e+08
90.8 1.6583493e+08
90.9 1.6694737e+08
91 1.6794466e+08
91.1 1.6884553e+08
91.2 1.6966557e+08
91.3 1.7041762e+08
91.4 1.7111207e+08
91.5 1.7175719e+08
91.6 1.723594e+08
91.7 1.7292341e+08
91.8 1.7345238e+08
91.9 1.7394792e+08
92 1.7441018e+08
92.1 1.7483777e+08
92.2 1.7522783e+08
92.3 1.7557593e+08
92.4 1.7587616e+08
92.5 1.7612121e+08
92.6 1.7630247e+08
92.7 1.7641035e+08
92.8 1.7643457e+08
92.9 1.7636465e+08
93 1.7619051e+08
93.1 1.7590309e+08
93.2 1.7549517e+08
93.3 1.7496206e+08
93.4 1.7430236e+08
93.5 1.7351861e+08
93.6 1.726178e+08
93.7 1.7161166e+08
93.8 1.705168e+08
93.9 1.6935452e+08
94 1.6815045e+08
94.1 1.6693391e+08
94.2 1.6573703e+08
94.3 1.6459365e+08
94.4 1.6353804e+08
94.5 1.6260334e+08
94.6 1.6181998e+08
94.7 1.6121393e+08
94.8 1.6080505e+08
94.9 1.6060561e+08
95 1.6061912e+08
95.1 1.6083966e+08
95.2 1.6125182e+08
95.3 1.6183123e+08
95.4 1.6254576e+08
95.5 1.6335723e+08
95.6 1.6422346e+08
95.7 1.6510046e+08
95.8 1.6594459e+08
95.9 1.6671448e+08
96 1.6737254e+08
96.1 1.6788609e+08
96.2 1.6822801e+08
96.3 1.6837704e+08
96.4 1.6831781e+08
96.5 1.6804062e+08
96.6 1.6754136e+08
96.7 1.6682152e+08
96.8 1.6588859e+08
96.9 1.6475703e+08
97 1.6344983e+08
97.1 1.6200079e+08
97.2 1.6045725e+08
97.3 1.5888276e+08
97.4 1.5735868e+08
97.5 1.5598342e+08
97.6 1.5486716e+08
97.7 1.541203e+08
97.8 1.5383455e+08
97.9 1.5405723e+08
98 1.5476268e+08
98.1 1.5582706e+08
98.2 1.5701406e+08
98.3 1.5797736e+08
98.4 1.5828198e+08
98.5 1.5744203e+08
98.6 1.5496971e+08
98.7 1.5042873e+08
98.8 1.4348615e+08
98.9 1.3395788e+08
99 1.2184643e+08
99.1 1.0737537e+08
99.2 91038891
99.3 73722027
99.4 57055274
99.5 44350857
99.6 41145746
99.7 49505398
99.8 64490744
99.9 81593778
100 98667959
100.1 1.1472311e+08
100.2 1.2927352e+08
100.3 1.4209215e+08
100.4 1.5310721e+08
100.5 1.6234798e+08
100.6 1.699095e+08
100.7 1.759264e+08
100.8 1.8055278e+08
100.9 1.839477e+08
101 1.8626601e+08
101.1 1.8765466e+08
101.2 1.882534e+08
101.3 1.8819887e+08
101.4 1.8762961e+08
101.5 1.8668986e+08
101.6 1.8552964e+08
101.7 1.842997e+08
101.8 1.8314134e+08
101.9 1.8217304e+08
102 1.8147739e+08
102.1 1.8109196e+08
102.2 1.8100733e+08
102.3 1.8117251e+08
102.4 1.815062e+08
102.5 1.8191054e+08
102.6 1.8228413e+08
102.7 1.8253189e+08
102.8 1.8257107e+08
102.9 1.8233371e+08
103 1.8176643e+08
103.1 1.8082888e+08
103.2 1.7949174e+08
103.3 1.7773489e+08
103.4 1.7554606e+08
103.5 1.7292004e+08
103.6 1.6985832e+08
103.7 1.6636902e+08
103.8 1.6246681e+08
103.9 1.5817282e+08
104 1.5351439e+08
104.1 1.4852449e+08
104.2 1.4324097e+08
104.3 1.3770562e+08
104.4 1.31963e+08
104.5 1.2605925e+08
104.6 1.2004093e+08
104.7 1.1395394e+08
104.8 1.0784266e+08
104.9 1.017494e+08
105 95714298
105.1 89775629
105.2 83970663
105.3 78337012
105.4 72914387
105.5 67746578
105.6 62883273
105.7 58381116
105.8 54303089
105.9 50715055
106 47678361
106.1 45238242
106.2 43409754
106.3 42165459
106.4 41430254
106.5 41086577
106.6 40988757
106.7 40981918
106.8 40921368
106.9 40691732
107 40228931
107.1 39550808
107.2 38802483
107.3 38315640
107.4 38654381
107.5 40569897
107.6 44786331
107.7 51716865
107.8 61362487
107.9 73432696
108 87498889
108.1 1.0307331e+08
108.2 1.196315e+08
108.3 1.3661678e+08
108.4 1.5344615e+08
108.5 1.6952327e+08
108.6 1.8425812e+08
108.7 1.9709118e+08
108.8 2.0751944e+08
108.9 2.1512168e+08
109 2.1958083e+08
109.1 2.2070144e+08
109.2 2.1842119e+08
109.3 2.1281599e+08
109.4 2.0409906e+08
109.5 1.9261506e+08
109.6 1.7883172e+08
109.7 1.6333175e+08
109.8 1.4680931e+08
109.9 1.3007515e+08
110 1.1407156e+08
110.1 99883600
110.2 88691045
110.3 81544242
110.4 78911700
110.5 80314890
110.6 84525809
110.7 90158862
110.8 96093941
110.9 1.0157998e+08
111 1.0618012e+08
111.1 1.0968822e+08
111.2 1.1205962e+08
111.3 1.1335978e+08
111.4 1.1372599e+08
111.5 1.133374e+08
111.6 1.1239094e+08
111.7 1.1108202e+08
111.8 1.0959021e+08
111.9 1.0807016e+08
112 1.0664802e+08
112.1 1.0542313e+08
112.2 1.0447379e+08
112.3 1.0386529e+08
112.4 1.0365807e+08
112.5 1.039137e+08
112.6 1.04697e+08
112.7 1.0607332e+08
112.8 1.0810145e+08
112.9 1.1082354e+08
113 1.1425471e+08
113.1 1.1837498e+08
113.2 1.2312575e+08
113.3 1.284116e+08
113.4 1.3410701e+08
113.5 1.4006628e+08
113.6 1.4613502e+08
113.7 1.5216144e+08
113.8 1.5800611e+08
113.9 1.6354947e+08
114 1.6869667e+08
114.1 1.7337955e+08
114.2 1.7755597e+08
114.3 1.8120707e+08
114.4 1.8433276e+08
114.5 1.8694624e+08
114.6 1.8906822e+08
114.7 1.9072129e+08
114.8 1.9192508e+08
114.9 1.9269251e+08
115 1.9302744e+08
115.1 1.9292393e+08
115.2 1.9236731e+08
115.3 1.9133688e+08
115.4 1.8981038e+08
115.5 1.8776973e+08
115.6 1.8520766e+08
115.7 1.8213437e+08
115.8 1.7858326e+08
115.9 1.7461453e+08
116 1.7031575e+08
116.1 1.6579849e+08
116.2 1.6119099e+08
116.3 1.5662738e+08
116.4 1.5223502e+08
116.5 1.4812213e+08
116.6 1.4436808e+08
116.7 1.4101827e+08
116.8 1.3808463e+08
116.9 1.3555109e+08
117 1.3338255e+08
117.1 1.3153488e+08
117.2 1.2996403e+08
117.3 1.2863275e+08
117.4 1.2751446e+08
117.5 1.2659452e+08
117.6 1.2586937e+08
117.7 1.253445e+08
117.8 1.2503165e+08
117.9 1.2494595e+08
118 1.2510301e+08
118.1 1.2551628e+08
118.2 1.2619469e+08
118.3 1.2714055e+08
118.4 1.2834783e+08
118.5 1.2980101e+08
118.6 1.3147451e+08
118.7 1.3333291e+08
118.8 1.353319e+08
118.9 1.3742002e+08
119 1.3954097e+08
119.1 1.4163629e+08
119.2 1.4364812e+08
119.3 1.4552181e+08
119.4 1.4720809e+08
119.5 1.4866479e+08
119.6 1.4985793e+08
119.7 1.5076246e+08
119.8 1.513629e+08
119.9 1.516541e+08
120 1.5164271e+08
120.1 1.5134948e+08
120.2 1.5081263e+08
120.3 1.500922e+08
120.4 1.492745e+08
120.5 1.484757e+08
120.6 1.4784252e+08
120.7 1.4754807e+08
120.8 1.4778054e+08
120.9 1.4872433e+08
121 1.5053512e+08
121.1 1.5331371e+08
121.2 1.5708555e+08
121.3 1.6179188e+08
121.4 1.6729519e+08
121.5 1.7339684e+08
121.6 1.798613e+08
121.7 1.8644101e+08
121.8 1.9289732e+08
121.9 1.9901532e+08
122 2.0461225e+08
122.1 2.0954052e+08
122.2 2.1368671e+08
122.3 2.1696817e+08
122.4 2.193285e+08
122.5 2.2073301e+08
122.6 2.2116488e+08
122.7 2.2062246e+08
122.8 2.1911786e+08
122.9 2.1667699e+08
123 2.1334066e+08
123.1 2.0916679e+08
123.2 2.0423319e+08
123.3 1.9864081e+08
123.4 1.9251688e+08
123.5 1.8601752e+08
123.6 1.7932922e+08
123.7 1.7266823e+08
123.8 1.6627668e+08
123.9 1.6041398e+08
124 1.5534207e+08
124.1 1.5130406e+08
124.2 1.4849797e+08
124.3 1.4705025e+08
124.4 1.469961e+08
124.5 1.4827339e+08
124.6 1.5073281e+08
124.7 1.5416068e+08
124.8 1.5830774e+08
124.9 1.6291635e+08
125 1.6774187e+08
125.1 1.7256686e+08
125.2 1.7720904e+08
125.3 1.8152452e+08
125.4 1.8540796e+08
125.5 1.8879085e+08
125.6 1.9163857e+08
125.7 1.9394675e+08
125.8 1.9573704e+08
125.9 1.9705265e+08
126 1.9795339e+08
126.1 1.9851077e+08
126.2 1.9880289e+08
126.3 1.9890967e+08
126.4 1.9890833e+08
126.5 1.9886961e+08
126.6 1.9885474e+08
126.7 1.9891337e+08
126.8 1.9908251e+08
126.9 1.9938628e+08
127 1.9983649e+08
127.1 2.004335e+08
127.2 2.0116742e+08
127.3 2.0201912e+08
127.4 2.0296112e+08
127.5 2.0395832e+08
127.6 2.0496871e+08
127.7 2.0594428e+08
127.8 2.0683247e+08
127.9 2.0757833e+08
128 2.0812749e+08
128.1 2.0842984e+08
128.2 2.0844358e+08
128.3 2.0813946e+08
128.4 2.0750441e+08
128.5 2.0654447e+08
128.6 2.0528646e+08
128.7 2.0377822e+08
128.8 2.0208714e+08
128.9 2.0029703e+08
129 1.9850323e+08
129.1 1.9680626e+08
129.2 1.9530424e+08
129.3 1.9408502e+08
129.4 1.9321881e+08
129.5 1.9275244e+08
129.6 1.9270615e+08
129.7 1.9307347e+08
129.8 1.9382397e+08
129.9 1.9490819e+08
130 1.9626382e+08
130.1 1.9782185e+08
130.2 1.9951184e+08
130.3 2.01266e+08
130.4 2.030218e+08
130.5 2.0472336e+08
130.6 2.0632205e+08
130.7 2.0777647e+08
130.8 2.0905205e+08
130.9 2.1012051e+08
131 2.1095889e+08
131.1 2.1154838e+08
131.2 2.1187271e+08
131.3 2.1191621e+08
131.4 2.1166149e+08
131.5 2.1108725e+08
131.6 2.1016613e+08
131.7 2.088633e+08
131.8 2.0713601e+08
131.9 2.0493432e+08
132 2.0220332e+08
132.1 1.9888658e+08
132.2 1.9493046e+08
132.3 1.9028891e+08
132.4 1.8492792e+08
132.5 1.7882932e+08
132.6 1.7199325e+08
132.7 1.6443944e+08
132.8 1.5620703e+08
132.9 1.4735349e+08
133 1.3795269e+08
133.1 1.2809268e+08
133.2 1.1787352e+08
133.3 1.074053e+08
133.4 96806811
133.5 86205076
133.6 75736500
133.7 65550668
133.8 55819119
133.9 46753242
134 38637689
134.1 31882128
134.2 27054717
134.3 24737071
134.4 25056618
134.5 27412179
134.6 30916353
134.7 34875891
134.8 38871275
134.9 42670461
135 46149111
135.1 49243107
135.2 51922902
135.3 54179887
135.4 56019202
135.5 57456119
135.6 58514501
135.7 59226500
135.8 59633031
135.9 59784661
136 59742684
136.1 59580094
136.2 59382161
136.3 59246152
136.4 59279643
136.5 59596825
136.6 60312395
136.7 61533229
136.8 63348879
136.9 65822821
137 68986482
137.1 72837336
137.2 77341029
137.3 82436345
137.4 88041547
137.5 94060868
137.6 1.0039056e+08
137.7 1.069243e+08
137.8 1.1355802e+08
137.9 1.20194e+08
138 1.2674441e+08
138.1 1.331339e+08
138.2 1.3930123e+08
138.3 1.451998e+08
138.4 1.5079712e+08
138.5 1.5607332e+08
138.6 1.6101891e+08
138.7 1.6563219e+08
138.8 1.6991651e+08
138.9 1.7387779e+08
139 1.7752244e+08
139.1 1.8085588e+08
139.2 1.8388163e+08
139.3 1.8660104e+08
139.4 1.8901336e+08
139.5 1.9111624e+08
139.6 1.9290627e+08
139.7 1.9437956e+08
139.8 1.9553201e+08
139.9 1.9635937e+08
140 1.9685683e+08
140.1 1.9701814e+08
140.2 1.9683433e+08
140.3 1.9629207e+08
140.4 1.9537189e+08
140.5 1.9404639e+08
140.6 1.9227885e+08
140.7 1.9002244e+08
140.8 1.8722031e+08
140.9 1.8380687e+08
141 1.797103e+08
141.1 1.7485641e+08
141.2 1.6917363e+08
141.3 1.6259925e+08
141.4 1.5508644e+08
141.5 1.4661219e+08
141.6 1.3718613e+08
141.7 1.2686074e+08
141.8 1.1574409e+08
141.9 1.0401766e+08
142 91964017
142.1 80013198
142.2 68819346
142.3 59362918
142.4 52971376
142.5 50923855
142.6 53529538
142.7 59762143
142.8 68074153
142.9 77176652
143 86201576
143.1 94604166
143.2 1.020567e+08
143.3 1.0837984e+08
143.4 1.1350131e+08
143.5 1.1742906e+08
143.6 1.2023139e+08
143.7 1.2202033e+08
143.8 1.2293721e+08
143.9 1.2313973e+08
144 1.2279104e+08
144.1 1.2205085e+08
144.2 1.2106863e+08
144.3 1.1997898e+08
144.4 1.1889884e+08
144.5 1.1792617e+08
144.6 1.1713981e+08
144.7 1.1659995e+08
144.8 1.1634905e+08
144.9 1.1641277e+08
145 1.1680106e+08
145.1 1.1750923e+08
145.2 1.1851921e+08
145.3 1.1980104e+08
145.4 1.2131481e+08
145.5 1.2301276e+08
145.6 1.2484175e+08
145.7 1.2674571e+08
145.8 1.2866815e+08
145.9 1.305544e+08
146 1.323537e+08
146.1 1.3402095e+08
146.2 1.3551829e+08
146.3 1.3681636e+08
146.4 1.3789541e+08
146.5 1.3874606e+08
146.6 1.3936992e+08
146.7 1.3977971e+08
146.8 1.3999903e+08
146.9 1.4006148e+08
147 1.4000915e+08
147.1 1.398904e+08
147.2 1.3975695e+08
147.3 1.3966045e+08
147.4 1.3964867e+08
147.5 1.3976175e+08
147.6 1.4002873e+08
147.7 1.4046491e+08
147.8 1.4107017e+08
147.9 1.4182863e+08
148 1.4270948e+08
148.1 1.4366907e+08
148.2 1.4465367e+08
148.3 1.4560283e+08
148.4 1.4645264e+08
148.5 1.4713866e+08
148.6 1.4759826e+08
148.7 1.4777213e+08
148.8 1.4760522e+08
148.9 1.4704712e+08
149 1.4605246e+08
149.1 1.4458162e+08
149.2 1.4260235e+08
149.3 1.4009249e+08
149.4 1.3704408e+08
149.5 1.3346839e+08
149.6 1.2940161e+08
149.7 1.2490992e+08
149.8 1.2009296e+08
149.9 1.1508422e+08
150 1.1004712e+08
150.1 1.0516583e+08
150.2 1.0063052e+08
150.3 96618026
150.4 93270429
150.5 90676129
150.6 88858599
150.7 87776772
150.8 87337230
150.9 87414209
151 87871261
151.1 88579354
151.2 89428797
151.3 90334997
151.4 91239509
151.5 92108182
151.6 92927879
151.7 93702792
151.8 94450849
151.9 95200388
152 95987069
152.1 96850859
152.2 97832936
152.3 98972418
152.4 1.0030298e+08
152.5 1.0184955e+08
152.6 1.0362546e+08
152.7 1.056304e+08
152.8 1.0784962e+08
152.9 1.1025447e+08
153 1.1280434e+08
153.1 1.1544962e+08
153.2 1.1813543e+08
153.3 1.2080542e+08
153.4 1.2340539e+08
153.5 1.2588619e+08
153.6 1.2820573e+08
153.7 1.3033016e+08
153.8 1.3223405e+08
153.9 1.3390005e+08
154 1.3531808e+08
154.1 1.3648448e+08
154.2 1.3740127e+08
154.3 1.3807567e+08
154.4 1.3852002e+08
154.5 1.3875182e+08
154.6 1.3879384e+08
154.7 1.3867391e+08
154.8 1.3842431e+08
154.9 1.3808039e+08
155 1.3767857e+08
155.1 1.3725385e+08
155.2 1.3683713e+08
155.3 1.3645283e+08
155.4 1.3611727e+08
155.5 1.3583791e+08
155.6 1.3561359e+08
155.7 1.3543526e+08
155.8 1.3528701e+08
155.9 1.3514665e+08
156 1.3498558e+08
156.1 1.3476806e+08
156.2 1.3445e+08
156.3 1.3397808e+08
156.4 1.3328997e+08
156.5 1.3231668e+08
156.6 1.3098782e+08
156.7 1.2924023e+08
156.8 1.2703003e+08
156.9 1.2434721e+08
157 1.2123115e+08
157.1 1.1778455e+08
157.2 1.1418202e+08
157.3 1.1066857e+08
157.4 1.0754296e+08
157.5 1.0512174e+08
157.6 1.036857e+08
157.7 1.0342005e+08
157.8 1.0436936e+08
157.9 1.0642713e+08
158 1.0936438e+08
158.1 1.1288264e+08
158.2 1.1666929e+08
158.3 1.2043953e+08
158.4 1.2396077e+08
158.5 1.2706208e+08
158.6 1.2963382e+08
158.7 1.316222e+08
158.8 1.3302163e+08
158.9 1.3386683e+08
159 1.3422533e+08
159.1 1.3419083e+08
159.2 1.3387705e+08
159.3 1.3341167e+08
159.4 1.3293e+08
159.5 1.3256779e+08
159.6 1.3245302e+08
159.7 1.3269709e+08
159.8 1.3338603e+08
159.9 1.345731e+08
160 1.3627419e+08
160.1 1.3846709e+08
160.2 1.4109481e+08
160.3 1.4407268e+08
160.4 1.4729775e+08
160.5 1.5065908e+08
160.6 1.5404764e+08
160.7 1.5736452e+08
160.8 1.6052715e+08
160.9 1.6347308e+08
161 1.6616135e+08
161.1 1.6857195e+08
161.2 1.7070349e+08
161.3 1.7256982e+08
161.4 1.7419603e+08
161.5 1.7561431e+08
161.6 1.7686024e+08
161.7 1.7796969e+08
161.8 1.7897649e+08
161.9 1.7991106e+08
162 1.8079965e+08
162.1 1.8166425e+08
162.2 1.8252278e+08
162.3 1.8338947e+08
162.4 1.8427528e+08
162.5 1.8518816e+08
162.6 1.8613319e+08
162.7 1.8711267e+08
162.8 1.8812605e+08
162.9 1.8916987e+08
163 1.902378e+08
163.1 1.9132069e+08
163.2 1.9240679e+08
163.3 1.9348205e+08
163.4 1.9453051e+08
163.5 1.9553484e+08
163.6 1.9647699e+08
163.7 1.9733892e+08
163.8 1.9810367e+08
163.9 1.9875651e+08
164 1.992866e+08
164.1 1.9968871e+08
164.2 1.9996522e+08
164.3 2.0012793e+08
164.4 2.0019941e+08
164.5 2.0021343e+08
164.6 2.0021402e+08
164.7 2.0025294e+08
164.8 2.0038542e+08
164.9 2.0066438e+08
165 2.0113385e+08
165.1 2.0182225e+08
165.2 2.0273659e+08
165.3 2.0385843e+08
165.4 2.0514217e+08
165.5 2.0651586e+08
165.6 2.0788419e+08
165.7 2.0913326e+08
165.8 2.1013619e+08
165.9 2.1075909e+08
166 2.1086671e+08
166.1 2.1032752e+08
166.2 2.0901809e+08
166.3 2.068267e+08
166.4 2.0365639e+08
166.5 1.9942761e+08
166.6 1.9408044e+08
166.7 1.8757677e+08
166.8 1.7990222e+08
166.9 1.7106789e+08
167 1.6111193e+08
167.1 1.5010047e+08
167.2 1.3812802e+08
167.3 1.2531686e+08
167.4 1.1181543e+08
167.5 97795618
167.6 83449294
167.7 68985168
167.8 54628814
167.9 40635234
168 27354335
168.1 15609419
168.2 9446679.3
168.3 15007572
168.4 24190948
168.5 33178355
168.6 41300142
168.7 48360012
168.8 54275978
168.9 59009474
169 62544242
169.1 64878240
169.2 66020439
169.3 65990337
169.4 64819702
169.5 62556849
169.6 59274518
169.7 55083692
169.8 50158143
169.9 44779173
170 39416152
170.1 34849830
170.2 32242140
170.3 32786442
170.4 36837515
170.5 43680719
170.6 52277017
170.7 61784106
170.8 71606933
170.9 81321584
171 90616912
171.1 99265351
171.2 1.0711098e+08
171.3 1.140652e+08
171.4 1.2010415e+08
171.5 1.2526454e+08
171.6 1.2963577e+08
171.7 1.3334759e+08
171.8 1.3655358e+08
171.9 1.3941162e+08
172 1.4206405e+08
172.1 1.4462043e+08
172.2 1.4714613e+08
172.3 1.4965823e+08
172.4 1.5212926e+08
172.5 1.5449655e+08
172.6 1.566748e+08
172.7 1.5856871e+08
172.8 1.6008358e+08
172.9 1.6113287e+08
173 1.6164267e+08
173.1 1.6155361e+08
173.2 1.6082137e+08
173.3 1.5941647e+08
173.4 1.5732406e+08
173.5 1.5454399e+08
173.6 1.5109129e+08
173.7 1.4699688e+08
173.8 1.4230842e+08
173.9 1.3709129e+08
174 1.3142964e+08
174.1 1.2542762e+08
174.2 1.1921081e+08
174.3 1.1292774e+08
174.4 1.0675103e+08
174.5 1.00877e+08
174.6 95521884
174.7 90911992
174.8 87264939
174.9 84761769
175 83514749
175.1 83541823
175.2 84759681
175.3 86999643
175.4 90039091
175.5 93635362
175.6 97552104
175.7 1.0157487e+08
175.8 1.0551764e+08
175.9 1.0922362e+08
176 1.1256326e+08
176.1 1.154313e+08
176.2 1.1774396e+08
176.3 1.1943649e+08
176.4 1.2046139e+08
176.5 1.2078705e+08
176.6 1.2039691e+08
176.7 1.1928897e+08
176.8 1.1747583e+08
176.9 1.1498509e+08
177 1.1186049e+08
177.1 1.0816384e+08
177.2 1.0397804e+08
177.3 99411561
177.4 94604566
177.5 89736764
177.6 85035940
177.7 80784160
177.8 77314862
177.9 74990131
178 74148774
178.1 75030636
178.2 77707895
178.3 82062924
178.4 87823764
178.5 94629726
178.6 1.0209218e+08
178.7 1.09835e+08
178.8 1.1751717e+08
178.9 1.2484548e+08
179 1.3158308e+08
179.1 1.3755607e+08
179.2 1.4265806e+08
179.3 1.4685146e+08
179.4 1.5016441e+08
179.5 1.5268286e+08
179.6 1.5453783e+08
179.7 1.558893e+08
179.8 1.5690812e+08
179.9 1.5775844e+08
180 1.5858252e+08
180.1 1.5949002e+08
180.2 1.6055258e+08
180.3 1.6180382e+08
180.4 1.6324402e+08
180.5 1.6484778e+08
180.6 1.6657294e+08
180.7 1.6836935e+08
180.8 1.7018618e+08
180.9 1.7197731e+08
181 1.7370487e+08
181.1 1.7534086e+08
181.2 1.7686762e+08
181.3 1.782773e+08
181.4 1.7957083e+08
181.5 1.8075662e+08
181.6 1.8184914e+08
181.7 1.8286739e+08
181.8 1.8383337e+08
181.9 1.8477045e+08
182 1.8570181e+08
182.1 1.8664883e+08
182.2 1.8762969e+08
182.3 1.8865822e+08
182.4 1.8974304e+08
182.5 1.9088713e+08
182.6 1.9208767e+08
182.7 1.9333638e+08
182.8 1.9461989e+08
182.9 1.959205e+08
183 1.9721683e+08
183.1 1.9848463e+08
183.2 1.9969749e+08
183.3 2.008276e+08
183.4 2.0184643e+08
183.5 2.0272541e+08
183.6 2.0343648e+08
183.7 2.0395257e+08
183.8 2.0424787e+08
183.9 2.0429792e+08
184 2.0407938e+08
184.1 2.0356971e+08
184.2 2.0274665e+08
184.3 2.0158789e+08
184.4 2.0007097e+08
184.5 1.9817369e+08
184.6 1.9587529e+08
184.7 1.9315826e+08
184.8 1.9001098e+08
184.9 1.8643076e+08
185 1.8242691e+08
185.1 1.7802357e+08
185.2 1.7326154e+08
185.3 1.6819887e+08
185.4 1.6290985e+08
185.5 1.5748236e+08
185.6 1.5201379e+08
185.7 1.4660584e+08
185.8 1.4135884e+08
185.9 1.3636607e+08
186 1.3170885e+08
186.1 1.2745268e+08
186.2 1.2364492e+08
186.3 1.20314e+08
186.4 1.1747005e+08
186.5 1.1510674e+08
186.6 1.1320382e+08
186.7 1.1173008e+08
186.8 1.1064629e+08
186.9 1.099079e+08
187 1.0946729e+08
187.1 1.092757e+08
187.2 1.0928466e+08
187.3 1.0944733e+08
187.4 1.0971965e+08
187.5 1.1006158e+08
187.6 1.1043857e+08
187.7 1.1082322e+08
187.8 1.1119706e+08
187.9 1.1155245e+08
188 1.1189435e+08
188.1 1.1224155e+08
188.2 1.126274e+08
188.3 1.130996e+08
188.4 1.1371901e+08
188.5 1.1455756e+08
188.6 1.1569524e+08
188.7 1.1721651e+08
188.8 1.1920619e+08
188.9 1.2174512e+08
189 1.2490551e+08
189.1 1.2874592e+08
189.2 1.3330599e+08
189.3 1.3860064e+08
189.4 1.4461436e+08
189.5 1.5129592e+08
189.6 1.5855425e+08
189.7 1.6625643e+08
189.8 1.7422825e+08
189.9 1.822579e+08
190 1.9010279e+08
190.1 1.9749924e+08
190.2 2.0417447e+08
190.3 2.098599e+08
190.4 2.1430504e+08
190.5 2.1729062e+08
190.6 2.1864015e+08
190.7 2.18229e+08
190.8 2.1599042e+08
190.9 2.1191804e+08
191 2.0606504e+08
191.1 1.9854007e+08
191.2 1.8950059e+08
191.3 1.791445e+08
191.4 1.6770098e+08
191.5 1.5542209e+08
191.6 1.4257647e+08
191.7 1.2944732e+08
191.8 1.1633715e+08
191.9 1.0358278e+08
192 91584440
192.1 80850165
192.2 72041556
192.3 65963785
192.4 63387756
192.5 64681194
192.6 69552201
192.7 77223094
192.8 86813480
192.9 97567611
193 1.0889004e+08
193.1 1.2030491e+08
193.2 1.3141106e+08
193.3 1.4185337e+08
193.4 1.5131042e+08
193.5 1.594944e+08
193.6 1.6615884e+08
193.7 1.7111077e+08
193.8 1.7422456e+08
193.9 1.7545503e+08
194 1.748479e+08
194.1 1.7254577e+08
194.2 1.6878847e+08
194.3 1.6390655e+08
194.4 1.5830689e+08
194.5 1.5244942e+08
194.6 1.4681408e+08
194.7 1.4185809e+08
194.8 1.3796711e+08
194.9 1.3540854e+08
195 1.3430036e+08
195.1 1.3460756e+08
195.2 1.361685e+08
195.3 1.3874153e+08
195.4 1.4205507e+08
195.5 1.4584781e+08
195.6 1.4989342e+08
195.7 1.540111e+08
195.8 1.5806615e+08
195.9 1.6196496e+08
196 1.6564755e+08
196.1 1.6907964e+08
196.2 1.7224498e+08
196.3 1.7513863e+08
196.4 1.7776098e+08
196.5 1.8011261e+08
196.6 1.8218998e+08
196.7 1.839818e+08
196.8 1.8546622e+08
196.9 1.8660898e+08
197 1.873626e+08
197.1 1.8766683e+08
197.2 1.8745054e+08
197.3 1.8663515e+08
197.4 1.8513971e+08
197.5 1.8288737e+08
197.6 1.7981312e+08
197.7 1.7587228e+08
197.8 1.7104942e+08
197.9 1.6536697e+08
198 1.5889341e+08
198.1 1.5175062e+08
198.2 1.4412036e+08
198.3 1.3624971e+08
198.4 1.2845432e+08
198.5 1.211168e+08
198.6 1.1467417e+08
198.7 1.0958551e+08
198.8 1.062721e+08
198.9 1.0503544e+08
199 1.0598178e+08
199.1 1.0899419e+08
199.2 1.1377108e+08
199.3 1.1990763e+08
199.4 1.2697808e+08
199.5 1.3459186e+08
199.6 1.424203e+08
199.7 1.5020297e+08
199.8 1.5774337e+08
199.9 1.6490037e+08
200 1.715789e+08
200.1 1.7772106e+08
200.2 1.8329832e+08
200.3 1.8830474e+08
200.4 1.9275133e+08
200.5 1.9666126e+08
200.6 2.0006599e+08
200.7 2.0300211e+08
200.8 2.0550886e+08
200.9 2.0762619e+08
201 2.0939328e+08
201.1 2.108475e+08
201.2 2.1202362e+08
201.3 2.1295324e+08
201.4 2.1366452e+08
201.5 2.1418188e+08
201.6 2.1452591e+08
201.7 2.1471332e+08
201.8 2.1475704e+08
201.9 2.1466636e+08
202 2.1444741e+08
202.1 2.141038e+08
202.2 2.136378e+08
202.3 2.1305199e+08
202.4 2.1235159e+08
202.5 2.1154739e+08
202.6 2.1065928e+08
202.7 2.0971986e+08
202.8 2.0877765e+08
202.9 2.078988e+08
203 2.0716604e+08
203.1 2.0667343e+08
203.2 2.0651589e+08
203.3 2.0677332e+08
203.4 2.0749093e+08
203.5 2.0865908e+08
203.6 2.1019755e+08
203.7 2.119491e+08
203.8 2.1368527e+08
203.9 2.1512462e+08
204 2.1596035e+08
204.1 2.1589226e+08
204.2 2.1465784e+08
204.3 2.1205821e+08
204.4 2.0797618e+08
204.5 2.0238555e+08
204.6 1.9535215e+08
204.7 1.8702804e+08
204.8 1.7764076e+08
204.9 1.6747948e+08
205 1.5687967e+08
205.1 1.4620716e+08
205.2 1.3584146e+08
205.3 1.2615731e+08
205.4 1.1750214e+08
205.5 1.1016795e+08
205.6 1.0435855e+08
205.7 1.00159e+08
205.8 97519865
205.9 96266911
206 96136888
206.1 96826465
206.2 98037570
206.3 99508437
206.4 1.0102884e+08
206.5 1.0244354e+08
206.6 1.0364901e+08
206.7 1.0458717e+08
206.8 1.052382e+08
206.9 1.0561328e+08
207 1.0574725e+08
207.1 1.0569119e+08
207.2 1.055048e+08
207.3 1.052487e+08
207.4 1.0497702e+08
207.5 1.0473089e+08
207.6 1.045335e+08
207.7 1.0438721e+08
207.8 1.0427291e+08
207.9 1.041515e+08
208 1.0396694e+08
208.1 1.0365034e+08
208.2 1.0312452e+08
208.3 1.0230869e+08
208.4 1.0112325e+08
208.5 99494635
208.6 97360098
208.7 94672390
208.8 91403882
208.9 87549747
209 83129802
209.1 78188742
209.2 72794746
209.3 67036638
209.4 61019977
209.5 54862512
209.6 48689458
209.7 42628923
209.8 36807708
209.9 31347555
210 26361745
210.1 21951871
210.2 18204497
210.3 15187739
210.4 12948877
210.5 11516191
210.6 10907858
210.7 11141487
210.8 12229061
210.9 14158376
211 16882211
211.1 20322475
211.2 24378960
211.3 28935829
211.4 33866058
211.5 39035541
211.6 44307674
211.7 49548422
211.8 54631500
211.9 59443124
212 63885867
212.1 67881246
212.2 71370948
212.3 74316873
212.4 76700441
212.5 78521866
212.6 79800182
212.7 80574856
212.8 80909616
212.9 80898729
213 80675261
213.1 80419534
213.2 80364136
213.3 80789632
213.4 82004215
213.5 84303884
213.6 87919238
213.7 92966344
213.8 99421653
213.9 1.0712927e+08
214 1.1583251e+08
214.1 1.2521432e+08
214.2 1.3493488e+08
214.3 1.4466157e+08
214.4 1.5409133e+08
214.5 1.6296657e+08
214.6 1.7108566e+08
214.7 1.7830843e+08
214.8 1.8455687e+08
214.9 1.8981151e+08
215 1.941039e+08
215.1 1.9750638e+08
215.2 2.0012015e+08
215.3 2.0206305e+08
215.4 2.0345819e+08
215.5 2.0442432e+08
215.6 2.0506865e+08
215.7 2.0548247e+08
215.8 2.0573921e+08
215.9 2.0589487e+08
216 2.0599e+08
216.1 2.0605276e+08
216.2 2.0610236e+08
216.3 2.0615236e+08
216.4 2.062138e+08
216.5 2.0629779e+08
216.6 2.0641773e+08
216.7 2.065911e+08
216.8 2.068407e+08
216.9 2.0719498e+08
217 2.0768673e+08
217.1 2.0834954e+08
217.2 2.0921105e+08
217.3 2.1028271e+08
217.4 2.1154649e+08
217.5 2.1294011e+08
217.6 2.143436e+08
217.7 2.155709e+08
217.8 2.1637008e+08
217.9 2.1643473e+08
218 2.1542672e+08
218.1 2.1300847e+08
218.2 2.0888054e+08
218.3 2.0281935e+08
218.4 1.9470982e+08
218.5 1.8456888e+08
218.6 1.7255784e+08
218.7 1.5898395e+08
218.8 1.4429419e+08
218.9 1.2906607e+08
219 1.1400116e+08
219.1 99922854
219.2 87764220
219.3 78494050
219.4 72893721
219.5 71195329
219.6 72878303
219.7 76913300
219.8 82222554
219.9 87962855
220 93574524
220.1 98725522
220.2 1.0324153e+08
220.3 1.0705112e+08
220.4 1.1014823e+08
220.5 1.125677e+08
220.6 1.1436978e+08
220.7 1.1563035e+08
220.8 1.1643493e+08
220.9 1.1687498e+08
221 1.1704559e+08
221.1 1.170437e+08
221.2 1.169665e+08
221.3 1.1690943e+08
221.4 1.1696369e+08
221.5 1.1721313e+08
221.6 1.1773068e+08
221.7 1.1857468e+08
221.8 1.1978556e+08
221.9 1.2138349e+08
222 1.2336726e+08
222.1 1.2571478e+08
222.2 1.2838503e+08
222.3 1.3132119e+08
222.4 1.3445438e+08
222.5 1.377078e+08
222.6 1.4100063e+08
222.7 1.4425147e+08
222.8 1.4738125e+08
222.9 1.5031541e+08
223 1.529854e+08
223.1 1.5532959e+08
223.2 1.5729366e+08
223.3 1.5883072e+08
223.4 1.5990134e+08
223.5 1.604739e+08
223.6 1.6052548e+08
223.7 1.6004364e+08
223.8 1.5902894e+08
223.9 1.5749824e+08
224 1.5548792e+08
224.1 1.5305647e+08
224.2 1.5028505e+08
224.3 1.4727542e+08
224.4 1.4414434e+08
224.5 1.410149e+08
224.6 1.3800579e+08
224.7 1.3522038e+08
224.8 1.3273804e+08
224.9 1.3060963e+08
225 1.2885806e+08
225.1 1.274833e+08
225.2 1.2647035e+08
225.3 1.2579745e+08
225.4 1.2544292e+08
225.5 1.2538888e+08
225.6 1.256219e+08
225.7 1.2613078e+08
225.8 1.2690252e+08
225.9 1.2791754e+08
226 1.291451e+08
226.1 1.3053957e+08
226.2 1.3203812e+08
226.3 1.3355968e+08
226.4 1.3500526e+08
226.5 1.3625938e+08
226.6 1.3719249e+08
226.7 1.3766448e+08
226.8 1.3752933e+08
226.9 1.3664139e+08
227 1.3486395e+08
227.1 1.3208083e+08
227.2 1.2821232e+08
227.3 1.2323727e+08
227.4 1.1722387e+08
227.5 1.1037291e+08
227.6 1.030773e+08
227.7 95995775
227.8 90113558
227.9 86699527
228 87011304
228.1 91757571
228.2 1.0073511e+08
228.3 1.1301105e+08
228.4 1.273858e+08
228.5 1.4271797e+08
228.6 1.5804071e+08
228.7 1.7257488e+08
228.8 1.8571656e+08
228.9 1.9702573e+08
229 2.0621862e+08
229.1 2.1316089e+08
229.2 2.1785764e+08
229.3 2.2043853e+08
229.4 2.2113731e+08
229.5 2.2026688e+08
229.6 2.1819155e+08
229.7 2.152988e+08
229.8 2.1197271e+08
229.9 2.0857095e+08
230 2.0540648e+08
230.1 2.0273443e+08
230.2 2.0074388e+08
230.3 1.9955367e+08
230.4 1.9921098e+08
230.5 1.9969163e+08
230.6 2.0090117e+08
230.7 2.0267659e+08
230.8 2.047892e+08
230.9 2.0694925e+08
231 2.0881365e+08
231.1 2.0999742e+08
231.2 2.1008954e+08
231.3 2.0867315e+08
231.4 2.0534948e+08
231.5 1.9976424e+08
231.6 1.9163482e+08
231.7 1.8077622e+08
231.8 1.6712392e+08
231.9 1.5075258e+08
232 1.3189177e+08
232.1 1.109455e+08
232.2 88539892
232.3 65690521
232.4 44500695
232.5 31041731
232.6 35586003
232.7 52602527
232.8 72405289
232.9 91661931
233 1.0920448e+08
233.1 1.245144e+08
233.2 1.373613e+08
233.3 1.4769097e+08
233.4 1.5557453e+08
233.5 1.6117476e+08
233.6 1.6471819e+08
233.7 1.6647053e+08
233.8 1.6671549e+08
233.9 1.6573746e+08
234 1.6380831e+08
234.1 1.6117823e+08
234.2 1.5807012e+08
234.3 1.5467663e+08
234.4 1.511594e+08
234.5 1.4764948e+08
234.6 1.4424864e+08
234.7 1.410312e+08
234.8 1.3804623e+08
234.9 1.3532006e+08
235 1.3285932e+08
235.1 1.3065428e+08
235.2 1.2868278e+08
235.3 1.2691441e+08
235.4 1.2531497e+08
235.5 1.2385108e+08
235.6 1.2249465e+08
235.7 1.2122722e+08
235.8 1.2004387e+08
235.9 1.1895654e+08
236 1.179963e+08
236.1 1.1721415e+08
236.2 1.1667939e+08
236.3 1.1647511e+08
236.4 1.1668977e+08
236.5 1.1740529e+08
236.6 1.1868234e+08
236.7 1.2054512e+08
236.8 1.2296868e+08
236.9 1.2587168e+08
237 1.2911621e+08
237.1 1.3251499e+08
237.2 1.3584431e+08
237.3 1.388606e+08
237.4 1.4131851e+08
237.5 1.4298865e+08
237.6 1.4367374e+08
237.7 1.4322244e+08
237.8 1.4153998e+08
237.9 1.3859534e+08
238 1.344247e+08
238.1 1.291312e+08
238.2 1.2288138e+08
238.3 1.1589895e+08
238.4 1.0845674e+08
238.5 1.0086747e+08
238.6 93473528
238.7 86634162
238.8 80706969
238.9 76018887
239 72825162
239.1 71264900
239.2 71334452
239.3 72898649
239.4 75737797
239.5 79605580
239.6 84272681
239.7 89547163
239.8 95276485
239.9 1.013399e+08
240 1.0763804e+08
240.1 1.1408342e+08
240.2 1.2059337e+08
240.3 1.2708563e+08
240.4 1.3347642e+08
240.5 1.396804e+08
240.6 1.4561199e+08
240.7 1.5118745e+08
240.8 1.5632734e+08
240.9 1.6095884e+08
241 1.6501772e+08
241.1 1.6844968e+08
241.2 1.7121108e+08
241.3 1.7326902e+08
241.4 1.746009e+08
241.5 1.7519378e+08
241.6 1.7504352e+08
241.7 1.7415424e+08
241.8 1.7253799e+08
241.9 1.7021489e+08
242 1.6721379e+08
242.1 1.6357317e+08
242.2 1.5934234e+08
242.3 1.5458245e+08
242.4 1.4936724e+08
242.5 1.4378311e+08
242.6 1.3792843e+08
242.7 1.3191191e+08
242.8 1.2585004e+08
242.9 1.1986376e+08
243 1.1407459e+08
243.1 1.0860039e+08
243.2 1.0355121e+08
243.3 99025432
243.4 95106514
243.5 91860423
243.6 89333939
243.7 87553741
243.8 86526220
243.9 86237849
244 86656016
244.1 87730207
244.2 89393506
244.3 91564446
244.4 94149210
244.5 97044230
244.6 1.0013917e+08
244.7 1.0332032e+08
244.8 1.0647426e+08
244.9 1.0949193e+08
245 1.1227289e+08
245.1 1.1472985e+08
245.2 1.1679338e+08
245.3 1.1841674e+08
245.4 1.1958077e+08
245.5 1.2029865e+08
245.6 1.2062014e+08
245.7 1.2063469e+08
245.8 1.2047231e+08
245.9 1.2030074e+08
246 1.2031709e+08
246.1 1.2073254e+08
246.2 1.2174992e+08
246.3 1.2353674e+08
246.4 1.2619909e+08
246.5 1.2976332e+08
246.6 1.3417103e+08
246.7 1.3928845e+08
246.8 1.4492675e+08
246.9 1.5086724e+08
247 1.5688575e+08
247.1 1.6277269e+08
247.2 1.6834706e+08
247.3 1.7346447e+08
247.4 1.7801993e+08
247.5 1.8194631e+08
247.6 1.8520966e+08
247.7 1.8780243e+08
247.8 1.8973569e+08
247.9 1.9103138e+08
248 1.9171534e+08
248.1 1.9181198e+08
248.2 1.9134113e+08
248.3 1.9031717e+08
248.4 1.8875059e+08
248.5 1.8665139e+08
248.6 1.8403395e+08
248.7 1.8092219e+08
248.8 1.7735437e+08
248.9 1.7338626e+08
249 1.6909211e+08
249.1 1.645628e+08
249.2 1.5990119e+08
249.3 1.5521502e+08
249.4 1.5060864e+08
249.5 1.4617479e+08
249.6 1.4198833e+08
249.7 1.3810332e+08
249.8 1.3455413e+08
249.9 1.3136054e+08
250 1.2853545e+08
250.1 1.2609337e+08
250.2 1.2405762e+08
250.3 1.2246461e+08
250.4 1.2136436e+08
250.5 1.2081738e+08
250.6 1.208887e+08
250.7 1.2164042e+08
250.8 1.2312421e+08
250.9 1.2537494e+08
251 1.2840623e+08
251.1 1.3220779e+08
251.2 1.3674456e+08
251.3 1.4195702e+08
251.4 1.4776237e+08
251.5 1.5405656e+08
251.6 1.607169e+08
251.7 1.6760544e+08
251.8 1.7457286e+08
251.9 1.8146281e+08
252 1.8811639e+08
252.1 1.9437664e+08
252.2 2.0009274e+08
252.3 2.0512387e+08
252.4 2.0934268e+08
252.5 2.1263831e+08
252.6 2.1491917e+08
252.7 2.1611556e+08
252.8 2.1618235e+08
252.9 2.15102e+08
253 2.128882e+08
253.1 2.0959044e+08
253.2 2.0529963e+08
253.3 2.0015498e+08
253.4 1.9435148e+08
253.5 1.881468e+08
253.6 1.8186503e+08
253.7 1.7589241e+08
253.8 1.7065871e+08
253.9 1.6659711e+08
254 1.640805e+08
254.1 1.6334325e+08
254.2 1.644115e+08
254.3 1.6707053e+08
254.4 1.708843e+08
254.5 1.7525847e+08
254.6 1.7952259e+08
254.7 1.8300845e+08
254.8 1.8511319e+08
254.9 1.8534526e+08
255 1.8335625e+08
255.1 1.7896202e+08
255.2 1.7215598e+08
255.3 1.6311715e+08
255.4 1.5221577e+08
255.5 1.4001986e+08
255.6 1.2717893e+08
255.7 1.1483441e+08
255.8 1.042172e+08
255.9 96633972
256 93128637
256.1 94020361
256.2 98721698
256.3 1.0607511e+08
256.4 1.1486479e+08
256.5 1.2411508e+08
256.6 1.331516e+08
256.7 1.4155492e+08
256.8 1.4909351e+08
256.9 1.5566563e+08
257 1.6125533e+08
257.1 1.6590036e+08
257.2 1.6966946e+08
257.3 1.7264689e+08
257.4 1.7492249e+08
257.5 1.7658605e+08
257.6 1.7772471e+08
257.7 1.7842249e+08
257.8 1.7876082e+08
257.9 1.7881919e+08
258 1.7867535e+08
258.1 1.7840426e+08
258.2 1.7807578e+08
258.3 1.777507e+08
258.4 1.7747562e+08
258.5 1.7727704e+08
258.6 1.7715536e+08
258.7 1.7707969e+08
258.8 1.7698433e+08
258.9 1.7676743e+08
259 1.762924e+08
259.1 1.75392e+08
259.2 1.7387508e+08
259.3 1.7153557e+08
259.4 1.6816341e+08
259.5 1.6355698e+08
259.6 1.5753664e+08
259.7 1.4995874e+08
259.8 1.4072977e+08
259.9 1.2981993e+08
260 1.1727652e+08
260.1 1.0323852e+08
260.2 87958807
260.3 71853105
260.4 55639568
260.5 40791691
260.6 30856457
260.7 31512807
260.8 42024286
260.9 56579204
261 72034771
261.1 87137687
261.2 1.013103e+08
261.3 1.1424845e+08
261.4 1.2579026e+08
261.5 1.3586503e+08
261.6 1.4446824e+08
261.7 1.5164607e+08
261.8 1.5748364e+08
261.9 1.6209521e+08
262 1.6561541e+08
262.1 1.6819141e+08
262.2 1.6997588e+08
262.3 1.711208e+08
262.4 1.7177223e+08
262.5 1.7206589e+08
262.6 1.721238e+08
262.7 1.7205181e+08
262.8 1.7193815e+08
262.9 1.7185294e+08
263 1.7184846e+08
263.1 1.7196025e+08
263.2 1.7220876e+08
263.3 1.726014e+08
263.4 1.7313487e+08
263.5 1.7379759e+08
263.6 1.74572e+08
263.7 1.7543678e+08
263.8 1.7636886e+08
263.9 1.7734512e+08
264 1.7834381e+08
264.1 1.7934562e+08
264.2 1.8033456e+08
264.3 1.8129831e+08
264.4 1.8222847e+08
264.5 1.831204e+08
264.6 1.8397289e+08
264.7 1.8478761e+08
264.8 1.8556847e+08
264.9 1.8632097e+08
265 1.8705157e+08
265.1 1.8776709e+08
265.2 1.8847435e+08
265.3 1.8917982e+08
265.4 1.898895e+08
265.5 1.9060878e+08
265.6 1.9134242e+08
265.7 1.9209447e+08
265.8 1.9286807e+08
265.9 1.9366527e+08
266 1.9448663e+08
266.1 1.953309e+08
266.2 1.9619455e+08
266.3 1.9707155e+08
266.4 1.979532e+08
266.5 1.9882831e+08
266.6 1.9968358e+08
266.7 2.0050436e+08
266.8 2.0127561e+08
266.9 2.0198299e+08
267 2.0261398e+08
267.1 2.0315884e+08
267.2 2.0361128e+08
267.3 2.0396878e+08
267.4 2.0423244e+08
267.5 2.0440651e+08
267.6 2.0449761e+08
267.7 2.0451377e+08
267.8 2.0446344e+08
267.9 2.0435462e+08
268 2.0419418e+08
268.1 2.0398736e+08
268.2 2.0373753e+08
268.3 2.0344618e+08
268.4 2.0311305e+08
268.5 2.0273641e+08
268.6 2.0231354e+08
268.7 2.018412e+08
268.8 2.0131624e+08
268.9 2.0073627e+08
269 2.0010029e+08
269.1 1.9940925e+08
269.2 1.9866657e+08
269.3 1.978784e+08
269.4 1.970537e+08
269.5 1.9620418e+08
269.6 1.9534385e+08
269.7 1.944885e+08
269.8 1.9365495e+08
269.9 1.9286021e+08
270 1.9212056e+08
270.1 1.9145074e+08
270.2 1.9086309e+08
270.3 1.9036691e+08
270.4 1.8996801e+08
270.5 1.8966838e+08
270.6 1.8946613e+08
270.7 1.8935559e+08
270.8 1.8932763e+08
270.9 1.893701e+08
271 1.8946841e+08
271.1 1.8960614e+08
271.2 1.8976579e+08
271.3 1.8992946e+08
271.4 1.9007953e+08
271.5 1.9019931e+08
271.6 1.9027363e+08
271.7 1.9028933e+08
271.8 1.9023567e+08
271.9 1.9010468e+08
272 1.8989131e+08
272.1 1.8959363e+08
272.2 1.8921277e+08
272.3 1.8875289e+08
272.4 1.8822098e+08
272.5 1.8762657e+08
272.6 1.8698137e+08
272.7 1.8629881e+08
272.8 1.855935e+08
272.9 1.8488063e+08
273 1.8417541e+08
273.1 1.8349241e+08
273.2 1.8284498e+08
273.3 1.8224477e+08
273.4 1.8170126e+08
273.5 1.8122146e+08
273.6 1.8080981e+08
273.7 1.804681e+08
273.8 1.8019569e+08
273.9 1.7998976e+08
274 1.7984575e+08
274.1 1.7975781e+08
274.2 1.7971941e+08
274.3 1.7972378e+08
274.4 1.7976448e+08
274.5 1.7983575e+08
274.6 1.7993279e+08
274.7 1.8005199e+08
274.8 1.8019089e+08
274.9 1.8034816e+08
275 1.8052333e+08
275.1 1.8071653e+08
275.2 1.8092806e+08
275.3 1.8115799e+08
275.4 1.8140565e+08
275.5 1.8166911e+08
275.6 1.8194474e+08
275.7 1.8222668e+08
275.8 1.8250649e+08
275.9 1.8277284e+08
276 1.8301131e+08
276.1 1.8320438e+08
276.2 1.833317e+08
276.3 1.8337049e+08
276.4 1.8329637e+08
276.5 1.8308441e+08
276.6 1.8271054e+08
276.7 1.8215327e+08
276.8 1.8139566e+08
276.9 1.8042747e+08
277 1.7924735e+08
277.1 1.778649e+08
277.2 1.7630232e+08
277.3 1.7459529e+08
277.4 1.7279265e+08
277.5 1.709543e+08
277.6 1.6914703e+08
277.7 1.6743801e+08
277.8 1.6588638e+08
277.9 1.6453383e+08
278 1.6339596e+08
278.1 1.6245626e+08
278.2 1.6166452e+08
278.3 1.609406e+08
278.4 1.60183e+08
278.5 1.5928086e+08
278.6 1.5812698e+08
278.7 1.5662966e+08
278.8 1.5472158e+08
278.9 1.5236498e+08
279 1.4955298e+08
279.1 1.4630774e+08
279.2 1.426766e+08
279.3 1.3872702e+08
279.4 1.3454159e+08
279.5 1.3021367e+08
279.6 1.2584425e+08
279.7 1.2153997e+08
279.8 1.174123e+08
279.9 1.1357734e+08
280 1.1015539e+08
280.1 1.0726961e+08
280.2 1.0504271e+08
280.3 1.0359109e+08
280.4 1.0301639e+08
280.5 1.0339579e+08
280.6 1.0477277e+08
280.7 1.0715099e+08
280.8 1.1049277e+08
280.9 1.1472226e+08
281 1.1973218e+08
281.1 1.2539195e+08
281.2 1.3155562e+08
281.3 1.3806868e+08
281.4 1.4477351e+08
281.5 1.5151394e+08
281.6 1.5813921e+08
281.7 1.6450789e+08
281.8 1.7049191e+08
281.9 1.7598074e+08
282 1.8088553e+08
282.1 1.8514291e+08
282.2 1.8871784e+08
282.3 1.9160532e+08
282.4 1.9383031e+08
282.5 1.9544561e+08
282.6 1.9652783e+08
282.7 1.9717119e+08
282.8 1.974799e+08
282.9 1.9755951e+08
283 1.9750808e+08
283.1 1.9740815e+08
283.2 1.9732042e+08
283.3 1.9727981e+08
283.4 1.9729461e+08
283.5 1.9734845e+08
283.6 1.9740502e+08
283.7 1.974146e+08
283.8 1.9732157e+08
283.9 1.9707198e+08
284 1.9662032e+08
284.1 1.9593494e+08
284.2 1.9500175e+08
284.3 1.9382611e+08
284.4 1.9243283e+08
284.5 1.9086458e+08
284.6 1.8917878e+08
284.7 1.8744329e+08
284.8 1.8573115e+08
284.9 1.8411476e+08
285 1.8266e+08
285.1 1.8142079e+08
285.2 1.804347e+08
285.3 1.7972016e+08
285.4 1.7927549e+08
285.5 1.7907984e+08
285.6 1.7909554e+08
285.7 1.7927138e+08
285.8 1.7954608e+08
285.9 1.7985146e+08
286 1.801151e+08
286.1 1.8026279e+08
286.2 1.8022114e+08
286.3 1.7992124e+08
286.4 1.7930358e+08
286.5 1.7832462e+08
286.6 1.7696436e+08
286.7 1.7523409e+08
286.8 1.7318269e+08
286.9 1.7089978e+08
287 1.6851394e+08
287.1 1.6618459e+08
287.2 1.6408728e+08
287.3 1.6239321e+08
287.4 1.6124611e+08
287.5 1.607408e+08
287.6 1.6090854e+08
287.7 1.6171286e+08
287.8 1.6305679e+08
287.9 1.6479903e+08
288 1.6677469e+08
288.1 1.6881574e+08
288.2 1.707679e+08
288.3 1.7250228e+08
288.4 1.7392166e+08
288.5 1.7496224e+08
288.6 1.7559209e+08
288.7 1.7580728e+08
288.8 1.7562679e+08
288.9 1.7508678e+08
289 1.7423487e+08
289.1 1.7312475e+08
289.2 1.7181142e+08
289.3 1.703473e+08
289.4 1.6877944e+08
289.5 1.6714782e+08
289.6 1.6548485e+08
289.7 1.6381601e+08
289.8 1.6216129e+08
289.9 1.6053736e+08
290 1.5895978e+08
290.1 1.5744516e+08
290.2 1.5601262e+08
290.3 1.5468426e+08
290.4 1.5348454e+08
290.5 1.5243835e+08
290.6 1.5156813e+08
290.7 1.5089042e+08
290.8 1.5041255e+08
290.9 1.5012998e+08
291 1.5002519e+08
291.1 1.5006817e+08
291.2 1.5021872e+08
291.3 1.5043014e+08
291.4 1.506539e+08
291.5 1.5084453e+08
291.6 1.5096433e+08
291.7 1.5098745e+08
291.8 1.5090321e+08
291.9 1.5071852e+08
292 1.5045947e+08
292.1 1.5017217e+08
292.2 1.4992257e+08
292.3 1.4979514e+08
292.4 1.4988983e+08
292.5 1.5031688e+08
292.6 1.5118896e+08
292.7 1.526106e+08
292.8 1.5466572e+08
292.9 1.5740441e+08
293 1.6083137e+08
293.1 1.6489797e+08
293.2 1.6949965e+08
293.3 1.7447926e+08
293.4 1.7963573e+08
293.5 1.8473698e+08
293.6 1.8953523e+08
293.7 1.9378352e+08
293.8 1.9725193e+08
293.9 1.9974268e+08
294 2.0110327e+08
294.1 2.0123713e+08
294.2 2.0011146e+08
294.3 1.9776199e+08
294.4 1.9429475e+08
294.5 1.8988485e+08
294.6 1.8477221e+08
294.7 1.792538e+08
294.8 1.736714e+08
294.9 1.683933e+08
295 1.6378861e+08
295.1 1.6019391e+08
295.2 1.5787564e+08
295.3 1.5699555e+08
295.4 1.5758971e+08
295.5 1.595687e+08
295.6 1.6273972e+08
295.7 1.6684291e+08
295.8 1.7159073e+08
295.9 1.7670142e+08
296 1.819221e+08
296.1 1.8704174e+08
296.2 1.9189591e+08
296.3 1.9636608e+08
296.4 2.0037565e+08
296.5 2.038842e+08
296.6 2.0688123e+08
296.7 2.0937971e+08
296.8 2.1141018e+08
296.9 2.1301533e+08
297 2.1424531e+08
297.1 2.1515389e+08
297.2 2.1579528e+08
297.3 2.1622174e+08
297.4 2.1648184e+08
297.5 2.1661929e+08
297.6 2.1667238e+08
297.7 2.1667368e+08
297.8 2.1665019e+08
297.9 2.1662368e+08
298 2.1661109e+08
298.1 2.1662514e+08
298.2 2.1667479e+08
298.3 2.1676569e+08
298.4 2.1690062e+08
298.5 2.1707964e+08
298.6 2.1730027e+08
298.7 2.1755744e+08
298.8 2.178434e+08
298.9 2.1814744e+08
299 2.1845566e+08
299.1 2.1875068e+08
299.2 2.1901139e+08
299.3 2.1921279e+08
299.4 2.1932602e+08
299.5 2.1931861e+08
299.6 2.1915493e+08
299.7 2.1879701e+08
299.8 2.1820561e+08
299.9 2.1734162e+08
300 2.1616774e+08
300.1 2.1465034e+08
300.2 2.1276161e+08
300.3 2.1048164e+08
300.4 2.0780054e+08
300.5 2.0472043e+08
300.6 2.0125701e+08
300.7 1.9744072e+08
300.8 1.933172e+08
300.9 1.8894692e+08
301 1.8440397e+08
301.1 1.7977369e+08
301.2 1.7514955e+08
301.3 1.706292e+08
301.4 1.6630997e+08
301.5 1.6228438e+08
301.6 1.586359e+08
301.7 1.554354e+08
301.8 1.5273835e+08
301.9 1.505828e+08
302 1.4898764e+08
302.1 1.4795075e+08
302.2 1.4744669e+08
302.3 1.4742395e+08
302.4 1.4780236e+08
302.5 1.4847169e+08
302.6 1.4929285e+08
302.7 1.5010305e+08
302.8 1.5072547e+08
302.9 1.5098373e+08
303 1.5072006e+08
303.1 1.4981541e+08
303.2 1.4820881e+08
303.3 1.4591271e+08
303.4 1.4302088e+08
303.5 1.3970565e+08
303.6 1.362025e+08
303.7 1.327816e+08
303.8 1.2970907e+08
303.9 1.2720443e+08
304 1.2540404e+08
304.1 1.2434066e+08
304.2 1.2394501e+08
304.3 1.2406763e+08
304.4 1.2451201e+08
304.5 1.2506868e+08
304.6 1.2554195e+08
304.7 1.2576662e+08
304.8 1.2561523e+08
304.9 1.2499862e+08
305 1.238626e+08
305.1 1.2218291e+08
305.2 1.1996019e+08
305.3 1.1721557e+08
305.4 1.1398754e+08
305.5 1.1032998e+08
305.6 1.0631146e+08
305.7 1.0201534e+08
305.8 97540564
305.9 93002525
306 88533358
306.1 84280855
306.2 80404708
306.3 77068754
306.4 74428225
306.5 72612572
306.6 71707043
306.7 71738833
306.8 72673598
306.9 74424359
307 76869325
307.1 79872032
307.2 83298001
307.3 87025280
307.4 90948999
307.5 94981497
307.6 99049764
307.7 1.0309159e+08
307.8 1.0705141e+08
307.9 1.1087637e+08
308 1.1451316e+08
308.1 1.1790569e+08
308.2 1.2099382e+08
308.3 1.2371327e+08
308.4 1.2599662e+08
308.5 1.2777544e+08
308.6 1.289834e+08
308.7 1.2956016e+08
308.8 1.2945596e+08
308.9 1.2863655e+08
309 1.2708837e+08
309.1 1.2482375e+08
309.2 1.2188597e+08
309.3 1.1835429e+08
309.4 1.143485e+08
309.5 1.1003309e+08
309.6 1.0561999e+08
309.7 1.0136831e+08
309.8 97577876
309.9 94572163
310 92666518
310.1 92122905
310.2 93102058
310.3 95632294
310.4 99610164
310.5 1.0483146e+08
310.6 1.1103588e+08
310.7 1.1794729e+08
310.8 1.2530057e+08
310.9 1.32855e+08
311 1.4039845e+08
311.1 1.4774677e+08
311.2 1.5474159e+08
311.3 1.6124839e+08
311.4 1.6715571e+08
311.5 1.7237582e+08
311.6 1.7684672e+08
311.7 1.8053489e+08
311.8 1.8343819e+08
311.9 1.8558813e+08
312 1.8705061e+08
312.1 1.8792443e+08
312.2 1.8833696e+08
312.3 1.8843644e+08
312.4 1.8838067e+08
312.5 1.8832206e+08
312.6 1.8838963e+08
312.7 1.8866911e+08
312.8 1.8918364e+08
312.9 1.8987813e+08
313 1.9061071e+08
313.1 1.9115397e+08
313.2 1.9120745e+08
313.3 1.9042062e+08
313.4 1.8842468e+08
313.5 1.8487044e+08
313.6 1.7946973e+08
313.7 1.7203882e+08
313.8 1.6254383e+08
313.9 1.5115108e+08
314 1.3828946e+08
314.1 1.2473626e+08
314.2 1.1173171e+08
314.3 1.0107171e+08
314.4 94949045
314.5 95158756
314.6 1.0194925e+08
314.7 1.1387475e+08
314.8 1.288346e+08
314.9 1.4496061e+08
315 1.6086171e+08
315.1 1.7556317e+08
315.2 1.8840035e+08
315.3 1.9893737e+08
315.4 2.0691216e+08
315.5 2.1219795e+08
315.6 2.1477403e+08
315.7 2.1470176e+08
315.8 2.1210416e+08
315.9 2.0714866e+08
316 2.0003288e+08
316.1 1.9097354e+08
316.2 1.801982e+08
316.3 1.6793963e+08
316.4 1.5443217e+08
316.5 1.3990946e+08
316.6 1.2460301e+08
316.7 1.0874096e+08
316.8 92547088
316.9 76240215
317 60035904
317.1 44156948
317.2 28884779
317.3 14912791
317.4 7919651.5
317.5 17122696
317.6 29082817
317.7 40635825
317.8 51406288
317.9 61302008
318 70300341
318.1 78406500
318.2 85639092
318.3 92022574
318.4 97582305
318.5 1.0234111e+08
318.6 1.0631702e+08
318.7 1.0952218e+08
318.8 1.1196286e+08
318.9 1.1364068e+08
319 1.1455507e+08
319.1 1.147072e+08
319.2 1.1410546e+08
319.3 1.1277301e+08
319.4 1.1075766e+08
319.5 1.0814463e+08
319.6 1.0507239e+08
319.7 1.0175096e+08
319.8 98479782
319.9 95657703
320 93771059
320.1 93341593
320.2 94826866
320.3 98499853
320.4 1.0436834e+08
320.5 1.1218042e+08
320.6 1.2150264e+08
320.7 1.3181813e+08
320.8 1.426045e+08
320.9 1.5338212e+08
321 1.6373964e+08
321.1 1.7334613e+08
321.2 1.8195532e+08
321.3 1.894048e+08
321.4 1.9561092e+08
321.5 2.0056035e+08
321.6 2.0429875e+08
321.7 2.0691776e+08
321.8 2.0854136e+08
321.9 2.0931287e+08
322 2.0938361e+08
322.1 2.0890377e+08
322.2 2.0801601e+08
322.3 2.0685144e+08
322.4 2.0552763e+08
322.5 2.0414801e+08
322.6 2.0280186e+08
322.7 2.0156428e+08
322.8 2.0049584e+08
322.9 1.9964151e+08
323 1.9902926e+08
323.1 1.986685e+08
323.2 1.9854897e+08
323.3 1.9864063e+08
323.4 1.9889514e+08
323.5 1.9924914e+08
323.6 1.9962934e+08
323.7 1.9995935e+08
323.8 2.0016748e+08
323.9 2.0019483e+08
324 2.0000274e+08
324.1 1.9957839e+08
324.2 1.9893779e+08
324.3 1.9812516e+08
324.4 1.9720843e+08
324.5 1.9627109e+08
324.6 1.9540132e+08
324.7 1.9468002e+08
324.8 1.9416997e+08
324.9 1.93908e+08
325 1.9390164e+08
325.1 1.941307e+08
325.2 1.9455285e+08
325.3 1.9511172e+08
325.4 1.9574561e+08
325.5 1.9639508e+08
325.6 1.9700849e+08
325.7 1.975452e+08
325.8 1.9797646e+08
325.9 1.9828474e+08
326 1.9846211e+08
326.1 1.9850825e+08
326.2 1.984286e+08
326.3 1.982329e+08
326.4 1.9793419e+08
326.5 1.9754833e+08
326.6 1.9709381e+08
326.7 1.9659187e+08
326.8 1.9606672e+08
326.9 1.9554575e+08
327 1.9505958e+08
327.1 1.9464197e+08
327.2 1.9432922e+08
327.3 1.9415935e+08
327.4 1.9417058e+08
327.5 1.9439953e+08
327.6 1.9487886e+08
327.7 1.956347e+08
327.8 1.9668388e+08
327.9 1.9803124e+08
328 1.9966728e+08
328.1 2.0156622e+08
328.2 2.0368478e+08
328.3 2.059619e+08
328.4 2.0831956e+08
328.5 2.1066466e+08
328.6 2.128923e+08
328.7 2.1488993e+08
328.8 2.1654237e+08
328.9 2.1773716e+08
329 2.1836972e+08
329.1 2.1834778e+08
329.2 2.1759488e+08
329.3 2.1605236e+08
329.4 2.1368013e+08
329.5 2.1045618e+08
329.6 2.0637536e+08
329.7 2.0144774e+08
329.8 1.9569743e+08
329.9 1.8916219e+08
330 1.8189453e+08
330.1 1.7396474e+08
330.2 1.6546609e+08
330.3 1.5652228e+08
330.4 1.4729688e+08
330.5 1.3800369e+08
330.6 1.2891601e+08
330.7 1.2037033e+08
330.8 1.1275703e+08
330.9 1.0648735e+08
331 1.0192837e+08
331.1 99312574
331.2 98655831
331.3 99731686
331.4 1.0212329e+08
331.5 1.0532419e+08
331.6 1.0883745e+08
331.7 1.1224203e+08
331.8 1.1522329e+08
331.9 1.1757828e+08
332 1.1920702e+08
332.1 1.2009722e+08
332.2 1.2030646e+08
332.3 1.1994411e+08
332.4 1.1915399e+08
332.5 1.1809869e+08
332.6 1.1694592e+08
332.7 1.1585723e+08
332.8 1.1497926e+08
332.9 1.1443739e+08
333 1.1433178e+08
333.1 1.1473525e+08
333.2 1.1569289e+08
333.3 1.1722277e+08
333.4 1.1931762e+08
333.5 1.2194725e+08
333.6 1.2506159e+08
333.7 1.2859424e+08
333.8 1.324665e+08
333.9 1.3659161e+08
334 1.408791e+08
334.1 1.4523883e+08
334.2 1.4958474e+08
334.3 1.5383794e+08
334.4 1.5792923e+08
334.5 1.6180084e+08
334.6 1.6540753e+08
334.7 1.6871707e+08
334.8 1.7171014e+08
334.9 1.743798e+08
335 1.7673061e+08
335.1 1.787774e+08
335.2 1.8054399e+08
335.3 1.8206156e+08
335.4 1.8336702e+08
335.5 1.8450106e+08
335.6 1.8550613e+08
335.7 1.864241e+08
335.8 1.8729383e+08
335.9 1.8814869e+08
336 1.8901427e+08
336.1 1.8990646e+08
336.2 1.9083028e+08
336.3 1.9177952e+08
336.4 1.9273741e+08
336.5 1.9367825e+08
336.6 1.9456987e+08
336.7 1.9537664e+08
336.8 1.9606272e+08
336.9 1.9659528e+08
337 1.9694725e+08
337.1 1.9709946e+08
337.2 1.9704178e+08
337.3 1.9677335e+08
337.4 1.9630167e+08
337.5 1.9564079e+08
337.6 1.9480885e+08
337.7 1.9382517e+08
337.8 1.927073e+08
337.9 1.9146851e+08
338 1.9011573e+08
338.1 1.8864849e+08
338.2 1.8705864e+08
338.3 1.8533106e+08
338.4 1.834452e+08
338.5 1.8137748e+08
338.6 1.791042e+08
338.7 1.7660501e+08
338.8 1.7386665e+08
338.9 1.7088672e+08
339 1.6767719e+08
339.1 1.642673e+08
339.2 1.607055e+08
339.3 1.5705987e+08
339.4 1.5341679e+08
339.5 1.4987738e+08
339.6 1.4655161e+08
339.7 1.4355019e+08
339.8 1.4097498e+08
339.9 1.3890875e+08
340 1.3740617e+08
340.1 1.364874e+08
340.2 1.3613585e+08
340.3 1.3630045e+08
340.4 1.3690184e+08
340.5 1.3784127e+08
340.6 1.3901032e+08
340.7 1.4030003e+08
340.8 1.4160861e+08
340.9 1.4284703e+08
341 1.4394289e+08
341.1 1.4484261e+08
341.2 1.4551233e+08
341.3 1.4593789e+08
341.4 1.4612399e+08
341.5 1.4609276e+08
341.6 1.4588167e+08
341.7 1.4554103e+08
341.8 1.4513087e+08
341.9 1.4471751e+08
342 1.443697e+08
342.1 1.4415475e+08
342.2 1.441346e+08
342.3 1.4436241e+08
342.4 1.4487972e+08
342.5 1.4571454e+08
342.6 1.4688054e+08
342.7 1.4837729e+08
342.8 1.5019159e+08
342.9 1.5229939e+08
343 1.5466827e+08
343.1 1.5726002e+08
343.2 1.6003303e+08
343.3 1.6294443e+08
343.4 1.6595181e+08
343.5 1.6901445e+08
343.6 1.7209426e+08
343.7 1.7515641e+08
343.8 1.7816965e+08
343.9 1.8110668e+08
344 1.8394423e+08
344.1 1.8666324e+08
344.2 1.8924885e+08
344.3 1.9169037e+08
344.4 1.9398115e+08
344.5 1.9611821e+08
344.6 1.9810185e+08
344.7 1.9993508e+08
344.8 2.0162293e+08
344.9 2.0317181e+08
345 2.0458876e+08
345.1 2.0588086e+08
345.2 2.0705469e+08
345.3 2.0811598e+08
345.4 2.0906934e+08
345.5 2.0991831e+08
345.6 2.1066548e+08
345.7 2.1131283e+08
345.8 2.1186223e+08
345.9 2.1231607e+08
346 2.1267781e+08
346.1 2.1295266e+08
346.2 2.1314797e+08
346.3 2.1327351e+08
346.4 2.1334134e+08
346.5 2.1336529e+08
346.6 2.1336008e+08
346.7 2.1333993e+08
346.8 2.1331687e+08
346.9 2.1329892e+08
347 2.1328817e+08
347.1 2.132793e+08
347.2 2.1325848e+08
347.3 2.1320317e+08
347.4 2.1308288e+08
347.5 2.1286093e+08
347.6 2.1249735e+08
347.7 2.1195256e+08
347.8 2.1119153e+08
347.9 2.1018806e+08
348 2.089285e+08
348.1 2.0741453e+08
348.2 2.0566437e+08
348.3 2.0371233e+08
348.4 2.0160646e+08
348.5 1.9940472e+08
348.6 1.9716992e+08
348.7 1.9496438e+08
348.8 1.9284488e+08
348.9 1.9085867e+08
349 1.8904105e+08
349.1 1.8741477e+08
349.2 1.8599115e+08
349.3 1.8477249e+08
349.4 1.8375529e+08
349.5 1.8293364e+08
349.6 1.8230216e+08
349.7 1.8185811e+08
349.8 1.8160241e+08
349.9 1.815394e+08
350 1.8167561e+08
350.1 1.8201768e+08
350.2 1.8256993e+08
350.3 1.8333185e+08
350.4 1.8429624e+08
350.5 1.8544809e+08
350.6 1.8676474e+08
350.7 1.8821702e+08
350.8 1.8977147e+08
350.9 1.9139308e+08
351 1.9304815e+08
351.1 1.9470689e+08
351.2 1.9634523e+08
351.3 1.9794577e+08
351.4 1.9949777e+08
351.5 2.0099606e+08
351.6 2.0243935e+08
351.7 2.0382788e+08
351.8 2.0516082e+08
351.9 2.0643365e+08
352 2.076358e+08
352.1 2.0874866e+08
352.2 2.0974431e+08
352.3 2.1058489e+08
352.4 2.1122289e+08
352.5 2.116022e+08
352.6 2.1166007e+08
352.7 2.1132986e+08
352.8 2.1054453e+08
352.9 2.0924073e+08
353 2.0736336e+08
353.1 2.0487047e+08
353.2 2.0173829e+08
353.3 1.9796621e+08
353.4 1.935815e+08
353.5 1.8864358e+08
353.6 1.832473e+08
353.7 1.7752486e+08
353.8 1.7164529e+08
353.9 1.6581026e+08
354 1.6024462e+08
354.1 1.5517994e+08
354.2 1.5083079e+08
354.3 1.4736529e+08
354.4 1.4487558e+08
354.5 1.4335628e+08
354.6 1.4269939e+08
354.7 1.4270961e+08
354.8 1.4313734e+08
354.9 1.437215e+08
355 1.4423268e+08
355.1 1.4450924e+08
355.2 1.4448166e+08
355.3 1.4418288e+08
355.4 1.4374313e+08
355.5 1.4336917e+08
355.6 1.4330872e+08
355.7 1.4380475e+08
355.8 1.4504771e+08
355.9 1.4713748e+08
356 1.5006521e+08
356.1 1.5371935e+08
356.2 1.5791142e+08
356.3 1.6241145e+08
356.4 1.6698278e+08
356.5 1.7140917e+08
356.6 1.7551213e+08
356.7 1.7915906e+08
356.8 1.822645e+08
356.9 1.8478722e+08
357 1.8672489e+08
357.1 1.8810824e+08
357.2 1.8899531e+08
357.3 1.8946629e+08
357.4 1.8961861e+08
357.5 1.895618e+08
357.6 1.8941143e+08
357.7 1.8928161e+08
357.8 1.8927606e+08
357.9 1.894787e+08
358 1.8994517e+08
358.1 1.9069725e+08
358.2 1.9172175e+08
358.3 1.9297423e+08
358.4 1.9438688e+08
358.5 1.9587858e+08
358.6 1.973649e+08
358.7 1.9876615e+08
358.8 2.0001219e+08
358.9 2.0104397e+08
359 2.0181218e+08
359.1 2.0227394e+08
359.2 2.0238858e+08
359.3 2.0211355e+08
359.4 2.0140103e+08
359.5 2.00196e+08
359.6 1.9843591e+08
359.7 1.9605229e+08
359.8 1.9297418e+08
359.9 1.8913345e+08
360 1.8447178e+08
360.1 1.789492e+08
360.2 1.7255388e+08
360.3 1.653128e+08
360.4 1.5730313e+08
360.5 1.4866369e+08
360.6 1.3960606e+08
360.7 1.304242e+08
360.8 1.2150006e+08
360.9 1.132994e+08
361 1.0634733e+08
361.1 1.0116924e+08
361.2 98191418
361.3 97626428
361.4 99404763
361.5 1.0320348e+08
361.6 1.085548e+08
361.7 1.1496676e+08
361.8 1.2200414e+08
361.9 1.2932159e+08
362 1.3666479e+08
362.1 1.4385692e+08
362.2 1.5078127e+08
362.3 1.5736476e+08
362.4 1.6356438e+08
362.5 1.6935666e+08
362.6 1.7473005e+08
362.7 1.7967978e+08
362.8 1.8420465e+08
362.9 1.8830545e+08
363 1.9198445e+08
363.1 1.9524564e+08
363.2 1.980953e+08
363.3 2.0054263e+08
363.4 2.0260032e+08
363.5 2.0428471e+08
363.6 2.0561576e+08
363.7 2.0661659e+08
363.8 2.073129e+08
363.9 2.0773198e+08
364 2.0790173e+08
364.1 2.0784942e+08
364.2 2.0760043e+08
364.3 2.0717708e+08
364.4 2.0659775e+08
364.5 2.0587658e+08
364.6 2.0502396e+08
364.7 2.0404806e+08
364.8 2.0295719e+08
364.9 2.0176285e+08
365 2.0048278e+08
365.1 1.9914353e+08
365.2 1.9778157e+08
365.3 1.9644272e+08
365.4 1.9517944e+08
365.5 1.9404634e+08
365.6 1.9309435e+08
365.7 1.9236454e+08
365.8 1.9188271e+08
365.9 1.9165571e+08
366 1.916702e+08
366.1 1.9189415e+08
366.2 1.9228082e+08
366.3 1.9277451e+08
366.4 1.9331712e+08
366.5 1.9385456e+08
366.6 1.94342e+08
366.7 1.947475e+08
366.8 1.9505359e+08
366.9 1.9525686e+08
367 1.9536611e+08
367.1 1.9539948e+08
367.2 1.9538162e+08
367.3 1.9534131e+08
367.4 1.9531031e+08
367.5 1.9532341e+08
367.6 1.9541931e+08
367.7 1.9564154e+08
367.8 1.9603825e+08
367.9 1.966596e+08
368 1.9755202e+08
368.1 1.9874902e+08
368.2 2.0025961e+08
368.3 2.0205628e+08
368.4 2.0406518e+08
368.5 2.0616139e+08
368.6 2.0817121e+08
368.7 2.0988194e+08
368.8 2.1105811e+08
368.9 2.1146191e+08
369 2.1087507e+08
369.1 2.0911933e+08
369.2 2.0607353e+08
369.3 2.0168563e+08
369.4 1.9597895e+08
369.5 1.8905239e+08
369.6 1.8107496e+08
369.7 1.7227515e+08
369.8 1.6292598e+08
369.9 1.5332672e+08
370 1.4378225e+08
370.1 1.3458131e+08
370.2 1.2597508e+08
370.3 1.1815821e+08
370.4 1.1125516e+08
370.5 1.0531483e+08
370.6 1.003158e+08
370.7 96182028
370.8 92805934
370.9 90073584
371 87886480
371.1 86176335
371.2 84911525
371.3 84095893
371.4 83761543
371.5 83957721
371.6 84738003
371.7 86148127
371.8 88216584
371.9 90949458
372 94329879
372.1 98321273
372.2 1.0287286e+08
372.3 1.0792571e+08
372.4 1.1341812e+08
372.5 1.1928953e+08
372.6 1.2548291e+08
372.7 1.3194565e+08
372.8 1.386293e+08
372.9 1.4548826e+08
373 1.5247794e+08
373.1 1.5955225e+08
373.2 1.6666083e+08
373.3 1.7374599e+08
373.4 1.8073957e+08
373.5 1.8755998e+08
373.6 1.9410955e+08
373.7 2.0027252e+08
373.8 2.0591409e+08
373.9 2.1088087e+08
374 2.15003e+08
374.1 2.1809844e+08
374.2 2.1997933e+08
374.3 2.2046048e+08
374.4 2.193698e+08
374.5 2.165598e+08
374.6 2.1191978e+08
374.7 2.0538734e+08
374.8 1.9695849e+08
374.9 1.8669522e+08
375 1.7472971e+08
375.1 1.6126478e+08
375.2 1.4657046e+08
375.3 1.309775e+08
375.4 1.1486935e+08
375.5 98676204
375.6 82876883
375.7 68019382
375.8 54776212
375.9 44039776
376 36942503
376.1 34359608
376.2 35862916
376.3 39804103
376.4 44589632
376.5 49239439
376.6 53248328
376.7 56379212
376.8 58541797
376.9 59734316
377 60019306
377.1 59517830
377.2 58414643
377.3 56969765
377.4 55530510
377.5 54531826
377.6 54464260
377.7 55791502
377.8 58833688
377.9 63681744
378 70200835
378.1 78106007
378.2 87047006
378.3 96663234
378.4 1.0660795e+08
378.5 1.1655519e+08
378.6 1.2620044e+08
378.7 1.3526105e+08
378.8 1.4347809e+08
378.9 1.5062016e+08
379 1.5648847e+08
379.1 1.6092231e+08
379.2 1.638041e+08
379.3 1.650633e+08
379.4 1.6467866e+08
379.5 1.6267883e+08
379.6 1.5914171e+08
379.7 1.5419324e+08
379.8 1.4800685e+08
379.9 1.4080476e+08
380 1.3286234e+08
380.1 1.2451619e+08
380.2 1.1617505e+08
380.3 1.0832907e+08
380.4 1.0154588e+08
380.5 96432877
380.6 93543987
380.7 93238601
380.8 95560129
380.9 1.0022307e+08
381 1.067209e+08
381.1 1.1447471e+08
381.2 1.2294336e+08
381.3 1.316749e+08
381.4 1.4031734e+08
381.5 1.4861044e+08
381.6 1.5637173e+08
381.7 1.6348236e+08
381.8 1.698745e+08
381.9 1.7552067e+08
382 1.8042464e+08
382.1 1.8461362e+08
382.2 1.8813165e+08
382.3 1.9103388e+08
382.4 1.9338178e+08
382.5 1.9523917e+08
382.6 1.96669e+08
382.7 1.9773094e+08
382.8 1.9847972e+08
382.9 1.9896418e+08
383 1.9922696e+08
383.1 1.9930482e+08
383.2 1.9922941e+08
383.3 1.9902842e+08
383.4 1.9872692e+08
383.5 1.9834889e+08
383.6 1.9791859e+08
383.7 1.9746192e+08
383.8 1.9700736e+08
383.9 1.9658644e+08
384 1.9623367e+08
384.1 1.9598548e+08
384.2 1.9587834e+08
384.3 1.959458e+08
384.4 1.9621482e+08
384.5 1.967018e+08
384.6 1.9740893e+08
384.7 1.9832192e+08
384.8 1.9940956e+08
384.9 2.0062581e+08
385 2.0191405e+08
385.1 2.0321293e+08
385.2 2.0446282e+08
385.3 2.0561167e+08
385.4 2.0661944e+08
385.5 2.0746057e+08
385.6 2.0812432e+08
385.7 2.0861351e+08
385.8 2.0894187e+08
385.9 2.0913081e+08
386 2.0920609e+08
386.1 2.091946e+08
386.2 2.0912184e+08
386.3 2.0900982e+08
386.4 2.0887563e+08
386.5 2.087306e+08
386.6 2.085797e+08
386.7 2.0842137e+08
386.8 2.0824738e+08
386.9 2.0804276e+08
387 2.0778575e+08
387.1 2.0744773e+08
387.2 2.0699339e+08
387.3 2.0638129e+08
387.4 2.0556535e+08
387.5 2.0449746e+08
387.6 2.0313184e+08
387.7 2.0143116e+08
387.8 1.9937422e+08
387.9 1.9696452e+08
388 1.942382e+08
388.1 1.9126915e+08
388.2 1.8816878e+08
388.3 1.8507799e+08
388.4 1.8215034e+08
388.5 1.7952778e+08
388.6 1.7731363e+08
388.7 1.7555003e+08
388.8 1.7420719e+08
388.9 1.7318869e+08
389 1.7235171e+08
389.1 1.7153614e+08
389.2 1.7059466e+08
389.3 1.6941695e+08
389.4 1.679444e+08
389.5 1.66175e+08
389.6 1.6416014e+08
389.7 1.6199616e+08
389.8 1.5981328e+08
389.9 1.5776397e+08
390 1.560118e+08
390.1 1.547213e+08
390.2 1.5404827e+08
390.3 1.541303e+08
390.4 1.5507703e+08
390.5 1.5696058e+08
390.6 1.5980686e+08
390.7 1.6358942e+08
390.8 1.682268e+08
390.9 1.7358443e+08
391 1.7948091e+08
391.1 1.8569807e+08
391.2 1.9199374e+08
391.3 1.9811612e+08
391.4 2.0381877e+08
391.5 2.0887524e+08
391.6 2.1309238e+08
391.7 2.1632178e+08
391.8 2.1846821e+08
391.9 2.1949479e+08
392 2.1942418e+08
392.1 2.1833589e+08
392.2 2.163596e+08
392.3 2.1366514e+08
392.4 2.1044973e+08
392.5 2.0692354e+08
392.6 2.032947e+08
392.7 1.99755e+08
392.8 1.9646782e+08
392.9 1.9355929e+08
393 1.9111363e+08
393.1 1.89173e+08
393.2 1.8774136e+08
393.3 1.8679151e+08
393.4 1.8627371e+08
393.5 1.8612459e+08
393.6 1.8627517e+08
393.7 1.8665716e+08
393.8 1.8720735e+08
393.9 1.8787016e+08
394 1.8859862e+08
394.1 1.8935435e+08
394.2 1.9010676e+08
394.3 1.90832e+08
394.4 1.9151186e+08
394.5 1.9213281e+08
394.6 1.9268519e+08
394.7 1.9316284e+08
394.8 1.9356269e+08
394.9 1.9388475e+08
395 1.9413191e+08
395.1 1.9430994e+08
395.2 1.9442717e+08
395.3 1.9449419e+08
395.4 1.9452331e+08
395.5 1.945279e+08
395.6 1.9452167e+08
395.7 1.945179e+08
395.8 1.9452877e+08
395.9 1.9456475e+08
396 1.9463422e+08
396.1 1.9474319e+08
396.2 1.9489528e+08
396.3 1.9509184e+08
396.4 1.9533219e+08
396.5 1.956139e+08
396.6 1.9593317e+08
396.7 1.9628509e+08
396.8 1.9666395e+08
396.9 1.9706343e+08
397 1.9747667e+08
397.1 1.9789643e+08
397.2 1.9831506e+08
397.3 1.9872459e+08
397.4 1.9911678e+08
397.5 1.9948323e+08
397.6 1.9981556e+08
397.7 2.0010559e+08
397.8 2.0034553e+08
397.9 2.0052822e+08
398 2.006473e+08
398.1 2.0069743e+08
398.2 2.0067458e+08
398.3 2.0057637e+08
398.4 2.0040265e+08
398.5 2.0015624e+08
398.6 1.9984377e+08
398.7 1.9947657e+08
398.8 1.9907117e+08
398.9 1.9864935e+08
399 1.9823732e+08
399.1 1.9786386e+08
399.2 1.975575e+08
399.3 1.9734293e+08
399.4 1.9723715e+08
399.5 1.9724591e+08
399.6 1.9736114e+08
399.7 1.9755986e+08
399.8 1.9780465e+08
399.9 1.9804562e+08
400 1.9822327e+08
400.1 1.9827166e+08
400.2 1.9812097e+08
400.3 1.9769924e+08
400.4 1.9693278e+08
400.5 1.9574556e+08
400.6 1.9405801e+08
400.7 1.9178576e+08
400.8 1.8883921e+08
400.9 1.8512437e+08
401 1.8054593e+08
401.1 1.7501251e+08
401.2 1.6844482e+08
401.3 1.6078641e+08
401.4 1.5201745e+08
401.5 1.421718e+08
401.6 1.3135819e+08
401.7 1.1978784e+08
401.8 1.0781235e+08
401.9 95977371
402 85091693
402.1 76276389
402.2 70859074
402.3 69904825
402.4 73543883
402.5 80857636
402.6 90491608
402.7 1.0123596e+08
402.8 1.1221091e+08
402.9 1.2283326e+08
403 1.3273936e+08
403.1 1.4172149e+08
403.2 1.4968273e+08
403.3 1.5660518e+08
403.4 1.6252626e+08
403.5 1.6752052e+08
403.6 1.7168523e+08
403.7 1.7512905e+08
403.8 1.7796335e+08
403.9 1.8029585e+08
404 1.8222612e+08
404.1 1.8384278e+08
404.2 1.8522185e+08
404.3 1.8642595e+08
404.4 1.8750405e+08
404.5 1.8849152e+08
404.6 1.894103e+08
404.7 1.9026917e+08
404.8 1.910642e+08
404.9 1.9177942e+08
405 1.9238804e+08
405.1 1.9285421e+08
405.2 1.9313575e+08
405.3 1.9318791e+08
405.4 1.9296814e+08
405.5 1.9244219e+08
405.6 1.9159104e+08
405.7 1.9041846e+08
405.8 1.8895829e+08
405.9 1.8728025e+08
406 1.8549229e+08
406.1 1.8373744e+08
406.2 1.8218289e+08
406.3 1.8100034e+08
406.4 1.803388e+08
406.5 1.8029441e+08
406.6 1.8088454e+08
406.7 1.8203425e+08
406.8 1.8358022e+08
406.9 1.8529203e+08
407 1.8690548e+08
407.1 1.8815972e+08
407.2 1.8883079e+08
407.3 1.8875648e+08
407.4 1.8785053e+08
407.5 1.8610652e+08
407.6 1.8359318e+08
407.7 1.8044375e+08
407.8 1.7684149e+08
407.9 1.7300384e+08
408 1.6916656e+08
408.1 1.65569e+08
408.2 1.6244106e+08
408.3 1.5999199e+08
408.4 1.584009e+08
408.5 1.578092e+08
408.6 1.5831455e+08
408.7 1.5996664e+08
408.8 1.6276459e+08
408.9 1.666557e+08
409 1.7153545e+08
409.1 1.7724848e+08
409.2 1.8359047e+08
409.3 1.9031139e+08
409.4 1.9712043e+08
409.5 2.0369342e+08
409.6 2.0968284e+08
409.7 2.1473091e+08
409.8 2.1848532e+08
409.9 2.2061703e+08
410 2.2083962e+08
410.1 2.189291e+08
410.2 2.1474398e+08
410.3 2.0824541e+08
410.4 1.9951834e+08
410.5 1.8879551e+08
410.6 1.7648701e+08
410.7 1.6321809e+08
410.8 1.4987367e+08
410.9 1.3763058e+08
411 1.279167e+08
411.1 1.2217978e+08
411.2 1.2140026e+08
411.3 1.2558873e+08
411.4 1.3373723e+08
411.5 1.442758e+08
411.6 1.55586e+08
411.7 1.662729e+08
411.8 1.7523186e+08
411.9 1.8163101e+08
412 1.8487818e+08
412.1 1.8459475e+08
412.2 1.805981e+08
412.3 1.7288974e+08
412.4 1.6164558e+08
412.5 1.4720687e+08
412.6 1.3007342e+08
412.7 1.1090767e+08
412.8 90575350
412.9 70301645
413 52183416
413.1 40446992
413.2 40720354
413.3 51706123
413.4 67082992
413.5 83190431
413.6 98542625
413.7 1.1252142e+08
413.8 1.248731e+08
413.9 1.3552392e+08
414 1.4449954e+08
414.1 1.5188187e+08
414.2 1.5778222e+08
414.3 1.623232e+08
414.4 1.6562656e+08
414.5 1.678059e+08
414.6 1.6896357e+08
414.7 1.6919128e+08
414.8 1.6857414e+08
414.9 1.6719758e+08
415 1.6515655e+08
415.1 1.6256629e+08
415.2 1.5957337e+08
415.3 1.5636533e+08
415.4 1.5317633e+08
415.5 1.5028498e+08
415.6 1.4800037e+08
415.7 1.4663299e+08
415.8 1.4645135e+08
415.9 1.4763227e+08
416 1.5021924e+08
416.1 1.5410433e+08
416.2 1.5904055e+08
416.3 1.6467953e+08
416.4 1.7062124e+08
416.5 1.7646276e+08
416.6 1.8183827e+08
416.7 1.8644756e+08
416.8 1.900735e+08
416.9 1.9258996e+08
417 1.9396146e+08
417.1 1.9423597e+08
417.2 1.9353207e+08
417.3 1.9202185e+08
417.4 1.8991131e+08
417.5 1.874198e+08
417.6 1.8476059e+08
417.7 1.8212412e+08
417.8 1.7966541e+08
417.9 1.7749665e+08
418 1.756851e+08
418.1 1.7425588e+08
418.2 1.7319837e+08
418.3 1.7247482e+08
418.4 1.7202933e+08
418.5 1.7179611e+08
418.6 1.7170605e+08
418.7 1.7169135e+08
418.8 1.7168822e+08
418.9 1.7163795e+08
419 1.714868e+08
419.1 1.7118507e+08
419.2 1.7068573e+08
419.3 1.6994291e+08
419.4 1.6891045e+08
419.5 1.6754075e+08
419.6 1.6578401e+08
419.7 1.6358799e+08
419.8 1.6089847e+08
419.9 1.5766028e+08
420 1.5381917e+08
420.1 1.4932432e+08
420.2 1.4413143e+08
420.3 1.3820643e+08
420.4 1.3152944e+08
420.5 1.2409928e+08
420.6 1.1593878e+08
420.7 1.0710181e+08
420.8 97684278
420.9 87843298
421 77832387
421.1 68066120
421.2 59229640
421.3 52411408
421.4 49060434
421.5 50349853
421.6 56237110
421.7 65561470
421.8 76957023
421.9 89336784
422 1.019019e+08
422.1 1.1404414e+08
422.2 1.252783e+08
422.3 1.3521339e+08
422.4 1.4354794e+08
422.5 1.5007662e+08
422.6 1.546994e+08
422.7 1.5742725e+08
422.8 1.5838069e+08
422.9 1.5777946e+08
423 1.5592327e+08
423.1 1.531652e+08
423.2 1.498803e+08
423.3 1.4643269e+08
423.4 1.4314508e+08
423.5 1.4027438e+08
423.6 1.3799689e+08
423.7 1.3640507e+08
423.8 1.3551549e+08
423.9 1.3528517e+08
424 1.3563187e+08
424.1 1.3645377e+08
424.2 1.3764534e+08
424.3 1.3910806e+08
424.4 1.407563e+08
424.5 1.425193e+08
424.6 1.4434073e+08
424.7 1.4617694e+08
424.8 1.4799472e+08
424.9 1.4976909e+08
425 1.5148139e+08
425.1 1.5311781e+08
425.2 1.5466822e+08
425.3 1.5612538e+08
425.4 1.574844e+08
425.5 1.5874226e+08
425.6 1.5989754e+08
425.7 1.6095012e+08
425.8 1.6190091e+08
425.9 1.6275164e+08
426 1.6350456e+08
426.1 1.6416231e+08
426.2 1.6472774e+08
426.3 1.6520382e+08
426.4 1.6559368e+08
426.5 1.659007e+08
426.6 1.6612872e+08
426.7 1.6628229e+08
426.8 1.6636705e+08
426.9 1.6639002e+08
427 1.6635998e+08
427.1 1.662878e+08
427.2 1.6618665e+08
427.3 1.6607226e+08
427.4 1.659631e+08
427.5 1.6588043e+08
427.6 1.658485e+08
427.7 1.6589447e+08
427.8 1.6604829e+08
427.9 1.6634233e+08
428 1.6681056e+08
428.1 1.6748737e+08
428.2 1.6840572e+08
428.3 1.6959487e+08
428.4 1.7107774e+08
428.5 1.7286809e+08
428.6 1.7496806e+08
428.7 1.7736629e+08
428.8 1.8003689e+08
428.9 1.8293964e+08
429 1.860213e+08
429.1 1.8921791e+08
429.2 1.9245796e+08
429.3 1.9566607e+08
429.4 1.9876684e+08
429.5 2.0168867e+08
429.6 2.0436724e+08
429.7 2.0674843e+08
429.8 2.0879064e+08
429.9 2.1046629e+08
430 2.117625e+08
430.1 2.1268098e+08
430.2 2.1323716e+08
430.3 2.134587e+08
430.4 2.1338348e+08
430.5 2.1305724e+08
430.6 2.1253104e+08
430.7 2.1185863e+08
430.8 2.1109388e+08
430.9 2.1028836e+08
431 2.0948913e+08
431.1 2.087369e+08
431.2 2.0806452e+08
431.3 2.0749595e+08
431.4 2.0704575e+08
431.5 2.0671904e+08
431.6 2.0651208e+08
431.7 2.0641312e+08
431.8 2.0640383e+08
431.9 2.0646077e+08
432 2.0655707e+08
432.1 2.0666407e+08
432.2 2.0675268e+08
432.3 2.0679469e+08
432.4 2.0676354e+08
432.5 2.0663496e+08
432.6 2.063871e+08
432.7 2.0600042e+08
432.8 2.0545727e+08
432.9 2.0474131e+08
433 2.0383692e+08
433.1 2.0272871e+08
433.2 2.0140153e+08
433.3 1.9984117e+08
433.4 1.9803598e+08
433.5 1.9597951e+08
433.6 1.9367416e+08
433.7 1.9113536e+08
433.8 1.883957e+08
433.9 1.8550815e+08
434 1.825473e+08
434.1 1.7960761e+08
434.2 1.7679814e+08
434.3 1.7423356e+08
434.4 1.7202235e+08
434.5 1.7025369e+08
434.6 1.6898569e+08
434.7 1.6823734e+08
434.8 1.6798606e+08
434.9 1.6817158e+08
435 1.68705e+08
435.1 1.6948104e+08
435.2 1.7039092e+08
435.3 1.7133384e+08
435.4 1.722256e+08
435.5 1.7300398e+08
435.6 1.7363092e+08
435.7 1.7409195e+08
435.8 1.7439348e+08
435.9 1.7455844e+08
436 1.7462068e+08
436.1 1.7461854e+08
436.2 1.7458788e+08
436.3 1.7455519e+08
436.4 1.7453114e+08
436.5 1.7450557e+08
436.6 1.7444464e+08
436.7 1.7429084e+08
436.8 1.7396655e+08
436.9 1.7338105e+08
437 1.7244063e+08
437.1 1.7106061e+08
437.2 1.6917795e+08
437.3 1.6676239e+08
437.4 1.6382453e+08
437.5 1.6041923e+08
437.6 1.5664339e+08
437.7 1.526282e+08
437.8 1.4852642e+08
437.9 1.4449678e+08
438 1.4068746e+08
438.1 1.3722162e+08
438.2 1.34187e+08
438.3 1.3163119e+08
438.4 1.2956264e+08
438.5 1.279564e+08
438.6 1.267627e+08
438.7 1.2591636e+08
438.8 1.2534535e+08
438.9 1.2497786e+08
439 1.2474766e+08
439.1 1.2459809e+08
439.2 1.2448524e+08
439.3 1.2438056e+08
439.4 1.2427319e+08
439.5 1.2417184e+08
439.6 1.2410603e+08
439.7 1.2412639e+08
439.8 1.2430352e+08
439.9 1.2472506e+08
440 1.2549064e+08
440.1 1.2670449e+08
440.2 1.2846625e+08
440.3 1.3086055e+08
440.4 1.3394701e+08
440.5 1.3775202e+08
440.6 1.4226384e+08
440.7 1.4743159e+08
440.8 1.5316821e+08
440.9 1.5935637e+08
441 1.6585632e+08
441.1 1.725146e+08
441.2 1.791727e+08
441.3 1.8567514e+08
441.4 1.918767e+08
441.5 1.9764857e+08
441.6 2.0288326e+08
441.7 2.0749824e+08
441.8 2.1143818e+08
441.9 2.1467572e+08
442 2.1721093e+08
442.1 2.1906936e+08
442.2 2.2029905e+08
442.3 2.2096664e+08
442.4 2.2115281e+08
442.5 2.2094749e+08
442.6 2.2044498e+08
442.7 2.1973933e+08
442.8 2.1892012e+08
442.9 2.1806884e+08
443 2.1725596e+08
443.1 2.1653871e+08
443.2 2.159596e+08
443.3 2.1554576e+08
443.4 2.1530902e+08
443.5 2.1524684e+08
443.6 2.1534394e+08
443.7 2.1557463e+08
443.8 2.1590577e+08
443.9 2.1629994e+08
444 2.1671891e+08
444.1 2.1712681e+08
444.2 2.1749289e+08
444.3 2.177936e+08
444.4 2.1801377e+08
444.5 2.181467e+08
444.6 2.1819345e+08
444.7 2.1816118e+08
444.8 2.1806102e+08
444.9 2.1790576e+08
445 2.1770768e+08
445.1 2.1747677e+08
445.2 2.1721955e+08
445.3 2.1693853e+08
445.4 2.1663208e+08
445.5 2.1629478e+08
445.6 2.1591779e+08
445.7 2.154892e+08
445.8 2.14994e+08
445.9 2.1441352e+08
446 2.1372397e+08
446.1 2.1289406e+08
446.2 2.1188169e+08
446.3 2.1063014e+08
446.4 2.090647e+08
446.5 2.0709071e+08
446.6 2.0459421e+08
446.7 2.0144619e+08
446.8 1.975106e+08
446.9 1.9265584e+08
447 1.8676835e+08
447.1 1.7976708e+08
447.2 1.7161696e+08
447.3 1.6234028e+08
447.4 1.5202516e+08
447.5 1.4083136e+08
447.6 1.2899434e+08
447.7 1.1682941e+08
447.8 1.0473812e+08
447.9 93217599
448 82867556
448.1 74372733
448.2 68412087
448.3 65451520
448.4 65498853
448.5 68049905
448.6 72313535
448.7 77502793
448.8 82993184
448.9 88348167
449 93286942
449.1 97642969
449.2 1.0132973e+08
449.3 1.0431607e+08
449.4 1.0660953e+08
449.5 1.0824603e+08
449.6 1.0928454e+08
449.7 1.0980569e+08
449.8 1.0991362e+08
449.9 1.0973977e+08
450 1.0944704e+08
450.1 1.0923202e+08
450.2 1.0932213e+08
450.3 1.0996427e+08
450.4 1.1140311e+08
450.5 1.1385012e+08
450.6 1.1744998e+08
450.7 1.2225399e+08
450.8 1.2820977e+08
450.9 1.351696e+08
451 1.4291338e+08
451.1 1.5117801e+08
451.2 1.5968605e+08
451.3 1.6816942e+08
451.4 1.7638667e+08
451.5 1.8413415e+08
451.6 1.9125184e+08
451.7 1.9762499e+08
451.8 2.0318251e+08
451.9 2.078929e+08
452 2.1175865e+08
452.1 2.1480978e+08
452.2 2.1709697e+08
452.3 2.1868494e+08
452.4 2.1964621e+08
452.5 2.200556e+08
452.6 2.1998559e+08
452.7 2.1950257e+08
452.8 2.1866394e+08
452.9 2.1751621e+08
453 2.1609379e+08
453.1 2.1441859e+08
453.2 2.1250027e+08
453.3 2.1033716e+08
453.4 2.0791777e+08
453.5 2.0522299e+08
453.6 2.0222899e+08
453.7 1.98911e+08
453.8 1.9524813e+08
453.9 1.9122923e+08
454 1.8686001e+08
454.1 1.8217105e+08
454.2 1.772264e+08
454.3 1.7213123e+08
454.4 1.6703671e+08
454.5 1.6213853e+08
454.6 1.5766506e+08
454.7 1.5385121e+08
454.8 1.5089699e+08
454.9 1.4891628e+08
455 1.47889e+08
455.1 1.4763408e+08
455.2 1.4781596e+08
455.3 1.4798499e+08
455.4 1.4763975e+08
455.5 1.462948e+08
455.6 1.4353984e+08
455.7 1.3908262e+08
455.8 1.3277271e+08
455.9 1.2460676e+08
456 1.1471737e+08
456.1 1.0334975e+08
456.2 90830396
456.3 77533856
456.4 63853468
456.5 50185084
456.6 36943744
456.7 24693081
456.8 14838409
456.9 12108569
457 18233324
457.1 26856702
457.2 35522506
457.3 43713096
457.4 51322067
457.5 58360028
457.6 64881232
457.7 70958591
457.8 76672971
457.9 82107820
458 87346111
458.1 92468375
458.2 97551211
458.3 1.0266594e+08
458.4 1.0787724e+08
458.5 1.1324154e+08
458.6 1.188053e+08
458.7 1.2460299e+08
458.8 1.3065491e+08
458.9 1.3696508e+08
459 1.4351931e+08
459.1 1.5028374e+08
459.2 1.5720435e+08
459.3 1.6420748e+08
459.4 1.7120171e+08
459.5 1.7808125e+08
459.6 1.8473058e+08
459.7 1.9103035e+08
459.8 1.9686399e+08
459.9 2.0212469e+08
460 2.0672221e+08
460.1 2.1058907e+08
460.2 2.1368574e+08
460.3 2.1600428e+08
460.4 2.1757034e+08
460.5 2.1844304e+08
460.6 2.1871248e+08
460.7 2.1849469e+08
460.8 2.1792402e+08
460.9 2.1714313e+08
461 2.1629154e+08
461.1 2.1549381e+08
461.2 2.1484926e+08
461.3 2.144247e+08
461.4 2.1425163e+08
461.5 2.1432821e+08
461.6 2.1462525e+08
461.7 2.1509494e+08
461.8 2.156803e+08
461.9 2.1632386e+08
462 2.1697416e+08
462.1 2.1758995e+08
462.2 2.1814197e+08
462.3 2.1861279e+08
462.4 2.1899548e+08
462.5 2.1929155e+08
462.6 2.1950872e+08
462.7 2.1965874e+08
462.8 2.1975534e+08
462.9 2.1981233e+08
463 2.1984178e+08
463.1 2.1985191e+08
463.2 2.1984488e+08
463.3 2.1981417e+08
463.4 2.1974168e+08
463.5 2.1959469e+08
463.6 2.1932309e+08
463.7 2.1885702e+08
463.8 2.1810583e+08
463.9 2.1695859e+08
464 2.1528706e+08
464.1 2.1295165e+08
464.2 2.0981109e+08
464.3 2.0573628e+08
464.4 2.0062889e+08
464.5 1.9444491e+08
464.6 1.87223e+08
464.7 1.7911669e+08
464.8 1.7042754e+08
464.9 1.6163205e+08
465 1.533872e+08
465.1 1.4648729e+08
465.2 1.4173912e+08
465.3 1.3974802e+08
465.4 1.4068328e+08
465.5 1.4415895e+08
465.6 1.4931637e+08
465.7 1.5504854e+08
465.8 1.6023505e+08
465.9 1.6390693e+08
466 1.6533437e+08
466.1 1.6406002e+08
466.2 1.5989823e+08
466.3 1.5291232e+08
466.4 1.4337658e+08
466.5 1.3172887e+08
466.6 1.185195e+08
466.7 1.0436272e+08
466.8 89896373
466.9 75754906
467 62558916
467.1 50919964
467.2 41442006
467.3 34652244
467.4 30754172
467.5 29310513
467.6 29340536
467.7 29855736
467.8 30233148
467.9 30267332
468 30118507
468.1 30264562
468.2 31405964
468.3 34225859
468.4 39079260
468.5 45887934
468.6 54297758
468.7 63871311
468.8 74186326
468.9 84864413
469 95574954
469.1 1.0603474e+08
469.2 1.160085e+08
469.3 1.2531004e+08
469.4 1.3380282e+08
469.5 1.4139898e+08
469.6 1.4805627e+08
469.7 1.5377303e+08
469.8 1.5858161e+08
469.9 1.6254069e+08
470 1.6572752e+08
470.1 1.6823038e+08
470.2 1.7014213e+08
470.3 1.7155498e+08
470.4 1.7255674e+08
470.5 1.7322862e+08
470.6 1.7364436e+08
470.7 1.7387042e+08
470.8 1.7396712e+08
470.9 1.7399019e+08
471 1.7399262e+08
471.1 1.7402647e+08
471.2 1.7414439e+08
471.3 1.744006e+08
471.4 1.7485119e+08
471.5 1.7555352e+08
471.6 1.7656452e+08
471.7 1.7793793e+08
471.8 1.7972036e+08
471.9 1.8194646e+08
472 1.8463343e+08
472.1 1.8777546e+08
472.2 1.9133865e+08
472.3 1.9525696e+08
472.4 1.9942993e+08
472.5 2.0372245e+08
472.6 2.079669e+08
472.7 2.1196767e+08
472.8 2.1550816e+08
472.9 2.1835981e+08
473 2.2029303e+08
473.1 2.2108951e+08
473.2 2.2055525e+08
473.3 2.1853373e+08
473.4 2.1491842e+08
473.5 2.0966392e+08
473.6 2.0279546e+08
473.7 1.9441648e+08
473.8 1.8471494e+08
473.9 1.7396917e+08
474 1.6255445e+08
474.1 1.509509e+08
474.2 1.397504e+08
474.3 1.2965339e+08
474.4 1.2143466e+08
474.5 1.158476e+08
474.6 1.1345502e+08
474.7 1.1444474e+08
474.8 1.1855412e+08
474.9 1.2517104e+08
475 1.3353369e+08
475.1 1.4290229e+08
475.2 1.5264826e+08
475.3 1.6227761e+08
475.4 1.7142174e+08
475.5 1.7981811e+08
475.6 1.8729066e+08
475.7 1.9373298e+08
475.8 1.9909456e+08
475.9 2.033697e+08
476 2.0658857e+08
476.1 2.0881009e+08
476.2 2.1011616e+08
476.3 2.1060712e+08
476.4 2.1039805e+08
476.5 2.0961535e+08
476.6 2.0839359e+08
476.7 2.0687179e+08
476.8 2.0518935e+08
476.9 2.034812e+08
477 2.0187255e+08
477.1 2.0047347e+08
477.2 1.9937402e+08
477.3 1.9864027e+08
477.4 1.9831193e+08
477.5 1.9840175e+08
477.6 1.9889656e+08
477.7 1.9975993e+08
477.8 2.0093586e+08
477.9 2.0235333e+08
478 2.0393131e+08
478.1 2.055842e+08
478.2 2.0722745e+08
478.3 2.0878323e+08
478.4 2.1018559e+08
478.5 2.1138478e+08
478.6 2.1235e+08
478.7 2.1307039e+08
478.8 2.1355428e+08
478.9 2.1382698e+08
479 2.1392764e+08
479.1 2.139058e+08
479.2 2.1381761e+08
479.3 2.1372184e+08
479.4 2.1367517e+08
479.5 2.1372674e+08
479.6 2.1391234e+08
479.7 2.1424922e+08
479.8 2.1473293e+08
479.9 2.1533763e+08
480 2.1602035e+08
480.1 2.1672856e+08
480.2 2.1740945e+08
480.3 2.1801853e+08
480.4 2.185254e+08
480.5 2.1891563e+08
480.6 2.1918821e+08
480.7 2.1934964e+08
480.8 2.1940591e+08
480.9 2.1935425e+08
481 2.1917634e+08
481.1 2.188342e+08
481.2 2.1826959e+08
481.3 2.1740714e+08
481.4 2.1616085e+08
481.5 2.144432e+08
481.6 2.1217593e+08
481.7 2.0930129e+08
481.8 2.0579257e+08
481.9 2.0166284e+08
482 1.9697076e+08
482.1 1.9182237e+08
482.2 1.863682e+08
482.3 1.8079491e+08
482.4 1.7531155e+08
482.5 1.7013103e+08
482.6 1.6544876e+08
482.7 1.6142133e+08
482.8 1.5814937e+08
482.9 1.5566831e+08
483 1.5394941e+08
483.1 1.5291038e+08
483.2 1.5243285e+08
483.3 1.523818e+08
483.4 1.5262304e+08
483.5 1.5303597e+08
483.6 1.5352085e+08
483.7 1.5400121e+08
483.8 1.5442258e+08
483.9 1.5474917e+08
484 1.5495948e+08
484.1 1.5504201e+08
484.2 1.5499138e+08
484.3 1.5480547e+08
484.4 1.5448342e+08
484.5 1.5402466e+08
484.6 1.5342873e+08
484.7 1.5269582e+08
484.8 1.5182791e+08
484.9 1.508301e+08
485 1.497123e+08
485.1 1.4849079e+08
485.2 1.4718972e+08
485.3 1.4584218e+08
485.4 1.444908e+08
485.5 1.431876e+08
485.6 1.4199293e+08
485.7 1.4097344e+08
485.8 1.4019894e+08
485.9 1.3973834e+08
486 1.3965499e+08
486.1 1.4000178e+08
486.2 1.4081685e+08
486.3 1.4212032e+08
486.4 1.4391275e+08
486.5 1.461754e+08
486.6 1.488723e+08
486.7 1.5195367e+08
486.8 1.5536013e+08
486.9 1.5902701e+08
487 1.6288845e+08
487.1 1.6688077e+08
487.2 1.7094499e+08
487.3 1.7502859e+08
487.4 1.7908635e+08
487.5 1.8308055e+08
487.6 1.869806e+08
487.7 1.9076212e+08
487.8 1.9440577e+08
487.9 1.9789564e+08
488 2.0121759e+08
488.1 2.0435733e+08
488.2 2.0729856e+08
488.3 2.1002112e+08
488.4 2.1249942e+08
488.5 2.1470129e+08
488.6 2.1658746e+08
488.7 2.1811202e+08
488.8 2.1922405e+08
488.9 2.1987076e+08
489 2.2000216e+08
489.1 2.1957736e+08
489.2 2.1857199e+08
489.3 2.1698613e+08
489.4 2.1485168e+08
489.5 2.1223757e+08
489.6 2.0925123e+08
489.7 2.060349e+08
489.8 2.0275583e+08
489.9 1.9959083e+08
490 1.967069e+08
490.1 1.9424146e+08
490.2 1.9228626e+08
490.3 1.908786e+08
490.4 1.9000182e+08
490.5 1.8959397e+08
490.6 1.8956181e+08
490.7 1.8979587e+08
490.8 1.9018298e+08
490.9 1.9061414e+08
491 1.909872e+08
491.1 1.9120513e+08
491.2 1.9117145e+08
491.3 1.907847e+08
491.4 1.899335e+08
491.5 1.8849366e+08
491.6 1.863281e+08
491.7 1.8329006e+08
491.8 1.792292e+08
491.9 1.7400034e+08
492 1.6747382e+08
492.1 1.5954665e+08
492.2 1.5015366e+08
492.3 1.3927812e+08
492.4 1.269614e+08
492.5 1.1331243e+08
492.6 98518662
492.7 82864702
492.8 66776584
492.9 50950948
493 36777692
493.1 27552733
493.2 28246589
493.3 37493825
493.4 49829635
493.5 62488924
493.6 74406717
493.7 85124071
493.8 94436985
493.9 1.0228014e+08
494 1.0867815e+08
494.1 1.1371787e+08
494.2 1.1752832e+08
494.3 1.2026411e+08
494.4 1.2209187e+08
494.5 1.2317968e+08
494.6 1.2368988e+08
494.7 1.2377511e+08
494.8 1.2357693e+08
494.9 1.2322591e+08
495 1.2284212e+08
495.1 1.2253479e+08
495.2 1.224008e+08
495.3 1.2252218e+08
495.4 1.2296347e+08
495.5 1.2377019e+08
495.6 1.2496945e+08
495.7 1.2657292e+08
495.8 1.2858191e+08
495.9 1.3099328e+08
496 1.3380484e+08
496.1 1.3701901e+08
496.2 1.4064376e+08
496.3 1.4469064e+08
496.4 1.4917003e+08
496.5 1.5408433e+08
496.6 1.5942016e+08
496.7 1.6514062e+08
496.8 1.7117894e+08
496.9 1.7743417e+08
497 1.8376958e+08
497.1 1.9001389e+08
497.2 1.9596511e+08
497.3 2.0139672e+08
497.4 2.0606573e+08
497.5 2.0972237e+08
497.6 2.1212109e+08
497.7 2.1303267e+08
497.8 2.1225747e+08
497.9 2.0963944e+08
498 2.0508103e+08
498.1 1.9855873e+08
498.2 1.9013918e+08
498.3 1.7999594e+08
498.4 1.6842671e+08
498.5 1.5587087e+08
498.6 1.429255e+08
498.7 1.3035301e+08
498.8 1.1906191e+08
498.9 1.1002171e+08
499 1.0406691e+08
499.1 1.0161138e+08
499.2 1.0244302e+08
499.3 1.0579712e+08
499.4 1.106659e+08
499.5 1.161056e+08
499.6 1.213962e+08
499.7 1.2607139e+08
499.8 1.2988556e+08
499.9 1.3276288e+08
500 1.3474776e+08
500.1 1.3596288e+08
500.2 1.3657589e+08
500.3 1.3677404e+08
500.4 1.3674566e+08
500.5 1.3666713e+08
500.6 1.3669415e+08
500.7 1.3695618e+08
500.8 1.3755347e+08
500.9 1.3855612e+08
501 1.4000482e+08
501.1 1.419128e+08
501.2 1.4426846e+08
501.3 1.4703811e+08
501.4 1.5016833e+08
501.5 1.5358767e+08
501.6 1.5720775e+08
501.7 1.6092417e+08
501.8 1.6461765e+08
501.9 1.6815622e+08
502 1.7139886e+08
502.1 1.7420123e+08
502.2 1.7642374e+08
502.3 1.7794193e+08
502.4 1.7865893e+08
502.5 1.7851948e+08
502.6 1.7752428e+08
502.7 1.7574313e+08
502.8 1.7332449e+08
502.9 1.7049812e+08
503 1.6756685e+08
503.1 1.6488359e+08
503.2 1.6281134e+08
503.3 1.6166949e+08
503.4 1.6167686e+08
503.5 1.6290855e+08
503.6 1.6528257e+08
503.7 1.6858156e+08
503.8 1.7250055e+08
503.9 1.7670364e+08
504 1.808732e+08
504.1 1.8474304e+08
504.2 1.8811382e+08
504.3 1.9085359e+08
504.4 1.9288784e+08
504.5 1.941835e+08
504.6 1.9473035e+08
504.7 1.9452293e+08
504.8 1.9354501e+08
504.9 1.9175843e+08
505 1.8909749e+08
505.1 1.8546962e+08
505.2 1.8076231e+08
505.3 1.7485562e+08
505.4 1.6763889e+08
505.5 1.5902948e+08
505.6 1.4899124e+08
505.7 1.3755016e+08
505.8 1.2480543e+08
505.9 1.1093456e+08
506 96193440
506.1 80914179
506.2 65509802
506.3 50509843
506.4 36703326
506.5 25635756
506.6 20566095
506.7 23657820
506.8 31110812
506.9 39297430
507 46807158
507.1 53116821
507.2 58007814
507.3 61383714
507.4 63205955
507.5 63468704
507.6 62190830
507.7 59418965
507.8 55242287
507.9 49826277
508 43486710
508.1 36858251
508.2 31253643
508.3 29030490
508.4 32428294
508.5 41091997
508.6 53108509
508.7 66991268
508.8 81840278
508.9 97061908
509 1.1220856e+08
509.1 1.2691336e+08
509.2 1.408675e+08
509.3 1.5381511e+08
509.4 1.6555483e+08
509.5 1.7594277e+08
509.6 1.848945e+08
509.7 1.9238463e+08
509.8 1.9844346e+08
509.9 2.0315075e+08
510 2.0662691e+08
510.1 2.090224e+08
510.2 2.1050625e+08
510.3 2.1125478e+08
510.4 2.1144129e+08
510.5 2.1122775e+08
510.6 2.107588e+08
510.7 2.1015831e+08
510.8 2.0952839e+08
510.9 2.0895032e+08
511 2.0848684e+08
511.1 2.0818515e+08
511.2 2.0807978e+08
511.3 2.0819496e+08
511.4 2.085459e+08
511.5 2.0913885e+08
511.6 2.0996977e+08
511.7 2.1102192e+08
511.8 2.1226242e+08
511.9 2.1363851e+08
512 2.1507386e+08
512.1 2.1646578e+08
512.2 2.1768388e+08
512.3 2.1857093e+08
512.4 2.1894647e+08
512.5 2.1861355e+08
512.6 2.1736887e+08
512.7 2.1501634e+08
512.8 2.1138382e+08
512.9 2.0634258e+08
513 1.9982875e+08
513.1 1.9186591e+08
513.2 1.8258765e+08
513.3 1.7225876e+08
513.4 1.6129267e+08
513.5 1.5025996e+08
513.6 1.3987722e+08
513.7 1.3095534e+08
513.8 1.2428153e+08
513.9 1.204302e+08
514 1.1956588e+08
514.1 1.2136292e+08
514.2 1.2511298e+08
514.3 1.2994727e+08
514.4 1.3503928e+08
514.5 1.3971983e+08
514.6 1.4351368e+08
514.7 1.4613184e+08
514.8 1.4744567e+08
514.9 1.4745605e+08
515 1.46263e+08
515.1 1.440374e+08
515.2 1.4099552e+08
515.3 1.3737641e+08
515.4 1.3342223e+08
515.5 1.2936177e+08
515.6 1.2539705e+08
515.7 1.2169345e+08
515.8 1.1837356e+08
515.9 1.1551486e+08
516 1.1315138e+08
516.1 1.1127883e+08
516.2 1.0986234e+08
516.3 1.0884552e+08
516.4 1.0815958e+08
516.5 1.0773153e+08
516.6 1.0749057e+08
516.7 1.0737281e+08
516.8 1.0732419e+08
516.9 1.0730203e+08
517 1.0727546e+08
517.1 1.0722507e+08
517.2 1.0714195e+08
517.3 1.0702632e+08
517.4 1.0688599e+08
517.5 1.0673479e+08
517.6 1.0659116e+08
517.7 1.0647718e+08
517.8 1.0641803e+08
517.9 1.0644208e+08
518 1.0658133e+08
518.1 1.0687222e+08
518.2 1.073563e+08
518.3 1.0808063e+08
518.4 1.0909728e+08
518.5 1.1046195e+08
518.6 1.1223125e+08
518.7 1.1445883e+08
518.8 1.1719053e+08
518.9 1.2045903e+08
519 1.2427871e+08
519.1 1.286411e+08
519.2 1.3351175e+08
519.3 1.3882858e+08
519.4 1.4450205e+08
519.5 1.5041705e+08
519.6 1.564367e+08
519.7 1.6240801e+08
519.8 1.6816956e+08
519.9 1.7356108e+08
520 1.7843468e+08
520.1 1.8266696e+08
520.2 1.8617093e+08
520.3 1.8890603e+08
520.4 1.908846e+08
520.5 1.9217305e+08
520.6 1.9288657e+08
520.7 1.9317714e+08
520.8 1.9321601e+08
520.9 1.9317299e+08
521 1.9319599e+08
521.1 1.9339461e+08
521.2 1.9383063e+08
521.3 1.9451648e+08
521.4 1.954211e+08
521.5 1.9648055e+08
521.6 1.9761033e+08
521.7 1.9871674e+08
521.8 1.9970553e+08
521.9 2.0048701e+08
522 2.0097804e+08
522.1 2.0110151e+08
522.2 2.0078425e+08
522.3 1.9995426e+08
522.4 1.9853821e+08
522.5 1.9645971e+08
522.6 1.9363915e+08
522.7 1.8999542e+08
522.8 1.8545004e+08
522.9 1.7993397e+08
523 1.7339728e+08
523.1 1.6582195e+08
523.2 1.572376e+08
523.3 1.4774054e+08
523.4 1.3751595e+08
523.5 1.268635e+08
523.6 1.1622504e+08
523.7 1.0620826e+08
523.8 97586311
523.9 91228259
524 87905386
524.1 87998677
524.2 91303070
524.3 97123194
524.4 1.0457216e+08
524.5 1.1282945e+08
524.6 1.2125417e+08
524.7 1.2939464e+08
524.8 1.3695615e+08
524.9 1.4376111e+08
525 1.4971352e+08
525.1 1.5477091e+08
525.2 1.5892369e+08
525.3 1.6218145e+08
525.4 1.6456548e+08
525.5 1.6610697e+08
525.6 1.6684992e+08
525.7 1.6685781e+08
525.8 1.6622251e+08
525.9 1.6507321e+08
526 1.6358245e+08
526.1 1.6196529e+08
526.2 1.6046739e+08
526.3 1.5933928e+08
526.4 1.5879743e+08
526.5 1.5897939e+08
526.6 1.5990577e+08
526.7 1.6146319e+08
526.8 1.6341632e+08
526.9 1.6544625e+08
527 1.6720347e+08
527.1 1.6836134e+08
527.2 1.6865907e+08
527.3 1.6792905e+08
527.4 1.6610787e+08
527.5 1.6323333e+08
527.6 1.5943077e+08
527.7 1.5489246e+08
527.8 1.4985324e+08
527.9 1.4456523e+08
528 1.3927394e+08
528.1 1.341977e+08
528.2 1.2951192e+08
528.3 1.2533953e+08
528.4 1.2174803e+08
528.5 1.1875318e+08
528.6 1.1632807e+08
528.7 1.1441579e+08
528.8 1.1294349e+08
528.9 1.1183607e+08
529 1.1102812e+08
529.1 1.1047369e+08
529.2 1.101537e+08
529.3 1.1008104e+08
529.4 1.1030317e+08
529.5 1.1090162e+08
529.6 1.1198767e+08
529.7 1.1369312e+08
529.8 1.1615595e+08
529.9 1.1950155e+08
530 1.2382207e+08
530.1 1.2915756e+08
530.2 1.3548233e+08
530.3 1.4269893e+08
530.4 1.5063938e+08
530.5 1.5907213e+08
530.6 1.6771244e+08
530.7 1.7623451e+08
530.8 1.8428479e+08
530.9 1.9149642e+08
531 1.975055e+08
531.1 2.0196979e+08
531.2 2.0458989e+08
531.3 2.0513262e+08
531.4 2.0345507e+08
531.5 1.9952727e+08
531.6 1.9345042e+08
531.7 1.8546772e+08
531.8 1.7596469e+08
531.9 1.6545645e+08
532 1.5455981e+08
532.1 1.4394742e+08
532.2 1.3428149e+08
532.3 1.2612766e+08
532.4 1.1986112e+08
532.5 1.1559489e+08
532.6 1.1316824e+08
532.7 1.1221093e+08
532.8 1.1225565e+08
532.9 1.1284845e+08
533 1.1362181e+08
533.1 1.1432477e+08
533.2 1.148229e+08
533.3 1.1508297e+08
533.4 1.1515284e+08
533.5 1.1514152e+08
533.6 1.1520063e+08
533.7 1.1550658e+08
533.8 1.1624222e+08
533.9 1.175773e+08
534 1.1964883e+08
534.1 1.2254375e+08
534.2 1.2628752e+08
534.3 1.3084111e+08
534.4 1.3610686e+08
534.5 1.4194129e+08
534.6 1.481715e+08
534.7 1.5461213e+08
534.8 1.6108035e+08
534.9 1.6740785e+08
535 1.7344936e+08
535.1 1.7908782e+08
535.2 1.8423657e+08
535.3 1.8883888e+08
535.4 1.9286536e+08
535.5 1.9630969e+08
535.6 1.9918327e+08
535.7 2.0150931e+08
535.8 2.0331697e+08
535.9 2.0463613e+08
536 2.0549322e+08
536.1 2.0590865e+08
536.2 2.0589589e+08
536.3 2.0546234e+08
536.4 2.0461179e+08
536.5 2.0334794e+08
536.6 2.0167856e+08
536.7 1.9961928e+08
536.8 1.9719672e+08
536.9 1.9445004e+08
537 1.9143092e+08
537.1 1.8820194e+08
537.2 1.8483384e+08
537.3 1.8140225e+08
537.4 1.7798457e+08
537.5 1.7465745e+08
537.6 1.7149496e+08
537.7 1.6856727e+08
537.8 1.659393e+08
537.9 1.6366882e+08
538 1.6180396e+08
538.1 1.6037991e+08
538.2 1.5941579e+08
538.3 1.5891211e+08
538.4 1.5884979e+08
538.5 1.5919113e+08
538.6 1.5988269e+08
538.7 1.6085955e+08
538.8 1.6205027e+08
538.9 1.6338153e+08
539 1.6478198e+08
539.1 1.6618475e+08
539.2 1.6752869e+08
539.3 1.6875845e+08
539.4 1.6982391e+08
539.5 1.7067928e+08
539.6 1.7128249e+08
539.7 1.7159502e+08
539.8 1.7158253e+08
539.9 1.712161e+08
540 1.7047414e+08
540.1 1.6934428e+08
540.2 1.6782517e+08
540.3 1.6592735e+08
540.4 1.6367307e+08
540.5 1.6109444e+08
540.6 1.5823019e+08
540.7 1.5512095e+08
540.8 1.5180372e+08
540.9 1.4830634e+08
541 1.4464278e+08
541.1 1.4081042e+08
541.2 1.3679003e+08
541.3 1.3254915e+08
541.4 1.2804914e+08
541.5 1.2325565e+08
541.6 1.1815243e+08
541.7 1.1275789e+08
541.8 1.0714402e+08
541.9 1.0145672e+08
542 95935499
542.1 90926787
542.2 86878566
542.3 84296770
542.4 83647949
542.5 85226305
542.6 89052822
542.7 94874573
542.8 1.0225778e+08
542.9 1.1070513e+08
543 1.1974097e+08
543.1 1.2895357e+08
543.2 1.3800783e+08
543.3 1.4664366e+08
543.4 1.5466878e+08
543.5 1.6194979e+08
543.6 1.6840325e+08
543.7 1.7398682e+08
543.8 1.7869118e+08
543.9 1.825326e+08
544 1.8554678e+08
544.1 1.8778391e+08
544.2 1.893053e+08
544.3 1.901813e+08
544.4 1.9049036e+08
544.5 1.9031879e+08
544.6 1.8976061e+08
544.7 1.8891703e+08
544.8 1.8789517e+08
544.9 1.8680554e+08
545 1.8575859e+08
545.1 1.8486038e+08
545.2 1.8420798e+08
545.3 1.8388529e+08
545.4 1.8395972e+08
545.5 1.8448028e+08
545.6 1.8547695e+08
545.7 1.8696108e+08
545.8 1.8892613e+08
545.9 1.9134809e+08
546 1.9418493e+08
546.1 1.9737495e+08
546.2 2.0083424e+08
546.3 2.0445435e+08
546.4 2.0810124e+08
546.5 2.1161717e+08
546.6 2.1482662e+08
546.7 2.1754673e+08
546.8 2.1960185e+08
546.9 2.2084035e+08
547 2.2115119e+08
547.1 2.2047715e+08
547.2 2.18822e+08
547.3 2.1624982e+08
547.4 2.1287641e+08
547.5 2.0885441e+08
547.6 2.0435494e+08
547.7 1.9954957e+08
547.8 1.9459582e+08
547.9 1.8962828e+08
548 1.8475613e+08
548.1 1.8006619e+08
548.2 1.7562964e+08
548.3 1.7151031e+08
548.4 1.6777256e+08
548.5 1.6448712e+08
548.6 1.6173396e+08
548.7 1.5960143e+08
548.8 1.5818145e+08
548.9 1.5756072e+08
549 1.5780867e+08
549.1 1.589634e+08
549.2 1.6101778e+08
549.3 1.6390806e+08
549.4 1.6750719e+08
549.5 1.7162406e+08
549.6 1.7600926e+08
549.7 1.8036665e+08
549.8 1.8437019e+08
549.9 1.8768492e+08
550 1.8999139e+08
550.1 1.9101213e+08
550.2 1.9053858e+08
550.3 1.8845651e+08
550.4 1.8476752e+08
550.5 1.7960441e+08
550.6 1.7323882e+08
550.7 1.660795e+08
550.8 1.5865937e+08
550.9 1.5160745e+08
551 1.4559918e+08
551.1 1.412788e+08
551.2 1.3915768e+08
551.3 1.395143e+08
551.4 1.4233951e+08
551.5 1.4735746e+08
551.6 1.5410957e+08
551.7 1.6205657e+08
551.8 1.7065992e+08
551.9 1.7942969e+08
552 1.8794558e+08
552.1 1.9586247e+08
552.2 2.029093e+08
552.3 2.0888555e+08
552.4 2.1365694e+08
552.5 2.1715018e+08
552.6 2.1934666e+08
552.7 2.2027472e+08
552.8 2.2000079e+08
552.9 2.1861987e+08
553 2.1624607e+08
553.1 2.130041e+08
553.2 2.0902224e+08
553.3 2.0442734e+08
553.4 1.9934207e+08
553.5 1.9388415e+08
553.6 1.8816723e+08
553.7 1.823028e+08
553.8 1.7640208e+08
553.9 1.7057734e+08
554 1.6494158e+08
554.1 1.5960631e+08
554.2 1.5467722e+08
554.3 1.5024835e+08
554.4 1.4639566e+08
554.5 1.4317124e+08
554.6 1.4059939e+08
554.7 1.3867499e+08
554.8 1.3736368e+08
554.9 1.36603e+08
555 1.3630327e+08
555.1 1.3634763e+08
555.2 1.3659181e+08
555.3 1.3686472e+08
555.4 1.369718e+08
555.5 1.3670206e+08
555.6 1.358394e+08
555.7 1.3417731e+08
555.8 1.3153554e+08
555.9 1.2777671e+08
556 1.2282111e+08
556.1 1.1665856e+08
556.2 1.0935705e+08
556.3 1.0106927e+08
556.4 92039385
556.5 82613767
556.6 73260086
556.7 64594691
556.8 57397621
556.9 52539864
557 50706152
557.1 51986773
557.2 55770890
557.3 61110992
557.4 67126991
557.5 73161608
557.6 78768650
557.7 83658998
557.8 87653474
557.9 90650144
558 92602726
558.1 93506185
558.2 93386819
558.3 92295227
558.4 90301194
558.5 87489848
558.6 83958635
558.7 79814679
558.8 75172186
558.9 70149596
559 64866409
559.1 59439863
559.2 53982101
559.3 48598943
559.4 43391988
559.5 38466237
559.6 33945528
559.7 29996481
559.8 26854324
559.9 24823673
560 24203551
560.1 25131711
560.2 27487034
560.3 30971191
560.4 35260696
560.5 40090632
560.6 45267665
560.7 50657272
560.8 56169478
560.9 61748867
561 67368249
561.1 73024333
561.2 78734076
561.3 84530872
561.4 90460159
561.5 96574279
561.6 1.0292669e+08
561.7 1.0956578e+08
561.8 1.1652864e+08
561.9 1.2383524e+08
562 1.3148352e+08
562.1 1.3944564e+08
562.2 1.4766593e+08
562.3 1.5606045e+08
562.4 1.645186e+08
562.5 1.7290642e+08
562.6 1.8107176e+08
562.7 1.8885105e+08
562.8 1.9607745e+08
562.9 2.0259022e+08
563 2.0824477e+08
563.1 2.1292317e+08
563.2 2.1654425e+08
563.3 2.1907277e+08
563.4 2.2052642e+08
563.5 2.2097979e+08
563.6 2.2056391e+08
563.7 2.1946037e+08
563.8 2.1788938e+08
563.9 2.1609186e+08
564 2.1430696e+08
564.1 2.1274778e+08
564.2 2.1157932e+08
564.3 2.1090305e+08
564.4 2.1075134e+08
564.5 2.110927e+08
564.6 2.11846e+08
564.7 2.1289971e+08
564.8 2.1413161e+08
564.9 2.1542524e+08
565 2.1668119e+08
565.1 2.1782263e+08
565.2 2.1879597e+08
565.3 2.1956794e+08
565.4 2.2012068e+08
565.5 2.2044594e+08
565.6 2.205395e+08
565.7 2.2039638e+08
565.8 2.2000722e+08
565.9 2.1935605e+08
566 2.1841935e+08
566.1 2.1716658e+08
566.2 2.1556193e+08
566.3 2.1356716e+08
566.4 2.1114536e+08
566.5 2.0826517e+08
566.6 2.0490517e+08
566.7 2.0105792e+08
566.8 1.9673323e+08
566.9 1.9196028e+08
567 1.8678847e+08
567.1 1.8128672e+08
567.2 1.7554159e+08
567.3 1.6965419e+08
567.4 1.6373623e+08
567.5 1.5790553e+08
567.6 1.5228117e+08
567.7 1.4697852e+08
567.8 1.4210424e+08
567.9 1.3775143e+08
568 1.339951e+08
568.1 1.3088825e+08
568.2 1.2845905e+08
568.3 1.2670935e+08
568.4 1.2561508e+08
568.5 1.2512852e+08
568.6 1.2518219e+08
568.7 1.2569402e+08
568.8 1.2657299e+08
568.9 1.2772479e+08
569 1.2905673e+08
569.1 1.3048159e+08
569.2 1.3191995e+08
569.3 1.3330061e+08
569.4 1.3455904e+08
569.5 1.3563378e+08
569.6 1.3646116e+08
569.7 1.3696924e+08
569.8 1.3707218e+08
569.9 1.3666662e+08
570 1.3563164e+08
570.1 1.3383333e+08
570.2 1.3113466e+08
570.3 1.2740997e+08
570.4 1.2256304e+08
570.5 1.1654693e+08
570.6 1.0938358e+08
570.7 1.0118212e+08
570.8 92155751
570.9 82639439
571 73112240
571.1 64225268
571.2 56815419
571.3 51823980
571.4 49988081
571.5 51390158
571.6 55364262
571.7 60925120
571.8 67204179
571.9 73594336
572 79719361
572.1 85366289
572.2 90429384
572.3 94871174
572.4 98696250
572.5 1.0193348e+08
572.6 1.0462373e+08
572.7 1.0681135e+08
572.8 1.0853826e+08
572.9 1.098399e+08
573 1.1074263e+08
573.1 1.1126222e+08
573.2 1.1140319e+08
573.3 1.1115902e+08
573.4 1.1051316e+08
573.5 1.0944097e+08
573.6 1.0791244e+08
573.7 1.0589583e+08
573.8 1.0336198e+08
573.9 1.0028904e+08
574 96667236
574.1 92503556
574.2 87825898
574.3 82686754
574.4 77166454
574.5 71376250
574.6 65461527
574.7 59605201
574.8 54030329
574.9 48998419
575 44795096
575.1 41690315
575.2 39867132
575.3 39344246
575.4 39949859
575.5 41377456
575.6 43282368
575.7 45357397
575.8 47366129
575.9 49146573
576 50602359
576.1 51691343
576.2 52415147
576.3 52810096
576.4 52938950
576.5 52882621
576.6 52731277
576.7 52574640
576.8 52491932
576.9 52542594
577 52759357
577.1 53145106
577.2 53674148
577.3 54297353
577.4 54949645
577.5 55558035
577.6 56048749
577.7 56352628
577.8 56408631
577.9 56165652
578 55583057
578.1 54630357
578.2 53286360
578.3 51538071
578.4 49379507
578.5 46810547
578.6 43835874
578.7 40464062
578.8 36706832
578.9 32578555
579 28096095
579.1 23279254
579.2 18152617
579.3 12752256
579.4 7163462.9
579.5 2235803.8
579.6 5653773.1
579.7 11785476
579.8 18173643
579.9 24653439
580 31140645
580.1 37559016
580.2 43832604
580.3 49886443
580.4 55649363
580.5 61057445
580.6 66057362
580.7 70609074
580.8 74687489
580.9 78282881
581 81400040
581.1 84056321
581.2 86278929
581.3 88101860
581.4 89562923
581.5 90701228
581.6 91555369
581.7 92162383
581.8 92557411
581.9 92773865
582 92843852
582.1 92798648
582.2 92669107
582.3 92486007
582.4 92280439
582.5 92084396
582.6 91931634
582.7 91858744
582.8 91906186
582.9 92118887
583 92545937
583.1 93238998
583.2 94249317
583.3 95623517
583.4 97398789
583.5 99598277
583.6 1.0222758e+08
583.7 1.05273e+08
583.8 1.0870186e+08
583.9 1.1246468e+08
584 1.1649881e+08
584.1 1.2073282e+08
584.2 1.2509122e+08
584.3 1.2949882e+08
584.4 1.338847e+08
584.5 1.3818534e+08
584.6 1.4234703e+08
584.7 1.4632734e+08
584.8 1.5009574e+08
584.9 1.536334e+08
585 1.5693221e+08
585.1 1.5999323e+08
585.2 1.6282468e+08
585.3 1.6543969e+08
585.4 1.6785416e+08
585.5 1.7008467e+08
585.6 1.7214692e+08
585.7 1.7405462e+08
585.8 1.7581896e+08
585.9 1.7744873e+08
586 1.7895097e+08
586.1 1.8033217e+08
586.2 1.8159964e+08
586.3 1.8276314e+08
586.4 1.8383618e+08
586.5 1.8483691e+08
586.6 1.8578833e+08
586.7 1.8671741e+08
586.8 1.8765334e+08
586.9 1.8862474e+08
587 1.8965627e+08
587.1 1.9076515e+08
587.2 1.9195816e+08
587.3 1.9322968e+08
587.4 1.9456125e+08
587.5 1.9592268e+08
587.6 1.9727453e+08
587.7 1.9857132e+08
587.8 1.9976487e+08
587.9 2.0080703e+08
588 2.0165137e+08
588.1 2.0225359e+08
588.2 2.0257077e+08
588.3 2.0255982e+08
588.4 2.0217559e+08
588.5 2.0136933e+08
588.6 2.0008785e+08
588.7 1.9827377e+08
588.8 1.958671e+08
588.9 1.9280801e+08
589 1.8904065e+08
589.1 1.8451774e+08
589.2 1.792056e+08
589.3 1.7308946e+08
589.4 1.6617884e+08
589.5 1.5851324e+08
589.6 1.5016827e+08
589.7 1.4126285e+08
589.8 1.3196809e+08
589.9 1.225185e+08
590 1.1322546e+08
590.1 1.0449034e+08
590.2 96808983
590.3 90748743
590.4 86871186
590.5 85591342
590.6 87027320
590.7 90946921
590.8 96858686
590.9 1.0417256e+08
591 1.123283e+08
591.1 1.2085656e+08
591.2 1.2939112e+08
591.3 1.3765895e+08
591.4 1.4546419e+08
591.5 1.526727e+08
591.6 1.5919882e+08
591.7 1.6499444e+08
591.8 1.7003978e+08
591.9 1.7433557e+08
592 1.7789659e+08
592.1 1.8074614e+08
592.2 1.8291175e+08
592.3 1.8442192e+08
592.4 1.853039e+08
592.5 1.8558229e+08
592.6 1.8527822e+08
592.7 1.8440902e+08
592.8 1.8298786e+08
592.9 1.8102328e+08
593 1.7851852e+08
593.1 1.7547057e+08
593.2 1.7186924e+08
593.3 1.6769636e+08
593.4 1.6292577e+08
593.5 1.5752418e+08
593.6 1.5145368e+08
593.7 1.4467575e+08
593.8 1.3715735e+08
593.9 1.2887905e+08
594 1.1984567e+08
594.1 1.1010013e+08
594.2 99742765
594.3 88960298
594.4 78073603
594.5 67619299
594.6 58476522
594.7 51975151
594.8 49661568
594.9 52353824
595 59394187
595.1 69305083
595.2 80745883
595.3 92787395
595.4 1.0482605e+08
595.5 1.16468e+08
595.6 1.2745461e+08
595.7 1.3762046e+08
595.8 1.4686919e+08
595.9 1.5515807e+08
596 1.6248669e+08
596.1 1.6888759e+08
596.2 1.7441799e+08
596.3 1.7915228e+08
596.4 1.8317545e+08
596.5 1.8657741e+08
596.6 1.8944827e+08
596.7 1.9187462e+08
596.8 1.9393668e+08
596.9 1.9570617e+08
597 1.9724491e+08
597.1 1.9860392e+08
597.2 1.9982326e+08
597.3 2.0093228e+08
597.4 2.019505e+08
597.5 2.0288894e+08
597.6 2.0375162e+08
597.7 2.0453727e+08
597.8 2.0524099e+08
597.9 2.0585563e+08
598 2.0637302e+08
598.1 2.0678483e+08
598.2 2.070832e+08
598.3 2.0726102e+08
598.4 2.0731194e+08
598.5 2.0723016e+08
598.6 2.070101e+08
598.7 2.066459e+08
598.8 2.0613093e+08
598.9 2.0545747e+08
599 2.0461646e+08
599.1 2.0359763e+08
599.2 2.0238988e+08
599.3 2.0098204e+08
599.4 1.9936399e+08
599.5 1.9752813e+08
599.6 1.9547103e+08
599.7 1.9319535e+08
599.8 1.9071165e+08
599.9 1.8804014e+08
600 1.8521189e+08
600.1 1.8226948e+08
600.2 1.7926665e+08
600.3 1.7626677e+08
600.4 1.7333989e+08
600.5 1.7055845e+08
600.6 1.679918e+08
600.7 1.6570006e+08
600.8 1.6372824e+08
600.9 1.6210152e+08
601 1.6082284e+08
601.1 1.5987318e+08
601.2 1.5921502e+08
601.3 1.5879809e+08
601.4 1.5856665e+08
601.5 1.5846691e+08
601.6 1.5845344e+08
601.7 1.5849382e+08
601.8 1.5857099e+08
601.9 1.5868341e+08
602 1.5884348e+08
602.1 1.5907456e+08
602.2 1.5940723e+08
602.3 1.5987507e+08
602.4 1.6051008e+08
602.5 1.6133781e+08
602.6 1.62372e+08
602.7 1.6360904e+08
602.8 1.650225e+08
602.9 1.6655842e+08
603 1.6813237e+08
603.1 1.6962922e+08
603.2 1.7090639e+08
603.3 1.718012e+08
603.4 1.7214242e+08
603.5 1.7176598e+08
603.6 1.7053432e+08
603.7 1.6835903e+08
603.8 1.6522579e+08
603.9 1.6122051e+08
604 1.5655414e+08
604.1 1.5158152e+08
604.2 1.4680506e+08
604.3 1.4284831e+08
604.4 1.4038201e+08
604.5 1.3999664e+08
604.6 1.4204984e+08
604.7 1.4655543e+08
604.8 1.5317548e+08
604.9 1.6131476e+08
605 1.7025888e+08
605.1 1.7929543e+08
605.2 1.8779265e+08
605.3 1.9523911e+08
605.4 2.0125743e+08
605.5 2.0560323e+08
605.6 2.0815621e+08
605.7 2.0890716e+08
605.8 2.0794282e+08
605.9 2.0542986e+08
606 2.0159866e+08
606.1 1.9672747e+08
606.2 1.9112743e+08
606.3 1.8512851e+08
606.4 1.7906654e+08
606.5 1.73271e+08
606.6 1.6805339e+08
606.7 1.6369592e+08
606.8 1.6044007e+08
606.9 1.5847556e+08
607 1.5793015e+08
607.1 1.5886143e+08
607.2 1.6125139e+08
607.3 1.6500435e+08
607.4 1.6994823e+08
607.5 1.7583881e+08
607.6 1.8236731e+08
607.7 1.8917168e+08
607.8 1.9585278e+08
607.9 2.0199578e+08
608 2.0719677e+08
608.1 2.1109261e+08
608.2 2.1339152e+08
608.3 2.1390042e+08
608.4 2.1254526e+08
608.5 2.0938116e+08
608.6 2.0459053e+08
608.7 1.9846873e+08
608.8 1.9139856e+08
608.9 1.838159e+08
609 1.7616949e+08
609.1 1.6887869e+08
609.2 1.6229373e+08
609.3 1.5666428e+08
609.4 1.5212239e+08
609.5 1.4868384e+08
609.6 1.4626767e+08
609.7 1.4472787e+08
609.8 1.4388795e+08
609.9 1.435694e+08
610 1.4360889e+08
610.1 1.4386321e+08
610.2 1.4420473e+08
610.3 1.445116e+08
610.4 1.4465798e+08
610.5 1.4450851e+08
610.6 1.4392062e+08
610.7 1.4275584e+08
610.8 1.4089954e+08
610.9 1.3828649e+08
611 1.34928e+08
611.1 1.3093588e+08
611.2 1.2653786e+08
611.3 1.2207828e+08
611.4 1.1799726e+08
611.5 1.147812e+08
611.6 1.1288365e+08
611.7 1.1263034e+08
611.8 1.1414229e+08
611.9 1.1731406e+08
612 1.2185775e+08
612.1 1.2738601e+08
612.2 1.3349472e+08
612.3 1.3982029e+08
612.4 1.4606813e+08
612.5 1.5201971e+08
612.6 1.5752735e+08
612.7 1.625035e+08
612.8 1.6690814e+08
612.9 1.7073659e+08
613 1.7400844e+08
613.1 1.7675805e+08
613.2 1.7902699e+08
613.3 1.8085809e+08
613.4 1.822914e+08
613.5 1.8336153e+08
613.6 1.8409638e+08
613.7 1.8451677e+08
613.8 1.8463684e+08
613.9 1.8446488e+08
614 1.8400444e+08
614.1 1.8325562e+08
614.2 1.8221635e+08
614.3 1.8088377e+08
614.4 1.792556e+08
614.5 1.7733146e+08
614.6 1.7511418e+08
614.7 1.7261099e+08
614.8 1.6983468e+08
614.9 1.6680441e+08
615 1.6354644e+08
615.1 1.6009447e+08
615.2 1.5648967e+08
615.3 1.5278031e+08
615.4 1.4902093e+08
615.5 1.4527118e+08
615.6 1.4159415e+08
615.7 1.3805446e+08
615.8 1.3471602e+08
615.9 1.3163967e+08
616 1.2888086e+08
616.1 1.2648719e+08
616.2 1.2449611e+08
616.3 1.2293235e+08
616.4 1.2180504e+08
616.5 1.2110436e+08
616.6 1.2079762e+08
616.7 1.2082511e+08
616.8 1.2109638e+08
616.9 1.2148766e+08
617 1.218418e+08
617.1 1.2197137e+08
617.2 1.2166578e+08
617.3 1.2070252e+08
617.4 1.1886196e+08
617.5 1.1594483e+08
617.6 1.1179074e+08
617.7 1.0629633e+08
617.8 99431616
617.9 91254353
618 81924206
618.1 71722434
618.2 61090798
618.3 50718394
618.4 41716777
618.5 35801482
618.6 34773428
618.7 38757836
618.8 45951833
618.9 54466532
619 63112307
619.1 71220235
619.2 78408537
619.3 84453980
619.4 89227626
619.5 92660929
619.6 94726183
619.7 95424471
619.8 94778183
619.9 92826780
620 89625110
620.1 85243822
620.2 79771530
620.3 73318435
620.4 66021350
620.5 58050605
620.6 49620689
620.7 41010088
620.8 32605352
620.9 25007736
621 19254593
621.1 16841787
621.2 18243690
621.3 21802089
621.4 25736470
621.5 29090766
621.6 31422745
621.7 32554011
621.8 32476295
621.9 31330706
622 29426719
622.1 27291798
622.2 25717492
622.3 25655137
622.4 27778942
622.5 32057732
622.6 37933308
622.7 44767411
622.8 52048208
622.9 59402281
623 66559976
623.1 73325510
623.2 79557413
623.3 85156021
623.4 90055026
623.5 94215384
623.6 97620680
623.7 1.0027353e+08
623.8 1.0219279e+08
623.9 1.0341131e+08
624 1.0397428e+08
624.1 1.0393765e+08
624.2 1.0336687e+08
624.3 1.0233532e+08
624.4 1.0092261e+08
624.5 99212456
624.6 97290165
624.7 95239730
624.8 93140717
624.9 91065202
625 89075075
625.1 87220080
625.2 85536878
625.3 84049309
625.4 82769813
625.5 81701774
625.6 80842450
625.7 80186045
625.8 79726603
625.9 79460477
626 79388291
626.1 79516399
626.2 79857914
626.3 80433335
626.4 81270780
626.5 82405711
626.6 83879901
626.7 85739339
626.8 88030727
626.9 90796431
627 94068202
627.1 97860489
627.2 1.0216471e+08
627.3 1.0694586e+08
627.4 1.1214242e+08
627.5 1.1766982e+08
627.6 1.2342657e+08
627.7 1.2930209e+08
627.8 1.3518466e+08
627.9 1.4096843e+08
628 1.4655881e+08
628.1 1.518759e+08
628.2 1.5685607e+08
628.3 1.6145208e+08
628.4 1.6563201e+08
628.5 1.6937763e+08
628.6 1.7268243e+08
628.7 1.755496e+08
628.8 1.7799028e+08
628.9 1.8002201e+08
629 1.8166758e+08
629.1 1.8295425e+08
629.2 1.8391321e+08
629.3 1.8457939e+08
629.4 1.8499142e+08
629.5 1.8519166e+08
629.6 1.8522617e+08
629.7 1.8514443e+08
629.8 1.8499846e+08
629.9 1.8484144e+08
630 1.847254e+08
630.1 1.8469815e+08
630.2 1.8479975e+08
630.3 1.8505892e+08
630.4 1.8548999e+08
630.5 1.8609128e+08
630.6 1.8684514e+08
630.7 1.8772003e+08
630.8 1.8867427e+08
630.9 1.8966094e+08
631 1.9063301e+08
631.1 1.9154807e+08
631.2 1.9237209e+08
631.3 1.930819e+08
631.4 1.9366652e+08
631.5 1.9412753e+08
631.6 1.9447877e+08
631.7 1.9474569e+08
631.8 1.9496445e+08
631.9 1.9518062e+08
632 1.9544748e+08
632.1 1.9582345e+08
632.2 1.9636869e+08
632.3 1.9714062e+08
632.4 1.981888e+08
632.5 1.9954937e+08
632.6 2.0123969e+08
632.7 2.0325362e+08
632.8 2.055579e+08
632.9 2.0808976e+08
633 2.1075597e+08
633.1 2.1343337e+08
633.2 2.1597084e+08
633.3 2.1819316e+08
633.4 2.1990653e+08
633.5 2.2090619e+08
633.6 2.2098581e+08
633.7 2.1994831e+08
633.8 2.176174e+08
633.9 2.1384914e+08
634 2.0854215e+08
634.1 2.0164597e+08
634.2 1.9316646e+08
634.3 1.8316808e+08
634.4 1.7177265e+08
634.5 1.5915519e+08
634.6 1.4553708e+08
634.7 1.3117768e+08
634.8 1.1636539e+08
634.9 1.0140982e+08
635 86637415
635.1 72394546
635.2 59065954
635.3 47123613
635.4 37225576
635.5 30323204
635.6 27413116
635.7 28504995
635.8 32251296
635.9 37172360
636 42382451
636.1 47471225
636.2 52279816
636.3 56770401
636.4 60962743
636.5 64904590
636.6 68658503
636.7 72296512
636.8 75898045
636.9 79548633
637 83338073
637.1 87357538
637.2 91695587
637.3 96433347
637.4 1.0163928e+08
637.5 1.0736402e+08
637.6 1.1363569e+08
637.7 1.2045613e+08
637.8 1.2779826e+08
637.9 1.3560473e+08
638 1.4378787e+08
638.1 1.5223092e+08
638.2 1.6079062e+08
638.3 1.6930106e+08
638.4 1.7757912e+08
638.5 1.8543149e+08
638.6 1.9266351e+08
638.7 1.9908972e+08
638.8 2.0454568e+08
638.9 2.0890051e+08
639 2.1206871e+08
639.1 2.1402012e+08
639.2 2.1478619e+08
639.3 2.1446134e+08
639.4 2.1319834e+08
639.5 2.1119747e+08
639.6 2.0869041e+08
639.7 2.0592028e+08
639.8 2.0312056e+08
639.9 2.0049587e+08
640 1.9820717e+08
640.1 1.9636372e+08
640.2 1.9502192e+08
640.3 1.9419055e+08
640.4 1.9384003e+08
640.5 1.9391339e+08
640.6 1.9433668e+08
640.7 1.9502757e+08
640.8 1.9590143e+08
640.9 1.9687514e+08
641 1.978692e+08
641.1 1.988085e+08
641.2 1.9962215e+08
641.3 2.0024265e+08
641.4 2.0060422e+08
641.5 2.0064041e+08
641.6 2.0028103e+08
641.7 1.9944865e+08
641.8 1.9805539e+08
641.9 1.9600058e+08
642 1.9317021e+08
642.1 1.89439e+08
642.2 1.8467557e+08
642.3 1.7875089e+08
642.4 1.7154965e+08
642.5 1.6298372e+08
642.6 1.5300654e+08
642.7 1.4162672e+08
642.8 1.2891924e+08
642.9 1.1503266e+08
643 1.0019127e+08
643.1 84691784
643.2 68896122
643.3 53225798
643.4 38177173
643.5 24444183
643.6 13693952
643.7 11443817
643.8 17764137
643.9 25081595
644 31186845
644.1 35632634
644.2 38346635
644.3 39391178
644.4 38899686
644.5 37053693
644.6 34077616
644.7 30250849
644.8 25948794
644.9 21740181
645 18554915
645.1 17662140
645.2 19761789
645.3 24211631
645.4 29962235
645.5 36314422
645.6 42900667
645.7 49542681
645.8 56164356
645.9 62742780
646 69276586
646.1 75763541
646.2 82185497
646.3 88500333
646.4 94640129
646.5 1.0051389e+08
646.6 1.0601271e+08
646.7 1.1101546e+08
646.8 1.1539369e+08
646.9 1.1901521e+08
647 1.2174648e+08
647.1 1.2345429e+08
647.2 1.2400752e+08
647.3 1.2327962e+08
647.4 1.2115256e+08
647.5 1.1752276e+08
647.6 1.1230965e+08
647.7 1.054677e+08
647.8 97003883
647.9 87005195
648 75688685
648.1 63508068
648.2 51411859
648.3 41455567
648.4 37479106
648.5 42613589
648.6 54962239
648.7 70927887
648.8 88282510
648.9 1.0581245e+08
649 1.2276765e+08
649.1 1.3862964e+08
649.2 1.5302969e+08
649.3 1.6572202e+08
649.4 1.7657499e+08
649.5 1.8556523e+08
649.6 1.9276802e+08
649.7 1.983414e+08
649.8 2.0250391e+08
649.9 2.0550805e+08
650 2.0761257e+08
650.1 2.0905761e+08
650.2 2.1004611e+08
650.3 2.1073375e+08
650.4 2.1122757e+08
650.5 2.1159186e+08
650.6 2.1185853e+08
650.7 2.1203903e+08
650.8 2.1213517e+08
650.9 2.1214736e+08
651 2.1207965e+08
651.1 2.119417e+08
651.2 2.1174862e+08
651.3 2.1151944e+08
651.4 2.1127518e+08
651.5 2.1103719e+08
651.6 2.1082588e+08
651.7 2.1065985e+08
651.8 2.1055506e+08
651.9 2.1052364e+08
652 2.1057188e+08
652.1 2.1069737e+08
652.2 2.1088521e+08
652.3 2.1110385e+08
652.4 2.1130093e+08
652.5 2.1140015e+08
652.6 2.1129991e+08
652.7 2.1087441e+08
652.8 2.0997784e+08
652.9 2.0845161e+08
653 2.0613436e+08
653.1 2.0287403e+08
653.2 1.9854075e+08
653.3 1.9303943e+08
653.4 1.8632062e+08
653.5 1.7838867e+08
653.6 1.6930611e+08
653.7 1.5919407e+08
653.8 1.4822869e+08
653.9 1.3663388e+08
654 1.2467141e+08
654.1 1.1262932e+08
654.2 1.0080958e+08
654.3 89515792
654.4 79040868
654.5 69653598
654.6 61581350
654.7 54986153
654.8 49935239
654.9 46377293
655 44144858
655.1 42994971
655.2 42673081
655.3 42967859
655.4 43735450
655.5 44893874
655.6 46400343
655.7 48224725
655.8 50328239
655.9 52651702
656 55113592
656.1 57615353
656.2 60050446
656.3 62314127
656.4 64312243
656.5 65968564
656.6 67231089
656.7 68078272
656.8 68526308
656.9 68638422
657 68536346
657.1 68412438
657.2 68537595
657.3 69255619
657.4 70952080
657.5 73991996
657.6 78640046
657.7 84996992
657.8 92981936
657.9 1.0236057e+08
658 1.1279553e+08
658.1 1.2389572e+08
658.2 1.3525491e+08
658.3 1.4648036e+08
658.4 1.5721461e+08
658.5 1.6715289e+08
658.6 1.7605653e+08
658.7 1.8376195e+08
658.8 1.9018454e+08
658.9 1.9531666e+08
659 1.9922016e+08
659.1 2.0201375e+08
659.2 2.0385696e+08
659.3 2.0493212e+08
659.4 2.0542674e+08
659.5 2.0551786e+08
659.6 2.0536034e+08
659.7 2.0507965e+08
659.8 2.047696e+08
659.9 2.044942e+08
660 2.0429257e+08
660.1 2.0418535e+08
660.2 2.0418122e+08
660.3 2.0428238e+08
660.4 2.0448833e+08
660.5 2.0479777e+08
660.6 2.052089e+08
660.7 2.0571858e+08
660.8 2.0632099e+08
660.9 2.0700638e+08
661 2.077604e+08
661.1 2.0856411e+08
661.2 2.0939471e+08
661.3 2.102267e+08
661.4 2.1103337e+08
661.5 2.1178799e+08
661.6 2.1246487e+08
661.7 2.130398e+08
661.8 2.1349011e+08
661.9 2.1379428e+08
662 2.1393139e+08
662.1 2.138804e+08
662.2 2.1361954e+08
662.3 2.1312598e+08
662.4 2.1237588e+08
662.5 2.1134483e+08
662.6 2.1000894e+08
662.7 2.0834642e+08
662.8 2.0633957e+08
662.9 2.0397734e+08
663 2.0125792e+08
663.1 1.9819141e+08
663.2 1.9480216e+08
663.3 1.9113035e+08
663.4 1.8723269e+08
663.5 1.8318175e+08
663.6 1.7906378e+08
663.7 1.7497514e+08
663.8 1.7101718e+08
663.9 1.6729037e+08
664 1.6388795e+08
664.1 1.6088994e+08
664.2 1.5835844e+08
664.3 1.5633444e+08
664.4 1.5483689e+08
664.5 1.538635e+08
664.6 1.5339311e+08
664.7 1.5338879e+08
664.8 1.53801e+08
664.9 1.5457028e+08
665 1.556292e+08
665.1 1.569037e+08
665.2 1.5831413e+08
665.3 1.597764e+08
665.4 1.6120385e+08
665.5 1.6250995e+08
665.6 1.6361216e+08
665.7 1.6443656e+08
665.8 1.6492315e+08
665.9 1.6503099e+08
666 1.6474268e+08
666.1 1.6406755e+08
666.2 1.630431e+08
666.3 1.6173442e+08
666.4 1.6023154e+08
666.5 1.5864499e+08
666.6 1.5709979e+08
666.7 1.5572844e+08
666.8 1.5466322e+08
666.9 1.5402834e+08
667 1.5393235e+08
667.1 1.5446118e+08
667.2 1.5567241e+08
667.3 1.5759102e+08
667.4 1.6020725e+08
667.5 1.6347665e+08
667.6 1.6732248e+08
667.7 1.716402e+08
667.8 1.7630388e+08
667.9 1.8117386e+08
668 1.8610518e+08
668.1 1.9095623e+08
668.2 1.9559695e+08
668.3 1.9991596e+08
668.4 2.0382611e+08
668.5 2.0726802e+08
668.6 2.1021134e+08
668.7 2.1265359e+08
668.8 2.1461681e+08
668.9 2.1614244e+08
669 2.1728486e+08
669.1 2.1810458e+08
669.2 2.1866163e+08
669.3 2.1901005e+08
669.4 2.1919396e+08
669.5 2.192458e+08
669.6 2.1918659e+08
669.7 2.1902826e+08
669.8 2.1877749e+08
669.9 2.1844046e+08
670 2.1802766e+08
670.1 2.1755795e+08
670.2 2.1706079e+08
670.3 2.1657616e+08
670.4 2.1615153e+08
670.5 2.1583605e+08
670.6 2.1567278e+08
670.7 2.156903e+08
670.8 2.1589556e+08
670.9 2.1626973e+08
671 2.1676817e+08
671.1 2.1732458e+08
671.2 2.178583e+08
671.3 2.1828302e+08
671.4 2.1851502e+08
671.5 2.1847931e+08
671.6 2.1811306e+08
671.7 2.1736597e+08
671.8 2.161984e+08
671.9 2.1457765e+08
672 2.1247359e+08
672.1 2.0985414e+08
672.2 2.0668119e+08
672.3 2.0290742e+08
672.4 1.9847419e+08
672.5 1.9331075e+08
672.6 1.8733484e+08
672.7 1.8045504e+08
672.8 1.7257485e+08
672.9 1.6359896e+08
673 1.5344184e+08
673.1 1.4203877e+08
673.2 1.293596e+08
673.3 1.1542522e+08
673.4 1.0032812e+08
673.5 84260765
673.6 67566383
673.7 50867493
673.8 35501840
673.9 25074711
674 26026624
674.1 36448654
674.2 49495210
674.3 62228021
674.4 73587611
674.5 83130194
674.6 90697028
674.7 96311329
674.8 1.0012881e+08
674.9 1.0240068e+08
675 1.0343979e+08
675.1 1.0358969e+08
675.2 1.0319801e+08
675.3 1.0259606e+08
675.4 1.0208465e+08
675.5 1.0192567e+08
675.6 1.0233709e+08
675.7 1.034894e+08
675.8 1.0550209e+08
675.9 1.0844e+08
676 1.1231131e+08
676.1 1.1706892e+08
676.2 1.2261649e+08
676.3 1.2881886e+08
676.4 1.3551512e+08
676.5 1.4253261e+08
676.6 1.4969964e+08
676.7 1.5685609e+08
676.8 1.6386094e+08
676.9 1.705969e+08
677 1.7697223e+08
677.1 1.8292028e+08
677.2 1.8839731e+08
677.3 1.9337922e+08
677.4 1.9785781e+08
677.5 2.0183687e+08
677.6 2.0532881e+08
677.7 2.0835172e+08
677.8 2.1092734e+08
677.9 2.1307972e+08
678 2.1483464e+08
678.1 2.162197e+08
678.2 2.172647e+08
678.3 2.1800226e+08
678.4 2.1846833e+08
678.5 2.1870232e+08
678.6 2.1874676e+08
678.7 2.1864626e+08
678.8 2.1844603e+08
678.9 2.1818999e+08
679 2.1791891e+08
679.1 2.1766881e+08
679.2 2.1747017e+08
679.3 2.1734773e+08
679.4 2.1732105e+08
679.5 2.1740507e+08
679.6 2.1761021e+08
679.7 2.1794108e+08
679.8 2.1839347e+08
679.9 2.1894943e+08
680 2.1957124e+08
680.1 2.2019536e+08
680.2 2.2072798e+08
680.3 2.2104359e+08
680.4 2.2098753e+08
680.5 2.2038261e+08
680.6 2.1903913e+08
680.7 2.1676707e+08
680.8 2.1338896e+08
680.9 2.0875223e+08
681 2.0273986e+08
681.1 1.9527904e+08
681.2 1.8634754e+08
681.3 1.759782e+08
681.4 1.6426234e+08
681.5 1.5135341e+08
681.6 1.3747321e+08
681.7 1.2292469e+08
681.8 1.0811873e+08
681.9 93627139
682 80278162
682.1 69287270
682.2 62274655
682.3 60736674
682.4 64932031
682.5 73604822
682.6 85035748
682.7 97872383
682.8 1.1123835e+08
682.9 1.2459007e+08
683 1.3758413e+08
683.1 1.4999432e+08
683.2 1.6166366e+08
683.3 1.724767e+08
683.4 1.8234326e+08
683.5 1.9118901e+08
683.6 1.9895041e+08
683.7 2.0557271e+08
683.8 2.1101005e+08
683.9 2.1522707e+08
684 2.1820155e+08
684.1 2.1992742e+08
684.2 2.2041783e+08
684.3 2.1970785e+08
684.4 2.1785637e+08
684.5 2.1494705e+08
684.6 2.1108806e+08
684.7 2.0641059e+08
684.8 2.0106617e+08
684.9 1.9522295e+08
685 1.890611e+08
685.1 1.8276774e+08
685.2 1.765314e+08
685.3 1.7053642e+08
685.4 1.649572e+08
685.5 1.5995233e+08
685.6 1.5565863e+08
685.7 1.5218518e+08
685.8 1.4960781e+08
685.9 1.4796462e+08
686 1.472535e+08
686.1 1.4743252e+08
686.2 1.4842335e+08
686.3 1.5011786e+08
686.4 1.5238696e+08
686.5 1.5509089e+08
686.6 1.580899e+08
686.7 1.6125448e+08
686.8 1.6447449e+08
686.9 1.6766633e+08
687 1.7077771e+08
687.1 1.7378903e+08
687.2 1.7671116e+08
687.3 1.7957912e+08
687.4 1.8244235e+08
687.5 1.8535253e+08
687.6 1.8835101e+08
687.7 1.9145796e+08
687.8 1.9466551e+08
687.9 1.9793622e+08
688 2.0120707e+08
688.1 2.0439801e+08
688.2 2.0742312e+08
688.3 2.1020208e+08
688.4 2.1267009e+08
688.5 2.1478452e+08
688.6 2.1652804e+08
688.7 2.1790793e+08
688.8 2.1895258e+08
688.9 2.1970581e+08
689 2.2022024e+08
689.1 2.2055065e+08
689.2 2.2074789e+08
689.3 2.2085409e+08
689.4 2.2089919e+08
689.5 2.2089888e+08
689.6 2.2085394e+08
689.7 2.207506e+08
689.8 2.2056195e+08
689.9 2.2025002e+08
690 2.1976855e+08
690.1 2.1906638e+08
690.2 2.1809149e+08
690.3 2.1679564e+08
690.4 2.1513981e+08
690.5 2.1310023e+08
690.6 2.1067487e+08
690.7 2.0788988e+08
690.8 2.0480531e+08
690.9 2.0151893e+08
691 1.9816666e+08
691.1 1.9491806e+08
691.2 1.9196551e+08
691.3 1.895066e+08
691.4 1.8772098e+08
691.5 1.867455e+08
691.6 1.86653e+08
691.7 1.8744055e+08
691.8 1.8903092e+08
691.9 1.9128663e+08
692 1.9403252e+08
692.1 1.970806e+08
692.2 2.0025183e+08
692.3 2.0339121e+08
692.4 2.0637568e+08
692.5 2.0911546e+08
692.6 2.1155084e+08
692.7 2.1364626e+08
692.8 2.1538339e+08
692.9 2.1675447e+08
693 2.1775654e+08
693.1 2.1838701e+08
693.2 2.1864061e+08
693.3 2.1850766e+08
693.4 2.1797347e+08
693.5 2.1701871e+08
693.6 2.1562049e+08
693.7 2.1375397e+08
693.8 2.1139441e+08
693.9 2.0851943e+08
694 2.0511142e+08
694.1 2.0115999e+08
694.2 1.966643e+08
694.3 1.9163526e+08
694.4 1.8609738e+08
694.5 1.8009011e+08
694.6 1.736688e+08
694.7 1.6690475e+08
694.8 1.5988462e+08
694.9 1.5270898e+08
695 1.4548983e+08
695.1 1.3834733e+08
695.2 1.3140545e+08
695.3 1.2478682e+08
695.4 1.1860682e+08
695.5 1.1296715e+08
695.6 1.0794937e+08
695.7 1.0360923e+08
695.8 99972505
695.9 97033355
696 94755642
696.1 93077189
696.2 91916175
696.3 91178498
696.4 90764925
696.5 90577228
696.6 90522985
696.7 90519176
696.8 90494897
696.9 90393468
697 90174125
697.1 89813239
697.2 89304897
697.3 88660597
697.4 87907817
697.5 87087373
697.6 86249597
697.7 85449583
697.8 84741891
697.9 84175217
698 83787560
698.1 83602407
698.2 83626318
698.3 83848131
698.4 84239805
698.5 84758687
698.6 85350866
698.7 85955182
698.8 86507449
698.9 86944539
699 87208057
699.1 87247467
699.2 87022618
699.3 86505711
699.4 85682790
699.5 84554886
699.6 83138916
699.7 81468417
699.8 79594136
699.9 77584340
700 75524584
700.1 73516421
700.2 71674328
700.3 70119996
700.4 68973387
700.5 68340734
700.6 68301079
700.7 68894340
700.8 70114355
700.9 71909032
701 74187172
701.1 76829389
701.2 79699842
701.3 82656427
701.4 85558420
701.5 88271657
701.6 90671834
701.7 92646526
701.8 94096321
701.9 94935277
702 95090752
702.1 94502681
702.2 93122533
702.3 90912438
702.4 87845355
702.5 83907489
702.6 79104679
702.7 73475146
702.8 67112559
702.9 60206774
703 53116093
703.1 46490294
703.2 41427827
703.3 39437699
703.4 41704099
703.5 48098849
703.6 57471447
703.7 68616322
703.8 80650813
703.9 92973377
704 1.0516524e+08
704.1 1.1692644e+08
704.2 1.280414e+08
704.3 1.3836007e+08
704.4 1.4778636e+08
704.5 1.5626935e+08
704.6 1.637956e+08
704.7 1.7038177e+08
704.8 1.7606752e+08
704.9 1.8090885e+08
705 1.8497213e+08
705.1 1.8832915e+08
705.2 1.910532e+08
705.3 1.9321636e+08
705.4 1.9488789e+08
705.5 1.9613354e+08
705.6 1.9701561e+08
705.7 1.975934e+08
705.8 1.9792374e+08
705.9 1.9806131e+08
706 1.9805858e+08
706.1 1.9796511e+08
706.2 1.9782632e+08
706.3 1.9768177e+08
706.4 1.9756325e+08
706.5 1.9749302e+08
706.6 1.9748245e+08
706.7 1.975315e+08
706.8 1.97629e+08
706.9 1.9775394e+08
707 1.9787747e+08
707.1 1.979656e+08
707.2 1.9798209e+08
707.3 1.9789153e+08
707.4 1.9766224e+08
707.5 1.9726881e+08
707.6 1.9669427e+08
707.7 1.9593153e+08
707.8 1.9498421e+08
707.9 1.9386672e+08
708 1.9260356e+08
708.1 1.9122798e+08
708.2 1.8978031e+08
708.3 1.8830585e+08
708.4 1.8685278e+08
708.5 1.854701e+08
708.6 1.8420554e+08
708.7 1.8310347e+08
708.8 1.8220269e+08
708.9 1.8153415e+08
709 1.8111858e+08
709.1 1.8096452e+08
709.2 1.8106692e+08
709.3 1.8140688e+08
709.4 1.8195253e+08
709.5 1.8266132e+08
709.6 1.8348313e+08
709.7 1.8436391e+08
709.8 1.8524915e+08
709.9 1.8608672e+08
710 1.8682873e+08
710.1 1.8743228e+08
710.2 1.8785932e+08
710.3 1.8807595e+08
710.4 1.8805149e+08
710.5 1.8775774e+08
710.6 1.8716862e+08
710.7 1.8626038e+08
710.8 1.8501229e+08
710.9 1.8340775e+08
711 1.8143559e+08
711.1 1.7909143e+08
711.2 1.7637885e+08
711.3 1.7331032e+08
711.4 1.6990772e+08
711.5 1.6620235e+08
711.6 1.622345e+08
711.7 1.5805243e+08
711.8 1.5371069e+08
711.9 1.4926797e+08
712 1.4478423e+08
712.1 1.4031729e+08
712.2 1.3591875e+08
712.3 1.3162938e+08
712.4 1.2747405e+08
712.5 1.2345654e+08
712.6 1.1955493e+08
712.7 1.1571858e+08
712.8 1.1186833e+08
712.9 1.0790153e+08
713 1.037041e+08
713.1 99171591
713.2 94241721
713.3 88941319
713.4 83451322
713.5 78189772
713.6 73893245
713.7 71620033
713.8 72527382
713.9 77383595
714 86171517
714.1 98183332
714.2 1.1241694e+08
714.3 1.2787517e+08
714.4 1.4368004e+08
714.5 1.5909209e+08
714.6 1.7350466e+08
714.7 1.8643731e+08
714.8 1.9753162e+08
714.9 2.0654674e+08
715 2.1335225e+08
715.1 2.1791721e+08
715.2 2.2029527e+08
715.3 2.2060687e+08
715.4 2.1902004e+08
715.5 2.157313e+08
715.6 2.1094808e+08
715.7 2.0487386e+08
715.8 1.9769669e+08
715.9 1.8958131e+08
716 1.80665e+08
716.1 1.7105674e+08
716.2 1.6083939e+08
716.3 1.5007429e+08
716.4 1.3880804e+08
716.5 1.2708081e+08
716.6 1.1493628e+08
716.7 1.0243293e+08
716.8 89657615
716.9 76743283
717 63896476
717.1 51449683
717.2 39978568
717.3 30567579
717.4 25134515
717.5 25369580
717.6 30023679
717.7 36325916
717.8 42467014
717.9 47535847
718 51059181
718.1 52787559
718.2 52612491
718.3 50531297
718.4 46627529
718.5 41055500
718.6 34025116
718.7 25786231
718.8 16613147
718.9 6792272.8
719 3436747.6
719.1 13732813
719.2 23912162
719.3 33753733
719.4 43079326
719.5 51744929
719.6 59639477
719.7 66682848
719.8 72823243
719.9 78034303
720 82312265
720.1 85673365
720.2 88151573
720.3 89796680
720.4 90672675
720.5 90856289
720.6 90435565
720.7 89508297
720.8 88180189
720.9 86562620
721 84769960
721.1 82916418
721.2 81112519
721.3 79461345
721.4 78054753
721.5 76969796
721.6 76265568
721.7 75980619
721.8 76131055
721.9 76709408
722 77684407
722.1 79001858
722.2 80586934
722.3 82348156
722.4 84183278
722.5 85987050
722.6 87660663
722.7 89122337
722.8 90318363
722.9 91233573
723 91899998
723.1 92402099
723.2 92876615
723.3 93504862
723.4 94495820
723.5 96060121
723.6 98378400
723.7 1.0157119e+08
723.8 1.0567895e+08
723.9 1.1065809e+08
724 1.1639252e+08
724.1 1.2271532e+08
724.2 1.2943304e+08
724.3 1.3634726e+08
724.4 1.432709e+08
724.5 1.5003882e+08
724.6 1.565138e+08
724.7 1.6258877e+08
724.8 1.6818657e+08
724.9 1.7325771e+08
725 1.7777709e+08
725.1 1.8173987e+08
725.2 1.8515717e+08
725.3 1.8805175e+08
725.4 1.9045411e+08
725.5 1.9239919e+08
725.6 1.9392365e+08
725.7 1.9506399e+08
725.8 1.9585521e+08
725.9 1.9633016e+08
726 1.9651922e+08
726.1 1.964504e+08
726.2 1.9614966e+08
726.3 1.9564136e+08
726.4 1.9494899e+08
726.5 1.9409585e+08
726.6 1.9310604e+08
726.7 1.9200545e+08
726.8 1.9082283e+08
726.9 1.8959096e+08
727 1.8834759e+08
727.1 1.8713619e+08
727.2 1.8600634e+08
727.3 1.8501338e+08
727.4 1.8421742e+08
727.5 1.8368128e+08
727.6 1.834675e+08
727.7 1.8363443e+08
727.8 1.8423155e+08
727.9 1.8529462e+08
728 1.8684106e+08
728.1 1.8886614e+08
728.2 1.9134065e+08
728.3 1.9421033e+08
728.4 1.9739699e+08
728.5 2.0080148e+08
728.6 2.0430786e+08
728.7 2.0778858e+08
728.8 2.111101e+08
728.9 2.1413858e+08
729 2.1674547e+08
729.1 2.1881265e+08
729.2 2.2023694e+08
729.3 2.2093402e+08
729.4 2.2084158e+08
729.5 2.1992163e+08
729.6 2.1816212e+08
729.7 2.155778e+08
729.8 2.1221036e+08
729.9 2.0812799e+08
730 2.034241e+08
730.1 1.9821547e+08
730.2 1.9263928e+08
730.3 1.86849e+08
730.4 1.8100883e+08
730.5 1.7528633e+08
730.6 1.6984335e+08
730.7 1.6482567e+08
730.8 1.6035224e+08
730.9 1.5650569e+08
731 1.5332599e+08
731.1 1.5080889e+08
731.2 1.4890989e+08
731.3 1.4755324e+08
731.4 1.4664407e+08
731.5 1.4608129e+08
731.6 1.4576898e+08
731.7 1.4562444e+08
731.8 1.4558265e+08
731.9 1.4559686e+08
732 1.456365e+08
732.1 1.4568326e+08
732.2 1.4572658e+08
732.3 1.457597e+08
732.4 1.4577686e+08
732.5 1.4577208e+08
732.6 1.4573941e+08
732.7 1.456742e+08
732.8 1.4557474e+08
732.9 1.4544342e+08
733 1.4528724e+08
733.1 1.4511712e+08
733.2 1.4494635e+08
733.3 1.4478851e+08
733.4 1.446554e+08
733.5 1.4455547e+08
733.6 1.4449311e+08
733.7 1.4446897e+08
733.8 1.4448105e+08
733.9 1.445263e+08
734 1.446023e+08
734.1 1.4470862e+08
734.2 1.4484764e+08
734.3 1.4502468e+08
734.4 1.4524758e+08
734.5 1.4552595e+08
734.6 1.4587035e+08
734.7 1.4629147e+08
734.8 1.4679979e+08
734.9 1.474053e+08
735 1.4811754e+08
735.1 1.4894569e+08
735.2 1.4989838e+08
735.3 1.5098337e+08
735.4 1.5220663e+08
735.5 1.5357122e+08
735.6 1.5507582e+08
735.7 1.5671331e+08
735.8 1.5846954e+08
735.9 1.6032263e+08
736 1.6224298e+08
736.1 1.6419404e+08
736.2 1.6613373e+08
736.3 1.6801641e+08
736.4 1.6979503e+08
736.5 1.7142325e+08
736.6 1.7285716e+08
736.7 1.7405667e+08
736.8 1.7498615e+08
736.9 1.7561479e+08
737 1.7591641e+08
737.1 1.7586928e+08
737.2 1.7545585e+08
737.3 1.7466286e+08
737.4 1.7348196e+08
737.5 1.7191091e+08
737.6 1.6995578e+08
737.7 1.6763396e+08
737.8 1.6497809e+08
737.9 1.6204084e+08
738 1.5889986e+08
738.1 1.5566249e+08
738.2 1.5246873e+08
738.3 1.4949097e+08
738.4 1.4692827e+08
738.5 1.449934e+08
738.6 1.4389203e+08
738.7 1.4379581e+08
738.8 1.4481483e+08
738.9 1.4697683e+08
739 1.5021993e+08
739.1 1.5440136e+08
739.2 1.5931898e+08
739.3 1.6473879e+08
739.4 1.704218e+08
739.5 1.761455e+08
739.6 1.8171833e+08
739.7 1.869874e+08
739.8 1.9184067e+08
739.9 1.9620534e+08
740 2.000436e+08
740.1 2.0334714e+08
740.2 2.0613104e+08
740.3 2.0842781e+08
740.4 2.1028185e+08
740.5 2.117446e+08
740.6 2.1287052e+08
740.7 2.1371384e+08
740.8 2.1432609e+08
740.9 2.1475436e+08
741 2.1504025e+08
741.1 2.1521921e+08
741.2 2.1532047e+08
741.3 2.1536713e+08
741.4 2.153766e+08
741.5 2.1536107e+08
741.6 2.1532807e+08
741.7 2.1528097e+08
741.8 2.1521952e+08
741.9 2.1514019e+08
742 2.1503648e+08
742.1 2.1489918e+08
742.2 2.1471644e+08
742.3 2.1447388e+08
742.4 2.1415452e+08
742.5 2.1373872e+08
742.6 2.1320417e+08
742.7 2.1252576e+08
742.8 2.1167569e+08
742.9 2.1062368e+08
743 2.0933745e+08
743.1 2.0778361e+08
743.2 2.05929e+08
743.3 2.0374256e+08
743.4 2.0119776e+08
743.5 1.9827548e+08
743.6 1.9496712e+08
743.7 1.9127773e+08
743.8 1.8722859e+08
743.9 1.828589e+08
744 1.7822612e+08
744.1 1.7340453e+08
744.2 1.6848208e+08
744.3 1.6355559e+08
744.4 1.5872469e+08
744.5 1.5408545e+08
744.6 1.4972419e+08
744.7 1.4571242e+08
744.8 1.4210327e+08
744.9 1.3892987e+08
745 1.3620535e+08
745.1 1.3392458e+08
745.2 1.32067e+08
745.3 1.3060045e+08
745.4 1.2948539e+08
745.5 1.2867919e+08
745.6 1.2814008e+08
745.7 1.2783043e+08
745.8 1.2771917e+08
745.9 1.277831e+08
746 1.2800736e+08
746.1 1.2838501e+08
746.2 1.2891603e+08
746.3 1.2960595e+08
746.4 1.3046426e+08
746.5 1.3150298e+08
746.6 1.3273518e+08
746.7 1.3417375e+08
746.8 1.358303e+08
746.9 1.3771403e+08
747 1.3983073e+08
747.1 1.4218156e+08
747.2 1.4476193e+08
747.3 1.4756024e+08
747.4 1.5055679e+08
747.5 1.5372292e+08
747.6 1.570205e+08
747.7 1.6040217e+08
747.8 1.6381211e+08
747.9 1.6718783e+08
748 1.704626e+08
748.1 1.7356873e+08
748.2 1.7644121e+08
748.3 1.7902159e+08
748.4 1.8126159e+08
748.5 1.8312612e+08
748.6 1.8459523e+08
748.7 1.8566492e+08
748.8 1.8634648e+08
748.9 1.8666455e+08
749 1.86654e+08
749.1 1.863561e+08
749.2 1.8581424e+08
749.3 1.8506963e+08
749.4 1.8415751e+08
749.5 1.8310395e+08
749.6 1.8192362e+08
749.7 1.8061853e+08
749.8 1.7917776e+08
749.9 1.7757807e+08
750 1.7578536e+08
750.1 1.737566e+08
750.2 1.7144234e+08
750.3 1.687894e+08
750.4 1.6574379e+08
750.5 1.6225369e+08
750.6 1.5827245e+08
750.7 1.5376165e+08
750.8 1.4869433e+08
750.9 1.4305844e+08
751 1.3686085e+08
751.1 1.3013234e+08
751.2 1.2293413e+08
751.3 1.1536681e+08
751.4 1.0758268e+08
751.5 99802536
751.6 92336295
751.7 85603048
751.8 80134974
751.9 76533875
752 75346881
752.1 76881680
752.2 81076753
752.3 87536424
752.4 95690272
752.5 1.0494787e+08
752.6 1.1478235e+08
752.7 1.2475511e+08
752.8 1.3451308e+08
752.9 1.4377912e+08
753 1.5234301e+08
753.1 1.6005476e+08
753.2 1.6681958e+08
753.3 1.7259334e+08
753.4 1.7737774e+08
753.5 1.812146e+08
753.6 1.8417919e+08
753.7 1.8637248e+08
753.8 1.8791277e+08
753.9 1.8892698e+08
754 1.8954215e+08
754.1 1.898778e+08
754.2 1.9003967e+08
754.3 1.9011542e+08
754.4 1.9017257e+08
754.5 1.9025879e+08
754.6 1.904042e+08
754.7 1.9062535e+08
754.8 1.9093007e+08
754.9 1.9132242e+08
755 1.9180734e+08
755.1 1.9239416e+08
755.2 1.9309884e+08
755.3 1.9394476e+08
755.4 1.9496183e+08
755.5 1.961838e+08
755.6 1.9764385e+08
755.7 1.9936814e+08
755.8 2.0136769e+08
755.9 2.0362918e+08
756 2.0610576e+08
756.1 2.0870975e+08
756.2 2.1130918e+08
756.3 2.1372984e+08
756.4 2.1576377e+08
756.5 2.1718399e+08
756.6 2.1776366e+08
756.7 2.1729751e+08
756.8 2.1562245e+08
756.9 2.1263457e+08
757 2.0830047e+08
757.1 2.0266157e+08
757.2 1.9583105e+08
757.3 1.8798424e+08
757.4 1.7934383e+08
757.5 1.701617e+08
757.6 1.6069967e+08
757.7 1.5121103e+08
757.8 1.4192468e+08
757.9 1.3303341e+08
758 1.2468701e+08
758.1 1.1699078e+08
758.2 1.1000915e+08
758.3 1.0377346e+08
758.4 98292287
758.5 93562539
758.6 89579085
758.7 86341270
758.8 83855145
758.9 82131169
759 81178088
759.1 80994716
759.2 81561938
759.3 82837205
759.4 84752953
759.5 87219007
759.6 90127938
759.7 93361778
759.8 96798720
759.9 1.0031891e+08
760 1.0380897e+08
760.1 1.0716534e+08
760.2 1.1029649e+08
760.3 1.1312438e+08
760.4 1.1558534e+08
760.5 1.1763054e+08
760.6 1.1922618e+08
760.7 1.2035363e+08
760.8 1.2100948e+08
760.9 1.2120556e+08
761 1.2096897e+08
761.1 1.2034191e+08
761.2 1.1938127e+08
761.3 1.1815761e+08
761.4 1.1675347e+08
761.5 1.152604e+08
761.6 1.1377486e+08
761.7 1.123927e+08
761.8 1.1120265e+08
761.9 1.1027936e+08
762 1.09677e+08
762.1 1.0942461e+08
762.2 1.0952398e+08
762.3 1.0995066e+08
762.4 1.106577e+08
762.5 1.1158147e+08
762.6 1.126482e+08
762.7 1.1378019e+08
762.8 1.1490109e+08
762.9 1.1593954e+08
763 1.1683145e+08
763.1 1.1752095e+08
763.2 1.179604e+08
763.3 1.1810994e+08
763.4 1.1793662e+08
763.5 1.1741369e+08
763.6 1.1652e+08
763.7 1.1523981e+08
763.8 1.1356291e+08
763.9 1.1148529e+08
764 1.0901013e+08
764.1 1.061493e+08
764.2 1.0292503e+08
764.3 99371793
764.4 95538241
764.5 91488776
764.6 87304605
764.7 83083703
764.8 78939088
764.9 74994600
765 71377364
765.1 68206424
765.2 65578110
765.3 63550404
765.4 62130454
765.5 61269788
765.6 60869650
765.7 60795047
765.8 60892908
765.9 61009389
766 61003201
766.1 60754379
766.2 60169573
766.3 59185781
766.4 57774521
766.5 55948517
766.6 53772967
766.7 51383333
766.8 49010048
766.9 47004578
767 45846258
767.1 46089190
767.2 48220292
767.3 52488379
767.4 58840407
767.5 67005339
767.6 76623297
767.7 87329703
767.8 98786452
767.9 1.106855e+08
768 1.2274417e+08
768.1 1.3470045e+08
768.2 1.4631023e+08
768.3 1.5734647e+08
768.4 1.6759965e+08
768.5 1.7687869e+08
768.6 1.8501207e+08
768.7 1.9184891e+08
768.8 1.972597e+08
768.9 2.011371e+08
769 2.0339662e+08
769.1 2.0397755e+08
769.2 2.0284442e+08
769.3 1.9998898e+08
769.4 1.9543306e+08
769.5 1.8923224e+08
769.6 1.8148046e+08
769.7 1.7231552e+08
769.8 1.6192558e+08
769.9 1.5055696e+08
770 1.3852381e+08
770.1 1.2622018e+08
770.2 1.1413445e+08
770.3 1.0286214e+08
770.4 93102257
770.5 85602491
770.6 81007416
770.7 79621210
770.8 81236949
770.9 85208668
771 90713801
771.1 96992069
771.2 1.034539e+08
771.3 1.0969049e+08
771.4 1.1544439e+08
771.5 1.2057392e+08
771.6 1.2502266e+08
771.7 1.2879539e+08
771.8 1.3193943e+08
771.9 1.3452969e+08
772 1.3665636e+08
772.1 1.3841443e+08
772.2 1.3989472e+08
772.3 1.4117626e+08
772.4 1.4232008e+08
772.5 1.4336461e+08
772.6 1.4432275e+08
772.7 1.4518087e+08
772.8 1.4589976e+08
772.9 1.4641746e+08
773 1.4665406e+08
773.1 1.4651816e+08
773.2 1.4591486e+08
773.3 1.4475495e+08
773.4 1.4296491e+08
773.5 1.4049725e+08
773.6 1.3734072e+08
773.7 1.3352964e+08
773.8 1.2915168e+08
773.9 1.243531e+08
774 1.1934003e+08
774.1 1.1437384e+08
774.2 1.0975766e+08
774.3 1.0581115e+08
774.4 1.0283205e+08
774.5 1.01049e+08
774.6 1.005777e+08
774.7 1.0139784e+08
774.8 1.0336192e+08
774.9 1.0623231e+08
775 1.0973021e+08
775.1 1.1357921e+08
775.2 1.1753475e+08
775.3 1.213987e+08
775.4 1.2502304e+08
775.5 1.2830678e+08
775.6 1.3118964e+08
775.7 1.336445e+08
775.8 1.3566991e+08
775.9 1.372832e+08
776 1.3851457e+08
776.1 1.3940223e+08
776.2 1.3998868e+08
776.3 1.4031799e+08
776.4 1.4043399e+08
776.5 1.4037929e+08
776.6 1.4019494e+08
776.7 1.3992048e+08
776.8 1.3959438e+08
776.9 1.392545e+08
777 1.3893853e+08
777.1 1.3868433e+08
777.2 1.3852988e+08
777.3 1.3851296e+08
777.4 1.3867056e+08
777.5 1.3903788e+08
777.6 1.3964727e+08
777.7 1.4052706e+08
777.8 1.4170045e+08
777.9 1.4318474e+08
778 1.4499072e+08
778.1 1.4712257e+08
778.2 1.49578e+08
778.3 1.5234867e+08
778.4 1.5542072e+08
778.5 1.5877532e+08
778.6 1.6238899e+08
778.7 1.6623382e+08
778.8 1.7027733e+08
778.9 1.7448213e+08
779 1.7880547e+08
779.1 1.8319868e+08
779.2 1.8760684e+08
779.3 1.9196863e+08
779.4 1.9621667e+08
779.5 2.0027847e+08
779.6 2.0407789e+08
779.7 2.0753733e+08
779.8 2.105804e+08
779.9 2.131349e+08
780 2.1513593e+08
780.1 2.1652875e+08
780.2 2.1727108e+08
780.3 2.1733458e+08
780.4 2.1670535e+08
780.5 2.1538337e+08
780.6 2.1338094e+08
780.7 2.1072039e+08
780.8 2.0743128e+08
780.9 2.0354743e+08
781 1.9910408e+08
781.1 1.9413547e+08
781.2 1.8867305e+08
781.3 1.8274443e+08
781.4 1.7637308e+08
781.5 1.6957903e+08
781.6 1.6238017e+08
781.7 1.5479457e+08
781.8 1.4684338e+08
781.9 1.3855471e+08
782 1.2996817e+08
782.1 1.2114049e+08
782.2 1.1215229e+08
782.3 1.0311634e+08
782.4 94187612
782.5 85575203
782.6 77554327
782.7 70472632
782.8 64736150
782.9 60750976
783 58807174
783.1 58947112
783.2 60918451
783.3 64261840
783.4 68460102
783.5 73049756
783.6 77666736
783.7 82049140
783.8 86023133
783.9 89485767
784 92389446
784.1 94728845
784.2 96530015
784.3 97841264
784.4 98725538
784.5 99254137
784.6 99501653
784.7 99542017
784.8 99445521
784.9 99276707
785 99092954
785.1 98943644
785.2 98869738
785.3 98903611
785.4 99069011
785.5 99381007
785.6 99845902
785.7 1.0046113e+08
785.8 1.0121525e+08
785.9 1.0208819e+08
786 1.0305191e+08
786.1 1.0407157e+08
786.2 1.0510718e+08
786.3 1.061157e+08
786.4 1.0705343e+08
786.5 1.0787832e+08
786.6 1.0855222e+08
786.7 1.0904274e+08
786.8 1.0932459e+08
786.9 1.0938049e+08
787 1.0920145e+08
787.1 1.0878668e+08
787.2 1.0814302e+08
787.3 1.0728423e+08
787.4 1.0623002e+08
787.5 1.0500517e+08
787.6 1.0363864e+08
787.7 1.0216301e+08
787.8 1.0061408e+08
787.9 99030780
788 97455329
788.1 95933570
788.2 94515326
788.3 93254572
788.4 92209208
788.5 91440158
788.6 91009598
788.7 90978239
788.8 91401779
788.9 92326893
789 93787375
789.1 95801086
789.2 98368326
789.3 1.0147188e+08
789.4 1.0507865e+08
789.5 1.0914254e+08
789.6 1.1360795e+08
789.7 1.1841336e+08
789.8 1.234947e+08
789.9 1.2878811e+08
790 1.3423208e+08
790.1 1.3976893e+08
790.2 1.4534574e+08
790.3 1.5091478e+08
790.4 1.5643349e+08
790.5 1.6186424e+08
790.6 1.6717379e+08
790.7 1.7233268e+08
790.8 1.7731456e+08
790.9 1.8209562e+08
791 1.8665399e+08
791.1 1.909695e+08
791.2 1.9502347e+08
791.3 1.9879882e+08
791.4 2.0228041e+08
791.5 2.0545559e+08
791.6 2.0831484e+08
791.7 2.1085264e+08
791.8 2.1306818e+08
791.9 2.1496611e+08
792 2.1655692e+08
792.1 2.1785708e+08
792.2 2.1888864e+08
792.3 2.196783e+08
792.4 2.2025601e+08
792.5 2.2065301e+08
792.6 2.2089963e+08
792.7 2.2102307e+08
792.8 2.210454e+08
792.9 2.2098218e+08
793 2.2084208e+08
793.1 2.2062742e+08
793.2 2.2033591e+08
793.3 2.1996324e+08
793.4 2.1950622e+08
793.5 2.1896608e+08
793.6 2.1835133e+08
793.7 2.1767992e+08
793.8 2.1698018e+08
793.9 2.1629037e+08
794 2.1565689e+08
794.1 2.1513089e+08
794.2 2.1476382e+08
794.3 2.1460188e+08
794.4 2.1468005e+08
794.5 2.1501607e+08
794.6 2.1560505e+08
794.7 2.164152e+08
794.8 2.1738523e+08
794.9 2.1842384e+08
795 2.1941115e+08
795.1 2.2020233e+08
795.2 2.2063301e+08
795.3 2.2052623e+08
795.4 2.1970082e+08
795.5 2.1798115e+08
795.6 2.1520827e+08
795.7 2.1125313e+08
795.8 2.0603223e+08
795.9 1.9952692e+08
796 1.9180713e+08
796.1 1.830605e+08
796.2 1.7362629e+08
796.3 1.6402997e+08
796.4 1.5500579e+08
796.5 1.4747813e+08
796.6 1.4245559e+08
796.7 1.4080457e+08
796.8 1.4295697e+08
796.9 1.4872239e+08
797 1.5734763e+08
797.1 1.6776742e+08
797.2 1.7887021e+08
797.3 1.8967004e+08
797.4 1.9938262e+08
797.5 2.0744306e+08
797.6 2.1349635e+08
797.7 2.1737647e+08
797.8 2.190807e+08
797.9 2.1874183e+08
798 2.1659942e+08
798.1 2.1297091e+08
798.2 2.0822328e+08
798.3 2.027459e+08
798.4 1.9692494e+08
798.5 1.9112006e+08
798.6 1.8564414e+08
798.7 1.8074738e+08
798.8 1.7660703e+08
798.9 1.7332435e+08
799 1.7092896e+08
799.1 1.6939e+08
799.2 1.6863152e+08
799.3 1.6854915e+08
799.4 1.6902523e+08
799.5 1.6994023e+08
799.6 1.7118025e+08
799.7 1.7264077e+08
799.8 1.7422824e+08
799.9 1.7586042e+08
800 1.774668e+08
800.1 1.7898927e+08
800.2 1.8038316e+08
800.3 1.8161805e+08
800.4 1.8267792e+08
800.5 1.835602e+08
800.6 1.8427363e+08
800.7 1.8483526e+08
800.8 1.85267e+08
800.9 1.8559229e+08
801 1.858334e+08
801.1 1.8600955e+08
801.2 1.8613594e+08
801.3 1.8622359e+08
801.4 1.8627986e+08
801.5 1.863092e+08
801.6 1.8631423e+08
801.7 1.8629672e+08
801.8 1.8625853e+08
801.9 1.8620235e+08
802 1.8613226e+08
802.1 1.8605396e+08
802.2 1.8597495e+08
802.3 1.8590437e+08
802.4 1.8585291e+08
802.5 1.858326e+08
802.6 1.8585659e+08
802.7 1.8593897e+08
802.8 1.8609458e+08
802.9 1.8633864e+08
803 1.8668625e+08
803.1 1.8715174e+08
803.2 1.8774761e+08
803.3 1.8848334e+08
803.4 1.8936404e+08
803.5 1.9038907e+08
803.6 1.9155085e+08
803.7 1.9283405e+08
803.8 1.9421532e+08
803.9 1.9566365e+08
804 1.9714132e+08
804.1 1.9860539e+08
804.2 2.0000949e+08
804.3 2.0130578e+08
804.4 2.0244675e+08
804.5 2.0338671e+08
804.6 2.040829e+08
804.7 2.044962e+08
804.8 2.0459132e+08
804.9 2.0433672e+08
805 2.0370433e+08
805.1 2.0266907e+08
805.2 2.0120836e+08
805.3 1.9930176e+08
805.4 1.9693065e+08
805.5 1.9407813e+08
805.6 1.9072915e+08
805.7 1.8687093e+08
805.8 1.8249366e+08
805.9 1.7759161e+08
806 1.7216466e+08
806.1 1.6622018e+08
806.2 1.5977528e+08
806.3 1.5285942e+08
806.4 1.4551704e+08
806.5 1.3781024e+08
806.6 1.2982113e+08
806.7 1.2165361e+08
806.8 1.1343426e+08
806.9 1.0531194e+08
807 97455393
807.1 90048315
807.2 83280586
807.3 77334964
807.4 72369217
807.5 68496398
807.6 65769724
807.7 64180686
807.8 63675659
807.9 64187164
808 65667186
808.1 68108140
808.2 71542724
808.3 76022572
808.4 81583331
808.5 88208099
808.6 95800445
808.7 1.0417325e+08
808.8 1.1305367e+08
808.9 1.2210085e+08
809 1.3093199e+08
809.1 1.391531e+08
809.2 1.4639113e+08
809.3 1.5232442e+08
809.4 1.5670828e+08
809.5 1.5939304e+08
809.6 1.6033243e+08
809.7 1.5958202e+08
809.8 1.5728821e+08
809.9 1.5367022e+08
810 1.4899782e+08
810.1 1.4356786e+08
810.2 1.3768235e+08
810.3 1.3162995e+08
810.4 1.2567204e+08
810.5 1.2003366e+08
810.6 1.1489917e+08
810.7 1.1041191e+08
810.8 1.0667699e+08
810.9 1.0376619e+08
811 1.0172356e+08
811.1 1.0057073e+08
811.2 1.0031078e+08
811.3 1.0093019e+08
811.4 1.023989e+08
811.5 1.0466905e+08
811.6 1.0767335e+08
811.7 1.1132412e+08
811.8 1.1551348e+08
811.9 1.2011531e+08
812 1.2498885e+08
812.1 1.2998384e+08
812.2 1.3494684e+08
812.3 1.3972827e+08
812.4 1.4418983e+08
812.5 1.4821147e+08
812.6 1.5169768e+08
812.7 1.5458228e+08
812.8 1.5683136e+08
812.9 1.5844417e+08
813 1.5945182e+08
813.1 1.5991406e+08
813.2 1.5991454e+08
813.3 1.5955517e+08
813.4 1.5895019e+08
813.5 1.5822056e+08
813.6 1.5748905e+08
813.7 1.5687632e+08
813.8 1.5649765e+08
813.9 1.564601e+08
814 1.5685941e+08
814.1 1.5777624e+08
814.2 1.5927155e+08
814.3 1.6138133e+08
814.4 1.6411164e+08
814.5 1.6743501e+08
814.6 1.7128926e+08
814.7 1.7557963e+08
814.8 1.8018401e+08
814.9 1.8496094e+08
815 1.8975897e+08
815.1 1.9442651e+08
815.2 1.9882067e+08
815.3 2.0281458e+08
815.4 2.063025e+08
815.5 2.0920281e+08
815.6 2.1145895e+08
815.7 2.1303869e+08
815.8 2.1393227e+08
815.9 2.1414982e+08
816 2.1371837e+08
816.1 2.1267889e+08
816.2 2.1108348e+08
816.3 2.0899289e+08
816.4 2.0647428e+08
816.5 2.0359946e+08
816.6 2.0044333e+08
816.7 1.9708258e+08
816.8 1.9359461e+08
816.9 1.9005636e+08
817 1.8654328e+08
817.1 1.8312809e+08
817.2 1.7987952e+08
817.3 1.7686097e+08
817.4 1.7412916e+08
817.5 1.7173279e+08
817.6 1.6971117e+08
817.7 1.6809292e+08
817.8 1.6689448e+08
817.9 1.6611835e+08
818 1.6575121e+08
818.1 1.6576176e+08
818.2 1.6609866e+08
818.3 1.6668906e+08
818.4 1.6743805e+08
818.5 1.6822984e+08
818.6 1.6893101e+08
818.7 1.6939616e+08
818.8 1.694761e+08
818.9 1.6902812e+08
819 1.6792789e+08
819.1 1.6608173e+08
819.2 1.634382e+08
819.3 1.5999727e+08
819.4 1.5581578e+08
819.5 1.5100792e+08
819.6 1.4574018e+08
819.7 1.4022091e+08
819.8 1.3468568e+08
819.9 1.2938029e+08
820 1.2454402e+08
820.1 1.2039574e+08
820.2 1.1712477e+08
820.3 1.148869e+08
820.4 1.138041e+08
820.5 1.1396488e+08
820.6 1.1542203e+08
820.7 1.1818614e+08
820.8 1.2221607e+08
820.9 1.2740982e+08
821 1.3359952e+08
821.1 1.4055315e+08
821.2 1.479832e+08
821.3 1.5556107e+08
821.4 1.6293538e+08
821.5 1.6975231e+08
821.6 1.7567636e+08
821.7 1.8041021e+08
821.8 1.8371222e+08
821.9 1.8541033e+08
822 1.8541134e+08
822.1 1.8370468e+08
822.2 1.803606e+08
822.3 1.7552296e+08
822.4 1.6939759e+08
822.5 1.6223751e+08
822.6 1.5432634e+08
822.7 1.4596164e+08
822.8 1.37439e+08
822.9 1.2903807e+08
823 1.2101063e+08
823.1 1.1357087e+08
823.2 1.0688797e+08
823.3 1.0108112e+08
823.4 96217483
823.5 92314256
823.6 89345166
823.7 87251419
823.8 85955545
823.9 85375802
824 85438676
824.1 86087731
824.2 87288123
824.3 89026970
824.4 91310304
824.5 94157562
824.6 97594639
824.7 1.0164646e+08
824.8 1.0633001e+08
824.9 1.1164846e+08
825 1.1758687e+08
825.1 1.2410956e+08
825.2 1.3115901e+08
825.3 1.3865604e+08
825.4 1.465008e+08
825.5 1.5457448e+08
825.6 1.6274138e+08
825.7 1.708513e+08
825.8 1.7874221e+08
825.9 1.8624315e+08
826 1.9317747e+08
826.1 1.9936626e+08
826.2 2.0463217e+08
826.3 2.0880354e+08
826.4 2.1171878e+08
826.5 2.1323104e+08
826.6 2.1321303e+08
826.7 2.115618e+08
826.8 2.0820343e+08
826.9 2.030973e+08
827 1.962397e+08
827.1 1.8766672e+08
827.2 1.7745631e+08
827.3 1.657295e+08
827.4 1.5265154e+08
827.5 1.3843378e+08
827.6 1.2333868e+08
827.7 1.0769247e+08
827.8 91915260
827.9 76589381
828 62606707
828.1 51429927
828.2 45217453
828.3 45716230
828.4 52211216
828.5 62256645
828.6 73800368
828.7 85639118
828.8 97106954
828.9 1.0782028e+08
829 1.175492e+08
829.1 1.2615814e+08
829.2 1.3357874e+08
829.3 1.3979723e+08
829.4 1.4484773e+08
829.5 1.4880669e+08
829.6 1.517861e+08
829.7 1.5392417e+08
829.8 1.553737e+08
829.9 1.5628908e+08
830 1.5681391e+08
830.1 1.5707139e+08
830.2 1.5715901e+08
830.3 1.5714818e+08
830.4 1.5708813e+08
830.5 1.5701231e+08
830.6 1.56945e+08
830.7 1.5690634e+08
830.8 1.5691433e+08
830.9 1.5698412e+08
831 1.5712518e+08
831.1 1.573382e+08
831.2 1.5761327e+08
831.3 1.5793031e+08
831.4 1.5826208e+08
831.5 1.5857891e+08
831.6 1.5885413e+08
831.7 1.5906873e+08
831.8 1.5921451e+08
831.9 1.5929508e+08
832 1.5932504e+08
832.1 1.5932764e+08
832.2 1.5933168e+08
832.3 1.5936838e+08
832.4 1.594687e+08
832.5 1.5966157e+08
832.6 1.5997311e+08
832.7 1.6042669e+08
832.8 1.6104379e+08
832.9 1.6184495e+08
833 1.628506e+08
833.1 1.640814e+08
833.2 1.6555755e+08
833.3 1.6729721e+08
833.4 1.6931377e+08
833.5 1.7161247e+08
833.6 1.7418658e+08
833.7 1.7701385e+08
833.8 1.8005364e+08
833.9 1.8324552e+08
834 1.8650948e+08
834.1 1.8974813e+08
834.2 1.928509e+08
834.3 1.9569995e+08
834.4 1.9817763e+08
834.5 2.0017501e+08
834.6 2.0160105e+08
834.7 2.0239175e+08
834.8 2.025186e+08
834.9 2.0199549e+08
835 2.0088305e+08
835.1 1.9928929e+08
835.2 1.9736578e+08
835.3 1.9529825e+08
835.4 1.9329185e+08
835.5 1.9155176e+08
835.6 1.9026116e+08
835.7 1.8956013e+08
835.8 1.8952936e+08
835.9 1.901822e+08
836 1.9146672e+08
836.1 1.9327715e+08
836.2 1.9547159e+08
836.3 1.9789207e+08
836.4 2.003833e+08
836.5 2.0280755e+08
836.6 2.0505454e+08
836.7 2.0704626e+08
836.8 2.0873741e+08
836.9 2.1011255e+08
837 2.1118097e+08
837.1 2.1197049e+08
837.2 2.1252099e+08
837.3 2.1287833e+08
837.4 2.1308925e+08
837.5 2.1319747e+08
837.6 2.1324095e+08
837.7 2.1325046e+08
837.8 2.1324907e+08
837.9 2.1325253e+08
838 2.1327009e+08
838.1 2.1330577e+08
838.2 2.1335964e+08
838.3 2.1342913e+08
838.4 2.1351014e+08
838.5 2.1359799e+08
838.6 2.1368815e+08
838.7 2.1377664e+08
838.8 2.1386033e+08
838.9 2.1393701e+08
839 2.1400536e+08
839.1 2.1406476e+08
839.2 2.1411511e+08
839.3 2.1415663e+08
839.4 2.1418958e+08
839.5 2.1421401e+08
839.6 2.1422958e+08
839.7 2.1423522e+08
839.8 2.1422888e+08
839.9 2.142071e+08
840 2.1416449e+08
840.1 2.1409312e+08
840.2 2.1398161e+08
840.3 2.1381415e+08
840.4 2.1356931e+08
840.5 2.132188e+08
840.6 2.1272623e+08
840.7 2.1204617e+08
840.8 2.1112358e+08
840.9 2.0989412e+08
841 2.0828542e+08
841.1 2.0621998e+08
841.2 2.0361966e+08
841.3 2.0041226e+08
841.4 1.965401e+08
841.5 1.9197047e+08
841.6 1.8670756e+08
841.7 1.8080504e+08
841.8 1.74378e+08
841.9 1.6761259e+08
842 1.6077052e+08
842.1 1.5418486e+08
842.2 1.4824208e+08
842.3 1.4334574e+08
842.4 1.3986107e+08
842.5 1.3804841e+08
842.6 1.3800563e+08
842.7 1.3964346e+08
842.8 1.42706e+08
842.9 1.4682666e+08
843 1.5159543e+08
843.1 1.5661579e+08
843.2 1.6154152e+08
843.3 1.6609429e+08
843.4 1.700674e+08
843.5 1.7332129e+08
843.6 1.7577496e+08
843.7 1.7739605e+08
843.8 1.781908e+08
843.9 1.7819503e+08
844 1.774663e+08
844.1 1.7607745e+08
844.2 1.7411171e+08
844.3 1.7165891e+08
844.4 1.6881297e+08
844.5 1.6567004e+08
844.6 1.6232728e+08
844.7 1.5888161e+08
844.8 1.5542837e+08
844.9 1.5205949e+08
845 1.4886113e+08
845.1 1.4591076e+08
845.2 1.4327389e+08
845.3 1.4100086e+08
845.4 1.3912398e+08
845.5 1.3765532e+08
845.6 1.3658545e+08
845.7 1.3588294e+08
845.8 1.3549456e+08
845.9 1.3534602e+08
846 1.3534328e+08
846.1 1.3537464e+08
846.2 1.3531411e+08
846.3 1.3502668e+08
846.4 1.3437606e+08
846.5 1.3323503e+08
846.6 1.3149835e+08
846.7 1.2909753e+08
846.8 1.2601646e+08
846.9 1.223066e+08
847 1.1809971e+08
847.1 1.1361589e+08
847.2 1.0916314e+08
847.3 1.0512273e+08
847.4 1.0191377e+08
847.5 99932912
847.6 99476924
847.7 1.0067344e+08
847.8 1.0345314e+08
847.9 1.0757812e+08
848 1.1270904e+08
848.1 1.1847721e+08
848.2 1.2453752e+08
848.3 1.3059674e+08
848.4 1.3642227e+08
848.5 1.418397e+08
848.6 1.467248e+08
848.7 1.5099404e+08
848.8 1.5459506e+08
848.9 1.5749843e+08
849 1.5969071e+08
849.1 1.6116908e+08
849.2 1.6193747e+08
849.3 1.6200409e+08
849.4 1.6138025e+08
849.5 1.6008029e+08
849.6 1.5812249e+08
849.7 1.5553072e+08
849.8 1.5233676e+08
849.9 1.4858305e+08
850 1.4432581e+08
850.1 1.3963828e+08
850.2 1.3461399e+08
850.3 1.293698e+08
850.4 1.2404814e+08
850.5 1.1881782e+08
850.6 1.1387217e+08
850.7 1.0942287e+08
850.8 1.0568764e+08
850.9 1.0287109e+08
851 1.0114003e+08
851.1 1.005986e+08
851.2 1.012711e+08
851.3 1.0309946e+08
851.4 1.0595673e+08
851.5 1.0967083e+08
851.6 1.1405037e+08
851.7 1.1890536e+08
851.8 1.2406029e+08
851.9 1.2935985e+08
852 1.3466927e+08
852.1 1.398716e+08
852.2 1.4486356e+08
852.3 1.4955123e+08
852.4 1.5384624e+08
852.5 1.5766304e+08
852.6 1.6091715e+08
852.7 1.6352475e+08
852.8 1.6540321e+08
852.9 1.6647265e+08
853 1.6665817e+08
853.1 1.6589278e+08
853.2 1.6412081e+08
853.3 1.61302e+08
853.4 1.5741653e+08
853.5 1.5247145e+08
853.6 1.465096e+08
853.7 1.3962214e+08
853.8 1.3196665e+08
853.9 1.2379278e+08
854 1.1547659e+08
854.1 1.0756034e+08
854.2 1.0078046e+08
854.3 96038761
854.4 94247436
854.5 96033079
854.6 1.0145951e+08
854.7 1.1000606e+08
854.8 1.2080313e+08
854.9 1.3290298e+08
855 1.4543949e+08
855.1 1.5768459e+08
855.2 1.6905508e+08
855.3 1.791049e+08
855.4 1.8751587e+08
855.5 1.9408908e+08
855.6 1.9873598e+08
855.7 2.01468e+08
855.8 2.0238389e+08
855.9 2.01655e+08
856 1.9950895e+08
856.1 1.9621245e+08
856.2 1.9205431e+08
856.3 1.8732941e+08
856.4 1.8232434e+08
856.5 1.7730522e+08
856.6 1.7250798e+08
856.7 1.6813133e+08
856.8 1.6433223e+08
856.9 1.6122386e+08
857 1.5887589e+08
857.1 1.573168e+08
857.2 1.5653781e+08
857.3 1.5649826e+08
857.4 1.5713168e+08
857.5 1.5835236e+08
857.6 1.6006179e+08
857.7 1.6215478e+08
857.8 1.6452481e+08
857.9 1.6706869e+08
858 1.6969018e+08
858.1 1.7230272e+08
858.2 1.7483129e+08
858.3 1.772134e+08
858.4 1.7939936e+08
858.5 1.8135204e+08
858.6 1.8304617e+08
858.7 1.8446739e+08
858.8 1.8561116e+08
858.9 1.8648167e+08
859 1.870908e+08
859.1 1.8745724e+08
859.2 1.8760589e+08
859.3 1.8756761e+08
859.4 1.8737946e+08
859.5 1.8708545e+08
859.6 1.8673772e+08
859.7 1.8639786e+08
859.8 1.8613794e+08
859.9 1.8604037e+08
860 1.861959e+08
860.1 1.8669877e+08
860.2 1.8763873e+08
860.3 1.8909022e+08
860.4 1.9109959e+08
860.5 1.936726e+08
860.6 1.9676433e+08
860.7 2.0027379e+08
860.8 2.0404435e+08
860.9 2.0787015e+08
861 2.1150733e+08
861.1 2.1468848e+08
861.2 2.1713853e+08
861.3 2.1859054e+08
861.4 2.1880032e+08
861.5 2.1755947e+08
861.6 2.1470624e+08
861.7 2.1013432e+08
861.8 2.0379937e+08
861.9 1.9572344e+08
862 1.8599717e+08
862.1 1.7478005e+08
862.2 1.622988e+08
862.3 1.4884448e+08
862.4 1.3476903e+08
862.5 1.2048223e+08
862.6 1.0645034e+08
862.7 93196276
862.8 81296647
862.9 71358532
863 63939140
863.1 59375636
863.2 57586764
863.3 58036343
863.4 59945402
863.5 62569936
863.6 65351877
863.7 67936623
863.8 70131666
863.9 71856972
864 73104572
864.1 73909461
864.2 74329704
864.3 74433279
864.4 74289706
864.5 73965044
864.6 73519219
864.7 73004883
864.8 72467237
864.9 71944345
865 71467604
865.1 71062144
865.2 70746987
865.3 70534909
865.4 70432007
865.5 70437078
865.6 70540955
865.7 70726031
865.8 70966177
865.9 71227242
866 71468259
866.1 71643349
866.2 71704249
866.3 71603295
866.4 71296660
866.5 70747620
866.6 69929667
866.7 68829264
866.8 67448068
866.9 65804397
867 63933679
867.1 61887556
867.2 59731261
867.3 57538912
867.4 55386565
867.5 53343277
867.6 51461177
867.7 49766364
867.8 48252964
867.9 46882383
868 45588475
868.1 44287613
868.2 42891345
868.3 41319127
868.4 39509426
868.5 37428666
868.6 35078620
868.7 32503704
868.8 29800141
868.9 27128723
869 24729520
869.1 22924770
869.2 22073241
869.3 22443008
869.4 24071092
869.5 26761622
869.6 30219106
869.7 34168260
869.8 38397864
869.9 42759262
870 47152764
870.1 51515037
870.2 55809878
870.3 60021759
870.4 64151151
870.5 68210856
870.6 72222890
870.7 76215583
870.8 80220714
870.9 84270573
871 88394882
871.1 92617551
871.2 96953339
871.3 1.0140451e+08
871.4 1.0595771e+08
871.5 1.1058135e+08
871.6 1.1522389e+08
871.7 1.1981341e+08
871.8 1.2425897e+08
871.9 1.28454e+08
872 1.3228177e+08
872.1 1.3562284e+08
872.2 1.3836372e+08
872.3 1.4040592e+08
872.4 1.4167425e+08
872.5 1.4212319e+08
872.6 1.4174053e+08
872.7 1.4054793e+08
872.8 1.3859866e+08
872.9 1.3597329e+08
873 1.3277443e+08
873.1 1.2912174e+08
873.2 1.2514793e+08
873.3 1.2099621e+08
873.4 1.1681856e+08
873.5 1.1277377e+08
873.6 1.0902342e+08
873.7 1.057241e+08
873.8 1.0301485e+08
873.9 1.0100059e+08
874 99734918
874.1 99207433
874.2 99340725
874.3 99998986
874.4 1.0100626e+08
874.5 1.0216928e+08
874.6 1.0329983e+08
874.7 1.0423303e+08
874.8 1.0484085e+08
874.9 1.0504112e+08
875 1.0480359e+08
875.1 1.0415428e+08
875.2 1.0317853e+08
875.3 1.0202257e+08
875.4 1.0089138e+08
875.5 1.0003908e+08
875.6 99746962
875.7 1.0028569e+08
875.8 1.0186396e+08
875.9 1.0457514e+08
876 1.083594e+08
876.1 1.1299509e+08
876.2 1.181202e+08
876.3 1.2327358e+08
876.4 1.279434e+08
876.5 1.316148e+08
876.6 1.3381446e+08
876.7 1.3415228e+08
876.8 1.3236105e+08
876.9 1.2833423e+08
877 1.2216225e+08
877.1 1.1416891e+08
877.2 1.0495033e+08
877.3 95415801
877.4 86806082
877.5 80596999
877.6 78121924
877.7 79937217
877.8 85487057
877.9 93499883
878 1.0264037e+08
878.1 1.1186366e+08
878.2 1.2047248e+08
878.3 1.2805956e+08
878.4 1.3443473e+08
878.5 1.395634e+08
878.6 1.4351827e+08
878.7 1.4644103e+08
878.8 1.485115e+08
878.9 1.499227e+08
879 1.5086113e+08
879.1 1.51492e+08
879.2 1.5194937e+08
879.3 1.5233109e+08
879.4 1.5269808e+08
879.5 1.5307726e+08
879.6 1.5346712e+08
879.7 1.5384484e+08
879.8 1.5417361e+08
879.9 1.5440964e+08
880 1.5450784e+08
880.1 1.5442629e+08
880.2 1.5412919e+08
880.3 1.5358876e+08
880.4 1.5278612e+08
880.5 1.5171172e+08
880.6 1.5036537e+08
880.7 1.4875629e+08
880.8 1.4690318e+08
880.9 1.4483431e+08
881 1.4258767e+08
881.1 1.4021077e+08
881.2 1.3775998e+08
881.3 1.3529897e+08
881.4 1.3289604e+08
881.5 1.3062028e+08
881.6 1.2853666e+08
881.7 1.267005e+08
881.8 1.2515238e+08
881.9 1.2391419e+08
882 1.2298751e+08
882.1 1.2235461e+08
882.2 1.2198199e+08
882.3 1.2182571e+08
882.4 1.2183734e+08
882.5 1.2196939e+08
882.6 1.2217945e+08
882.7 1.2243259e+08
882.8 1.2270224e+08
882.9 1.2297002e+08
883 1.2322498e+08
883.1 1.2346284e+08
883.2 1.2368526e+08
883.3 1.2389929e+08
883.4 1.2411678e+08
883.5 1.2435343e+08
883.6 1.246275e+08
883.7 1.2495824e+08
883.8 1.2536426e+08
883.9 1.2586236e+08
884 1.2646712e+08
884.1 1.2719147e+08
884.2 1.2804835e+08
884.3 1.290529e+08
884.4 1.3022481e+08
884.5 1.315901e+08
884.6 1.3318157e+08
884.7 1.3503764e+08
884.8 1.3719909e+08
884.9 1.3970418e+08
885 1.4258257e+08
885.1 1.45849e+08
885.2 1.494979e+08
885.3 1.5349994e+08
885.4 1.5780116e+08
885.5 1.6232497e+08
885.6 1.6697673e+08
885.7 1.7165021e+08
885.8 1.7623522e+08
885.9 1.8062519e+08
886 1.8472414e+08
886.1 1.8845204e+08
886.2 1.9174829e+08
886.3 1.9457313e+08
886.4 1.9690681e+08
886.5 1.9874721e+08
886.6 2.0010617e+08
886.7 2.0100526e+08
886.8 2.0147154e+08
886.9 2.0153359e+08
887 2.0121806e+08
887.1 2.0054645e+08
887.2 1.9953205e+08
887.3 1.9817656e+08
887.4 1.9646641e+08
887.5 1.9436883e+08
887.6 1.9182815e+08
887.7 1.8876275e+08
887.8 1.8506371e+08
887.9 1.805955e+08
888 1.7519978e+08
888.1 1.6870253e+08
888.2 1.609254e+08
888.3 1.5170225e+08
888.4 1.4090285e+08
888.5 1.2846784e+08
888.6 1.1446472e+08
888.7 99188612
888.8 83367888
888.9 68612099
889 58199703
889.1 56889700
889.2 66570150
889.3 83878302
889.4 1.0471107e+08
889.5 1.2637796e+08
889.6 1.4716116e+08
889.7 1.6584166e+08
889.8 1.8150264e+08
889.9 1.9347117e+08
890 2.0131217e+08
890.1 2.0483633e+08
890.2 2.0410574e+08
890.3 1.994305e+08
890.4 1.9135555e+08
890.5 1.8063933e+08
890.6 1.6822728e+08
890.7 1.5521934e+08
890.8 1.4282222e+08
890.9 1.3226044e+08
891 1.2461036e+08
891.1 1.2055762e+08
891.2 1.201861e+08
891.3 1.2297301e+08
891.4 1.2802563e+08
891.5 1.3438791e+08
891.6 1.412441e+08
891.7 1.4798804e+08
891.8 1.5421032e+08
891.9 1.5965562e+08
892 1.6417753e+08
892.1 1.6770084e+08
892.2 1.7019298e+08
892.3 1.716439e+08
892.4 1.7205285e+08
892.5 1.7142075e+08
892.6 1.6974684e+08
892.7 1.6702875e+08
892.8 1.6326505e+08
892.9 1.5845938e+08
893 1.5262561e+08
893.1 1.4579312e+08
893.2 1.3801166e+08
893.3 1.2935512e+08
893.4 1.1992361e+08
893.5 1.0984366e+08
893.6 99266076
893.7 88361570
893.8 77314334
893.9 66314002
894 55546724
894.1 45186389
894.2 35387528
894.3 26282885
894.4 17994445
894.5 10702373
894.6 5171490.6
894.7 5225036.6
894.8 9361731.4
894.9 13561806
895 17214598
895.1 20201479
895.2 22461303
895.3 23931704
895.4 24541954
895.5 24220512
895.6 22911163
895.7 20600994
895.8 17380788
895.9 13625293
896 10623284
896.1 11383032
896.2 16919356
896.3 25167962
896.4 34879521
896.5 45513780
896.6 56748428
896.7 68333299
896.8 80051741
896.9 91711562
897 1.0314456e+08
897.1 1.1420807e+08
897.2 1.2478628e+08
897.3 1.3479041e+08
897.4 1.4415749e+08
897.5 1.5284807e+08
897.6 1.6084286e+08
897.7 1.6813903e+08
897.8 1.7474626e+08
897.9 1.8068315e+08
898 1.8597417e+08
898.1 1.9064724e+08
898.2 1.9473198e+08
898.3 1.9825863e+08
898.4 2.0125721e+08
898.5 2.0375703e+08
898.6 2.057861e+08
898.7 2.0737061e+08
898.8 2.0853427e+08
898.9 2.0929777e+08
899 2.0967825e+08
899.1 2.0968911e+08
899.2 2.0934018e+08
899.3 2.0863824e+08
899.4 2.0758803e+08
899.5 2.0619361e+08
899.6 2.0446e+08
899.7 2.0239491e+08
899.8 2.0001048e+08
899.9 1.9732472e+08
900 1.9436253e+08
900.1 1.9115613e+08
900.2 1.877448e+08
900.3 1.8417384e+08
900.4 1.8049277e+08
900.5 1.7675299e+08
900.6 1.7300496e+08
900.7 1.6929524e+08
900.8 1.6566365e+08
900.9 1.6214081e+08
901 1.5874634e+08
901.1 1.5548775e+08
901.2 1.5236016e+08
901.3 1.4934651e+08
901.4 1.4641828e+08
901.5 1.4353614e+08
901.6 1.4065051e+08
901.7 1.3770167e+08
901.8 1.3461948e+08
901.9 1.3132285e+08
902 1.2771952e+08
902.1 1.2370653e+08
902.2 1.191724e+08
902.3 1.1400159e+08
902.4 1.0808208e+08
902.5 1.0131664e+08
902.6 93638641
902.7 85034033
902.8 75574184
902.9 65471444
903 55187926
903.1 45663298
903.2 38701534
903.3 36921473
903.4 41680961
903.5 51428724
903.6 63838432
903.7 77346419
903.8 91043899
903.9 1.0437565e+08
904 1.1698033e+08
904.1 1.2861922e+08
904.2 1.3914287e+08
904.3 1.4847269e+08
904.4 1.565878e+08
904.5 1.6351351e+08
904.6 1.6931e+08
904.7 1.7406111e+08
904.8 1.778636e+08
904.9 1.8081735e+08
905 1.8301728e+08
905.1 1.8454752e+08
905.2 1.8547852e+08
905.3 1.8586744e+08
905.4 1.8576195e+08
905.5 1.8520744e+08
905.6 1.8425677e+08
905.7 1.8298133e+08
905.8 1.814814e+08
905.9 1.7989288e+08
906 1.7838735e+08
906.1 1.7716239e+08
906.2 1.7642117e+08
906.3 1.7634313e+08
906.4 1.7705191e+08
906.5 1.7858966e+08
906.6 1.8090613e+08
906.7 1.8386692e+08
906.8 1.8727791e+08
906.9 1.9091821e+08
907 1.9457262e+08
907.1 1.9805673e+08
907.2 2.0123177e+08
907.3 2.0400942e+08
907.4 2.0634877e+08
907.5 2.0824836e+08
907.6 2.0973591e+08
907.7 2.1085784e+08
907.8 2.1167009e+08
907.9 2.122307e+08
908 2.1259477e+08
908.1 2.1281123e+08
908.2 2.129215e+08
908.3 2.129593e+08
908.4 2.1295137e+08
908.5 2.129187e+08
908.6 2.1287784e+08
908.7 2.1284228e+08
908.8 2.1282345e+08
908.9 2.1283156e+08
909 2.1287591e+08
909.1 2.1296501e+08
909.2 2.1310626e+08
909.3 2.1330556e+08
909.4 2.1356677e+08
909.5 2.1389114e+08
909.6 2.1427698e+08
909.7 2.1471936e+08
909.8 2.1521003e+08
909.9 2.1573749e+08
910 2.1628709e+08
910.1 2.1684121e+08
910.2 2.1737931e+08
910.3 2.1787803e+08
910.4 2.1831105e+08
910.5 2.1864901e+08
910.6 2.1885937e+08
910.7 2.1890637e+08
910.8 2.1875101e+08
910.9 2.1835126e+08
911 2.1766248e+08
911.1 2.166379e+08
911.2 2.1522946e+08
911.3 2.1338877e+08
911.4 2.1106827e+08
911.5 2.0822274e+08
911.6 2.0481104e+08
911.7 2.0079825e+08
911.8 1.9615816e+08
911.9 1.9087623e+08
912 1.8495281e+08
912.1 1.7840656e+08
912.2 1.7127781e+08
912.3 1.6363142e+08
912.4 1.5555887e+08
912.5 1.4717876e+08
912.6 1.3863527e+08
912.7 1.3009371e+08
912.8 1.2173248e+08
912.9 1.1373091e+08
913 1.0625288e+08
913.1 99427504
913.2 93329787
913.3 87966076
913.4 83269839
913.5 79111243
913.6 75319650
913.7 71713600
913.8 68130840
913.9 64452338
914 60617378
914.1 56629704
914.2 52556137
914.3 48519204
914.4 44684388
914.5 41241427
914.6 38378696
914.7 36252585
914.8 34961349
914.9 34540373
915 34990642
915.1 36330462
915.2 38640425
915.3 42072682
915.4 46816661
915.5 53039447
915.6 60832096
915.7 70183096
915.8 80978852
915.9 93018951
916 1.0603542e+08
916.1 1.1971124e+08
916.2 1.3369747e+08
916.3 1.4762941e+08
916.4 1.6114234e+08
916.5 1.7388658e+08
916.6 1.8554162e+08
916.7 1.9582871e+08
916.8 2.0452144e+08
916.9 2.1145384e+08
917 2.165257e+08
917.1 2.1970511e+08
917.2 2.2102796e+08
917.3 2.2059472e+08
917.4 2.1856465e+08
917.5 2.1514748e+08
917.6 2.1059326e+08
917.7 2.0518044e+08
917.8 1.9920283e+08
917.9 1.9295598e+08
918 1.8672371e+08
918.1 1.8076549e+08
918.2 1.7530566e+08
918.3 1.7052525e+08
918.4 1.6655685e+08
918.5 1.6348282e+08
918.6 1.6133607e+08
918.7 1.6010254e+08
918.8 1.5972389e+08
918.9 1.600995e+08
919 1.6108728e+08
919.1 1.625038e+08
919.2 1.6412512e+08
919.3 1.6568982e+08
919.4 1.6690609e+08
919.5 1.6746412e+08
919.6 1.6705456e+08
919.7 1.6539285e+08
919.8 1.6224863e+08
919.9 1.5747838e+08
920 1.5105913e+08
920.1 1.4312045e+08
920.2 1.3397243e+08
920.3 1.2412614e+08
920.4 1.1429968e+08
920.5 1.0539143e+08
920.6 98382458
920.7 94125518
920.8 93052215
920.9 94980062
921 99204183
921.1 1.0480149e+08
921.2 1.1090937e+08
921.3 1.1685867e+08
921.4 1.221914e+08
921.5 1.2662739e+08
921.6 1.300192e+08
921.7 1.3231066e+08
921.8 1.335028e+08
921.9 1.3362694e+08
922 1.3272375e+08
922.1 1.3082735e+08
922.2 1.2795394e+08
922.3 1.2409469e+08
922.4 1.192132e+08
922.5 1.1324764e+08
922.6 1.0611774e+08
922.7 97736349
922.8 88024984
922.9 76933316
923 64463961
923.1 50712777
923.2 35978160
923.3 21320051
923.4 13168427
923.5 23404869
923.6 40454454
923.7 58746412
923.8 77146187
923.9 95125463
924 1.1231124e+08
924.1 1.284126e+08
924.2 1.4320731e+08
924.3 1.5653996e+08
924.4 1.6832076e+08
924.5 1.7852233e+08
924.6 1.8717385e+08
924.7 1.9435283e+08
924.8 2.0017514e+08
924.9 2.0478393e+08
925 2.0833829e+08
925.1 2.1100235e+08
925.2 2.1293556e+08
925.3 2.142847e+08
925.4 2.1517808e+08
925.5 2.1572225e+08
925.6 2.1600123e+08
925.7 2.1607812e+08
925.8 2.1599865e+08
925.9 2.1579601e+08
926 2.1549615e+08
926.1 2.1512242e+08
926.2 2.1469898e+08
926.3 2.1425217e+08
926.4 2.1380983e+08
926.5 2.1339887e+08
926.6 2.1304203e+08
926.7 2.1275477e+08
926.8 2.1254327e+08
926.9 2.124042e+08
927 2.123262e+08
927.1 2.1229251e+08
927.2 2.1228433e+08
927.3 2.1228376e+08
927.4 2.1227624e+08
927.5 2.1225213e+08
927.6 2.1220764e+08
927.7 2.1214535e+08
927.8 2.120745e+08
927.9 2.1201106e+08
928 2.1197725e+08
928.1 2.1200035e+08
928.2 2.1211029e+08
928.3 2.1233615e+08
928.4 2.1270161e+08
928.5 2.1321991e+08
928.6 2.1388906e+08
928.7 2.1468805e+08
928.8 2.1557467e+08
928.9 2.1648517e+08
929 2.1733597e+08
929.1 2.1802687e+08
929.2 2.1844552e+08
929.3 2.1847252e+08
929.4 2.1798682e+08
929.5 2.1687132e+08
929.6 2.1501851e+08
929.7 2.1233632e+08
929.8 2.087544e+08
929.9 2.042307e+08
930 1.9875859e+08
930.1 1.9237406e+08
930.2 1.851627e+08
930.3 1.7726562e+08
930.4 1.6888347e+08
930.5 1.6027686e+08
930.6 1.5176129e+08
930.7 1.4369353e+08
930.8 1.3644621e+08
930.9 1.3036822e+08
931 1.2573344e+08
931.1 1.2268839e+08
931.2 1.2121753e+08
931.3 1.2114319e+08
931.4 1.2216246e+08
931.5 1.2390583e+08
931.6 1.2599531e+08
931.7 1.2808654e+08
931.8 1.2989081e+08
931.9 1.3118044e+08
932 1.3178334e+08
932.1 1.3157217e+08
932.2 1.3045186e+08
932.3 1.283482e+08
932.4 1.2519913e+08
932.5 1.2094961e+08
932.6 1.1555042e+08
932.7 1.0896065e+08
932.8 1.0115304e+08
932.9 92121404
933 81889083
933.1 70518765
933.2 58126459
933.3 44913186
933.4 31279519
933.5 18465848
933.6 12867586
933.7 22128027
933.8 36395313
933.9 51531189
934 66654728
934.1 81408056
934.2 95574350
934.3 1.0900158e+08
934.4 1.2158037e+08
934.5 1.3323469e+08
934.6 1.4391597e+08
934.7 1.5359837e+08
934.8 1.6227471e+08
934.9 1.6995308e+08
935 1.766541e+08
935.1 1.8240895e+08
935.2 1.8725757e+08
935.3 1.9124703e+08
935.4 1.9442938e+08
935.5 1.9685893e+08
935.6 1.9858889e+08
935.7 1.9966779e+08
935.8 2.0013623e+08
935.9 2.0002479e+08
936 1.9935378e+08
936.1 1.9813512e+08
936.2 1.9637647e+08
936.3 1.9408679e+08
936.4 1.9128276e+08
936.5 1.8799462e+08
936.6 1.8427074e+08
936.7 1.8018005e+08
936.8 1.7581183e+08
936.9 1.7127298e+08
937 1.666829e+08
937.1 1.6216658e+08
937.2 1.5784658e+08
937.3 1.5383494e+08
937.4 1.5022615e+08
937.5 1.4709229e+08
937.6 1.4448124e+08
937.7 1.4241807e+08
937.8 1.4090896e+08
937.9 1.3994604e+08
938 1.3951083e+08
938.1 1.3957421e+08
938.2 1.4009149e+08
938.3 1.409926e+08
938.4 1.4216931e+08
938.5 1.4346269e+08
938.6 1.4465509e+08
938.7 1.4547017e+08
938.8 1.4558341e+08
938.9 1.4464294e+08
939 1.4229875e+08
939.1 1.3823625e+08
939.2 1.3220945e+08
939.3 1.2406873e+08
939.4 1.1377901e+08
939.5 1.0142573e+08
939.6 87207982
939.7 71420495
939.8 54428104
939.9 36639768
940 18510911
940.1 2715095.2
940.2 18068335
940.3 35276339
940.4 51703491
940.5 67128265
940.6 81425769
940.7 94527505
940.8 1.0640834e+08
940.9 1.1707685e+08
941 1.2656696e+08
941.1 1.3493084e+08
941.2 1.42233e+08
941.3 1.4854562e+08
941.4 1.5394505e+08
941.5 1.5850917e+08
941.6 1.6231559e+08
941.7 1.6544051e+08
941.8 1.6795803e+08
941.9 1.6993979e+08
942 1.7145492e+08
942.1 1.7256997e+08
942.2 1.7334904e+08
942.3 1.7385364e+08
942.4 1.7414255e+08
942.5 1.7427141e+08
942.6 1.7429215e+08
942.7 1.742522e+08
942.8 1.7419361e+08
942.9 1.7415208e+08
943 1.7415605e+08
943.1 1.7422599e+08
943.2 1.7437377e+08
943.3 1.7460238e+08
943.4 1.749057e+08
943.5 1.7526839e+08
943.6 1.7566566e+08
943.7 1.7606289e+08
943.8 1.764149e+08
943.9 1.7666503e+08
944 1.7674423e+08
944.1 1.7657052e+08
944.2 1.7604941e+08
944.3 1.7507622e+08
944.4 1.7354112e+08
944.5 1.7133795e+08
944.6 1.6837811e+08
944.7 1.6461043e+08
944.8 1.6004784e+08
944.9 1.5480063e+08
945 1.4911386e+08
945.1 1.4340185e+08
945.2 1.3826306e+08
945.3 1.3444638e+08
945.4 1.3273432e+08
945.5 1.3373849e+08
945.6 1.3767856e+08
945.7 1.442744e+08
945.8 1.528213e+08
945.9 1.6238543e+08
946 1.7200375e+08
946.1 1.8082269e+08
946.2 1.8817161e+08
946.3 1.9359003e+08
946.4 1.9682671e+08
946.5 1.9782098e+08
946.6 1.9667328e+08
946.7 1.9360939e+08
946.8 1.8894261e+08
946.9 1.8303735e+08
947 1.7627697e+08
947.1 1.6903763e+08
947.2 1.6166886e+08
947.3 1.5448056e+08
947.4 1.4773555e+08
947.5 1.4164637e+08
947.6 1.3637492e+08
947.7 1.3203412e+08
947.8 1.2869075e+08
947.9 1.2636931e+08
948 1.2505705e+08
948.1 1.2470999e+08
948.2 1.2525989e+08
948.3 1.2662154e+08
948.4 1.2869993e+08
948.5 1.3139651e+08
948.6 1.3461431e+08
948.7 1.382617e+08
948.8 1.4225476e+08
948.9 1.4651842e+08
949 1.5098644e+08
949.1 1.5560037e+08
949.2 1.6030756e+08
949.3 1.6505836e+08
949.4 1.6980261e+08
949.5 1.7448563e+08
949.6 1.7904391e+08
949.7 1.8340096e+08
949.8 1.8746352e+08
949.9 1.911187e+08
950 1.9423236e+08
950.1 1.9664918e+08
950.2 1.9819459e+08
950.3 1.9867891e+08
950.4 1.9790366e+08
950.5 1.9567005e+08
950.6 1.9178941e+08
950.7 1.8609518e+08
950.8 1.7845586e+08
950.9 1.6878799e+08
951 1.5706811e+08
951.1 1.4334247e+08
951.2 1.2773355e+08
951.3 1.1044263e+08
951.4 91749659
951.5 72016169
951.6 51716376
951.7 31645100
951.8 14926895
951.9 18192803
952 35508544
952.1 53875714
952.2 71534795
952.3 88050439
952.4 1.03243e+08
952.5 1.1703858e+08
952.6 1.2942731e+08
952.7 1.4044342e+08
952.8 1.5015164e+08
952.9 1.5863654e+08
953 1.6599404e+08
953.1 1.7232466e+08
953.2 1.7772863e+08
953.3 1.8230235e+08
953.4 1.8613634e+08
953.5 1.893141e+08
953.6 1.9191191e+08
953.7 1.9399918e+08
953.8 1.9563915e+08
953.9 1.9688983e+08
954 1.978049e+08
954.1 1.9843452e+08
954.2 1.9882582e+08
954.3 1.9902324e+08
954.4 1.9906839e+08
954.5 1.9899971e+08
954.6 1.9885198e+08
954.7 1.986557e+08
954.8 1.9843654e+08
954.9 1.9821502e+08
955 1.9800648e+08
955.1 1.9782138e+08
955.2 1.9766582e+08
955.3 1.9754234e+08
955.4 1.9745077e+08
955.5 1.9738908e+08
955.6 1.9735406e+08
955.7 1.9734187e+08
955.8 1.9734836e+08
955.9 1.973692e+08
956 1.9739995e+08
956.1 1.9743611e+08
956.2 1.9747318e+08
956.3 1.9750702e+08
956.4 1.9753428e+08
956.5 1.9755296e+08
956.6 1.975629e+08
956.7 1.97566e+08
956.8 1.9756576e+08
956.9 1.9756622e+08
957 1.9757009e+08
957.1 1.9757643e+08
957.2 1.9757831e+08
957.3 1.9756118e+08
957.4 1.9750254e+08
957.5 1.9737356e+08
957.6 1.9714296e+08
957.7 1.9678292e+08
957.8 1.9627668e+08
957.9 1.956266e+08
958 1.9486135e+08
958.1 1.9404049e+08
958.2 1.9325447e+08
958.3 1.9261852e+08
958.4 1.9225957e+08
958.5 1.922971e+08
958.6 1.9282081e+08
958.7 1.9386964e+08
958.8 1.9541775e+08
958.9 1.9737126e+08
959 1.9957702e+08
959.1 2.0184102e+08
959.2 2.0395174e+08
959.3 2.0570339e+08
959.4 2.0691498e+08
959.5 2.0744295e+08
959.6 2.071872e+08
959.7 2.0609141e+08
959.8 2.0413927e+08
959.9 2.0134853e+08
960 1.9776449e+08
960.1 1.9345384e+08
960.2 1.8849974e+08
960.3 1.8299815e+08
960.4 1.7705511e+08
960.5 1.707845e+08
960.6 1.6430574e+08
960.7 1.5774097e+08
960.8 1.5121152e+08
960.9 1.4483373e+08
961 1.3871465e+08
961.1 1.329483e+08
961.2 1.2761301e+08
961.3 1.2277066e+08
961.4 1.184677e+08
961.5 1.1473775e+08
961.6 1.11605e+08
961.7 1.0908742e+08
961.8 1.0719877e+08
961.9 1.0594905e+08
962 1.0534321e+08
962.1 1.053787e+08
962.2 1.0604264e+08
962.3 1.0730956e+08
962.4 1.0914016e+08
962.5 1.1148129e+08
962.6 1.1426716e+08
962.7 1.1742115e+08
962.8 1.2085817e+08
962.9 1.2448716e+08
963 1.2821391e+08
963.1 1.3194412e+08
963.2 1.3558697e+08
963.3 1.3905893e+08
963.4 1.4228771e+08
963.5 1.4521585e+08
963.6 1.4780347e+08
963.7 1.5002962e+08
963.8 1.518919e+08
963.9 1.5340434e+08
964 1.5459392e+08
964.1 1.5549621e+08
964.2 1.5615113e+08
964.3 1.5659951e+08
964.4 1.5688108e+08
964.5 1.5703415e+08
964.6 1.5709668e+08
964.7 1.5710824e+08
964.8 1.5711212e+08
964.9 1.571566e+08
965 1.5729479e+08
965.1 1.5758253e+08
965.2 1.5807435e+08
965.3 1.588179e+08
965.4 1.5984769e+08
965.5 1.6117937e+08
965.6 1.6280568e+08
965.7 1.6469497e+08
965.8 1.6679275e+08
965.9 1.6902613e+08
966 1.7131031e+08
966.1 1.7355633e+08
966.2 1.7567884e+08
966.3 1.776032e+08
966.4 1.7927111e+08
966.5 1.806444e+08
966.6 1.8170703e+08
966.7 1.8246509e+08
966.8 1.8294525e+08
966.9 1.8319173e+08
967 1.8326235e+08
967.1 1.8322392e+08
967.2 1.8314734e+08
967.3 1.8310283e+08
967.4 1.8315551e+08
967.5 1.8336159e+08
967.6 1.8376543e+08
967.7 1.8439745e+08
967.8 1.8527307e+08
967.9 1.8639264e+08
968 1.8774224e+08
968.1 1.8929535e+08
968.2 1.91015e+08
968.3 1.9285647e+08
968.4 1.947701e+08
968.5 1.9670413e+08
968.6 1.9860739e+08
968.7 2.0043172e+08
968.8 2.02134e+08
968.9 2.036778e+08
969 2.0503465e+08
969.1 2.0618483e+08
969.2 2.0711784e+08
969.3 2.0783253e+08
969.4 2.0833683e+08
969.5 2.086471e+08
969.6 2.0878722e+08
969.7 2.0878718e+08
969.8 2.0868133e+08
969.9 2.0850625e+08
970 2.0829836e+08
970.1 2.0809121e+08
970.2 2.0791287e+08
970.3 2.077833e+08
970.4 2.077121e+08
970.5 2.076966e+08
970.6 2.0772045e+08
970.7 2.0775278e+08
970.8 2.0774778e+08
970.9 2.0764484e+08
971 2.0736923e+08
971.1 2.0683337e+08
971.2 2.0593896e+08
971.3 2.045801e+08
971.4 2.026474e+08
971.5 2.0003325e+08
971.6 1.9663784e+08
971.7 1.9237563e+08
971.8 1.8718164e+08
971.9 1.8101681e+08
972 1.7387207e+08
972.1 1.6577038e+08
972.2 1.5676684e+08
972.3 1.4694665e+08
972.4 1.3642145e+08
972.5 1.2532455e+08
972.6 1.1380563e+08
972.7 1.0202602e+08
972.8 90155661
972.9 78373552
973 66874840
973.1 55890919
973.2 45735842
973.3 36903499
973.4 30225666
973.5 26887298
973.6 27654911
973.7 31859719
973.8 38104624
973.9 45357473
974 53073358
974.1 60993563
974.2 69001684
974.3 77050182
974.4 85123907
974.5 93221084
974.6 1.0134276e+08
974.7 1.0948674e+08
974.8 1.1764415e+08
974.9 1.2579761e+08
975 1.3392073e+08
975.1 1.419783e+08
975.2 1.4992724e+08
975.3 1.5771781e+08
975.4 1.6529519e+08
975.5 1.7260096e+08
975.6 1.7957458e+08
975.7 1.8615464e+08
975.8 1.9227979e+08
975.9 1.9788953e+08
976 2.0292463e+08
976.1 2.0732761e+08
976.2 2.1104322e+08
976.3 2.1401917e+08
976.4 2.1620724e+08
976.5 2.1756486e+08
976.6 2.1805717e+08
976.7 2.1765942e+08
976.8 2.1635953e+08
976.9 2.1416057e+08
977 2.1108288e+08
977.1 2.0716549e+08
977.2 2.0246687e+08
977.3 1.9706469e+08
977.4 1.9105476e+08
977.5 1.845492e+08
977.6 1.7767393e+08
977.7 1.7056565e+08
977.8 1.6336837e+08
977.9 1.5622969e+08
978 1.4929659e+08
978.1 1.42711e+08
978.2 1.3660493e+08
978.3 1.3109533e+08
978.4 1.2627904e+08
978.5 1.2222814e+08
978.6 1.1898655e+08
978.7 1.1656863e+08
978.8 1.1496003e+08
978.9 1.141211e+08
979 1.1399185e+08
979.1 1.1449773e+08
979.2 1.1555496e+08
979.3 1.1707472e+08
979.4 1.1896601e+08
979.5 1.2113743e+08
979.6 1.2349832e+08
979.7 1.2595973e+08
979.8 1.2843564e+08
979.9 1.3084424e+08
980 1.3310915e+08
980.1 1.3516002e+08
980.2 1.3693233e+08
980.3 1.3836585e+08
980.4 1.3940202e+08
980.5 1.3998029e+08
980.6 1.4003392e+08
980.7 1.3948597e+08
980.8 1.3824594e+08
980.9 1.3620816e+08
981 1.3325224e+08
981.1 1.2924645e+08
981.2 1.2405434e+08
981.3 1.1754491e+08
981.4 1.0960642e+08
981.5 1.0016401e+08
981.6 89202331
981.7 76797849
981.8 63177711
981.9 48869070
982 35201897
982.1 26057927
982.2 28449181
982.3 41051879
982.4 57508020
982.5 74966326
982.6 92297949
982.7 1.089115e+08
982.8 1.2443375e+08
982.9 1.3861652e+08
983 1.5130309e+08
983.1 1.6241155e+08
983.2 1.7192304e+08
983.3 1.7987128e+08
983.4 1.8633266e+08
983.5 1.9141676e+08
983.6 1.9525773e+08
983.7 1.9800649e+08
983.8 1.998239e+08
983.9 2.0087476e+08
984 2.0132255e+08
984.1 2.0132473e+08
984.2 2.0102854e+08
984.3 2.0056711e+08
984.4 2.0005617e+08
984.5 1.9959123e+08
984.6 1.9924568e+08
984.7 1.9906988e+08
984.8 1.9909147e+08
984.9 1.99317e+08
985 1.9973476e+08
985.1 2.0031864e+08
985.2 2.0103253e+08
985.3 2.0183495e+08
985.4 2.0268336e+08
985.5 2.0353782e+08
985.6 2.0436365e+08
985.7 2.0513303e+08
985.8 2.0582555e+08
985.9 2.0642777e+08
986 2.069322e+08
986.1 2.0733572e+08
986.2 2.0763785e+08
986.3 2.0783902e+08
986.4 2.0793896e+08
986.5 2.0793539e+08
986.6 2.0782291e+08
986.7 2.0759229e+08
986.8 2.0722988e+08
986.9 2.0671729e+08
987 2.0603107e+08
987.1 2.0514241e+08
987.2 2.0401683e+08
987.3 2.0261404e+08
987.4 2.0088808e+08
987.5 1.9878811e+08
987.6 1.9626005e+08
987.7 1.9324935e+08
987.8 1.897048e+08
987.9 1.8558335e+08
988 1.8085561e+08
988.1 1.755118e+08
988.2 1.6956764e+08
988.3 1.630701e+08
988.4 1.5610265e+08
988.5 1.4878989e+08
988.6 1.4130116e+08
988.7 1.3385233e+08
988.8 1.2670428e+08
988.9 1.20155e+08
989 1.1452155e+08
989.1 1.1010799e+08
989.2 1.0715995e+08
989.3 1.0581512e+08
989.4 1.0606826e+08
989.5 1.0776832e+08
989.6 1.1065061e+08
989.7 1.1438928e+08
989.8 1.1864921e+08
989.9 1.2312392e+08
990 1.2755669e+08
990.1 1.317482e+08
990.2 1.3555569e+08
990.3 1.3888758e+08
990.4 1.4169595e+08
990.5 1.4396868e+08
990.6 1.4572203e+08
990.7 1.4699453e+08
990.8 1.4784226e+08
990.9 1.4833592e+08
991 1.4855916e+08
991.1 1.4860784e+08
991.2 1.4858935e+08
991.3 1.4862113e+08
991.4 1.4882758e+08
991.5 1.4933488e+08
991.6 1.5026359e+08
991.7 1.5171961e+08
991.8 1.5378472e+08
991.9 1.5650816e+08
992 1.5990079e+08
992.1 1.6393292e+08
992.2 1.6853593e+08
992.3 1.7360737e+08
992.4 1.7901822e+08
992.5 1.8462141e+08
992.6 1.9026026e+08
992.7 1.9577622e+08
992.8 2.0101512e+08
992.9 2.0583159e+08
993 2.1009159e+08
993.1 2.1367285e+08
993.2 2.1646351e+08
993.3 2.1835954e+08
993.4 2.1926163e+08
993.5 2.1907261e+08
993.6 2.1769682e+08
993.7 2.1504297e+08
993.8 2.1103246e+08
993.9 2.056149e+08
994 1.9879309e+08
994.1 1.9065871e+08
994.2 1.8143917e+08
994.3 1.7155247e+08
994.4 1.6165862e+08
994.5 1.5267884e+08
994.6 1.4572653e+08
994.7 1.4188291e+08
994.8 1.4182322e+08
994.9 1.4547764e+08
995 1.5198808e+08
995.1 1.5999542e+08
995.2 1.6802759e+08
995.3 1.7478244e+08
995.4 1.7926535e+08
995.5 1.8082757e+08
995.6 1.7915154e+08
995.7 1.7420917e+08
995.8 1.6620637e+08
995.9 1.5552165e+08
996 1.4264544e+08
996.1 1.2812527e+08
996.2 1.1252116e+08
996.3 96374317
996.4 80191609
996.5 64451024
996.6 49642811
996.7 36395837
996.8 25837149
996.9 20231049
997 21444558
997.1 27036113
997.2 33783194
997.3 40251554
997.4 45926180
997.5 50626535
997.6 54306962
997.7 56986786
997.8 58722418
997.9 59594317
998 59699570
998.1 59146460
998.2 58049565
998.3 56524799
998.4 54684349
998.5 52631753
998.6 50457623
998.7 48236512
998.8 46025420
998.9 43864167
999 41777570
999.1 39779098
999.2 37875451
999.3 36071557
999.4 34375600
999.5 32803889
999.6 31385511
999.7 30166582
999.8 29213361
999.9 28612680
1000 28467258

