0.1 1.0351357
0.2 1.0864425
0.3 1.1524419
0.4 1.2314025
0.5 1.321527
0.6 1.4210644
0.7 1.5283614
0.8 1.6418726
0.9 1.7601523
1 1.8818399
1.1 2.0068919
1.2 2.1328438
1.3 2.2584911
1.4 2.3826823
1.5 2.5043136
1.6 2.6223241
1.7 2.7356898
1.8 2.8434182
1.9 2.9445441
2 3.0381294
2.1 3.1232667
2.2 3.1990916
2.3 3.2648024
2.4 3.3196903
2.5 3.3631815
2.6 3.3948918
2.7 3.4146948
2.8 3.4228052
2.9 3.4198769
3 3.4071153
3.1 3.3864004
3.2 3.3604126
3.3 3.3327439
3.4 3.3079664
3.5 3.2916126
3.6 3.2900119
3.7 3.3099297
3.8 3.357995
3.9 3.4399776
4 3.5586809
4.1 3.7167746
4.2 3.9140918
4.3 4.1484315
4.4 4.4159608
4.5 4.7117074
4.6 5.0300196
4.7 5.364931
4.8 5.7104174
4.9 6.0605622
5 6.4096568
5.1 6.7522581
5.2 7.0832246
5.3 7.3977444
5.4 7.6913662
5.5 7.9600421
5.6 8.2001863
5.7 8.4087517
5.8 8.5833232
5.9 8.7222215
6 8.824608
6.1 8.8905776
6.2 8.9212228
6.3 8.9186533
6.4 8.8859557
6.5 8.8270839
6.6 8.746677
6.7 8.6498121
6.8 8.5417112
6.9 8.4274318
7 8.3115771
7.1 8.1980641
7.2 8.089982
7.3 7.9895577
7.4 7.898229
7.5 7.8168049
7.6 7.7456816
7.7 7.6850733
7.8 7.6352221
7.9 7.596558
8 7.5697939
8.1 7.5558831
8.2 7.5564914
8.3 7.5731536
8.4 7.6074874
8.5 7.6610706
8.6 7.7353341
8.7 7.8314863
8.8 7.9504798
8.9 8.0930236
9 8.2596293
9.1 8.4506777
9.2 8.6664862
9.3 8.9073506
9.4 9.1735467
9.5 9.4652809
9.6 9.7825886
9.7 10.125192
9.8 10.492335
9.9 10.882629
10 11.293918
10.1 11.723208
10.2 12.166662
10.3 12.619664
10.4 13.076962
10.5 13.532873
10.6 13.981522
10.7 14.417128
10.8 14.834289
10.9 15.228263
11 15.595235
11.1 15.932545
11.2 16.238854
11.3 16.514251
11.4 16.760267
11.5 16.979779
11.6 17.176808
11.7 17.35618
11.8 17.52308
11.9 17.682493
12 17.83859
12.1 17.994097
12.2 18.14974
12.3 18.303867
12.4 18.452351
12.5 18.588875
12.6 18.705707
12.7 18.794973
12.8 18.850437
12.9 18.869695
13 18.856607
13.1 18.823687
13.2 18.794025
13.3 18.802098
13.4 18.892685
13.5 19.117109
13.6 19.526644
13.7 20.164064
13.8 21.055752
13.9 22.207155
14 23.603135
14.1 25.212587
14.2 26.995253
14.3 28.908618
14.4 30.913657
14.5 32.979072
14.6 35.084132
14.7 37.220365
14.8 39.392318
14.9 41.617537
15 43.925898
15.1 46.358406
15.2 48.965601
15.3 51.805728
15.4 54.942788
15.5 58.444562
15.6 62.380669
15.7 66.820644
15.8 71.832056
15.9 77.478702
16 83.752576
16.1 90.756322
16.2 98.532098
16.3 107.11339
16.4 116.52431
16.5 126.77909
16.6 137.88153
16.7 149.82441
16.8 162.58887
16.9 176.14361
17 190.44416
17.1 205.43207
17.2 221.0344
17.3 237.16333
17.4 253.71621
17.5 270.57597
17.6 287.61207
17.7 304.6819
17.8 321.63271
17.9 338.30406
18 354.53074
18.1 370.14621
18.2 384.98643
18.3 398.89421
18.4 411.72397
18.5 423.34691
18.6 433.65662
18.7 442.57493
18.8 450.05797
18.9 456.10206
19 460.74884
19.1 464.08903
19.2 466.26358
19.3 467.46096
19.4 467.90904
19.5 467.86029
19.6 467.56984
19.7 467.26712
19.8 467.12379
19.9 467.22246
20 467.53197
20.1 467.89454
20.2 468.02827
20.3 467.54501
20.4 465.98062
20.5 462.83219
20.6 457.59661
20.7 449.80565
20.8 439.05497
20.9 425.02634
21 407.50427
21.1 386.38959
21.2 361.71371
21.3 333.65894
21.4 302.5938
21.5 269.14048
21.6 234.30996
21.7 199.77886
21.8 168.43098
21.9 145.13696
22 136.48855
22.1 146.58828
22.2 172.7159
22.3 208.77934
22.4 249.85702
22.5 292.83833
22.6 335.74098
22.7 377.1756
22.8 416.06041
22.9 451.47803
23 482.60277
23.1 508.66423
23.2 528.93126
23.3 542.70934
23.4 549.34796
23.5 548.25668
23.6 538.9297
23.7 520.98106
23.8 494.19683
23.9 458.62096
24 414.71678
24.1 363.71247
24.2 308.4218
24.3 255.28423
24.4 218.57081
24.5 220.96265
24.6 273.04779
24.7 362.28451
24.8 474.19834
24.9 600.45081
25 736.25327
25.1 878.25356
25.2 1023.6396
25.3 1169.8152
25.4 1314.3193
25.5 1454.848
25.6 1589.3155
25.7 1715.917
25.8 1833.1751
25.9 1939.9584
26 2035.4741
26.1 2119.2355
26.2 2191.0157
26.3 2250.7934
26.4 2298.7013
26.5 2334.9816
26.6 2359.9559
26.7 2374.0099
26.8 2377.5981
26.9 2371.2667
27 2355.6976
27.1 2331.7711
27.2 2300.6472
27.3 2263.86
27.4 2223.415
27.5 2181.8729
27.6 2142.3892
27.7 2108.6694
27.8 2084.7895
27.9 2074.8465
28 2082.4473
28.1 2110.1225
28.2 2158.826
28.3 2227.6876
28.4 2314.1027
28.5 2414.1086
28.6 2522.9091
28.7 2635.4016
28.8 2746.6177
28.9 2852.0416
29 2947.8147
29.1 3030.8456
29.2 3098.8502
29.3 3150.3423
29.4 3184.5934
29.5 3201.5746
29.6 3201.8926
29.7 3186.7227
29.8 3157.7391
29.9 3117.0352
30 3067.0311
30.1 3010.3652
30.2 2949.7767
30.3 2887.9886
30.4 2827.6004
30.5 2770.9928
30.6 2720.241
30.7 2677.0334
30.8 2642.598
30.9 2617.6519
31 2602.3931
31.1 2596.548
31.2 2599.4724
31.3 2610.2868
31.4 2628.0156
31.5 2651.7026
31.6 2680.4823
31.7 2713.5997
31.8 2750.382
31.9 2790.1717
32 2832.6661
32.1 2876.5474
32.2 2920.6083
32.3 2963.3024
32.4 3002.7207
32.5 3036.6228
32.6 3062.524
32.7 3077.8313
32.8 3080.0124
32.9 3066.7737
33 3036.2271
33.1 2987.0315
33.2 2918.5097
33.3 2830.7562
33.4 2724.7498
33.5 2602.4802
33.6 2467.0669
33.7 2322.8244
33.8 2175.2144
33.9 2030.6328
34 1896.0185
34.1 1778.3156
34.2 1683.8712
34.3 1617.8776
34.4 1583.9695
34.5 1584.0534
34.6 1618.3813
34.7 1685.8202
34.8 1784.2469
34.9 1911.0051
35 2063.385
35.1 2239.0863
35.2 2436.6247
35.3 2655.6477
35.4 2897.1349
35.5 3163.4753
35.6 3458.4297
35.7 3786.9913
35.8 4155.164
35.9 4569.6703
36 5037.5993
36.1 5566.0054
36.2 6161.4684
36.3 6829.6409
36.4 7574.8105
36.5 8399.5081
36.6 9304.1879
36.7 10286.992
36.8 11343.604
36.9 12467.179
37 13648.35
37.1 14875.291
37.2 16133.834
37.3 17407.636
37.4 18678.397
37.5 19926.14
37.6 21129.548
37.7 22266.387
37.8 23314.027
37.9 24250.086
38 25053.251
38.1 25704.34
38.2 26187.715
38.3 26493.218
38.4 26618.866
38.5 26574.647
38.6 26387.833
38.7 26110.138
38.8 25826.595
38.9 25664.468
39 25797.521
39.1 26437.194
39.2 27803.174
39.3 30078.264
39.4 33370.362
39.5 37703.682
39.6 43037.351
39.7 49291.786
39.8 56367.955
39.9 64156.753
40 72541.95
40.1 81400.53
40.2 90602.79
40.3 100013.3
40.4 109493
40.5 118902.38
40.6 128105.2
40.7 136972.55
40.8 145386.38
40.9 153242.42
41 160451.88
41.1 166941.92
41.2 172655.04
41.3 177547.5
41.4 181587.34
41.5 184752.41
41.6 187028.92
41.7 188410.78
41.8 188899.98
41.9 188507.9
42 187257.08
42.1 185182.96
42.2 182334.61
42.3 178773.59
42.4 174570.38
42.5 169797.94
42.6 164523.18
42.7 158797.65
42.8 152649.53
42.9 146079.56
43 139062.95
43.1 131558.75
43.2 123527.49
43.3 114957.54
43.4 105902.23
43.5 96532.873
43.6 87217.844
43.7 78637.954
43.8 71916.187
43.9 68609.344
44 70238.387
44.1 77420.819
44.2 89579.414
44.3 105569.79
44.4 124311.19
44.5 144979.95
44.6 166975.38
44.7 189848.77
44.8 213251.21
44.9 236902.7
45 260575.28
45.1 284083.77
45.2 307279.94
45.3 330047.7
45.4 352297.77
45.5 373961.67
45.6 394985.1
45.7 415321.4
45.8 434925.9
45.9 453752.16
46 471750.59
46.1 488869.89
46.2 505061.06
46.3 520283.62
46.4 534512.63
46.5 547745.61
46.6 560007.76
46.7 571354.71
46.8 581872.28
46.9 591673.7
47 600894.94
47.1 609689.41
47.2 618222.98
47.3 626669.73
47.4 635208.31
47.5 644018.27
47.6 653275.01
47.7 663142.22
47.8 673760.86
47.9 685234.64
48 697612.43
48.1 710869.75
48.2 724891.43
48.3 739458.43
48.4 754241.23
48.5 768801.53
48.6 782603.16
48.7 795031.93
48.8 805423.47
48.9 813097.48
49 817396.41
49.1 817726.18
49.2 813596.8
49.3 804660.3
49.4 790743.87
49.5 771875.94
49.6 748303.69
49.7 720500.51
49.8 689162.5
49.9 655193.33
50 619676.71
50.1 583834.91
50.2 548970.85
50.3 516389.91
50.4 487298.74
50.5 462684.5
50.6 443191.19
50.7 429026.18
50.8 419935.58
50.9 415269.69
51 414122.48
51.1 415498.74
51.2 418460.09
51.3 422221.57
51.4 426195.1
51.5 429990.98
51.6 433391.53
51.7 436309.46
51.8 438739.8
51.9 440712.04
52 442248.06
52.1 443330.37
52.2 443884.2
52.3 443774.9
52.4 442819.73
52.5 440810.49
52.6 437542.04
52.7 432840.96
52.8 426589.92
52.9 418744.25
53 409339.73
53.1 398491.71
53.2 386387.33
53.3 373272.92
53.4 359439
53.5 345204.84
53.6 330904.18
53.7 316872.68
53.8 303437.25
53.9 290906.47
54 279561.44
54.1 269645.97
54.2 261356.11
54.3 254829.67
54.4 250137.37
54.5 247278.23
54.6 246181.04
54.7 246712.98
54.8 248694.37
54.9 251917.25
55 256165.03
55.1 261230.59
55.2 266931.67
55.3 273122.84
55.4 279704.34
55.5 286628.19
55.6 293901.85
55.7 301589.22
55.8 309808.32
55.9 318724.4
56 328537.15
56.1 339460.76
56.2 351696.8
56.3 365401.13
56.4 380648.24
56.5 397397.61
56.6 415466.93
56.7 434516.37
56.8 454045.93
56.9 473406.35
57 491822.37
57.1 508426.93
57.2 522304.83
57.3 532545.1
57.4 538302.26
57.5 538867.92
57.6 533756.05
57.7 522808.82
57.8 506334.99
57.9 485299.36
58 461584.66
58.1 438322.49
58.2 420179.53
58.3 413215.34
58.4 423696.78
58.5 455899.74
58.6 510529.09
58.7 585248.27
58.8 676408.35
58.9 780344.33
59 893853.66
59.1 1014222.3
59.2 1139121.2
59.3 1266508.8
59.4 1394573
59.5 1521709.5
59.6 1646525.3
59.7 1767855.3
59.8 1884781.9
59.9 1996648.9
60 2103064.2
60.1 2203887.4
60.2 2299200.6
60.3 2389262
60.4 2474445.9
60.5 2555173
60.6 2631838.5
60.7 2704745.8
60.8 2774059
60.9 2839782.1
61 2901780.4
61.1 2959849.8
61.2 3013841.4
61.3 3063837.4
61.4 3110365.6
61.5 3154620.4
61.6 3198645.3
61.7 3245405.2
61.8 3298671.6
61.9 3362651.4
62 3441338.6
62.1 3537659.3
62.2 3652581.9
62.3 3784424.8
62.4 3928560.3
62.5 4077591.4
62.6 4221942.7
62.7 4350719.7
62.8 4452683.1
62.9 4517224.8
63 4535285.9
63.1 4500195.1
63.2 4408439.9
63.3 4260401.9
63.4 4061111.8
63.5 3821097.8
63.6 3557370.3
63.7 3296897.5
63.8 3068277
63.9 2907442.4
64 2847239.4
64.1 2905046.6
64.2 3074656.3
64.3 3330644.6
64.4 3640481.2
64.5 3974208.7
64.6 4308411.6
64.7 4626577.7
64.8 4918148.7
64.9 5177335.8
65 5402016.6
65.1 5592764.2
65.2 5752005.2
65.3 5883308
65.4 5990815.5
65.5 6078829.3
65.6 6151540.8
65.7 6212874.3
65.8 6266388.2
65.9 6315157.6
66 6361570.8
66.1 6406992
66.2 6451299.2
66.3 6492370.6
66.4 6525651.1
66.5 6543959.6
66.6 6537678
66.7 6495405.9
66.8 6405115.8
66.9 6255822.2
67 6039846.1
67.1 5755921.3
67.2 5413671.5
67.3 5040278.2
67.4 4689694.5
67.5 4450676.8
67.6 4438091.5
67.7 4747015.1
67.8 5395799.1
67.9 6325576.1
68 7445893.3
68.1 8667283.9
68.2 9909697.7
68.3 11101659
68.4 12179014
68.5 13085441
68.6 13774693
68.7 14214108
68.8 14388997
68.9 14307567
69 14005983
69.1 13552717
69.2 13050028
69.3 12627714
69.4 12421968
69.5 12537053
69.6 13005731
69.7 13777893
69.8 14746531
69.9 15787990
70 16792116
70.1 17676624
70.2 18390782
70.3 18913797
70.4 19250942
70.5 19428778
70.6 19490167
70.7 19489444
70.8 19487926
70.9 19549693
71 19737425
71.1 20108130
71.2 20708936
71.3 21573575
71.4 22720446
71.5 24152743
71.6 25860469
71.7 27823540
71.8 30015080
71.9 32404277
72 34958527
72.1 37644880
72.2 40430880
72.3 43284953
72.4 46176471
72.5 49075610
72.6 51953123
72.7 54780126
72.8 57528004
72.9 60168502
73 62674042
73.1 65018284
73.2 67176877
73.3 69128367
73.4 70855158
73.5 72344459
73.6 73589131
73.7 74588351
73.8 75348045
73.9 75881024
74 76206807
74.1 76351077
74.2 76344791
74.3 76222951
74.4 76023107
74.5 75783701
74.6 75542415
74.7 75334738
74.8 75192960
74.9 75145802
75 75218805
75.1 75435497
75.2 75819237
75.3 76395497
75.4 77194250
75.5 78252064
75.6 79613483
75.7 81331308
75.8 83465465
75.9 86080329
76 89240594
76.1 93006027
76.2 97425738
76.3 1.0253266e+08
76.4 1.0833895e+08
76.5 1.1483281e+08
76.6 1.2197694e+08
76.7 1.2970873e+08
76.8 1.3794203e+08
76.9 1.4657042e+08
77 1.5547183e+08
77.1 1.6451438e+08
77.2 1.7356313e+08
77.3 1.8248747e+08
77.4 1.9116843e+08
77.5 1.9950534e+08
77.6 2.0742094e+08
77.7 2.1486435e+08
77.8 2.2181135e+08
77.9 2.282619e+08
78 2.3423522e+08
78.1 2.3976313e+08
78.2 2.4488259e+08
78.3 2.496285e+08
78.4 2.5402767e+08
78.5 2.5809453e+08
78.6 2.6182895e+08
78.7 2.6521614e+08
78.8 2.6822836e+08
78.9 2.7082822e+08
79 2.7297314e+08
79.1 2.746206e+08
79.2 2.7573385e+08
79.3 2.7628753e+08
79.4 2.7627292e+08
79.5 2.7570203e+08
79.6 2.7461039e+08
79.7 2.7305797e+08
79.8 2.7112803e+08
79.9 2.6892393e+08
80 2.6656406e+08
80.1 2.6417503e+08
80.2 2.6188392e+08
80.3 2.5980997e+08
80.4 2.5805648e+08
80.5 2.5670377e+08
80.6 2.5580376e+08
80.7 2.5537681e+08
80.8 2.5541107e+08
80.9 2.5586436e+08
81 2.5666832e+08
81.1 2.577343e+08
81.2 2.5896031e+08
81.3 2.6023849e+08
81.4 2.614623e+08
81.5 2.6253313e+08
81.6 2.6336576e+08
81.7 2.6389265e+08
81.8 2.6406672e+08
81.9 2.638629e+08
82 2.6327832e+08
82.1 2.6233148e+08
82.2 2.6106053e+08
82.3 2.5952072e+08
82.4 2.5778134e+08
82.5 2.5592215e+08
82.6 2.540293e+08
82.7 2.5219106e+08
82.8 2.5049341e+08
82.9 2.4901566e+08
83 2.4782656e+08
83.1 2.46981e+08
83.2 2.4651767e+08
83.3 2.4645782e+08
83.4 2.4680516e+08
83.5 2.4754691e+08
83.6 2.4865563e+08
83.7 2.5009181e+08
83.8 2.5180674e+08
83.9 2.5374551e+08
84 2.558499e+08
84.1 2.5806111e+08
84.2 2.6032203e+08
84.3 2.6257931e+08
84.4 2.6478491e+08
84.5 2.6689733e+08
84.6 2.688824e+08
84.7 2.7071365e+08
84.8 2.7237234e+08
84.9 2.738471e+08
85 2.751333e+08
85.1 2.7623222e+08
85.2 2.7715e+08
85.3 2.7789664e+08
85.4 2.7848498e+08
85.5 2.7892982e+08
85.6 2.7924712e+08
85.7 2.7945346e+08
85.8 2.7956557e+08
85.9 2.7959996e+08
86 2.7957259e+08
86.1 2.7949839e+08
86.2 2.7939057e+08
86.3 2.7925961e+08
86.4 2.7911188e+08
86.5 2.7894782e+08
86.6 2.7875988e+08
86.7 2.7853034e+08
86.8 2.7822942e+08
86.9 2.7781389e+08
87 2.7722681e+08
87.1 2.7639854e+08
87.2 2.7524936e+08
87.3 2.7369371e+08
87.4 2.7164588e+08
87.5 2.6902667e+08
87.6 2.6577067e+08
87.7 2.6183329e+08
87.8 2.5719703e+08
87.9 2.5187631e+08
88 2.4592045e+08
88.1 2.394145e+08
88.2 2.3247774e+08
88.3 2.2526013e+08
88.4 2.1793684e+08
88.5 2.1070136e+08
88.6 2.0375751e+08
88.7 1.9731086e+08
88.8 1.9155989e+08
88.9 1.866871e+08
89 1.8285047e+08
89.1 1.801756e+08
89.2 1.7874918e+08
89.3 1.7861433e+08
89.4 1.7976862e+08
89.5 1.8216467e+08
89.6 1.8571343e+08
89.7 1.9028925e+08
89.8 1.9573608e+08
89.9 2.0187397e+08
90 2.0850563e+08
90.1 2.15423e+08
90.2 2.2241384e+08
90.3 2.2926866e+08
90.4 2.3578826e+08
90.5 2.4179159e+08
90.6 2.4712414e+08
90.7 2.5166636e+08
90.8 2.5534169e+08
90.9 2.5812368e+08
91 2.6004134e+08
91.1 2.6118183e+08
91.2 2.6168917e+08
91.3 2.6175762e+08
91.4 2.6161843e+08
91.5 2.6151895e+08
91.6 2.6169484e+08
91.7 2.6233773e+08
91.8 2.6356346e+08
91.9 2.653875e+08
92 2.6771389e+08
92.1 2.7034146e+08
92.2 2.7298675e+08
92.3 2.7531916e+08
92.4 2.7700129e+08
92.5 2.7772788e+08
92.6 2.7725775e+08
92.7 2.7543579e+08
92.8 2.7220384e+08
92.9 2.6760111e+08
93 2.6175578e+08
93.1 2.5487025e+08
93.2 2.4720234e+08
93.3 2.3904504e+08
93.4 2.3070669e+08
93.5 2.2249283e+08
93.6 2.1469077e+08
93.7 2.0755678e+08
93.8 2.0130618e+08
93.9 1.9610602e+08
94 1.9207044e+08
94.1 1.8925896e+08
94.2 1.8767798e+08
94.3 1.8728548e+08
94.4 1.8799873e+08
94.5 1.8970384e+08
94.6 1.9226632e+08
94.7 1.955411e+08
94.8 1.9938141e+08
94.9 2.0364581e+08
95 2.0820341e+08
95.1 2.129372e+08
95.2 2.1774594e+08
95.3 2.2254476e+08
95.4 2.272648e+08
95.5 2.318523e+08
95.6 2.3626702e+08
95.7 2.4048058e+08
95.8 2.4447452e+08
95.9 2.4823834e+08
96 2.5176744e+08
96.1 2.5506102e+08
96.2 2.5811969e+08
96.3 2.6094287e+08
96.4 2.6352578e+08
96.5 2.6585628e+08
96.6 2.6791165e+08
96.7 2.6965599e+08
96.8 2.7103881e+08
96.9 2.7199569e+08
97 2.7245135e+08
97.1 2.723254e+08
97.2 2.7154025e+08
97.3 2.7003019e+08
97.4 2.6775014e+08
97.5 2.6468289e+08
97.6 2.6084356e+08
97.7 2.5628078e+08
97.8 2.5107464e+08
97.9 2.4533201e+08
98 2.3918006e+08
98.1 2.3275893e+08
98.2 2.2621461e+08
98.3 2.1969252e+08
98.4 2.1333228e+08
98.5 2.0726366e+08
98.6 2.0160387e+08
98.7 1.964555e+08
98.8 1.9190522e+08
98.9 1.8802253e+08
99 1.8485856e+08
99.1 1.8244463e+08
99.2 1.8079071e+08
99.3 1.7988384e+08
99.4 1.7968691e+08
99.5 1.8013797e+08
99.6 1.8115063e+08
99.7 1.8261551e+08
99.8 1.8440331e+08
99.9 1.8636933e+08
100 1.8835972e+08
100.1 1.9021916e+08
100.2 1.9179975e+08
100.3 1.9297053e+08
100.4 1.9362671e+08
100.5 1.9369787e+08
100.6 1.9315396e+08
100.7 1.9200862e+08
100.8 1.9031921e+08
100.9 1.8818371e+08
101 1.8573477e+08
101.1 1.8313164e+08
101.2 1.8055069e+08
101.3 1.7817528e+08
101.4 1.761857e+08
101.5 1.7474969e+08
101.6 1.7401413e+08
101.7 1.7409836e+08
101.8 1.7508946e+08
101.9 1.7703983e+08
102 1.7996698e+08
102.1 1.838552e+08
102.2 1.8865847e+08
102.3 1.9430398e+08
102.4 2.0069543e+08
102.5 2.0771589e+08
102.6 2.1522997e+08
102.7 2.2308533e+08
102.8 2.31114e+08
102.9 2.3913372e+08
103 2.4694984e+08
103.1 2.5435804e+08
103.2 2.6114831e+08
103.3 2.671102e+08
103.4 2.7203946e+08
103.5 2.7574602e+08
103.6 2.7806266e+08
103.7 2.7885429e+08
103.8 2.7802673e+08
103.9 2.7553473e+08
104 2.7138798e+08
104.1 2.6565497e+08
104.2 2.5846368e+08
104.3 2.4999928e+08
104.4 2.4049836e+08
104.5 2.302402e+08
104.6 2.1953517e+08
104.7 2.0871074e+08
104.8 1.9809561e+08
104.9 1.8800242e+08
105 1.7870974e+08
105.1 1.7044449e+08
105.2 1.6336669e+08
105.3 1.5755911e+08
105.4 1.5302439e+08
105.5 1.4969121e+08
105.6 1.4742871e+08
105.7 1.4606632e+08
105.8 1.4541448e+08
105.9 1.4528263e+08
106 1.4549197e+08
106.1 1.4588271e+08
106.2 1.4631647e+08
106.3 1.4667527e+08
106.4 1.4685848e+08
106.5 1.4677871e+08
106.6 1.4635756e+08
106.7 1.4552157e+08
106.8 1.4419881e+08
106.9 1.4231623e+08
107 1.3979822e+08
107.1 1.3656635e+08
107.2 1.3254103e+08
107.3 1.2764519e+08
107.4 1.2181097e+08
107.5 1.149903e+08
107.6 1.0717126e+08
107.7 98403759
107.8 88841608
107.9 78815566
108 68963287
108.1 60437938
108.2 55081959
108.3 54995163
108.4 61068536
108.5 72264120
108.6 86794547
108.7 1.0316558e+08
108.8 1.2032554e+08
108.9 1.3752611e+08
109 1.542027e+08
109.1 1.6990766e+08
109.2 1.842767e+08
109.3 1.9701245e+08
109.4 2.0787697e+08
109.5 2.1668974e+08
109.6 2.2332998e+08
109.7 2.2774256e+08
109.8 2.2994677e+08
109.9 2.3004646e+08
110 2.28239e+08
110.1 2.2481983e+08
110.2 2.2017889e+08
110.3 2.1478481e+08
110.4 2.0915428e+08
110.5 2.0380565e+08
110.6 1.9920096e+08
110.7 1.9568613e+08
110.8 1.9344467e+08
110.9 1.9247952e+08
111 1.9262979e+08
111.1 1.9361594e+08
111.2 1.9509778e+08
111.3 1.9672896e+08
111.4 1.981978e+08
111.5 1.9925252e+08
111.6 1.9971387e+08
111.7 1.9948008e+08
111.8 1.9852845e+08
111.9 1.9691624e+08
112 1.9478128e+08
112.1 1.9234065e+08
112.2 1.8988321e+08
112.3 1.8775023e+08
112.4 1.8629833e+08
112.5 1.8584268e+08
112.6 1.86587e+08
112.7 1.8855724e+08
112.8 1.9156124e+08
112.9 1.9519017e+08
113 1.9886202e+08
113.1 2.018927e+08
113.2 2.0357572e+08
113.3 2.0325493e+08
113.4 2.0038228e+08
113.5 1.9455768e+08
113.6 1.8555143e+08
113.7 1.7331053e+08
113.8 1.5795128e+08
113.9 1.3974109e+08
114 1.1907342e+08
114.1 96442484
114.2 72433522
114.3 47796414
114.4 24184512
114.5 14661676
114.6 33882967
114.7 57282896
114.8 80359660
114.9 1.0241061e+08
115 1.2316934e+08
115.1 1.4250603e+08
115.2 1.6036344e+08
115.3 1.7673201e+08
115.4 1.9163545e+08
115.5 2.0512046e+08
115.6 2.1724878e+08
115.7 2.2809088e+08
115.8 2.3772084e+08
115.9 2.4621202e+08
116 2.5363356e+08
116.1 2.6004722e+08
116.2 2.6550474e+08
116.3 2.7004571e+08
116.4 2.7369592e+08
116.5 2.7646669e+08
116.6 2.7835518e+08
116.7 2.7934625e+08
116.8 2.7941603e+08
116.9 2.7853755e+08
117 2.7668832e+08
117.1 2.7385991e+08
117.2 2.7006867e+08
117.3 2.6536692e+08
117.4 2.5985297e+08
117.5 2.5367833e+08
117.6 2.4705011e+08
117.7 2.4022641e+08
117.8 2.3350324e+08
117.9 2.2719232e+08
118 2.2159104e+08
118.1 2.1694848e+08
118.2 2.1343392e+08
118.3 2.1111572e+08
118.4 2.0995653e+08
118.5 2.098264e+08
118.6 2.1052988e+08
118.7 2.1183928e+08
118.8 2.1352592e+08
118.9 2.1538384e+08
119 2.1724367e+08
119.1 2.1897714e+08
119.2 2.2049428e+08
119.3 2.2173576e+08
119.4 2.2266272e+08
119.5 2.232461e+08
119.6 2.2345717e+08
119.7 2.2326041e+08
119.8 2.2260988e+08
119.9 2.2144948e+08
120 2.1971737e+08
120.1 2.1735414e+08
120.2 2.1431381e+08
120.3 2.1057641e+08
120.4 2.0616026e+08
120.5 2.0113206e+08
120.6 1.9561284e+08
120.7 1.8977761e+08
120.8 1.8384748e+08
120.9 1.7807334e+08
121 1.7271158e+08
121.1 1.6799432e+08
121.2 1.6409904e+08
121.3 1.6112403e+08
121.4 1.5907657e+08
121.5 1.578772e+08
121.6 1.5737889e+08
121.7 1.5739508e+08
121.8 1.5772899e+08
121.9 1.5819779e+08
122 1.5864838e+08
122.1 1.5896482e+08
122.2 1.5906882e+08
122.3 1.5891584e+08
122.4 1.5848905e+08
122.5 1.5779294e+08
122.6 1.5684771e+08
122.7 1.5568533e+08
122.8 1.5434709e+08
122.9 1.5288281e+08
123 1.5135085e+08
123.1 1.4981854e+08
123.2 1.4836207e+08
123.3 1.4706524e+08
123.4 1.4601663e+08
123.5 1.4530498e+08
123.6 1.4501301e+08
123.7 1.4521048e+08
123.8 1.4594757e+08
123.9 1.4724976e+08
124 1.4911531e+08
124.1 1.5151588e+08
124.2 1.543999e+08
124.3 1.5769825e+08
124.4 1.6133086e+08
124.5 1.652134e+08
124.6 1.6926301e+08
124.7 1.7340278e+08
124.8 1.7756463e+08
124.9 1.8169082e+08
125 1.857342e+08
125.1 1.8965763e+08
125.2 1.9343264e+08
125.3 1.9703786e+08
125.4 2.0045716e+08
125.5 2.0367765e+08
125.6 2.0668755e+08
125.7 2.0947383e+08
125.8 2.1201946e+08
125.9 2.1430029e+08
126 2.1628141e+08
126.1 2.1791336e+08
126.2 2.1912848e+08
126.3 2.1983803e+08
126.4 2.1993111e+08
126.5 2.1927623e+08
126.6 2.1772703e+08
126.7 2.1513308e+08
126.8 2.1135739e+08
126.9 2.0630143e+08
127 1.999389e+08
127.1 1.923588e+08
127.2 1.8381719e+08
127.3 1.7479371e+08
127.4 1.660397e+08
127.5 1.5858539e+08
127.6 1.536467e+08
127.7 1.5237168e+08
127.8 1.5546234e+08
127.9 1.628805e+08
128 1.7386207e+08
128.1 1.8721071e+08
128.2 2.0164097e+08
128.3 2.1600917e+08
128.4 2.2941839e+08
128.5 2.4124424e+08
128.6 2.5112139e+08
128.7 2.5891156e+08
128.8 2.6466268e+08
128.9 2.6856381e+08
129 2.7089939e+08
129.1 2.7200587e+08
129.2 2.7223297e+08
129.3 2.7191161e+08
129.4 2.7132965e+08
129.5 2.7071585e+08
129.6 2.7023221e+08
129.7 2.6997379e+08
129.8 2.6997495e+08
129.9 2.702204e+08
130 2.7065921e+08
130.1 2.7122003e+08
130.2 2.7182576e+08
130.3 2.7240639e+08
130.4 2.7290867e+08
130.5 2.7330198e+08
130.6 2.7357991e+08
130.7 2.7375756e+08
130.8 2.7386543e+08
130.9 2.7394103e+08
131 2.7402015e+08
131.1 2.7412946e+08
131.2 2.7428198e+08
131.3 2.7447608e+08
131.4 2.7469748e+08
131.5 2.7492339e+08
131.6 2.7512714e+08
131.7 2.7528225e+08
131.8 2.7536503e+08
131.9 2.7535583e+08
132 2.7523927e+08
132.1 2.7500431e+08
132.2 2.7464475e+08
132.3 2.7416045e+08
132.4 2.7355919e+08
132.5 2.7285867e+08
132.6 2.7208795e+08
132.7 2.7128765e+08
132.8 2.7050851e+08
132.9 2.698082e+08
133 2.6924661e+08
133.1 2.688802e+08
133.2 2.6875589e+08
133.3 2.6890548e+08
133.4 2.6934087e+08
133.5 2.7005071e+08
133.6 2.709986e+08
133.7 2.7212282e+08
133.8 2.7333735e+08
133.9 2.7453404e+08
134 2.7558554e+08
134.1 2.7634863e+08
134.2 2.7666799e+08
134.3 2.7638004e+08
134.4 2.7531691e+08
134.5 2.7331049e+08
134.6 2.7019657e+08
134.7 2.6581911e+08
134.8 2.6003459e+08
134.9 2.5271657e+08
135 2.4376032e+08
135.1 2.3308754e+08
135.2 2.2065105e+08
135.3 2.0643916e+08
135.4 1.9047966e+08
135.5 1.7284287e+08
135.6 1.5364342e+08
135.7 1.3304046e+08
135.8 1.11236e+08
135.9 88471505
136 65024176
136.1 41211518
136.2 17502450
136.3 7899381.7
136.4 30328304
136.5 52727094
136.6 74181182
136.7 94430894
136.8 1.1329347e+08
136.9 1.3063471e+08
137 1.4636363e+08
137.1 1.6042985e+08
137.2 1.7282174e+08
137.3 1.8356509e+08
137.4 1.9272243e+08
137.5 2.0039284e+08
137.6 2.0671163e+08
137.7 2.1184901e+08
137.8 2.1600631e+08
137.9 2.1940864e+08
138 2.2229289e+08
138.1 2.2489107e+08
138.2 2.2741038e+08
138.3 2.3001263e+08
138.4 2.3279724e+08
138.5 2.3579147e+08
138.6 2.3895087e+08
138.7 2.4216995e+08
138.8 2.4530102e+08
138.9 2.4817721e+08
139 2.5063549e+08
139.1 2.525362e+08
139.2 2.5377706e+08
139.3 2.5430087e+08
139.4 2.5409754e+08
139.5 2.5320133e+08
139.6 2.5168481e+08
139.7 2.4965079e+08
139.8 2.4722343e+08
139.9 2.4453917e+08
140 2.4173829e+08
140.1 2.3895721e+08
140.2 2.363216e+08
140.3 2.3394059e+08
140.4 2.3190165e+08
140.5 2.3026662e+08
140.6 2.2906847e+08
140.7 2.283093e+08
140.8 2.2795936e+08
140.9 2.2795743e+08
141 2.282123e+08
141.1 2.2860569e+08
141.2 2.2899622e+08
141.3 2.2922455e+08
141.4 2.2911964e+08
141.5 2.28506e+08
141.6 2.2721187e+08
141.7 2.2507849e+08
141.8 2.2197005e+08
141.9 2.1778454e+08
142 2.1246483e+08
142.1 2.0600996e+08
142.2 1.9848577e+08
142.3 1.9003433e+08
142.4 1.8088077e+08
142.5 1.7133588e+08
142.6 1.6179144e+08
142.7 1.5270381e+08
142.8 1.4456001e+08
142.9 1.3782151e+08
143 1.3284855e+08
143.1 1.2982267e+08
143.2 1.2869943e+08
143.3 1.2921844e+08
143.4 1.3096986e+08
143.5 1.334867e+08
143.6 1.3632693e+08
143.7 1.3912621e+08
143.8 1.4162094e+08
143.9 1.4365013e+08
144 1.4514569e+08
144.1 1.4611754e+08
144.2 1.4663739e+08
144.3 1.4682272e+08
144.4 1.4682155e+08
144.5 1.4679776e+08
144.6 1.4691688e+08
144.7 1.4733227e+08
144.8 1.481723e+08
144.9 1.495297e+08
145 1.5145431e+08
145.1 1.5395058e+08
145.2 1.5698011e+08
145.3 1.6046875e+08
145.4 1.6431678e+08
145.5 1.6841041e+08
145.6 1.7263274e+08
145.7 1.7687314e+08
145.8 1.8103399e+08
145.9 1.8503495e+08
146 1.8881447e+08
146.1 1.9232925e+08
146.2 1.9555189e+08
146.3 1.9846733e+08
146.4 2.010687e+08
146.5 2.0335289e+08
146.6 2.0531653e+08
146.7 2.0695274e+08
146.8 2.0824892e+08
146.9 2.0918629e+08
147 2.0974105e+08
147.1 2.0988773e+08
147.2 2.0960451e+08
147.3 2.0888036e+08
147.4 2.0772348e+08
147.5 2.0616984e+08
147.6 2.0429047e+08
147.7 2.0219536e+08
147.8 2.0003202e+08
147.9 1.9797665e+08
148 1.9621757e+08
148.1 1.9493191e+08
148.2 1.942596e+08
148.3 1.9428044e+08
148.4 1.9500033e+08
148.5 1.963508e+08
148.6 1.982017e+08
148.7 2.0038337e+08
148.8 2.027122e+08
148.9 2.0501411e+08
149 2.0714235e+08
149.1 2.0898818e+08
149.2 2.1048508e+08
149.3 2.1160773e+08
149.4 2.1236761e+08
149.5 2.1280647e+08
149.6 2.1298906e+08
149.7 2.1299556e+08
149.8 2.1291448e+08
149.9 2.1283596e+08
150 2.1284583e+08
150.1 2.1302038e+08
150.2 2.1342201e+08
150.3 2.1409578e+08
150.4 2.1506714e+08
150.5 2.1634081e+08
150.6 2.1790096e+08
150.7 2.1971264e+08
150.8 2.2172429e+08
150.9 2.2387123e+08
151 2.2607974e+08
151.1 2.2827157e+08
151.2 2.3036853e+08
151.3 2.3229709e+08
151.4 2.3399263e+08
151.5 2.3540328e+08
151.6 2.364933e+08
151.7 2.3724568e+08
151.8 2.3766387e+08
151.9 2.3777247e+08
152 2.3761654e+08
152.1 2.3725944e+08
152.2 2.3677889e+08
152.3 2.3626141e+08
152.4 2.357953e+08
152.5 2.3546272e+08
152.6 2.353318e+08
152.7 2.3544985e+08
152.8 2.3583872e+08
152.9 2.3649315e+08
153 2.3738246e+08
153.1 2.3845519e+08
153.2 2.3964599e+08
153.3 2.408835e+08
153.4 2.4209812e+08
153.5 2.4322863e+08
153.6 2.4422709e+08
153.7 2.4506167e+08
153.8 2.4571753e+08
153.9 2.4619598e+08
154 2.4651224e+08
154.1 2.4669233e+08
154.2 2.4676944e+08
154.3 2.4678012e+08
154.4 2.4676077e+08
154.5 2.467445e+08
154.6 2.4675867e+08
154.7 2.4682318e+08
154.8 2.469495e+08
154.9 2.4714037e+08
155 2.4739012e+08
155.1 2.4768537e+08
155.2 2.4800596e+08
155.3 2.4832605e+08
155.4 2.4861502e+08
155.5 2.4883844e+08
155.6 2.4895869e+08
155.7 2.4893563e+08
155.8 2.4872707e+08
155.9 2.4828931e+08
156 2.4757783e+08
156.1 2.4654829e+08
156.2 2.4515781e+08
156.3 2.4336689e+08
156.4 2.4114165e+08
156.5 2.3845672e+08
156.6 2.3529839e+08
156.7 2.3166805e+08
156.8 2.2758547e+08
156.9 2.2309171e+08
157 2.1825118e+08
157.1 2.1315238e+08
157.2 2.0790695e+08
157.3 2.0264654e+08
157.4 1.9751731e+08
157.5 1.926721e+08
157.6 1.8826064e+08
157.7 1.8441857e+08
157.8 1.8125691e+08
157.9 1.7885329e+08
158 1.7724678e+08
158.1 1.7643717e+08
158.2 1.7638872e+08
158.3 1.7703737e+08
158.4 1.7829972e+08
158.5 1.800819e+08
158.6 1.8228693e+08
158.7 1.8481999e+08
158.8 1.8759156e+08
158.9 1.9051921e+08
159 1.9352884e+08
159.1 1.9655631e+08
159.2 1.9955019e+08
159.3 2.0247569e+08
159.4 2.0531954e+08
159.5 2.0809466e+08
159.6 2.1084317e+08
159.7 2.1363564e+08
159.8 2.1656501e+08
159.9 2.1973405e+08
160 2.2323733e+08
160.1 2.271402e+08
160.2 2.3145964e+08
160.3 2.3615185e+08
160.4 2.411106e+08
160.5 2.4617732e+08
160.6 2.5116067e+08
160.7 2.5586112e+08
160.8 2.6009534e+08
160.9 2.6371605e+08
161 2.6662496e+08
161.1 2.6877802e+08
161.2 2.7018414e+08
161.3 2.7089885e+08
161.4 2.7101502e+08
161.5 2.7065238e+08
161.6 2.6994706e+08
161.7 2.6904196e+08
161.8 2.6807833e+08
161.9 2.6718841e+08
162 2.6648915e+08
162.1 2.6607684e+08
162.2 2.660225e+08
162.3 2.6636823e+08
162.4 2.671246e+08
162.5 2.6826923e+08
162.6 2.6974679e+08
162.7 2.714704e+08
162.8 2.7332421e+08
162.9 2.7516715e+08
163 2.7683727e+08
163.1 2.7815671e+08
163.2 2.7893691e+08
163.3 2.7898415e+08
163.4 2.7810538e+08
163.5 2.7611458e+08
163.6 2.7283979e+08
163.7 2.6813093e+08
163.8 2.6186828e+08
163.9 2.5397139e+08
164 2.4440782e+08
164.1 2.332007e+08
164.2 2.2043412e+08
164.3 2.0625508e+08
164.4 1.9087088e+08
164.5 1.7454136e+08
164.6 1.5756594e+08
164.7 1.4026607e+08
164.8 1.2296471e+08
164.9 1.0596501e+08
165 89530678
165.1 73870744
165.2 59130900
165.3 45393470
165.4 32689183
165.5 21035367
165.6 10629661
165.7 4747173.3
165.8 11215021
165.9 19708317
166 28023227
166.1 36033119
166.2 43760523
166.3 51248075
166.4 58537765
166.5 65665674
166.6 72659771
166.7 79538316
166.8 86308531
166.9 92965736
167 99493220
167.1 1.05863e+08
167.2 1.1203747e+08
167.3 1.1797178e+08
167.4 1.2361672e+08
167.5 1.2892178e+08
167.6 1.3383814e+08
167.7 1.3832142e+08
167.8 1.4233399e+08
167.9 1.458469e+08
168 1.4884143e+08
168.1 1.5131032e+08
168.2 1.5325878e+08
168.3 1.5470522e+08
168.4 1.5568172e+08
168.5 1.5623407e+08
168.6 1.5642098e+08
168.7 1.5631244e+08
168.8 1.5598665e+08
168.9 1.5552562e+08
169 1.5500949e+08
169.1 1.5450996e+08
169.2 1.5408388e+08
169.3 1.5376771e+08
169.4 1.5357416e+08
169.5 1.5349159e+08
169.6 1.5348621e+08
169.7 1.5350689e+08
169.8 1.5349144e+08
169.9 1.5337353e+08
170 1.530891e+08
170.1 1.5258172e+08
170.2 1.5180654e+08
170.3 1.5073279e+08
170.4 1.4934504e+08
170.5 1.4764345e+08
170.6 1.4564332e+08
170.7 1.4337395e+08
170.8 1.4087722e+08
170.9 1.3820547e+08
171 1.3541895e+08
171.1 1.3258252e+08
171.2 1.2976157e+08
171.3 1.2701735e+08
171.4 1.2440184e+08
171.5 1.2195298e+08
171.6 1.1969075e+08
171.7 1.1761512e+08
171.8 1.1570637e+08
171.9 1.1392796e+08
172 1.1223148e+08
172.1 1.1056285e+08
172.2 1.0886857e+08
172.3 1.0710087e+08
172.4 1.0522093e+08
172.5 1.0319982e+08
172.6 1.0101716e+08
172.7 98658197
172.8 96109984
172.9 93357928
173 90383912
173.1 87167385
173.2 83690919
173.3 79951882
173.4 75982244
173.5 71878770
173.6 67845209
173.7 64243176
173.8 61631894
173.9 60743321
174 62320297
174.1 66837793
174.2 74309735
174.3 84348744
174.4 96372698
174.5 1.0977089e+08
174.6 1.2397855e+08
174.7 1.3849652e+08
174.8 1.5289221e+08
174.9 1.6679788e+08
175 1.7990977e+08
175.1 1.9198741e+08
175.2 2.0285202e+08
175.3 2.1238312e+08
175.4 2.2051311e+08
175.5 2.2722047e+08
175.6 2.3252209e+08
175.7 2.3646573e+08
175.8 2.3912323e+08
175.9 2.4058491e+08
176 2.4095547e+08
176.1 2.403513e+08
176.2 2.3889874e+08
176.3 2.3673305e+08
176.4 2.3399736e+08
176.5 2.3084113e+08
176.6 2.274177e+08
176.7 2.2388048e+08
176.8 2.2037788e+08
176.9 2.17047e+08
177 2.1400675e+08
177.1 2.1135113e+08
177.2 2.0914355e+08
177.3 2.0741327e+08
177.4 2.0615443e+08
177.5 2.0532812e+08
177.6 2.0486689e+08
177.7 2.046812e+08
177.8 2.0466663e+08
177.9 2.047111e+08
178 2.0470128e+08
178.1 2.0452816e+08
178.2 2.0409177e+08
178.3 2.0330587e+08
178.4 2.0210324e+08
178.5 2.004429e+08
178.6 1.9832e+08
178.7 1.9577907e+08
178.8 1.9293029e+08
178.9 1.8996675e+08
179 1.8717789e+08
179.1 1.8495061e+08
179.2 1.8374632e+08
179.3 1.8404327e+08
179.4 1.8624331e+08
179.5 1.9056269e+08
179.6 1.9694483e+08
179.7 2.0503228e+08
179.8 2.1420887e+08
179.9 2.2369283e+08
180 2.3264905e+08
180.1 2.4029611e+08
180.2 2.4599642e+08
180.3 2.4932629e+08
180.4 2.5012549e+08
180.5 2.485247e+08
180.6 2.4494757e+08
180.7 2.4008103e+08
180.8 2.3480595e+08
180.9 2.3008162e+08
181 2.2678876e+08
181.1 2.2555942e+08
181.2 2.2664809e+08
181.3 2.298987e+08
181.4 2.3482187e+08
181.5 2.4074199e+08
181.6 2.4695071e+08
181.7 2.5282132e+08
181.8 2.5787101e+08
181.9 2.6177981e+08
182 2.6438161e+08
182.1 2.6564052e+08
182.2 2.6562215e+08
182.3 2.6446493e+08
182.4 2.6235469e+08
182.5 2.5950349e+08
182.6 2.5613304e+08
182.7 2.5246218e+08
182.8 2.4869791e+08
182.9 2.4502883e+08
183 2.4162047e+08
183.1 2.3861167e+08
183.2 2.3611171e+08
183.3 2.341981e+08
183.4 2.3291509e+08
183.5 2.3227339e+08
183.6 2.3225134e+08
183.7 2.3279779e+08
183.8 2.3383677e+08
183.9 2.3527352e+08
184 2.3700142e+08
184.1 2.3890925e+08
184.2 2.4088795e+08
184.3 2.428365e+08
184.4 2.4466644e+08
184.5 2.4630491e+08
184.6 2.4769615e+08
184.7 2.4880158e+08
184.8 2.4959865e+08
184.9 2.5007881e+08
185 2.5024475e+08
185.1 2.5010734e+08
185.2 2.4968245e+08
185.3 2.4898792e+08
185.4 2.4804096e+08
185.5 2.46856e+08
185.6 2.4544335e+08
185.7 2.4380854e+08
185.8 2.4195231e+08
185.9 2.3987142e+08
186 2.3755979e+08
186.1 2.3501002e+08
186.2 2.3221494e+08
186.3 2.2916908e+08
186.4 2.2586971e+08
186.5 2.2231755e+08
186.6 2.1851684e+08
186.7 2.1447505e+08
186.8 2.102021e+08
186.9 2.0570936e+08
187 2.0100865e+08
187.1 1.9611134e+08
187.2 1.9102805e+08
187.3 1.8576904e+08
187.4 1.8034559e+08
187.5 1.7477266e+08
187.6 1.6907293e+08
187.7 1.6328229e+08
187.8 1.5745683e+08
187.9 1.5168087e+08
188 1.4607542e+08
188.1 1.4080564e+08
188.2 1.3608457e+08
188.3 1.321693e+08
188.4 1.293449e+08
188.5 1.2789264e+08
188.6 1.2804472e+08
188.7 1.2993596e+08
188.8 1.3356954e+08
188.9 1.3881066e+08
189 1.4540944e+08
189.1 1.5304163e+08
189.2 1.6135202e+08
189.3 1.6999037e+08
189.4 1.7863631e+08
189.5 1.8701429e+08
189.6 1.9490121e+08
189.7 2.0212867e+08
189.8 2.0858166e+08
189.9 2.141944e+08
190 2.1894409e+08
190.1 2.2284315e+08
190.2 2.2593046e+08
190.3 2.2826267e+08
190.4 2.2990627e+08
190.5 2.309316e+08
190.6 2.3140961e+08
190.7 2.3141168e+08
190.8 2.3101216e+08
190.9 2.3029256e+08
191 2.2934529e+08
191.1 2.2827454e+08
191.2 2.2719224e+08
191.3 2.2620781e+08
191.4 2.2541285e+08
191.5 2.248638e+08
191.6 2.2456755e+08
191.7 2.2447494e+08
191.8 2.2448525e+08
191.9 2.2446122e+08
192 2.2425109e+08
192.1 2.2371221e+08
192.2 2.2273107e+08
192.3 2.2123634e+08
192.4 2.1920388e+08
192.5 2.1665459e+08
192.6 2.1364718e+08
192.7 2.1026822e+08
192.8 2.0662171e+08
192.9 2.0281956e+08
193 1.9897393e+08
193.1 1.9519171e+08
193.2 1.9157095e+08
193.3 1.8819884e+08
193.4 1.8515088e+08
193.5 1.824907e+08
193.6 1.8027025e+08
193.7 1.7853002e+08
193.8 1.7729932e+08
193.9 1.7659634e+08
194 1.764282e+08
194.1 1.7679095e+08
194.2 1.7766967e+08
194.3 1.7903877e+08
194.4 1.808626e+08
194.5 1.8309649e+08
194.6 1.8568817e+08
194.7 1.8857944e+08
194.8 1.9170813e+08
194.9 1.9500983e+08
195 1.9841953e+08
195.1 2.0187267e+08
195.2 2.053058e+08
195.3 2.0865682e+08
195.4 2.1186504e+08
195.5 2.1487146e+08
195.6 2.1761963e+08
195.7 2.2005728e+08
195.8 2.2213907e+08
195.9 2.2383002e+08
196 2.2510935e+08
196.1 2.259739e+08
196.2 2.2644031e+08
196.3 2.2654517e+08
196.4 2.2634261e+08
196.5 2.2589936e+08
196.6 2.2528792e+08
196.7 2.2457884e+08
196.8 2.2383371e+08
196.9 2.2309998e+08
197 2.2240865e+08
197.1 2.2177471e+08
197.2 2.2120002e+08
197.3 2.2067736e+08
197.4 2.201946e+08
197.5 2.19738e+08
197.6 2.1929418e+08
197.7 2.1885071e+08
197.8 2.1839556e+08
197.9 2.1791596e+08
198 2.1739712e+08
198.1 2.1682123e+08
198.2 2.1616678e+08
198.3 2.1540837e+08
198.4 2.1451661e+08
198.5 2.1345811e+08
198.6 2.1219522e+08
198.7 2.106855e+08
198.8 2.0888094e+08
198.9 2.0672701e+08
199 2.0416192e+08
199.1 2.0111631e+08
199.2 1.9751376e+08
199.3 1.9327262e+08
199.4 1.8830917e+08
199.5 1.8254251e+08
199.6 1.7590111e+08
199.7 1.6833096e+08
199.8 1.5980475e+08
199.9 1.5033204e+08
200 1.3996939e+08
200.1 1.288304e+08
200.2 1.1709529e+08
200.3 1.0502038e+08
200.4 92948781
200.5 81323360
200.6 70700117
200.7 61745690
200.8 55167833
200.9 51501897
201 50795799
201.1 52498180
201.2 55738142
201.3 59701402
201.4 63805386
201.5 67695670
201.6 71181297
201.7 74170495
201.8 76623002
201.9 78519885
202 79848826
202.1 80602612
202.2 80788364
202.3 80444548
202.4 79662045
202.5 78604269
202.6 77519149
202.7 76732831
202.8 76613962
202.9 77504230
203 79630468
203.1 83035695
203.2 87565159
203.3 92910589
203.4 98682717
203.5 1.0447825e+08
203.6 1.0992488e+08
203.7 1.1470411e+08
203.8 1.1855846e+08
203.9 1.2128948e+08
204 1.2275151e+08
204.1 1.2284427e+08
204.2 1.2150608e+08
204.3 1.1870912e+08
204.4 1.144571e+08
204.5 1.0878611e+08
204.6 1.0176913e+08
204.7 93525799
204.8 84240762
204.9 74198994
205 63856500
205.1 53983093
205.2 45909652
205.3 41671127
205.4 43121425
205.5 50126443
205.6 60889607
205.7 73697257
205.8 87458723
205.9 1.0152684e+08
206 1.1550253e+08
206.1 1.2912677e+08
206.2 1.4222572e+08
206.3 1.5468101e+08
206.4 1.6641095e+08
206.5 1.7735671e+08
206.6 1.8747058e+08
206.7 1.967055e+08
206.8 2.0500591e+08
206.9 2.1230016e+08
207 2.1849521e+08
207.1 2.2347452e+08
207.2 2.2709956e+08
207.3 2.2921593e+08
207.4 2.2966395e+08
207.5 2.2829386e+08
207.6 2.2498479e+08
207.7 2.1966626e+08
207.8 2.1234046e+08
207.9 2.0310355e+08
208 1.921643e+08
208.1 1.7985903e+08
208.2 1.6666239e+08
208.3 1.5319312e+08
208.4 1.4021073e+08
208.5 1.285901e+08
208.6 1.1924604e+08
208.7 1.1297517e+08
208.8 1.1022772e+08
208.9 1.1092775e+08
209 1.1449667e+08
209.1 1.2007899e+08
209.2 1.2680198e+08
209.3 1.339343e+08
209.4 1.4093406e+08
209.5 1.4743515e+08
209.6 1.532131e+08
209.7 1.581502e+08
209.8 1.6220642e+08
209.9 1.6539659e+08
210 1.6777277e+08
210.1 1.6941043e+08
210.2 1.7039717e+08
210.3 1.7082328e+08
210.4 1.7077354e+08
210.5 1.7032004e+08
210.6 1.6951612e+08
210.7 1.683917e+08
210.8 1.6695059e+08
210.9 1.651704e+08
211 1.6300599e+08
211.1 1.6039722e+08
211.2 1.5728185e+08
211.3 1.5361452e+08
211.4 1.4939234e+08
211.5 1.4468774e+08
211.6 1.3968755e+08
211.7 1.3473465e+08
211.8 1.3036049e+08
211.9 1.2728372e+08
212 1.2633653e+08
212.1 1.2829205e+08
212.2 1.336319e+08
212.3 1.4237711e+08
212.4 1.5408929e+08
212.5 1.6801804e+08
212.6 1.8328237e+08
212.7 1.9900586e+08
212.8 2.1439274e+08
212.9 2.2876391e+08
213 2.4157203e+08
213.1 2.5240625e+08
213.2 2.6099131e+08
213.3 2.6718217e+08
213.4 2.7095484e+08
213.5 2.7239372e+08
213.6 2.7167599e+08
213.7 2.6905394e+08
213.8 2.6483595e+08
213.9 2.5936711e+08
214 2.5301036e+08
214.1 2.4612866e+08
214.2 2.3906909e+08
214.3 2.3214908e+08
214.4 2.2564535e+08
214.5 2.1978558e+08
214.6 2.1474297e+08
214.7 2.1063346e+08
214.8 2.0751528e+08
214.9 2.0539013e+08
215 2.0420557e+08
215.1 2.0385792e+08
215.2 2.0419546e+08
215.3 2.0502211e+08
215.4 2.061019e+08
215.5 2.0716491e+08
215.6 2.0791514e+08
215.7 2.080409e+08
215.8 2.0722739e+08
215.9 2.0517139e+08
216 2.0159701e+08
216.1 1.9627136e+08
216.2 1.8901869e+08
216.3 1.7973166e+08
216.4 1.6837836e+08
216.5 1.5500458e+08
216.6 1.3973133e+08
216.7 1.2274863e+08
216.8 1.0430829e+08
216.9 84721807
217 64381833
217.1 43888094
217.2 24849880
217.3 16283012
217.4 29436865
217.5 48735881
217.6 68606543
217.7 88014941
217.8 1.0656553e+08
217.9 1.2402082e+08
218 1.4020716e+08
218.1 1.54989e+08
218.2 1.6826149e+08
218.3 1.7994962e+08
218.4 1.9001013e+08
218.5 1.9843418e+08
218.6 2.0524971e+08
218.7 2.1052242e+08
218.8 2.1435467e+08
218.9 2.1688185e+08
219 2.1826626e+08
219.1 2.1868884e+08
219.2 2.1833938e+08
219.3 2.1740606e+08
219.4 2.1606538e+08
219.5 2.1447318e+08
219.6 2.1275743e+08
219.7 2.110134e+08
219.8 2.0930108e+08
219.9 2.0764518e+08
220 2.0603709e+08
220.1 2.0443869e+08
220.2 2.0278736e+08
220.3 2.0100181e+08
220.4 1.9898813e+08
220.5 1.9664593e+08
220.6 1.9387411e+08
220.7 1.9057649e+08
220.8 1.8666736e+08
220.9 1.8207706e+08
221 1.7675823e+08
221.1 1.7069297e+08
221.2 1.6390148e+08
221.3 1.5645272e+08
221.4 1.4847758e+08
221.5 1.4018459e+08
221.6 1.3187745e+08
221.7 1.2397045e+08
221.8 1.1699212e+08
221.9 1.1155853e+08
222 1.0829219e+08
222.1 1.0768125e+08
222.2 1.0992678e+08
222.3 1.1487131e+08
222.4 1.2205982e+08
222.5 1.308836e+08
222.6 1.4071711e+08
222.7 1.5100109e+08
222.8 1.6127562e+08
222.9 1.7118368e+08
223 1.804621e+08
223.1 1.8892823e+08
223.2 1.964663e+08
223.3 2.0301443e+08
223.4 2.0855286e+08
223.5 2.1309347e+08
223.6 2.1667073e+08
223.7 2.1933421e+08
223.8 2.2114268e+08
223.9 2.2215981e+08
224 2.2245132e+08
224.1 2.2208342e+08
224.2 2.2112243e+08
224.3 2.196351e+08
224.4 2.1768955e+08
224.5 2.1535638e+08
224.6 2.1270975e+08
224.7 2.0982812e+08
224.8 2.067944e+08
224.9 2.0369539e+08
225 2.0062033e+08
225.1 1.9765862e+08
225.2 1.9489689e+08
225.3 1.924155e+08
225.4 1.902851e+08
225.5 1.8856342e+08
225.6 1.8729295e+08
225.7 1.864997e+08
225.8 1.8619339e+08
225.9 1.8636887e+08
226 1.8700863e+08
226.1 1.8808612e+08
226.2 1.8956923e+08
226.3 1.9142363e+08
226.4 1.9361568e+08
226.5 1.9611448e+08
226.6 1.9889319e+08
226.7 2.0192945e+08
226.8 2.0520502e+08
226.9 2.0870476e+08
227 2.1241508e+08
227.1 2.1632206e+08
227.2 2.2040934e+08
227.3 2.2465602e+08
227.4 2.2903471e+08
227.5 2.3350982e+08
227.6 2.3803632e+08
227.7 2.4255906e+08
227.8 2.4701263e+08
227.9 2.5132201e+08
228 2.5540389e+08
228.1 2.5916879e+08
228.2 2.6252394e+08
228.3 2.6537693e+08
228.4 2.6764001e+08
228.5 2.6923509e+08
228.6 2.7009904e+08
228.7 2.7018924e+08
228.8 2.6948876e+08
228.9 2.6801072e+08
229 2.6580108e+08
229.1 2.6293911e+08
229.2 2.5953493e+08
229.3 2.5572352e+08
229.4 2.5165523e+08
229.5 2.4748337e+08
229.6 2.4335015e+08
229.7 2.3937285e+08
229.8 2.3563258e+08
229.9 2.3216778e+08
230 2.2897384e+08
230.1 2.2600916e+08
230.2 2.232065e+08
230.3 2.2048748e+08
230.4 2.1777768e+08
230.5 2.1501994e+08
230.6 2.1218401e+08
230.7 2.0927175e+08
230.8 2.0631775e+08
230.9 2.033861e+08
231 2.0056414e+08
231.1 1.9795446e+08
231.2 1.9566617e+08
231.3 1.9380604e+08
231.4 1.9247015e+08
231.5 1.9173619e+08
231.6 1.9165673e+08
231.7 1.9225389e+08
231.8 1.9351571e+08
231.9 1.9539511e+08
232 1.9781172e+08
232.1 2.0065678e+08
232.2 2.038006e+08
232.3 2.07102e+08
232.4 2.104185e+08
232.5 2.1361622e+08
232.6 2.1657856e+08
232.7 2.1921295e+08
232.8 2.2145525e+08
232.9 2.2327173e+08
233 2.2465872e+08
233.1 2.256404e+08
233.2 2.2626512e+08
233.3 2.2660093e+08
233.4 2.2673092e+08
233.5 2.2674881e+08
233.6 2.2675531e+08
233.7 2.2685513e+08
233.8 2.2715481e+08
233.9 2.2776056e+08
234 2.2877549e+08
234.1 2.3029525e+08
234.2 2.32401e+08
234.3 2.3514942e+08
234.4 2.3856004e+08
234.5 2.4260145e+08
234.6 2.471788e+08
234.7 2.5212564e+08
234.8 2.5720258e+08
234.9 2.6210428e+08
235 2.6647452e+08
235.1 2.699279e+08
235.2 2.7207553e+08
235.3 2.7255191e+08
235.4 2.710402e+08
235.5 2.6729379e+08
235.6 2.6115252e+08
235.7 2.5255308e+08
235.8 2.4153326e+08
235.9 2.2823096e+08
236 2.1287902e+08
236.1 1.9579768e+08
236.2 1.7738716e+08
236.3 1.5812348e+08
236.4 1.3856264e+08
236.5 1.1936059e+08
236.6 1.0131886e+08
236.7 85459957
236.8 73084581
236.9 65595953
237 63776917
237.1 66978471
237.2 73451302
237.3 81420835
237.4 89625193
237.5 97289078
237.6 1.0396099e+08
237.7 1.0938513e+08
237.8 1.1342249e+08
237.9 1.1600475e+08
238 1.1710736e+08
238.1 1.1673387e+08
238.2 1.1490717e+08
238.3 1.1166539e+08
238.4 1.0706121e+08
238.5 1.0116423e+08
238.6 94066541
238.7 85893139
238.8 76820867
238.9 67115105
239 57205577
239.1 47846155
239.2 40404271
239.3 37017913
239.4 39469379
239.5 47269896
239.6 58497905
239.7 71581180
239.8 85585811
239.9 99963137
240 1.1436183e+08
240.1 1.2853464e+08
240.2 1.4229432e+08
240.3 1.554923e+08
240.4 1.680078e+08
240.5 1.7974219e+08
240.6 1.9061616e+08
240.7 2.0056854e+08
240.8 2.0955616e+08
240.9 2.1755427e+08
241 2.2455721e+08
241.1 2.3057881e+08
241.2 2.3565218e+08
241.3 2.3982848e+08
241.4 2.4317453e+08
241.5 2.4576909e+08
241.6 2.476981e+08
241.7 2.4904936e+08
241.8 2.4990721e+08
241.9 2.5034809e+08
242 2.5043752e+08
242.1 2.5022907e+08
242.2 2.4976542e+08
242.3 2.4908131e+08
242.4 2.4820763e+08
242.5 2.4717606e+08
242.6 2.4602283e+08
242.7 2.4479102e+08
242.8 2.4353059e+08
242.9 2.4229608e+08
243 2.4114226e+08
243.1 2.4011904e+08
243.2 2.3926659e+08
243.3 2.3861203e+08
243.4 2.3816842e+08
243.5 2.3793588e+08
243.6 2.3790438e+08
243.7 2.3805677e+08
243.8 2.3837138e+08
243.9 2.3882321e+08
244 2.39384e+08
244.1 2.4002155e+08
244.2 2.406993e+08
244.3 2.4137692e+08
244.4 2.4201254e+08
244.5 2.425665e+08
244.6 2.4300625e+08
244.7 2.4331148e+08
244.8 2.4347857e+08
244.9 2.4352358e+08
245 2.4348313e+08
245.1 2.4341309e+08
245.2 2.4338492e+08
245.3 2.4348018e+08
245.4 2.4378352e+08
245.5 2.4437468e+08
245.6 2.4532033e+08
245.7 2.4666603e+08
245.8 2.4842941e+08
245.9 2.5059476e+08
246 2.5310979e+08
246.1 2.5588471e+08
246.2 2.5879375e+08
246.3 2.6167909e+08
246.4 2.6435677e+08
246.5 2.666244e+08
246.6 2.6827023e+08
246.7 2.6908304e+08
246.8 2.6886273e+08
246.9 2.6743105e+08
247 2.6464218e+08
247.1 2.6039286e+08
247.2 2.5463177e+08
247.3 2.4736777e+08
247.4 2.3867709e+08
247.5 2.2870894e+08
247.6 2.1768967e+08
247.7 2.0592479e+08
247.8 1.9379826e+08
247.9 1.8176676e+08
248 1.7034557e+08
248.1 1.6008013e+08
248.2 1.5149715e+08
248.3 1.4503367e+08
248.4 1.4095661e+08
248.5 1.3930267e+08
248.6 1.3987224e+08
248.7 1.4228661e+08
248.8 1.4608173e+08
248.9 1.507976e+08
249 1.5603686e+08
249.1 1.6148913e+08
249.2 1.6693062e+08
249.3 1.7221083e+08
249.4 1.7723513e+08
249.5 1.819482e+08
249.6 1.8632075e+08
249.7 1.9034004e+08
249.8 1.9400386e+08
249.9 1.973171e+08
250 2.0029002e+08
250.1 2.0293732e+08
250.2 2.0527749e+08
250.3 2.0733196e+08
250.4 2.09124e+08
250.5 2.1067741e+08
250.6 2.1201517e+08
250.7 2.1315813e+08
250.8 2.1412397e+08
250.9 2.1492656e+08
251 2.1557559e+08
251.1 2.1607674e+08
251.2 2.1643204e+08
251.3 2.1664059e+08
251.4 2.1669949e+08
251.5 2.166049e+08
251.6 2.1635324e+08
251.7 2.1594248e+08
251.8 2.1537352e+08
251.9 2.1465162e+08
252 2.1378792e+08
252.1 2.1280087e+08
252.2 2.1171764e+08
252.3 2.1057522e+08
252.4 2.0942111e+08
252.5 2.0831322e+08
252.6 2.0731881e+08
252.7 2.0651211e+08
252.8 2.0597045e+08
252.9 2.0576902e+08
253 2.0597454e+08
253.1 2.0663853e+08
253.2 2.0779125e+08
253.3 2.0943725e+08
253.4 2.1155367e+08
253.5 2.1409147e+08
253.6 2.1697971e+08
253.7 2.201321e+08
253.8 2.234546e+08
253.9 2.2685315e+08
254 2.302402e+08
254.1 2.3353959e+08
254.2 2.3668927e+08
254.3 2.3964202e+08
254.4 2.4236442e+08
254.5 2.4483456e+08
254.6 2.4703909e+08
254.7 2.4897008e+08
254.8 2.5062235e+08
254.9 2.5199153e+08
255 2.5307326e+08
255.1 2.5386357e+08
255.2 2.5436054e+08
255.3 2.545667e+08
255.4 2.5449201e+08
255.5 2.5415667e+08
255.6 2.535866e+08
255.7 2.5283121e+08
255.8 2.5195121e+08
255.9 2.5101854e+08
256 2.5011309e+08
256.1 2.4931839e+08
256.2 2.487169e+08
256.3 2.4838514e+08
256.4 2.4838895e+08
256.5 2.4877892e+08
256.6 2.4958624e+08
256.7 2.508192e+08
256.8 2.5246087e+08
256.9 2.5446841e+08
257 2.5677479e+08
257.1 2.5929284e+08
257.2 2.6192171e+08
257.3 2.6455504e+08
257.4 2.6708983e+08
257.5 2.6943494e+08
257.6 2.7151818e+08
257.7 2.7329111e+08
257.8 2.7473117e+08
257.9 2.7584103e+08
258 2.7664548e+08
258.1 2.7718641e+08
258.2 2.7751647e+08
258.3 2.7769237e+08
258.4 2.7776833e+08
258.5 2.7779034e+08
258.6 2.7779168e+08
258.7 2.7778994e+08
258.8 2.777856e+08
258.9 2.7776218e+08
259 2.7768766e+08
259.1 2.775171e+08
259.2 2.7719589e+08
259.3 2.7666359e+08
259.4 2.7585787e+08
259.5 2.7471835e+08
259.6 2.7319022e+08
259.7 2.7122743e+08
259.8 2.6879544e+08
259.9 2.6587336e+08
260 2.6245569e+08
260.1 2.5855336e+08
260.2 2.5419422e+08
260.3 2.4942273e+08
260.4 2.4429891e+08
260.5 2.3889621e+08
260.6 2.3329845e+08
260.7 2.2759571e+08
260.8 2.2187947e+08
260.9 2.1623718e+08
261 2.10747e+08
261.1 2.054731e+08
261.2 2.0046235e+08
261.3 1.9574281e+08
261.4 1.9132423e+08
261.5 1.8720051e+08
261.6 1.8335365e+08
261.7 1.7975841e+08
261.8 1.7638699e+08
261.9 1.7321285e+08
262 1.7021334e+08
262.1 1.6737073e+08
262.2 1.6467197e+08
262.3 1.6210726e+08
262.4 1.5966822e+08
262.5 1.5734606e+08
262.6 1.5513047e+08
262.7 1.5300944e+08
262.8 1.5097063e+08
262.9 1.4900403e+08
263 1.471062e+08
263.1 1.4528575e+08
263.2 1.4356996e+08
263.3 1.4201208e+08
263.4 1.4069854e+08
263.5 1.397545e+08
263.6 1.393455e+08
263.7 1.3967204e+08
263.8 1.4095401e+08
263.9 1.4340389e+08
264 1.471915e+08
264.1 1.5240799e+08
264.2 1.590393e+08
264.3 1.6695712e+08
264.4 1.7592913e+08
264.5 1.8564417e+08
264.6 1.9574486e+08
264.7 2.0586109e+08
264.8 2.156399e+08
264.9 2.2476974e+08
265 2.3299843e+08
265.1 2.4014462e+08
265.2 2.4610309e+08
265.3 2.5084403e+08
265.4 2.5440722e+08
265.5 2.5689159e+08
265.6 2.5844153e+08
265.7 2.5923101e+08
265.8 2.5944708e+08
265.9 2.59274e+08
266 2.5887943e+08
266.1 2.5840356e+08
266.2 2.5795199e+08
266.3 2.5759245e+08
266.4 2.5735522e+08
266.5 2.5723649e+08
266.6 2.5720403e+08
266.7 2.5720399e+08
266.8 2.5716819e+08
266.9 2.5702106e+08
267 2.5668598e+08
267.1 2.5609077e+08
267.2 2.5517235e+08
267.3 2.5388064e+08
267.4 2.5218201e+08
267.5 2.5006239e+08
267.6 2.4752998e+08
267.7 2.4461769e+08
267.8 2.4138474e+08
267.9 2.3791699e+08
268 2.3432514e+08
268.1 2.3073992e+08
268.2 2.2730353e+08
268.3 2.2415752e+08
268.4 2.2142777e+08
268.5 2.1920914e+08
268.6 2.1755283e+08
268.7 2.1645982e+08
268.8 2.1588246e+08
268.9 2.1573417e+08
269 2.1590493e+08
269.1 2.1627873e+08
269.2 2.1674919e+08
269.3 2.1723053e+08
269.4 2.176628e+08
269.5 2.1801182e+08
269.6 2.1826519e+08
269.7 2.1842617e+08
269.8 2.1850706e+08
269.9 2.1852307e+08
270 2.1848738e+08
270.1 2.1840731e+08
270.2 2.1828145e+08
270.3 2.180973e+08
270.4 2.1782931e+08
270.5 2.1743722e+08
270.6 2.1686483e+08
270.7 2.160395e+08
270.8 2.1487267e+08
270.9 2.1326166e+08
271 2.11093e+08
271.1 2.0824735e+08
271.2 2.0460634e+08
271.3 2.0006161e+08
271.4 1.9452657e+08
271.5 1.8795172e+08
271.6 1.8034501e+08
271.7 1.7179918e+08
271.8 1.6252863e+08
271.9 1.5291804e+08
272 1.4358058e+08
272.1 1.3540893e+08
272.2 1.2956835e+08
272.3 1.273401e+08
272.4 1.2975765e+08
272.5 1.371842e+08
272.6 1.4915811e+08
272.7 1.6461602e+08
272.8 1.822464e+08
272.9 2.0073309e+08
273 2.1885674e+08
273.1 2.3552004e+08
273.2 2.4975143e+08
273.3 2.6071111e+08
273.4 2.6770526e+08
273.5 2.7020707e+08
273.6 2.6788147e+08
273.7 2.6061074e+08
273.8 2.4851986e+08
273.9 2.3200362e+08
274 2.11763e+08
274.1 1.8886752e+08
274.2 1.6487506e+08
274.3 1.4204615e+08
274.4 1.2359563e+08
274.5 1.1345134e+08
274.6 1.1440812e+08
274.7 1.2567596e+08
274.8 1.4361067e+08
274.9 1.6445344e+08
275 1.8553774e+08
275.1 2.0518758e+08
275.2 2.2238907e+08
275.3 2.3655729e+08
275.4 2.4739805e+08
275.5 2.5482441e+08
275.6 2.5890204e+08
275.7 2.5981033e+08
275.8 2.5781334e+08
275.9 2.5323804e+08
276 2.4645911e+08
276.1 2.3788965e+08
276.2 2.279773e+08
276.3 2.1720426e+08
276.4 2.0608858e+08
276.5 1.9518217e+08
276.6 1.8505832e+08
276.7 1.7628021e+08
276.8 1.6934401e+08
276.9 1.6460087e+08
277 1.6217964e+08
277.1 1.6194625e+08
277.2 1.6352598e+08
277.3 1.663835e+08
277.4 1.6992733e+08
277.5 1.7360291e+08
277.6 1.7695551e+08
277.7 1.7966179e+08
277.8 1.8153703e+08
277.9 1.8252617e+08
278 1.8268448e+08
278.1 1.8215234e+08
278.2 1.8112675e+08
278.3 1.798322e+08
278.4 1.7849304e+08
278.5 1.7730973e+08
278.6 1.7644112e+08
278.7 1.7599456e+08
278.8 1.7602468e+08
278.9 1.7653998e+08
279 1.7751542e+08
279.1 1.7890767e+08
279.2 1.8066993e+08
279.3 1.827634e+08
279.4 1.8516359e+08
279.5 1.8786087e+08
279.6 1.9085587e+08
279.7 1.9415131e+08
279.8 1.9774259e+08
279.9 2.0160944e+08
280 2.0571068e+08
280.1 2.0998298e+08
280.2 2.1434357e+08
280.3 2.1869591e+08
280.4 2.229369e+08
280.5 2.2696409e+08
280.6 2.3068194e+08
280.7 2.3400616e+08
280.8 2.3686606e+08
280.9 2.3920489e+08
281 2.4097823e+08
281.1 2.4215108e+08
281.2 2.4269368e+08
281.3 2.4257691e+08
281.4 2.4176761e+08
281.5 2.4022443e+08
281.6 2.3789491e+08
281.7 2.3471441e+08
281.8 2.3060722e+08
281.9 2.2549043e+08
282 2.1928039e+08
282.1 2.1190192e+08
282.2 2.0329963e+08
282.3 1.9345089e+08
282.4 1.8237967e+08
282.5 1.7017052e+08
282.6 1.5698248e+08
282.7 1.4306302e+08
282.8 1.2876355e+08
282.9 1.1455874e+08
283 1.0107122e+08
283.1 89094276
283.2 79574836
283.3 73464036
283.4 71357577
283.5 73117027
283.6 77902647
283.7 84620260
283.8 92319244
283.9 1.0032435e+08
284 1.0820419e+08
284.1 1.1569822e+08
284.2 1.2265182e+08
284.3 1.2896891e+08
284.4 1.3458003e+08
284.5 1.3942246e+08
284.6 1.4342963e+08
284.7 1.465277e+08
284.8 1.4863764e+08
284.9 1.4968112e+08
285 1.4958876e+08
285.1 1.4830923e+08
285.2 1.4581831e+08
285.3 1.4212726e+08
285.4 1.372907e+08
285.5 1.3141491e+08
285.6 1.2466845e+08
285.7 1.1729737e+08
285.8 1.0964759e+08
285.9 1.0219425e+08
286 95569610
286.1 90561171
286.2 88025716
286.3 88677749
286.4 92826997
286.5 1.0026578e+08
286.6 1.1040161e+08
286.7 1.2249376e+08
286.8 1.3582465e+08
286.9 1.4977028e+08
287 1.638108e+08
287.1 1.7752031e+08
287.2 1.9055452e+08
287.3 2.0264179e+08
287.4 2.1357744e+08
287.5 2.232203e+08
287.6 2.3148992e+08
287.7 2.3836356e+08
287.8 2.4387198e+08
287.9 2.4809382e+08
288 2.511481e+08
288.1 2.5318514e+08
288.2 2.54376e+08
288.3 2.5490126e+08
288.4 2.5493972e+08
288.5 2.546582e+08
288.6 2.5420296e+08
288.7 2.5369394e+08
288.8 2.5322177e+08
288.9 2.5284783e+08
289 2.5260683e+08
289.1 2.5251133e+08
289.2 2.5255716e+08
289.3 2.5272923e+08
289.4 2.5300684e+08
289.5 2.5336815e+08
289.6 2.5379369e+08
289.7 2.5426869e+08
289.8 2.5478439e+08
289.9 2.553383e+08
290 2.5593374e+08
290.1 2.5657841e+08
290.2 2.5728245e+08
290.3 2.5805594e+08
290.4 2.5890621e+08
290.5 2.5983526e+08
290.6 2.6083763e+08
290.7 2.6189926e+08
290.8 2.6299737e+08
290.9 2.6410171e+08
291 2.651771e+08
291.1 2.6618672e+08
291.2 2.6709612e+08
291.3 2.6787697e+08
291.4 2.6851023e+08
291.5 2.6898821e+08
291.6 2.6931501e+08
291.7 2.695054e+08
291.8 2.6958206e+08
291.9 2.6957147e+08
292 2.6949908e+08
292.1 2.6938421e+08
292.2 2.6923533e+08
292.3 2.690464e+08
292.4 2.6879456e+08
292.5 2.6843951e+08
292.6 2.6792463e+08
292.7 2.6717965e+08
292.8 2.6612468e+08
292.9 2.6467515e+08
293 2.6274743e+08
293.1 2.6026461e+08
293.2 2.5716222e+08
293.3 2.5339359e+08
293.4 2.4893435e+08
293.5 2.4378587e+08
293.6 2.3797705e+08
293.7 2.315637e+08
293.8 2.2462494e+08
293.9 2.1725567e+08
294 2.0955491e+08
294.1 2.0161015e+08
294.2 1.9347952e+08
294.3 1.8517492e+08
294.4 1.7665094e+08
294.5 1.6780476e+08
294.6 1.5849144e+08
294.7 1.485567e+08
294.8 1.3788663e+08
294.9 1.2647311e+08
295 1.1449511e+08
295.1 1.0242074e+08
295.2 91132410
295.3 82032568
295.4 76926218
295.5 77321145
295.6 83396733
295.7 93895990
295.8 1.0706719e+08
295.9 1.2141756e+08
296 1.3589112e+08
296.1 1.4979523e+08
296.2 1.6269657e+08
296.3 1.743406e+08
296.4 1.8459414e+08
296.5 1.9340372e+08
296.6 2.0076469e+08
296.7 2.0669849e+08
296.8 2.1123677e+08
296.9 2.1441137e+08
297 2.162494e+08
297.1 2.1677266e+08
297.2 2.1600056e+08
297.3 2.1395579e+08
297.4 2.1067211e+08
297.5 2.0620363e+08
297.6 2.0063497e+08
297.7 1.9409165e+08
297.8 1.8674987e+08
297.9 1.7884447e+08
298 1.7067282e+08
298.1 1.6259167e+08
298.2 1.5500193e+08
298.3 1.4831624e+08
298.4 1.4290609e+08
298.5 1.3903348e+08
298.6 1.3678457e+08
298.7 1.3603191e+08
298.8 1.3644484e+08
298.9 1.3754565e+08
299 1.3878838e+08
299.1 1.3963445e+08
299.2 1.3961033e+08
299.3 1.3834568e+08
299.4 1.3559703e+08
299.5 1.3126346e+08
299.6 1.2539981e+08
299.7 1.1823143e+08
299.8 1.1017341e+08
299.9 1.0185407e+08
300 94130427
300.1 88054447
300.2 84708887
300.3 84867375
300.4 88647992
300.5 95485655
300.6 1.0445186e+08
300.7 1.146063e+08
300.8 1.2517585e+08
300.9 1.355884e+08
301 1.4544618e+08
301.1 1.5448702e+08
301.2 1.6255044e+08
301.3 1.6955123e+08
301.4 1.7545971e+08
301.5 1.8028713e+08
301.6 1.8407489e+08
301.7 1.8688647e+08
301.8 1.8880144e+08
301.9 1.8991071e+08
302 1.9031266e+08
302.1 1.9010976e+08
302.2 1.8940547e+08
302.3 1.8830151e+08
302.4 1.8689558e+08
302.5 1.8527986e+08
302.6 1.8354032e+08
302.7 1.8175697e+08
302.8 1.8000493e+08
302.9 1.783558e+08
303 1.7687896e+08
303.1 1.7564225e+08
303.2 1.7471175e+08
303.3 1.7415067e+08
303.4 1.7401771e+08
303.5 1.7436542e+08
303.6 1.7523902e+08
303.7 1.7667616e+08
303.8 1.7870737e+08
303.9 1.8135681e+08
304 1.846424e+08
304.1 1.8857455e+08
304.2 1.9315305e+08
304.3 1.9836213e+08
304.4 2.0416462e+08
304.5 2.1049655e+08
304.6 2.1726374e+08
304.7 2.243416e+08
304.8 2.3157899e+08
304.9 2.3880559e+08
305 2.4584217e+08
305.1 2.5251207e+08
305.2 2.5865248e+08
305.3 2.6412416e+08
305.4 2.6881872e+08
305.5 2.7266306e+08
305.6 2.7562091e+08
305.7 2.7769203e+08
305.8 2.7890941e+08
305.9 2.7933507e+08
306 2.7905508e+08
306.1 2.7817412e+08
306.2 2.7680973e+08
306.3 2.7508656e+08
306.4 2.7313058e+08
306.5 2.7106333e+08
306.6 2.6899642e+08
306.7 2.6702651e+08
306.8 2.6523114e+08
306.9 2.6366587e+08
307 2.6236322e+08
307.1 2.6133354e+08
307.2 2.6056798e+08
307.3 2.6004283e+08
307.4 2.5972489e+08
307.5 2.5957658e+08
307.6 2.5956015e+08
307.7 2.5964023e+08
307.8 2.5978458e+08
307.9 2.5996338e+08
308 2.6014773e+08
308.1 2.6030836e+08
308.2 2.6041521e+08
308.3 2.6043844e+08
308.4 2.6035057e+08
308.5 2.601294e+08
308.6 2.5976073e+08
308.7 2.5924031e+08
308.8 2.5857438e+08
308.9 2.577789e+08
309 2.5687751e+08
309.1 2.5589893e+08
309.2 2.5487421e+08
309.3 2.5383422e+08
309.4 2.5280789e+08
309.5 2.5182096e+08
309.6 2.5089538e+08
309.7 2.500491e+08
309.8 2.4929595e+08
309.9 2.4864566e+08
310 2.4810371e+08
310.1 2.4767119e+08
310.2 2.4734456e+08
310.3 2.4711562e+08
310.4 2.4697157e+08
310.5 2.4689545e+08
310.6 2.4686679e+08
310.7 2.4686265e+08
310.8 2.4685885e+08
310.9 2.4683135e+08
311 2.4675764e+08
311.1 2.4661797e+08
311.2 2.4639634e+08
311.3 2.4608104e+08
311.4 2.4566471e+08
311.5 2.4514393e+08
311.6 2.4451833e+08
311.7 2.4378936e+08
311.8 2.4295888e+08
311.9 2.4202769e+08
312 2.4099426e+08
312.1 2.3985355e+08
312.2 2.3859629e+08
312.3 2.3720832e+08
312.4 2.3567039e+08
312.5 2.3395808e+08
312.6 2.3204211e+08
312.7 2.2988898e+08
312.8 2.274622e+08
312.9 2.2472396e+08
313 2.216377e+08
313.1 2.1817121e+08
313.2 2.1430044e+08
313.3 2.1001366e+08
313.4 2.0531567e+08
313.5 2.0023157e+08
313.6 1.9480957e+08
313.7 1.8912249e+08
313.8 1.8326746e+08
313.9 1.7736382e+08
314 1.7154906e+08
314.1 1.6597309e+08
314.2 1.6079099e+08
314.3 1.5615463e+08
314.4 1.5220356e+08
314.5 1.4905569e+08
314.6 1.4679878e+08
314.7 1.454837e+08
314.8 1.4512067e+08
314.9 1.4567915e+08
315 1.4709177e+08
315.1 1.4926126e+08
315.2 1.5206953e+08
315.3 1.5538717e+08
315.4 1.5908244e+08
315.5 1.6302888e+08
315.6 1.6711123e+08
315.7 1.7122975e+08
315.8 1.7530293e+08
315.9 1.7926899e+08
316 1.8308635e+08
316.1 1.8673323e+08
316.2 1.9020674e+08
316.3 1.9352158e+08
316.4 1.9670842e+08
316.5 1.9981218e+08
316.6 2.0289008e+08
316.7 2.0600935e+08
316.8 2.0924453e+08
316.9 2.1267385e+08
317 2.1637444e+08
317.1 2.2041594e+08
317.2 2.2485229e+08
317.3 2.2971176e+08
317.4 2.3498586e+08
317.5 2.4061817e+08
317.6 2.464949e+08
317.7 2.5243929e+08
317.8 2.5821199e+08
317.9 2.6351897e+08
318 2.6802766e+08
318.1 2.7139082e+08
318.2 2.7327577e+08
318.3 2.7339609e+08
318.4 2.7154147e+08
318.5 2.676018e+08
318.6 2.6158208e+08
318.7 2.536061e+08
318.8 2.4390848e+08
318.9 2.3281655e+08
319 2.2072438e+08
319.1 2.0806258e+08
319.2 1.9526686e+08
319.3 1.8274853e+08
319.4 1.7086907e+08
319.5 1.5992066e+08
319.6 1.5011421e+08
319.7 1.4157618e+08
319.8 1.343549e+08
319.9 1.2843572e+08
320 1.2376252e+08
320.1 1.2026092e+08
320.2 1.1785781e+08
320.3 1.1649274e+08
320.4 1.161185e+08
320.5 1.1669133e+08
320.6 1.1815358e+08
320.7 1.2041372e+08
320.8 1.233288e+08
320.9 1.2669324e+08
321 1.3023606e+08
321.1 1.3362611e+08
321.2 1.3648435e+08
321.3 1.3840182e+08
321.4 1.3896304e+08
321.5 1.3777509e+08
321.6 1.3450382e+08
321.7 1.2891957e+08
321.8 1.2095748e+08
321.9 1.1080359e+08
322 99032283
322.1 86842299
322.2 76415608
322.3 71059460
322.4 73868948
322.5 85056401
322.6 1.0205962e+08
322.7 1.2201329e+08
322.8 1.428487e+08
322.9 1.6321933e+08
323 1.8226627e+08
323.1 1.994656e+08
323.2 2.1453951e+08
323.3 2.2739736e+08
323.4 2.3808924e+08
323.5 2.4676528e+08
323.6 2.5363917e+08
323.7 2.5895636e+08
323.8 2.6296781e+08
323.9 2.6591015e+08
324 2.6799236e+08
324.1 2.6938902e+08
324.2 2.7023917e+08
324.3 2.7064994e+08
324.4 2.7070326e+08
324.5 2.7046418e+08
324.6 2.6998912e+08
324.7 2.6933244e+08
324.8 2.685505e+08
324.9 2.6770243e+08
325 2.6684798e+08
325.1 2.6604325e+08
325.2 2.6533557e+08
325.3 2.6475912e+08
325.4 2.6433235e+08
325.5 2.6405791e+08
325.6 2.6392468e+08
325.7 2.6391093e+08
325.8 2.6398752e+08
325.9 2.6411999e+08
326 2.6426928e+08
326.1 2.6439158e+08
326.2 2.6443829e+08
326.3 2.643574e+08
326.4 2.6409687e+08
326.5 2.6361036e+08
326.6 2.6286417e+08
326.7 2.6184411e+08
326.8 2.6056076e+08
326.9 2.5905177e+08
327 2.5738079e+08
327.1 2.5563285e+08
327.2 2.5390703e+08
327.3 2.5230706e+08
327.4 2.50931e+08
327.5 2.4986076e+08
327.6 2.4915225e+08
327.7 2.4882674e+08
327.8 2.4886372e+08
327.9 2.491956e+08
328 2.497046e+08
328.1 2.5022172e+08
328.2 2.505283e+08
328.3 2.5036029e+08
328.4 2.4941557e+08
328.5 2.4736467e+08
328.6 2.4386492e+08
328.7 2.3857797e+08
328.8 2.3119024e+08
328.9 2.2143523e+08
329 2.0911654e+08
329.1 1.9413013e+08
329.2 1.7648481e+08
329.3 1.5632124e+08
329.4 1.3393346e+08
329.5 1.0980843e+08
329.6 84738589
329.7 60235165
329.8 40286701
329.9 35544022
330 50165936
330.1 72307618
330.2 95641102
330.3 1.1814856e+08
330.4 1.3901725e+08
330.5 1.5786418e+08
330.6 1.7452651e+08
330.7 1.8898408e+08
330.8 2.0131756e+08
330.9 2.1167764e+08
331 2.2025824e+08
331.1 2.2727286e+08
331.2 2.3293428e+08
331.3 2.3743851e+08
331.4 2.4095367e+08
331.5 2.4361387e+08
331.6 2.4551782e+08
331.7 2.4673136e+08
331.8 2.4729267e+08
331.9 2.4721892e+08
332 2.4651304e+08
332.1 2.4516972e+08
332.2 2.4317981e+08
332.3 2.40533e+08
332.4 2.3721887e+08
332.5 2.3322671e+08
332.6 2.2854485e+08
332.7 2.2316054e+08
332.8 2.170609e+08
332.9 2.1023596e+08
333 2.0268383e+08
333.1 1.9441794e+08
333.2 1.8547596e+08
333.3 1.7592958e+08
333.4 1.658945e+08
333.5 1.5554018e+08
333.6 1.4509901e+08
333.7 1.3487464e+08
333.8 1.2524763e+08
333.9 1.1667349e+08
334 1.0966226e+08
334.1 1.0472452e+08
334.2 1.0227662e+08
334.3 1.0252938e+08
334.4 1.0542066e+08
334.5 1.1064084e+08
334.6 1.1773348e+08
334.7 1.2620621e+08
334.8 1.3560443e+08
334.9 1.455419e+08
335 1.5570357e+08
335.1 1.6583675e+08
335.2 1.757398e+08
335.3 1.8525237e+08
335.4 1.9424823e+08
335.5 2.0263019e+08
335.6 2.1032673e+08
335.7 2.1728942e+08
335.8 2.2349083e+08
335.9 2.2892255e+08
336 2.3359314e+08
336.1 2.3752602e+08
336.2 2.4075744e+08
336.3 2.4333456e+08
336.4 2.4531372e+08
336.5 2.4675917e+08
336.6 2.4774196e+08
336.7 2.4833922e+08
336.8 2.4863342e+08
336.9 2.4871145e+08
337 2.4866314e+08
337.1 2.4857877e+08
337.2 2.4854503e+08
337.3 2.4863938e+08
337.4 2.4892222e+08
337.5 2.4942754e+08
337.6 2.5015237e+08
337.7 2.510464e+08
337.8 2.5200321e+08
337.9 2.5285489e+08
338 2.5337143e+08
338.1 2.5326608e+08
338.2 2.5220676e+08
338.3 2.4983335e+08
338.4 2.4577974e+08
338.5 2.3969913e+08
338.6 2.3129105e+08
338.7 2.2032827e+08
338.8 2.0668232e+08
338.9 1.9034704e+08
339 1.7146159e+08
339.1 1.5033841e+08
339.2 1.2751294e+08
339.3 1.0386218e+08
339.4 80931739
339.5 61830065
339.6 52571800
339.7 58289085
339.8 74965722
339.9 95990588
340 1.1782362e+08
340.1 1.3885627e+08
340.2 1.5830116e+08
340.3 1.75762e+08
340.4 1.9106885e+08
340.5 2.0420313e+08
340.6 2.1525394e+08
340.7 2.2438581e+08
340.8 2.3181137e+08
340.9 2.3776717e+08
341 2.4249284e+08
341.1 2.4621415e+08
341.2 2.49131e+08
341.3 2.514104e+08
341.4 2.531846e+08
341.5 2.5455332e+08
341.6 2.5558936e+08
341.7 2.5634573e+08
341.8 2.5686333e+08
341.9 2.5717762e+08
342 2.5732362e+08
342.1 2.5733873e+08
342.2 2.5726342e+08
342.3 2.5714006e+08
342.4 2.5701062e+08
342.5 2.5691384e+08
342.6 2.5688258e+08
342.7 2.5694167e+08
342.8 2.5710673e+08
342.9 2.5738376e+08
343 2.5776955e+08
343.1 2.5825262e+08
343.2 2.5881464e+08
343.3 2.5943197e+08
343.4 2.600775e+08
343.5 2.6072245e+08
343.6 2.6133835e+08
343.7 2.6189898e+08
343.8 2.6238228e+08
343.9 2.627721e+08
344 2.6305956e+08
344.1 2.6324398e+08
344.2 2.6333297e+08
344.3 2.6334174e+08
344.4 2.632914e+08
344.5 2.6320645e+08
344.6 2.6311157e+08
344.7 2.630283e+08
344.8 2.6297207e+08
344.9 2.629501e+08
345 2.6296079e+08
345.1 2.6299465e+08
345.2 2.6303663e+08
345.3 2.6306959e+08
345.4 2.6307805e+08
345.5 2.6305165e+08
345.6 2.6298765e+08
345.7 2.6289222e+08
345.8 2.627803e+08
345.9 2.6267423e+08
346 2.6260155e+08
346.1 2.6259222e+08
346.2 2.6267583e+08
346.3 2.6287886e+08
346.4 2.6322242e+08
346.5 2.6372051e+08
346.6 2.6437886e+08
346.7 2.651944e+08
346.8 2.6615534e+08
346.9 2.6724183e+08
347 2.6842716e+08
347.1 2.6967942e+08
347.2 2.7096337e+08
347.3 2.7224259e+08
347.4 2.7348168e+08
347.5 2.7464821e+08
347.6 2.757146e+08
347.7 2.7665954e+08
347.8 2.7746901e+08
347.9 2.7813673e+08
348 2.7866424e+08
348.1 2.790602e+08
348.2 2.7933941e+08
348.3 2.7952122e+08
348.4 2.7962762e+08
348.5 2.7968109e+08
348.6 2.7970233e+08
348.7 2.7970801e+08
348.8 2.7970888e+08
348.9 2.7970821e+08
349 2.7970103e+08
349.1 2.7967416e+08
349.2 2.796073e+08
349.3 2.7947513e+08
349.4 2.7925047e+08
349.5 2.7890812e+08
349.6 2.784291e+08
349.7 2.7780459e+08
349.8 2.77039e+08
349.9 2.7615142e+08
350 2.7517517e+08
350.1 2.7415507e+08
350.2 2.7314302e+08
350.3 2.7219231e+08
350.4 2.7135195e+08
350.5 2.7066174e+08
350.6 2.7014903e+08
350.7 2.698276e+08
350.8 2.6969829e+08
350.9 2.6975124e+08
351 2.6996873e+08
351.1 2.7032825e+08
351.2 2.7080501e+08
351.3 2.7137389e+08
351.4 2.7201048e+08
351.5 2.7269151e+08
351.6 2.7339473e+08
351.7 2.7409858e+08
351.8 2.7478176e+08
351.9 2.7542295e+08
352 2.7600082e+08
352.1 2.7649446e+08
352.2 2.7688419e+08
352.3 2.7715273e+08
352.4 2.7728667e+08
352.5 2.7727808e+08
352.6 2.7712594e+08
352.7 2.768373e+08
352.8 2.7642785e+08
352.9 2.7592168e+08
353 2.7535026e+08
353.1 2.7475038e+08
353.2 2.7416149e+08
353.3 2.7362248e+08
353.4 2.7316832e+08
353.5 2.7282703e+08
353.6 2.7261739e+08
353.7 2.7254758e+08
353.8 2.7261501e+08
353.9 2.7280735e+08
354 2.7310445e+08
354.1 2.7348091e+08
354.2 2.7390897e+08
354.3 2.7436127e+08
354.4 2.7481318e+08
354.5 2.7524463e+08
354.6 2.7564109e+08
354.7 2.75994e+08
354.8 2.763005e+08
354.9 2.7656276e+08
355 2.7678698e+08
355.1 2.7698227e+08
355.2 2.7715941e+08
355.3 2.7732959e+08
355.4 2.7750297e+08
355.5 2.7768706e+08
355.6 2.7788473e+08
355.7 2.780919e+08
355.8 2.7829496e+08
355.9 2.7846831e+08
356 2.7857245e+08
356.1 2.7855335e+08
356.2 2.7834375e+08
356.3 2.7786673e+08
356.4 2.7704171e+08
356.5 2.7579223e+08
356.6 2.7405462e+08
356.7 2.7178623e+08
356.8 2.689718e+08
356.9 2.6562711e+08
357 2.6179924e+08
357.1 2.5756341e+08
357.2 2.530171e+08
357.3 2.482722e+08
357.4 2.4344626e+08
357.5 2.3865394e+08
357.6 2.3399933e+08
357.7 2.2956994e+08
357.8 2.2543258e+08
357.9 2.2163132e+08
358 2.1818741e+08
358.1 2.1510089e+08
358.2 2.1235359e+08
358.3 2.0991305e+08
358.4 2.0773698e+08
358.5 2.0577777e+08
358.6 2.0398678e+08
358.7 2.023181e+08
358.8 2.0073155e+08
358.9 1.9919494e+08
359 1.9768544e+08
359.1 1.9619031e+08
359.2 1.9470679e+08
359.3 1.9324162e+08
359.4 1.9180994e+08
359.5 1.904341e+08
359.6 1.8914206e+08
359.7 1.879658e+08
359.8 1.8693968e+08
359.9 1.8609877e+08
360 1.8547731e+08
360.1 1.8510734e+08
360.2 1.8501745e+08
360.3 1.8523186e+08
360.4 1.8576972e+08
360.5 1.8664472e+08
360.6 1.8786491e+08
360.7 1.8943277e+08
360.8 1.9134541e+08
360.9 1.9359471e+08
361 1.961676e+08
361.1 1.9904608e+08
361.2 2.0220726e+08
361.3 2.056233e+08
361.4 2.0926133e+08
361.5 2.130835e+08
361.6 2.1704718e+08
361.7 2.2110549e+08
361.8 2.2520816e+08
361.9 2.2930272e+08
362 2.3333603e+08
362.1 2.3725607e+08
362.2 2.4101378e+08
362.3 2.4456483e+08
362.4 2.4787117e+08
362.5 2.5090217e+08
362.6 2.5363519e+08
362.7 2.5605558e+08
362.8 2.5815603e+08
362.9 2.5993545e+08
363 2.6139746e+08
363.1 2.6254875e+08
363.2 2.6339753e+08
363.3 2.6395231e+08
363.4 2.6422124e+08
363.5 2.6421208e+08
363.6 2.6393288e+08
363.7 2.6339312e+08
363.8 2.6260529e+08
363.9 2.615865e+08
364 2.6035984e+08
364.1 2.5895538e+08
364.2 2.5741046e+08
364.3 2.5576936e+08
364.4 2.5408223e+08
364.5 2.524032e+08
364.6 2.5078762e+08
364.7 2.4928799e+08
364.8 2.4794838e+08
364.9 2.4679708e+08
365 2.4583783e+08
365.1 2.4504037e+08
365.2 2.4433237e+08
365.3 2.4359469e+08
365.4 2.426627e+08
365.5 2.4133512e+08
365.6 2.3939082e+08
365.7 2.3661194e+08
365.8 2.3281035e+08
365.9 2.2785352e+08
366 2.2168541e+08
366.1 2.1433946e+08
366.2 2.0594156e+08
366.3 1.9670306e+08
366.4 1.8690534e+08
366.5 1.7687853e+08
366.6 1.6697764e+08
366.7 1.5755923e+08
366.8 1.4896108e+08
366.9 1.4148624e+08
367 1.3539199e+08
367.1 1.3088275e+08
367.2 1.2810572e+08
367.3 1.2714727e+08
367.4 1.2802961e+08
367.5 1.3070769e+08
367.6 1.3506798e+08
367.7 1.4093059e+08
367.8 1.4805561e+08
367.9 1.5615371e+08
368 1.649002e+08
368.1 1.7395185e+08
368.2 1.8296542e+08
368.3 1.9161656e+08
368.4 1.9961788e+08
368.5 2.0673419e+08
368.6 2.1279355e+08
368.7 2.176928e+08
368.8 2.2139704e+08
368.9 2.239334e+08
369 2.2538031e+08
369.1 2.2585375e+08
369.2 2.2549271e+08
369.3 2.2444536e+08
369.4 2.2285748e+08
369.5 2.2086396e+08
369.6 2.1858336e+08
369.7 2.1611561e+08
369.8 2.1354187e+08
369.9 2.1092605e+08
370 2.0831719e+08
370.1 2.0575199e+08
370.2 2.0325722e+08
370.3 2.0085156e+08
370.4 1.9854693e+08
370.5 1.963492e+08
370.6 1.942586e+08
370.7 1.9226975e+08
370.8 1.903717e+08
370.9 1.8854798e+08
371 1.8677677e+08
371.1 1.8503136e+08
371.2 1.832808e+08
371.3 1.8149078e+08
371.4 1.7962466e+08
371.5 1.7764449e+08
371.6 1.7551186e+08
371.7 1.7318824e+08
371.8 1.7063471e+08
371.9 1.6781072e+08
372 1.6467196e+08
372.1 1.611676e+08
372.2 1.5723733e+08
372.3 1.5280923e+08
372.4 1.4779934e+08
372.5 1.4211386e+08
372.6 1.3565465e+08
372.7 1.2832773e+08
372.8 1.2005427e+08
372.9 1.107825e+08
373 1.0049874e+08
373.1 89236051
373.2 77079006
373.3 64164075
373.4 50676232
373.5 36844361
373.6 22947823
373.7 9471771.9
373.8 5692768.5
373.9 17689614
374 29435579
374.1 40142651
374.2 49566951
374.3 57532400
374.4 63899494
374.5 68558787
374.6 71428564
374.7 72454340
374.8 71610392
374.9 68904369
375 64387159
375.1 58172980
375.2 50482942
375.3 41751716
375.4 32923770
375.5 26242432
375.6 25789322
375.7 33130072
375.8 45098952
375.9 58945054
376 73262264
376.1 87235710
376.2 1.003036e+08
376.3 1.1205739e+08
376.4 1.2222028e+08
376.5 1.3064704e+08
376.6 1.3732336e+08
376.7 1.4235555e+08
376.8 1.4594748e+08
376.9 1.4836603e+08
377 1.4989969e+08
377.1 1.5081752e+08
377.2 1.5133612e+08
377.3 1.5160113e+08
377.4 1.5168592e+08
377.5 1.5160584e+08
377.6 1.5134288e+08
377.7 1.5087372e+08
377.8 1.5019525e+08
377.9 1.493431e+08
378 1.4840087e+08
378.1 1.4749959e+08
378.2 1.4680761e+08
378.3 1.4651239e+08
378.4 1.4679667e+08
378.5 1.4781297e+08
378.6 1.496614e+08
378.7 1.5237566e+08
378.8 1.5592018e+08
378.9 1.6019816e+08
379 1.6506718e+08
379.1 1.7035799e+08
379.2 1.7589236e+08
379.3 1.8149746e+08
379.4 1.8701596e+08
379.5 1.9231207e+08
379.6 1.9727437e+08
379.7 2.0181645e+08
379.8 2.0587595e+08
379.9 2.0941287e+08
380 2.124074e+08
380.1 2.1485759e+08
380.2 2.16777e+08
380.3 2.1819243e+08
380.4 2.1914159e+08
380.5 2.1967089e+08
380.6 2.1983308e+08
380.7 2.1968492e+08
380.8 2.1928468e+08
380.9 2.1868965e+08
381 2.1795364e+08
381.1 2.1712467e+08
381.2 2.1624288e+08
381.3 2.1533903e+08
381.4 2.144335e+08
381.5 2.1353618e+08
381.6 2.1264701e+08
381.7 2.1175739e+08
381.8 2.1085221e+08
381.9 2.0991246e+08
382 2.0891811e+08
382.1 2.0785129e+08
382.2 2.0669941e+08
382.3 2.0545816e+08
382.4 2.0413424e+08
382.5 2.0274747e+08
382.6 2.0133211e+08
382.7 1.9993702e+08
382.8 1.9862416e+08
382.9 1.9746524e+08
383 1.9653627e+08
383.1 1.9591015e+08
383.2 1.95648e+08
383.3 1.957903e+08
383.4 1.9634928e+08
383.5 1.9730405e+08
383.6 1.9859969e+08
383.7 2.0015061e+08
383.8 2.0184778e+08
383.9 2.0356878e+08
384 2.0518901e+08
384.1 2.0659246e+08
384.2 2.0768081e+08
384.3 2.0837985e+08
384.4 2.0864287e+08
384.5 2.0845097e+08
384.6 2.0781087e+08
384.7 2.0675082e+08
384.8 2.053156e+08
384.9 2.0356165e+08
385 2.0155331e+08
385.1 1.9936087e+08
385.2 1.9706108e+08
385.3 1.9474005e+08
385.4 1.9249836e+08
385.5 1.9045716e+08
385.6 1.8876373e+08
385.7 1.8759399e+08
385.8 1.8714921e+08
385.9 1.8764409e+08
386 1.8928496e+08
386.1 1.9223963e+08
386.2 1.966044e+08
386.3 2.0237599e+08
386.4 2.0943665e+08
386.5 2.1755619e+08
386.6 2.2640999e+08
386.7 2.3560752e+08
386.8 2.4472507e+08
386.9 2.5333731e+08
387 2.6104444e+08
387.1 2.6749368e+08
387.2 2.7239492e+08
387.3 2.7553094e+08
387.4 2.7676295e+08
387.5 2.7603216e+08
387.6 2.7335784e+08
387.7 2.6883264e+08
387.8 2.6261543e+08
387.9 2.5492235e+08
388 2.4601619e+08
388.1 2.3619485e+08
388.2 2.2577914e+08
388.3 2.1510044e+08
388.4 2.0448856e+08
388.5 1.9426015e+08
388.6 1.8470763e+08
388.7 1.7608876e+08
388.8 1.6861672e+08
388.9 1.62451e+08
389 1.5768985e+08
389.1 1.5436553e+08
389.2 1.5244375e+08
389.3 1.518284e+08
389.4 1.5237145e+08
389.5 1.5388658e+08
389.6 1.5616508e+08
389.7 1.5899185e+08
389.8 1.6216067e+08
389.9 1.6548795e+08
390 1.6882454e+08
390.1 1.7206494e+08
390.2 1.7515302e+08
390.3 1.7808303e+08
390.4 1.8089492e+08
390.5 1.8366357e+08
390.6 1.8648275e+08
390.7 1.8944577e+08
390.8 1.9262639e+08
390.9 1.9606343e+08
391 1.9975243e+08
391.1 2.0364546e+08
391.2 2.0765852e+08
391.3 2.1168406e+08
391.4 2.1560543e+08
391.5 2.1931054e+08
391.6 2.2270253e+08
391.7 2.2570677e+08
391.8 2.2827405e+08
391.9 2.3038045e+08
392 2.3202489e+08
392.1 2.3322503e+08
392.2 2.3401243e+08
392.3 2.3442763e+08
392.4 2.3451554e+08
392.5 2.3432167e+08
392.6 2.3388919e+08
392.7 2.3325697e+08
392.8 2.3245848e+08
392.9 2.3152142e+08
393 2.3046777e+08
393.1 2.2931402e+08
393.2 2.2807151e+08
393.3 2.2674663e+08
393.4 2.2534081e+08
393.5 2.238505e+08
393.6 2.22267e+08
393.7 2.2057636e+08
393.8 2.1875952e+08
393.9 2.1679268e+08
394 2.1464817e+08
394.1 2.1229596e+08
394.2 2.0970593e+08
394.3 2.0685118e+08
394.4 2.0371257e+08
394.5 2.0028453e+08
394.6 1.9658232e+08
394.7 1.9265035e+08
394.8 1.8857097e+08
394.9 1.8447246e+08
395 1.8053414e+08
395.1 1.7698566e+08
395.2 1.7409695e+08
395.3 1.7215577e+08
395.4 1.7143256e+08
395.5 1.7213698e+08
395.6 1.7437655e+08
395.7 1.7813031e+08
395.8 1.8324655e+08
395.9 1.8946491e+08
396 1.9645429e+08
396.1 2.0385497e+08
396.2 2.1131571e+08
396.3 2.1852135e+08
396.4 2.2521019e+08
396.5 2.3118273e+08
396.6 2.3630394e+08
396.7 2.4050085e+08
396.8 2.4375732e+08
396.9 2.4610695e+08
397 2.4762516e+08
397.1 2.4842089e+08
397.2 2.4862835e+08
397.3 2.4839891e+08
397.4 2.4789321e+08
397.5 2.4727333e+08
397.6 2.4669508e+08
397.7 2.4630017e+08
397.8 2.4620849e+08
397.9 2.4651077e+08
398 2.4726202e+08
398.1 2.4847656e+08
398.2 2.5012546e+08
398.3 2.5213711e+08
398.4 2.5440172e+08
398.5 2.5677984e+08
398.6 2.5911475e+08
398.7 2.6124784e+08
398.8 2.6303535e+08
398.9 2.643646e+08
399 2.6516717e+08
399.1 2.6542685e+08
399.2 2.6518062e+08
399.3 2.6451201e+08
399.4 2.6353772e+08
399.5 2.6238975e+08
399.6 2.6119648e+08
399.7 2.600664e+08
399.8 2.5907735e+08
399.9 2.5827271e+08
400 2.5766427e+08
400.1 2.5723971e+08
400.2 2.5697223e+08
400.3 2.5682973e+08
400.4 2.5678192e+08
400.5 2.5680448e+08
400.6 2.5688026e+08
400.7 2.5699823e+08
400.8 2.5715087e+08
400.9 2.5733086e+08
401 2.5752769e+08
401.1 2.5772449e+08
401.2 2.5789539e+08
401.3 2.580031e+08
401.4 2.5799701e+08
401.5 2.5781121e+08
401.6 2.573628e+08
401.7 2.5655024e+08
401.8 2.5525208e+08
401.9 2.5332637e+08
402 2.5061132e+08
402.1 2.4692777e+08
402.2 2.4208418e+08
402.3 2.3588474e+08
402.4 2.2814107e+08
402.5 2.1868761e+08
402.6 2.0740054e+08
402.7 1.9421963e+08
402.8 1.7917239e+08
402.9 1.6240052e+08
403 1.4419071e+08
403.1 1.2501699e+08
403.2 1.0561383e+08
403.3 87120712
403.4 71348241
403.5 60998606
403.6 58737430
403.7 64497166
403.8 75260720
403.9 87961637
404 1.0071594e+08
404.1 1.1253886e+08
404.2 1.2295845e+08
404.3 1.3179269e+08
404.4 1.3903041e+08
404.5 1.4476239e+08
404.6 1.491375e+08
404.7 1.5233315e+08
404.8 1.5453557e+08
404.9 1.5592743e+08
405 1.5668165e+08
405.1 1.5695985e+08
405.2 1.569144e+08
405.3 1.5669288e+08
405.4 1.5644379e+08
405.5 1.5632214e+08
405.6 1.5649364e+08
405.7 1.5713579e+08
405.8 1.5843421e+08
405.9 1.6057311e+08
406 1.6371971e+08
406.1 1.6800446e+08
406.2 1.7350054e+08
406.3 1.8020747e+08
406.4 1.8804254e+08
406.5 1.9684228e+08
406.6 2.0637295e+08
406.7 2.1634789e+08
406.8 2.2644848e+08
406.9 2.3634614e+08
407 2.4572349e+08
407.1 2.5429337e+08
407.2 2.618149e+08
407.3 2.6810593e+08
407.4 2.7305137e+08
407.5 2.7660702e+08
407.6 2.7879871e+08
407.7 2.7971686e+08
407.8 2.7950681e+08
407.9 2.7835567e+08
408 2.7647675e+08
408.1 2.7409303e+08
408.2 2.7142095e+08
408.3 2.6865636e+08
408.4 2.6596374e+08
408.5 2.6346962e+08
408.6 2.6126063e+08
408.7 2.5938569e+08
408.8 2.5786136e+08
408.9 2.5667933e+08
409 2.5581446e+08
409.1 2.5523234e+08
409.2 2.548956e+08
409.3 2.5476851e+08
409.4 2.5481974e+08
409.5 2.5502346e+08
409.6 2.5535906e+08
409.7 2.5580984e+08
409.8 2.5636105e+08
409.9 2.5699791e+08
410 2.5770376e+08
410.1 2.5845898e+08
410.2 2.5924071e+08
410.3 2.6002351e+08
410.4 2.6078076e+08
410.5 2.614865e+08
410.6 2.6211725e+08
410.7 2.6265364e+08
410.8 2.6308131e+08
410.9 2.6339127e+08
411 2.6357962e+08
411.1 2.6364686e+08
411.2 2.6359708e+08
411.3 2.6343717e+08
411.4 2.6317619e+08
411.5 2.6282502e+08
411.6 2.6239604e+08
411.7 2.6190296e+08
411.8 2.6136049e+08
411.9 2.6078383e+08
412 2.6018789e+08
412.1 2.5958631e+08
412.2 2.5899039e+08
412.3 2.5840804e+08
412.4 2.5784297e+08
412.5 2.572942e+08
412.6 2.567559e+08
412.7 2.5621772e+08
412.8 2.5566522e+08
412.9 2.5508083e+08
413 2.5444504e+08
413.1 2.5373826e+08
413.2 2.5294356e+08
413.3 2.5205041e+08
413.4 2.5105911e+08
413.5 2.4998537e+08
413.6 2.4886335e+08
413.7 2.4774561e+08
413.8 2.4669796e+08
413.9 2.4578827e+08
414 2.4506994e+08
414.1 2.4456278e+08
414.2 2.4423646e+08
414.3 2.4400218e+08
414.4 2.4371716e+08
414.5 2.4320283e+08
414.6 2.422739e+08
414.7 2.4077169e+08
414.8 2.3859433e+08
414.9 2.3571711e+08
415 2.3219901e+08
415.1 2.2817455e+08
415.2 2.2383311e+08
415.3 2.1939005e+08
415.4 2.1505548e+08
415.5 2.1100665e+08
415.6 2.0736899e+08
415.7 2.0420869e+08
415.8 2.0153678e+08
415.9 1.9932238e+08
416 1.9751064e+08
416.1 1.9604117e+08
416.2 1.9486331e+08
416.3 1.9394619e+08
416.4 1.9328311e+08
416.5 1.9289048e+08
416.6 1.9280232e+08
416.7 1.9306187e+08
416.8 1.9371158e+08
416.9 1.9478311e+08
417 1.9628902e+08
417.1 1.9821723e+08
417.2 2.0052908e+08
417.3 2.0316126e+08
417.4 2.0603098e+08
417.5 2.0904343e+08
417.6 2.1210037e+08
417.7 2.1510852e+08
417.8 2.1798682e+08
417.9 2.2067178e+08
418 2.2312059e+08
418.1 2.2531193e+08
418.2 2.272447e+08
418.3 2.2893509e+08
418.4 2.3041253e+08
418.5 2.3171527e+08
418.6 2.3288595e+08
418.7 2.3396784e+08
418.8 2.350019e+08
418.9 2.3602482e+08
419 2.3706802e+08
419.1 2.3815733e+08
419.2 2.3931318e+08
419.3 2.4055098e+08
419.4 2.418814e+08
419.5 2.4331051e+08
419.6 2.448395e+08
419.7 2.4646413e+08
419.8 2.4817385e+08
419.9 2.4995093e+08
420 2.5176953e+08
420.1 2.5359524e+08
420.2 2.5538507e+08
420.3 2.5708826e+08
420.4 2.5864791e+08
420.5 2.6000367e+08
420.6 2.6109508e+08
420.7 2.6186585e+08
420.8 2.6226831e+08
420.9 2.62268e+08
421 2.6184777e+08
421.1 2.6101095e+08
421.2 2.597833e+08
421.3 2.5821316e+08
421.4 2.5636992e+08
421.5 2.543405e+08
421.6 2.5222426e+08
421.7 2.5012643e+08
421.8 2.4815064e+08
421.9 2.4639097e+08
422 2.4492405e+08
422.1 2.4380172e+08
422.2 2.4304483e+08
422.3 2.4263877e+08
422.4 2.4253124e+08
422.5 2.4263293e+08
422.6 2.4282137e+08
422.7 2.4294822e+08
422.8 2.428497e+08
422.9 2.4235964e+08
423 2.4132414e+08
423.1 2.3961667e+08
423.2 2.3715226e+08
423.3 2.3389936e+08
423.4 2.2988846e+08
423.5 2.2521614e+08
423.6 2.2004404e+08
423.7 2.1459204e+08
423.8 2.0912511e+08
423.9 2.0393371e+08
424 1.9930813e+08
424.1 1.9550866e+08
424.2 1.9273542e+08
424.3 1.9110333e+08
424.4 1.9062823e+08
424.5 1.9122799e+08
424.6 1.9273818e+08
424.7 1.9493781e+08
424.8 1.9757838e+08
424.9 2.0041028e+08
425 2.0320293e+08
425.1 2.0575738e+08
425.2 2.0791238e+08
425.3 2.0954527e+08
425.4 2.1056958e+08
425.5 2.1093071e+08
425.6 2.1060075e+08
425.7 2.0957335e+08
425.8 2.0785875e+08
425.9 2.0547951e+08
426 2.0246683e+08
426.1 1.9885762e+08
426.2 1.9469236e+08
426.3 1.9001388e+08
426.4 1.8486713e+08
426.5 1.7930015e+08
426.6 1.7336624e+08
426.7 1.6712747e+08
426.8 1.6065924e+08
426.9 1.5405576e+08
427 1.4743553e+08
427.1 1.4094578e+08
427.2 1.3476383e+08
427.3 1.2909309e+08
427.4 1.2415079e+08
427.5 1.2014609e+08
427.6 1.1725033e+08
427.7 1.1556603e+08
427.8 1.1510546e+08
427.9 1.1578833e+08
428 1.1746059e+08
428.1 1.1992673e+08
428.2 1.2298306e+08
428.3 1.2644143e+08
428.4 1.3013908e+08
428.5 1.3393602e+08
428.6 1.3770448e+08
428.7 1.4131553e+08
428.8 1.4462716e+08
428.9 1.4747651e+08
429 1.4967739e+08
429.1 1.5102332e+08
429.2 1.5129545e+08
429.3 1.5027468e+08
429.4 1.4775718e+08
429.5 1.4357249e+08
429.6 1.3760371e+08
429.7 1.2980978e+08
429.8 1.2025117e+08
429.9 1.0912328e+08
430 96808576
430.1 83970941
430.2 71732864
430.3 61941134
430.4 57173063
430.5 59458012
430.6 68347037
430.7 81567388
430.8 96976876
430.9 1.1316745e+08
431 1.2928344e+08
431.1 1.4480076e+08
431.2 1.5939611e+08
431.3 1.7287644e+08
431.4 1.8513895e+08
431.5 1.9614581e+08
431.6 2.0590656e+08
431.7 2.1446472e+08
431.8 2.2188725e+08
431.9 2.2825595e+08
432 2.3366074e+08
432.1 2.3819432e+08
432.2 2.4194813e+08
432.3 2.4500956e+08
432.4 2.4746016e+08
432.5 2.4937477e+08
432.6 2.5082148e+08
432.7 2.5186212e+08
432.8 2.5255331e+08
432.9 2.5294767e+08
433 2.5309509e+08
433.1 2.5304384e+08
433.2 2.528413e+08
433.3 2.5253423e+08
433.4 2.5216848e+08
433.5 2.5178824e+08
433.6 2.5143489e+08
433.7 2.5114571e+08
433.8 2.5095253e+08
433.9 2.5088074e+08
434 2.5094856e+08
434.1 2.5116682e+08
434.2 2.5153929e+08
434.3 2.5206324e+08
434.4 2.5273044e+08
434.5 2.5352822e+08
434.6 2.5444054e+08
434.7 2.5544904e+08
434.8 2.5653385e+08
434.9 2.5767433e+08
435 2.5884959e+08
435.1 2.6003893e+08
435.2 2.6122215e+08
435.3 2.6237981e+08
435.4 2.6349343e+08
435.5 2.6454561e+08
435.6 2.6552003e+08
435.7 2.6640142e+08
435.8 2.671753e+08
435.9 2.6782766e+08
436 2.6834449e+08
436.1 2.6871124e+08
436.2 2.6891234e+08
436.3 2.6893079e+08
436.4 2.6874797e+08
436.5 2.6834374e+08
436.6 2.6769697e+08
436.7 2.6678656e+08
436.8 2.6559289e+08
436.9 2.6409983e+08
437 2.6229698e+08
437.1 2.6018228e+08
437.2 2.5776463e+08
437.3 2.5506619e+08
437.4 2.5212444e+08
437.5 2.4899331e+08
437.6 2.4574347e+08
437.7 2.4246132e+08
437.8 2.392465e+08
437.9 2.3620786e+08
438 2.3345754e+08
438.1 2.3110351e+08
438.2 2.2924071e+08
438.3 2.279415e+08
438.4 2.2724659e+08
438.5 2.2715755e+08
438.6 2.2763267e+08
438.7 2.28587e+08
438.8 2.2989739e+08
438.9 2.3141243e+08
439 2.329661e+08
439.1 2.3439402e+08
439.2 2.3555006e+08
439.3 2.3632182e+08
439.4 2.3664289e+08
439.5 2.3650077e+08
439.6 2.3593944e+08
439.7 2.3505617e+08
439.8 2.3399281e+08
439.9 2.3292226e+08
440 2.3203129e+08
440.1 2.3150139e+08
440.2 2.3148962e+08
440.3 2.3211145e+08
440.4 2.3342755e+08
440.5 2.354359e+08
440.6 2.3806967e+08
440.7 2.4120062e+08
440.8 2.4464682e+08
440.9 2.481835e+08
441 2.515556e+08
441.1 2.5449112e+08
441.2 2.567144e+08
441.3 2.5795906e+08
441.4 2.5797999e+08
441.5 2.5656418e+08
441.6 2.5353985e+08
441.7 2.4878354e+08
441.8 2.4222486e+08
441.9 2.338488e+08
442 2.2369544e+08
442.1 2.1185749e+08
442.2 1.9847573e+08
442.3 1.8373287e+08
442.4 1.6784622e+08
442.5 1.5105973e+08
442.6 1.336358e+08
442.7 1.1584773e+08
442.8 97973914
442.9 80296048
443 63106948
443.1 46746237
443.2 31738874
443.3 19433257
443.4 14445419
443.5 20084789
443.6 29344988
443.7 38503428
443.8 46624514
443.9 53391714
444 58659745
444.1 62352447
444.2 64434460
444.3 64903603
444.4 63790365
444.5 61160131
444.6 57116675
444.7 51807057
444.8 45430240
444.9 38256890
445 30683228
445.1 23391754
445.2 17801639
445.3 16438784
445.4 20226132
445.5 26807127
445.6 34203253
445.7 41518847
445.8 48333914
445.9 54425319
446 59671214
446.1 64014938
446.2 67448375
446.3 70002124
446.4 71738175
446.5 72743616
446.6 73124860
446.7 73002267
446.8 72505126
446.9 71767000
447 70921440
447.1 70098052
447.2 69418945
447.3 68995543
447.4 68925749
447.5 69291368
447.6 70155663
447.7 71560894
447.8 73525884
447.9 76043855
448 79081099
448.1 82577114
448.2 86446737
448.3 90584438
448.4 94870529
448.5 99178696
448.6 1.0338404e+08
448.7 1.0737081e+08
448.8 1.1103918e+08
448.9 1.1431046e+08
449 1.171306e+08
449.1 1.1947187e+08
449.2 1.2133277e+08
449.3 1.2273635e+08
449.4 1.2372717e+08
449.5 1.2436689e+08
449.6 1.247289e+08
449.7 1.2489197e+08
449.8 1.2493345e+08
449.9 1.2492242e+08
450 1.2491351e+08
450.1 1.2494207e+08
450.2 1.2502118e+08
450.3 1.2514105e+08
450.4 1.2527044e+08
450.5 1.2535992e+08
450.6 1.2534614e+08
450.7 1.2515635e+08
450.8 1.2471265e+08
450.9 1.2393546e+08
451 1.2274612e+08
451.1 1.2106875e+08
451.2 1.1883151e+08
451.3 1.1596765e+08
451.4 1.1241669e+08
451.5 1.0812581e+08
451.6 1.0305185e+08
451.7 97163735
451.8 90445515
451.9 82899758
452 74551506
452.1 65453148
452.2 55691987
452.3 45406363
452.4 34831620
452.5 24468786
452.6 15861604
452.7 13917362
452.8 20832166
452.9 31118757
453 42199859
453.1 53341165
453.2 64251904
453.3 74779583
453.4 84833170
453.5 94357670
453.6 1.0332297e+08
453.7 1.1171738e+08
453.8 1.1954291e+08
453.9 1.2681144e+08
454 1.335415e+08
454.1 1.3975542e+08
454.2 1.4547703e+08
454.3 1.507298e+08
454.4 1.5553536e+08
454.5 1.5991264e+08
454.6 1.6387736e+08
454.7 1.6744213e+08
454.8 1.7061704e+08
454.9 1.7341072e+08
455 1.7583184e+08
455.1 1.778908e+08
455.2 1.7960152e+08
455.3 1.8098292e+08
455.4 1.8205977e+08
455.5 1.828627e+08
455.6 1.8342695e+08
455.7 1.837899e+08
455.8 1.8398725e+08
455.9 1.8404821e+08
456 1.8398989e+08
456.1 1.8381149e+08
456.2 1.8348876e+08
456.3 1.8296922e+08
456.4 1.8216867e+08
456.5 1.8096928e+08
456.6 1.7921985e+08
456.7 1.7673843e+08
456.8 1.7331804e+08
456.9 1.68736e+08
457 1.6276814e+08
457.1 1.5520963e+08
457.2 1.4590589e+08
457.3 1.3480007e+08
457.4 1.2201155e+08
457.5 1.0797669e+08
457.6 93716270
457.7 81311054
457.8 74351644
457.9 76825148
458 89632136
458.1 1.0997852e+08
458.2 1.3443755e+08
458.3 1.6041467e+08
458.4 1.8602404e+08
458.5 2.0979619e+08
458.6 2.305295e+08
458.7 2.4724426e+08
458.8 2.591857e+08
458.9 2.6584576e+08
459 2.6698792e+08
459.1 2.6266731e+08
459.2 2.5324267e+08
459.3 2.3937988e+08
459.4 2.2204939e+08
459.5 2.0252121e+08
459.6 1.8235827e+08
459.7 1.6339206e+08
459.8 1.4761763e+08
459.9 1.3687864e+08
460 1.322747e+08
460.1 1.3361388e+08
460.2 1.3950887e+08
460.3 1.4809805e+08
460.4 1.5772012e+08
460.5 1.6718244e+08
460.6 1.7574414e+08
460.7 1.8300637e+08
460.8 1.888029e+08
460.9 1.9311607e+08
461 1.9601807e+08
461.1 1.9763197e+08
461.2 1.98107e+08
461.3 1.9760365e+08
461.4 1.962852e+08
461.5 1.9431304e+08
461.6 1.918441e+08
461.7 1.8902895e+08
461.8 1.8601005e+08
461.9 1.8291964e+08
462 1.798774e+08
462.1 1.7698801e+08
462.2 1.7433884e+08
462.3 1.7199793e+08
462.4 1.7001254e+08
462.5 1.6840823e+08
462.6 1.6718844e+08
462.7 1.663345e+08
462.8 1.6580593e+08
462.9 1.655409e+08
463 1.6545688e+08
463.1 1.6545146e+08
463.2 1.6540349e+08
463.3 1.6517483e+08
463.4 1.646129e+08
463.5 1.6355454e+08
463.6 1.6183129e+08
463.7 1.5927639e+08
463.8 1.5573348e+08
463.9 1.510667e+08
464 1.4517176e+08
464.1 1.3798708e+08
464.2 1.2950422e+08
464.3 1.1977671e+08
464.4 1.0892701e+08
464.5 97151947
464.6 84729452
464.7 72032358
464.8 59563276
464.9 48037897
465 38546983
465.1 32660376
465.2 31702961
465.3 35126320
465.4 40898791
465.5 47300567
465.6 53365152
465.7 58610985
465.8 62816942
465.9 65907916
466 67898653
466.1 68863792
466.2 68919678
466.3 68211613
466.4 66903650
466.5 65169477
466.6 63183694
466.7 61113177
466.8 59108581
466.9 57296344
467 55771870
467.1 54594724
467.2 53786544
467.3 53331883
467.4 53181516
467.5 53257242
467.6 53457150
467.7 53660657
467.8 53733190
467.9 53530732
468 52904628
468.1 51707019
468.2 49797126
468.3 47048572
468.4 43357940
468.5 38655318
468.6 32919471
468.7 26208322
468.8 18756780
468.9 11495327
469 9034919.2
469.1 15739728
469.2 25788739
469.3 36738687
469.4 47915072
469.5 58945379
469.6 69540980
469.7 79458148
469.8 88491886
469.9 96476346
470 1.0328551e+08
470.1 1.0883261e+08
470.2 1.1306816e+08
470.3 1.1597733e+08
470.4 1.1757718e+08
470.5 1.1791463e+08
470.6 1.1706576e+08
470.7 1.1513682e+08
470.8 1.1226768e+08
470.9 1.0863803e+08
471 1.0447674e+08
471.1 1.000744e+08
471.2 95796988
471.3 92094512
471.4 89491628
471.5 88541436
471.6 89732789
471.7 93375949
471.8 99527808
471.9 1.0800223e+08
472 1.1844676e+08
472.1 1.3042913e+08
472.2 1.4349614e+08
472.3 1.5720138e+08
472.4 1.7111407e+08
472.5 1.8482082e+08
472.6 1.9792714e+08
472.7 2.1006128e+08
472.8 2.2088081e+08
472.9 2.3008139e+08
473 2.374068e+08
473.1 2.4265969e+08
473.2 2.4571286e+08
473.3 2.4652131e+08
473.4 2.4513589e+08
473.5 2.41719e+08
473.6 2.3656248e+08
473.7 2.3010533e+08
473.8 2.2294475e+08
473.9 2.1582718e+08
474 2.0959817e+08
474.1 2.050894e+08
474.2 2.0294037e+08
474.3 2.0339943e+08
474.4 2.0619287e+08
474.5 2.1053793e+08
474.6 2.1529649e+08
474.7 2.1919463e+08
474.8 2.2102818e+08
474.9 2.1981339e+08
475 2.1487719e+08
475.1 2.0589569e+08
475.2 1.9289124e+08
475.3 1.7619768e+08
475.4 1.5640341e+08
475.5 1.3428389e+08
475.6 1.1073793e+08
475.7 86751083
475.8 63442289
475.9 42407958
476 27287462
476.1 25741465
476.2 36007943
476.3 48734488
476.4 60349099
476.5 69840094
476.6 76877480
476.7 81367064
476.8 83323789
476.9 82828225
477 80013038
477.1 75066141
477.2 68250300
477.3 59949926
477.4 50777587
477.5 41819970
477.6 35107578
477.7 33648106
477.8 38916380
477.9 48989038
478 61299270
478.1 74201814
478.2 86719711
478.3 98223009
478.4 1.0828779e+08
478.5 1.1664678e+08
478.6 1.2317547e+08
478.7 1.2788958e+08
478.8 1.3094337e+08
478.9 1.3262343e+08
479 1.3333415e+08
479.1 1.3357077e+08
479.2 1.338759e+08
479.3 1.3477822e+08
479.4 1.3671956e+08
479.5 1.3998722e+08
479.6 1.4467447e+08
479.7 1.5068387e+08
479.8 1.5776948e+08
479.9 1.6559819e+08
480 1.7380894e+08
480.1 1.8205708e+08
480.2 1.9004114e+08
480.3 1.9751494e+08
480.4 2.042893e+08
480.5 2.1022749e+08
480.6 2.1523693e+08
480.7 2.192594e+08
480.8 2.2226088e+08
480.9 2.2422203e+08
481 2.2513013e+08
481.1 2.2497293e+08
481.2 2.2373493e+08
481.3 2.2139637e+08
481.4 2.1793507e+08
481.5 2.1333117e+08
481.6 2.0757447e+08
481.7 2.0067419e+08
481.8 1.9267046e+08
481.9 1.8364686e+08
482 1.7374318e+08
482.1 1.631671e+08
482.2 1.5220355e+08
482.3 1.4121909e+08
482.4 1.306575e+08
482.5 1.2101938e+08
482.6 1.1281598e+08
482.7 1.0648941e+08
482.8 1.0230828e+08
482.9 1.0027779e+08
483 1.0011969e+08
483.1 1.013432e+08
483.2 1.0336693e+08
483.3 1.0562882e+08
483.4 1.0765043e+08
483.5 1.0905804e+08
483.6 1.0957811e+08
483.7 1.0902285e+08
483.8 1.0727474e+08
483.9 1.0427423e+08
484 1.0001149e+08
484.1 94522300
484.2 87887624
484.3 80236983
484.4 71756822
484.5 62707897
484.6 53461174
484.7 44571925
484.8 36915754
484.9 31813204
485 30641880
485.1 33559300
485.2 39208319
485.3 46036374
485.4 52994056
485.5 59453488
485.6 65031273
485.7 69485536
485.8 72667948
485.9 74505380
486 74999312
486.1 74239599
486.2 72433590
486.3 69952600
486.4 67391260
486.5 65609449
486.6 65673432
486.7 68593384
486.8 74927304
486.9 84580799
487 96973182
487.1 1.1133676e+08
487.2 1.2691278e+08
487.3 1.4302548e+08
487.4 1.5909755e+08
487.5 1.7464936e+08
487.6 1.8929646e+08
487.7 2.0274776e+08
487.8 2.148028e+08
487.9 2.2534712e+08
488 2.3434485e+08
488.1 2.4182872e+08
488.2 2.4788794e+08
488.3 2.5265479e+08
488.4 2.5629073e+08
488.5 2.5897268e+08
488.6 2.6088032e+08
488.7 2.6218498e+08
488.8 2.6304069e+08
488.9 2.6357788e+08
489 2.6390008e+08
489.1 2.6408384e+08
489.2 2.6418151e+08
489.3 2.6422658e+08
489.4 2.6424033e+08
489.5 2.6423892e+08
489.6 2.6423926e+08
489.7 2.6426275e+08
489.8 2.6433583e+08
489.9 2.6448742e+08
490 2.6474377e+08
490.1 2.6512227e+08
490.2 2.6562595e+08
490.3 2.6624057e+08
490.4 2.6693513e+08
490.5 2.6766584e+08
490.6 2.6838218e+08
490.7 2.6903334e+08
490.8 2.6957303e+08
490.9 2.6996119e+08
491 2.701622e+08
491.1 2.7013991e+08
491.2 2.6985053e+08
491.3 2.6923491e+08
491.4 2.6821169e+08
491.5 2.6667263e+08
491.6 2.6448112e+08
491.7 2.6147409e+08
491.8 2.5746748e+08
491.9 2.5226472e+08
492 2.4566755e+08
492.1 2.374885e+08
492.2 2.2756403e+08
492.3 2.157678e+08
492.4 2.0202328e+08
492.5 1.8631528e+08
492.6 1.6870003e+08
492.7 1.4931374e+08
492.8 1.2838041e+08
492.9 1.062219e+08
493 83280798
493.1 60200442
493.2 38200850
493.3 21531078
493.4 23786876
493.5 40112979
493.6 58052537
493.7 74755291
493.8 89437863
493.9 1.0181068e+08
494 1.1181409e+08
494.1 1.1954451e+08
494.2 1.2521452e+08
494.3 1.2911756e+08
494.4 1.3159265e+08
494.5 1.3299082e+08
494.6 1.336467e+08
494.7 1.3385819e+08
494.8 1.3387559e+08
494.9 1.3389923e+08
495 1.3408296e+08
495.1 1.3453913e+08
495.2 1.3534147e+08
495.3 1.3652402e+08
495.4 1.3807688e+08
495.5 1.3994187e+08
495.6 1.4201205e+08
495.7 1.4413749e+08
495.8 1.4613795e+08
495.9 1.4782072e+08
496 1.4900088e+08
496.1 1.4952167e+08
496.2 1.4927339e+08
496.3 1.4821004e+08
496.4 1.4636359e+08
496.5 1.4385485e+08
496.6 1.4089933e+08
496.7 1.3780421e+08
496.8 1.3495118e+08
496.9 1.327594e+08
497 1.3162676e+08
497.1 1.3185743e+08
497.2 1.3359653e+08
497.3 1.3679808e+08
497.4 1.4124024e+08
497.5 1.4657936e+08
497.6 1.5241877e+08
497.7 1.5837008e+08
497.8 1.6409579e+08
497.9 1.6933281e+08
498 1.7390098e+08
498.1 1.7770129e+08
498.2 1.8070775e+08
498.3 1.829551e+08
498.4 1.8452426e+08
498.5 1.8552664e+08
498.6 1.8608871e+08
498.7 1.8633771e+08
498.8 1.8638993e+08
498.9 1.8634218e+08
499 1.8626719e+08
499.1 1.8621271e+08
499.2 1.8620384e+08
499.3 1.8624748e+08
499.4 1.863377e+08
499.5 1.8646092e+08
499.6 1.8660004e+08
499.7 1.8673737e+08
499.8 1.8685635e+08
499.9 1.869426e+08
500 1.8698492e+08
500.1 1.8697679e+08
500.2 1.8691859e+08
500.3 1.8682058e+08
500.4 1.8670601e+08
500.5 1.866137e+08
500.6 1.8659896e+08
500.7 1.8673202e+08
500.8 1.8709314e+08
500.9 1.877646e+08
501 1.8882012e+08
501.1 1.9031369e+08
501.2 1.9226982e+08
501.3 1.9467755e+08
501.4 1.9748961e+08
501.5 2.0062707e+08
501.6 2.0398826e+08
501.7 2.0746019e+08
501.8 2.1093015e+08
501.9 2.1429576e+08
502 2.1747219e+08
502.1 2.2039621e+08
502.2 2.2302711e+08
502.3 2.2534509e+08
502.4 2.2734797e+08
502.5 2.2904688e+08
502.6 2.3046183e+08
502.7 2.3161774e+08
502.8 2.3254125e+08
502.9 2.3325876e+08
503 2.3379547e+08
503.1 2.3417552e+08
503.2 2.3442277e+08
503.3 2.3456191e+08
503.4 2.3461948e+08
503.5 2.3462443e+08
503.6 2.3460805e+08
503.7 2.3460298e+08
503.8 2.3464162e+08
503.9 2.3475396e+08
504 2.3496525e+08
504.1 2.352938e+08
504.2 2.3574931e+08
504.3 2.3633188e+08
504.4 2.370319e+08
504.5 2.3783078e+08
504.6 2.3870236e+08
504.7 2.3961492e+08
504.8 2.4053331e+08
504.9 2.4142133e+08
505 2.4224404e+08
505.1 2.4297004e+08
505.2 2.4357392e+08
505.3 2.440389e+08
505.4 2.4435964e+08
505.5 2.4454518e+08
505.6 2.4462155e+08
505.7 2.4463332e+08
505.8 2.4464349e+08
505.9 2.4473065e+08
506 2.449832e+08
506.1 2.454904e+08
506.2 2.4633132e+08
506.3 2.4756302e+08
506.4 2.4920978e+08
506.5 2.5125552e+08
506.6 2.5364006e+08
506.7 2.5625995e+08
506.8 2.5897277e+08
506.9 2.6160386e+08
507 2.6395413e+08
507.1 2.658079e+08
507.2 2.6694039e+08
507.3 2.6712464e+08
507.4 2.6613821e+08
507.5 2.6377008e+08
507.6 2.598278e+08
507.7 2.5414528e+08
507.8 2.4659089e+08
507.9 2.3707573e+08
508 2.2556162e+08
508.1 2.1206819e+08
508.2 1.9667894e+08
508.3 1.7954604e+08
508.4 1.608945e+08
508.5 1.4102771e+08
508.6 1.2033942e+08
508.7 99345492
508.8 78771878
508.9 59805543
509 44766308
509.1 37925202
509.2 42077764
509.3 53329017
509.4 66860214
509.5 80288513
509.6 92571284
509.7 1.0320421e+08
509.8 1.1191705e+08
509.9 1.1855526e+08
510 1.2302732e+08
510.1 1.2527856e+08
510.2 1.252791e+08
510.3 1.2302153e+08
510.4 1.1852788e+08
510.5 1.1186676e+08
510.6 1.0318453e+08
510.7 92759561
510.8 81102095
510.9 69150374
511 58637203
511.1 52459521
511.2 53717020
511.3 62728969
511.4 76881173
511.5 93427680
511.6 1.1051418e+08
511.7 1.2693835e+08
511.8 1.4187072e+08
511.9 1.5471101e+08
512 1.6502132e+08
512.1 1.7249208e+08
512.2 1.7692098e+08
512.3 1.7819767e+08
512.4 1.762926e+08
512.5 1.7125096e+08
512.6 1.6319315e+08
512.7 1.5232446e+08
512.8 1.3895767e+08
512.9 1.2355768e+08
513 1.0682938e+08
513.1 89899215
513.2 74677769
513.3 64332553
513.4 62646608
513.5 70654275
513.6 85412873
513.7 1.0341438e+08
513.8 1.2237016e+08
513.9 1.4096733e+08
514 1.5844457e+08
514.1 1.7435876e+08
514.2 1.884707e+08
514.3 2.0068438e+08
514.4 2.1100874e+08
514.5 2.1952938e+08
514.6 2.26385e+08
514.7 2.3174711e+08
514.8 2.3580256e+08
514.9 2.3873946e+08
515 2.4073669e+08
515.1 2.419574e+08
515.2 2.4254639e+08
515.3 2.4263097e+08
515.4 2.4232421e+08
515.5 2.4172941e+08
515.6 2.4094444e+08
515.7 2.4006447e+08
515.8 2.3918238e+08
515.9 2.3838656e+08
516 2.3775661e+08
516.1 2.3735804e+08
516.2 2.3723749e+08
516.3 2.3741983e+08
516.4 2.3790802e+08
516.5 2.3868591e+08
516.6 2.3972342e+08
516.7 2.4098294e+08
516.8 2.4242588e+08
516.9 2.4401829e+08
517 2.4573475e+08
517.1 2.4756052e+08
517.2 2.494916e+08
517.3 2.5153314e+08
517.4 2.5369635e+08
517.5 2.5599414e+08
517.6 2.5843585e+08
517.7 2.6102136e+08
517.8 2.6373497e+08
517.9 2.6653946e+08
518 2.6937079e+08
518.1 2.7213376e+08
518.2 2.7469913e+08
518.3 2.7690213e+08
518.4 2.7854285e+08
518.5 2.7938835e+08
518.6 2.7917697e+08
518.7 2.7762476e+08
518.8 2.7443464e+08
518.9 2.6930824e+08
519 2.6196086e+08
519.1 2.5213915e+08
519.2 2.3964131e+08
519.3 2.2433854e+08
519.4 2.0619669e+08
519.5 1.8529599e+08
519.6 1.6184738e+08
519.7 1.3620469e+08
519.8 1.0887552e+08
519.9 80549775
520 52249289
520.1 26511160
520.2 18998508
520.3 38680660
520.4 61409557
520.5 82286417
520.6 1.0032379e+08
520.7 1.1516336e+08
520.8 1.267244e+08
520.9 1.3511944e+08
521 1.4060741e+08
521.1 1.4355077e+08
521.2 1.4437258e+08
521.3 1.435155e+08
521.4 1.4140596e+08
521.5 1.38426e+08
521.6 1.3489409e+08
521.7 1.310553e+08
521.8 1.2707985e+08
521.9 1.2306866e+08
522 1.1906409e+08
522.1 1.1506427e+08
522.2 1.1103932e+08
522.3 1.0694871e+08
522.4 1.0275897e+08
522.5 98461256
522.6 94088620
522.7 89731793
522.8 85551580
522.9 81783312
523 78725669
523.1 76704381
523.2 76007054
523.3 76803707
523.4 79088862
523.5 82678747
523.6 87263278
523.7 92480372
523.8 97979603
523.9 1.0346178e+08
524 1.0869679e+08
524.1 1.1352692e+08
524.2 1.1786147e+08
524.3 1.2166665e+08
524.4 1.2495283e+08
524.5 1.2776103e+08
524.6 1.3015012e+08
524.7 1.3218622e+08
524.8 1.3393586e+08
524.9 1.3546378e+08
525 1.3683598e+08
525.1 1.3812749e+08
525.2 1.3943353e+08
525.3 1.4088105e+08
525.4 1.4263694e+08
525.5 1.4490795e+08
525.6 1.4792812e+08
525.7 1.5193191e+08
525.8 1.5711607e+08
525.9 1.6359886e+08
526 1.7138853e+08
526.1 1.8037081e+08
526.2 1.9031824e+08
526.3 2.0091674e+08
526.4 2.1180117e+08
526.5 2.2259152e+08
526.6 2.3292444e+08
526.7 2.4247743e+08
526.8 2.5098538e+08
526.9 2.5824995e+08
527 2.6414327e+08
527.1 2.6860698e+08
527.2 2.716481e+08
527.3 2.7333254e+08
527.4 2.7377712e+08
527.5 2.731405e+08
527.6 2.7161331e+08
527.7 2.6940777e+08
527.8 2.6674695e+08
527.9 2.6385388e+08
528 2.6094125e+08
528.1 2.582021e+08
528.2 2.5580227e+08
528.3 2.5387531e+08
528.4 2.5251997e+08
528.5 2.5180028e+08
528.6 2.5174751e+08
528.7 2.5236285e+08
528.8 2.5361966e+08
528.9 2.5546399e+08
529 2.5781295e+08
529.1 2.6055067e+08
529.2 2.6352288e+08
529.3 2.6653119e+08
529.4 2.6932898e+08
529.5 2.7162044e+08
529.6 2.7306397e+08
529.7 2.7328092e+08
529.8 2.7186934e+08
529.9 2.6842267e+08
530 2.6255188e+08
530.1 2.5391013e+08
530.2 2.4221811e+08
530.3 2.2728879e+08
530.4 2.0905019e+08
530.5 1.8756605e+08
530.6 1.6305674e+08
530.7 1.3593032e+08
530.8 1.0686013e+08
530.9 77060724
531 49575914
531.1 35365364
531.2 49089681
531.3 76398499
531.4 1.060869e+08
531.5 1.350538e+08
531.6 1.6208116e+08
531.7 1.8650242e+08
531.8 2.0791797e+08
531.9 2.2611591e+08
532 2.4104151e+08
532.1 2.5277758e+08
532.2 2.615252e+08
532.3 2.6758134e+08
532.4 2.7131344e+08
532.5 2.7313168e+08
532.6 2.7346078e+08
532.7 2.7271322e+08
532.8 2.7126598e+08
532.9 2.6944268e+08
533 2.6750238e+08
533.1 2.6563549e+08
533.2 2.6396655e+08
533.3 2.6256225e+08
533.4 2.6144298e+08
533.5 2.6059567e+08
533.6 2.5998618e+08
533.7 2.5956989e+08
533.8 2.5929997e+08
533.9 2.5913314e+08
534 2.5903345e+08
534.1 2.5897429e+08
534.2 2.5893939e+08
534.3 2.5892285e+08
534.4 2.5892878e+08
534.5 2.589703e+08
534.6 2.5906808e+08
534.7 2.5924832e+08
534.8 2.5953989e+08
534.9 2.5997065e+08
535 2.6056273e+08
535.1 2.6132691e+08
535.2 2.6225611e+08
535.3 2.6331861e+08
535.4 2.6445161e+08
535.5 2.6555615e+08
535.6 2.6649446e+08
535.7 2.6709061e+08
535.8 2.6713508e+08
535.9 2.6639343e+08
536 2.6461835e+08
536.1 2.615643e+08
536.2 2.5700341e+08
536.3 2.5074116e+08
536.4 2.4263068e+08
536.5 2.3258458e+08
536.6 2.2058364e+08
536.7 2.0668208e+08
536.8 1.9100934e+08
536.9 1.7376903e+08
537 1.5523591e+08
537.1 1.3575326e+08
537.2 1.1573499e+08
537.3 95683082
537.4 76247241
537.5 58399422
537.6 43894532
537.7 35937721
537.8 37345292
537.9 45840629
538 57158339
538.1 68926434
538.2 80159787
538.3 90469154
538.4 99724132
538.5 1.0791818e+08
538.6 1.1510696e+08
538.7 1.2137522e+08
538.8 1.2681653e+08
538.9 1.315201e+08
539 1.355624e+08
539.1 1.3900241e+08
539.2 1.4188006e+08
539.3 1.4421731e+08
539.4 1.4602163e+08
539.5 1.4729149e+08
539.6 1.4802353e+08
539.7 1.482212e+08
539.8 1.4790448e+08
539.9 1.4712026e+08
540 1.4595286e+08
540.1 1.4453367e+08
540.2 1.4304817e+08
540.3 1.4173771e+08
540.4 1.4089263e+08
540.5 1.4083284e+08
540.6 1.4187431e+08
540.7 1.4428436e+08
540.8 1.4823572e+08
540.9 1.5377299e+08
541 1.6080238e+08
541.1 1.6910611e+08
541.2 1.7837339e+08
541.3 1.8823677e+08
541.4 1.9830512e+08
541.5 2.0818949e+08
541.6 2.1752191e+08
541.7 2.2596871e+08
541.8 2.3324027e+08
541.9 2.3909863e+08
542 2.4336371e+08
542.1 2.4591862e+08
542.2 2.4671399e+08
542.3 2.4577091e+08
542.4 2.4318209e+08
542.5 2.3911023e+08
542.6 2.3378277e+08
542.7 2.2748186e+08
542.8 2.2052878e+08
542.9 2.1326267e+08
543 2.0601444e+08
543.1 1.9907877e+08
543.2 1.9268858e+08
543.3 1.8699764e+08
543.4 1.8207569e+08
543.5 1.7791815e+08
543.6 1.7446726e+08
543.7 1.7163878e+08
543.8 1.6934662e+08
543.9 1.6751963e+08
544 1.6610802e+08
544.1 1.6508028e+08
544.2 1.6441361e+08
544.3 1.6408217e+08
544.4 1.6404699e+08
544.5 1.6425025e+08
544.6 1.6461508e+08
544.7 1.6505059e+08
544.8 1.6546052e+08
544.9 1.6575377e+08
545 1.6585501e+08
545.1 1.657141e+08
545.2 1.6531355e+08
545.3 1.6467347e+08
545.4 1.6385365e+08
545.5 1.6295225e+08
545.6 1.6210031e+08
545.7 1.6145163e+08
545.8 1.6116764e+08
545.9 1.6139835e+08
546 1.6226174e+08
546.1 1.6382534e+08
546.2 1.6609449e+08
546.3 1.6901006e+08
546.4 1.724564e+08
546.5 1.7627704e+08
546.6 1.802944e+08
546.7 1.8432933e+08
546.8 1.8821742e+08
546.9 1.9182051e+08
547 1.9503339e+08
547.1 1.97786e+08
547.2 2.0004261e+08
547.3 2.0179895e+08
547.4 2.0307852e+08
547.5 2.0392891e+08
547.6 2.0441876e+08
547.7 2.0463567e+08
547.8 2.0468484e+08
547.9 2.0468791e+08
548 2.0478117e+08
548.1 2.0511178e+08
548.2 2.0583088e+08
548.3 2.0708247e+08
548.4 2.0898812e+08
548.5 2.1162899e+08
548.6 2.1502802e+08
548.7 2.1913654e+08
548.8 2.238291e+08
548.9 2.2890928e+08
549 2.3412618e+08
549.1 2.3919957e+08
549.2 2.4384934e+08
549.3 2.4782499e+08
549.4 2.5093086e+08
549.5 2.5304418e+08
549.6 2.5412431e+08
549.7 2.5421281e+08
549.8 2.5342519e+08
549.9 2.5193613e+08
550 2.4996032e+08
550.1 2.4773117e+08
550.2 2.4547972e+08
550.3 2.4341568e+08
550.4 2.4171198e+08
550.5 2.4049416e+08
550.6 2.3983505e+08
550.7 2.3975484e+08
550.8 2.4022595e+08
550.9 2.4118157e+08
551 2.425267e+08
551.1 2.4414987e+08
551.2 2.4593449e+08
551.3 2.4776844e+08
551.4 2.4955141e+08
551.5 2.5119953e+08
551.6 2.5264756e+08
551.7 2.53849e+08
551.8 2.5477493e+08
551.9 2.5541235e+08
552 2.5576253e+08
552.1 2.5583999e+08
552.2 2.5567194e+08
552.3 2.5529797e+08
552.4 2.5476946e+08
552.5 2.5414817e+08
552.6 2.5350324e+08
552.7 2.529066e+08
552.8 2.5242681e+08
552.9 2.5212198e+08
553 2.5203306e+08
553.1 2.5217854e+08
553.2 2.525522e+08
553.3 2.5312419e+08
553.4 2.538458e+08
553.5 2.5465689e+08
553.6 2.5549449e+08
553.7 2.5630107e+08
553.8 2.5703083e+08
553.9 2.5765314e+08
554 2.5815256e+08
554.1 2.5852588e+08
554.2 2.5877664e+08
554.3 2.589082e+08
554.4 2.5891648e+08
554.5 2.5878338e+08
554.6 2.5847194e+08
554.7 2.5792383e+08
554.8 2.5705981e+08
554.9 2.5578312e+08
555 2.5398584e+08
555.1 2.5155762e+08
555.2 2.4839615e+08
555.3 2.4441847e+08
555.4 2.3957217e+08
555.5 2.3384554e+08
555.6 2.2727573e+08
555.7 2.1995428e+08
555.8 2.1202951e+08
555.9 2.0370561e+08
556 1.9523818e+08
556.1 1.8692597e+08
556.2 1.7909836e+08
556.3 1.7209761e+08
556.4 1.6625513e+08
556.5 1.6186212e+08
556.6 1.5913784e+08
556.7 1.5820198e+08
556.8 1.5905939e+08
556.9 1.6160275e+08
557 1.6563218e+08
557.1 1.7088479e+08
557.2 1.77065e+08
557.3 1.8386917e+08
557.4 1.9100231e+08
557.5 1.9818772e+08
557.6 2.0517192e+08
557.7 2.1172699e+08
557.8 2.1765194e+08
557.9 2.2277405e+08
558 2.269504e+08
558.1 2.3006985e+08
558.2 2.3205517e+08
558.3 2.3286521e+08
558.4 2.3249675e+08
558.5 2.3098596e+08
558.6 2.2840887e+08
558.7 2.2488081e+08
558.8 2.2055418e+08
558.9 2.1561421e+08
559 2.1027239e+08
559.1 2.0475708e+08
559.2 1.9930136e+08
559.3 1.9412853e+08
559.4 1.8943649e+08
559.5 1.8538282e+08
559.6 1.8207331e+08
559.7 1.7955632e+08
559.8 1.7782465e+08
559.9 1.7682472e+08
560 1.7647122e+08
560.1 1.7666397e+08
560.2 1.7730365e+08
560.3 1.7830372e+08
560.4 1.7959717e+08
560.5 1.8113772e+08
560.6 1.828964e+08
560.7 1.8485467e+08
560.8 1.8699623e+08
560.9 1.8929913e+08
561 1.9173002e+08
561.1 1.9424179e+08
561.2 1.9677465e+08
561.3 1.9926029e+08
561.4 2.0162793e+08
561.5 2.038106e+08
561.6 2.0575062e+08
561.7 2.0740344e+08
561.8 2.0873969e+08
561.9 2.097462e+08
562 2.104264e+08
562.1 2.1080112e+08
562.2 2.1090996e+08
562.3 2.1081307e+08
562.4 2.1059271e+08
562.5 2.1035319e+08
562.6 2.1021816e+08
562.7 2.1032388e+08
562.8 2.1080842e+08
562.9 2.1179739e+08
563 2.1338839e+08
563.1 2.1563728e+08
563.2 2.1854926e+08
563.3 2.2207706e+08
563.4 2.2612661e+08
563.5 2.3056856e+08
563.6 2.3525306e+08
563.7 2.400249e+08
563.8 2.447365e+08
563.9 2.4925775e+08
564 2.5348205e+08
564.1 2.5732903e+08
564.2 2.6074465e+08
564.3 2.6369941e+08
564.4 2.6618541e+08
564.5 2.682129e+08
564.6 2.6980658e+08
564.7 2.7100207e+08
564.8 2.7184267e+08
564.9 2.7237647e+08
565 2.7265385e+08
565.1 2.7272539e+08
565.2 2.7264007e+08
565.3 2.7244391e+08
565.4 2.7217875e+08
565.5 2.7188139e+08
565.6 2.7158296e+08
565.7 2.7130856e+08
565.8 2.710772e+08
565.9 2.7090204e+08
566 2.7079084e+08
566.1 2.7074664e+08
566.2 2.7076859e+08
566.3 2.7085282e+08
566.4 2.7099322e+08
566.5 2.7118224e+08
566.6 2.7141146e+08
566.7 2.7167206e+08
566.8 2.719551e+08
566.9 2.7225164e+08
567 2.7255268e+08
567.1 2.7284898e+08
567.2 2.7313079e+08
567.3 2.7338748e+08
567.4 2.7360712e+08
567.5 2.7377616e+08
567.6 2.7387901e+08
567.7 2.7389777e+08
567.8 2.7381196e+08
567.9 2.7359828e+08
568 2.7323034e+08
568.1 2.726784e+08
568.2 2.7190903e+08
568.3 2.7088479e+08
568.4 2.6956409e+08
568.5 2.6790123e+08
568.6 2.6584699e+08
568.7 2.6334961e+08
568.8 2.603565e+08
568.9 2.5681642e+08
569 2.5268218e+08
569.1 2.4791345e+08
569.2 2.4247962e+08
569.3 2.3636241e+08
569.4 2.2955797e+08
569.5 2.2207842e+08
569.6 2.1395269e+08
569.7 2.0522643e+08
569.8 1.9596115e+08
569.9 1.862324e+08
570 1.7612703e+08
570.1 1.6573966e+08
570.2 1.5516847e+08
570.3 1.4451066e+08
570.4 1.3385784e+08
570.5 1.2329181e+08
570.6 1.1288124e+08
570.7 1.0267953e+08
570.8 92724207
570.9 83038067
571 73631941
571.1 64508983
571.2 55670047
571.3 47119687
571.4 38872332
571.5 30958553
571.6 23432712
571.7 16389314
571.8 10030137
571.9 5133408.9
572 5008780.2
572.1 8666682.7
572.2 12476120
572.3 15786834
572.4 18546821
572.5 20871021
572.6 22979605
572.7 25162987
572.8 27724665
572.9 30905329
573 34822418
573.1 39456970
573.2 44684358
573.3 50320492
573.4 56160871
573.5 62005950
573.6 67675338
573.7 73014891
573.8 77899709
573.9 82234814
574 85954550
574.1 89021308
574.2 91424027
574.3 93176766
574.4 94317561
574.5 94907738
574.6 95031687
574.7 94797021
574.8 94334800
574.9 93799169
575 93365400
575.1 93224895
575.2 93575673
575.3 94607493
575.4 96482435
575.5 99314070
575.6 1.0315001e+08
575.7 1.0796215e+08
575.8 1.1364642e+08
575.9 1.2003034e+08
576 1.2688553e+08
576.1 1.3394195e+08
576.2 1.4090266e+08
576.3 1.4745892e+08
576.4 1.5330598e+08
576.5 1.5816007e+08
576.6 1.6177609e+08
576.7 1.6396522e+08
576.8 1.6461061e+08
576.9 1.6367937e+08
577 1.6122882e+08
577.1 1.5740556e+08
577.2 1.5243653e+08
577.3 1.4661206e+08
577.4 1.4026197e+08
577.5 1.3372664e+08
577.6 1.2732592e+08
577.7 1.2133027e+08
577.8 1.1593929e+08
577.9 1.1127302e+08
578 1.0737997e+08
578.1 1.0426152e+08
578.2 1.0190788e+08
578.3 1.0033703e+08
578.4 99626760
578.5 99930682
578.6 1.0147085e+08
578.7 1.0450408e+08
578.8 1.092673e+08
578.9 1.1591743e+08
579 1.2448623e+08
579.1 1.3486285e+08
579.2 1.4680261e+08
579.3 1.5995059e+08
579.4 1.7386908e+08
579.5 1.8806344e+08
579.6 2.020061e+08
579.7 2.1516038e+08
579.8 2.270056e+08
579.9 2.3706333e+08
580 2.449235e+08
580.1 2.5026806e+08
580.2 2.528896e+08
580.3 2.5270265e+08
580.4 2.4974618e+08
580.5 2.4417714e+08
580.6 2.3625588e+08
580.7 2.2632524e+08
580.8 2.1478599e+08
580.9 2.0207117e+08
581 1.8862191e+08
581.1 1.7486653e+08
581.2 1.6120419e+08
581.3 1.479936e+08
581.4 1.3554632e+08
581.5 1.2412391e+08
581.6 1.1393756e+08
581.7 1.0514867e+08
581.8 97868976
581.9 92159991
582 88032488
582.1 85448392
582.2 84327321
582.3 84558208
582.4 86013674
582.5 88563294
582.6 92082656
582.7 96457332
582.8 1.0158279e+08
582.9 1.0736207e+08
583 1.1370295e+08
583.1 1.2051549e+08
583.2 1.277105e+08
583.3 1.3519891e+08
583.4 1.4289173e+08
583.5 1.5070068e+08
583.6 1.5853894e+08
583.7 1.6632216e+08
583.8 1.7396952e+08
583.9 1.8140476e+08
584 1.8855727e+08
584.1 1.9536307e+08
584.2 2.0176571e+08
584.3 2.0771707e+08
584.4 2.13178e+08
584.5 2.1811873e+08
584.6 2.2251905e+08
584.7 2.2636828e+08
584.8 2.2966494e+08
584.9 2.324164e+08
585 2.3463844e+08
585.1 2.3635505e+08
585.2 2.3759842e+08
585.3 2.3840951e+08
585.4 2.3883878e+08
585.5 2.3894721e+08
585.6 2.3880704e+08
585.7 2.3850157e+08
585.8 2.3812346e+08
585.9 2.3777085e+08
586 2.3754081e+08
586.1 2.3752032e+08
586.2 2.3777546e+08
586.3 2.3834015e+08
586.4 2.3920656e+08
586.5 2.4031909e+08
586.6 2.4157357e+08
586.7 2.4282245e+08
586.8 2.4388556e+08
586.9 2.4456486e+08
587 2.4466125e+08
587.1 2.4399109e+08
587.2 2.4240047e+08
587.3 2.3977582e+08
587.4 2.3605014e+08
587.5 2.3120478e+08
587.6 2.2526719e+08
587.7 2.183056e+08
587.8 2.1042159e+08
587.9 2.017417e+08
588 1.9240906e+08
588.1 1.8257577e+08
588.2 1.7239646e+08
588.3 1.6202347e+08
588.4 1.5160337e+08
588.5 1.4127488e+08
588.6 1.3116779e+08
588.7 1.2140244e+08
588.8 1.1208952e+08
588.9 1.033296e+08
589 95212052
589.1 87812999
589.2 81192062
589.3 75388013
589.4 70413975
589.5 66253419
589.6 62858639
589.7 60153179
589.8 58038589
589.9 56404414
590 55139149
590.1 54139830
590.2 53318723
590.3 52606737
590.4 51953999
590.5 51328458
590.6 50713351
590.7 50104226
590.8 49505982
590.9 48930227
591 48393124
591.1 47913809
591.2 47513389
591.3 47214509
591.4 47041405
591.5 47020337
591.6 47180263
591.7 47553569
591.8 48176656
591.9 49090145
592 50338504
592.1 51968894
592.2 54029182
592.3 56565203
592.4 59617516
592.5 63218103
592.6 67387476
592.7 72132631
592.8 77446093
592.9 83306061
593 89677432
593.1 96513372
593.2 1.0375707e+08
593.3 1.1134339e+08
593.4 1.1920039e+08
593.5 1.2725067e+08
593.6 1.3541278e+08
593.7 1.4360287e+08
593.8 1.5173647e+08
593.9 1.5973047e+08
594 1.6750468e+08
594.1 1.7498273e+08
594.2 1.8209149e+08
594.3 1.8875882e+08
594.4 1.9490915e+08
594.5 2.0045712e+08
594.6 2.0529986e+08
594.7 2.0930873e+08
594.8 2.1232228e+08
594.9 2.1414265e+08
595 2.1453806e+08
595.1 2.1325509e+08
595.2 2.1004461e+08
595.3 2.0470649e+08
595.4 1.9715856e+08
595.5 1.8753706e+08
595.6 1.7633519e+08
595.7 1.6457849e+08
595.8 1.5399247e+08
595.9 1.4699069e+08
596 1.4613525e+08
596.1 1.52952e+08
596.2 1.6697325e+08
596.3 1.860483e+08
596.4 2.0742168e+08
596.5 2.2852435e+08
596.6 2.4727134e+08
596.7 2.6211386e+08
596.8 2.7202101e+08
596.9 2.7644603e+08
597 2.7528334e+08
597.1 2.688134e+08
597.2 2.5763456e+08
597.3 2.4258531e+08
597.4 2.2466269e+08
597.5 2.0494361e+08
597.6 1.8451465e+08
597.7 1.6441311e+08
597.8 1.4557785e+08
597.9 1.2880332e+08
598 1.1468637e+08
598.1 1.0356125e+08
598.2 95440316
598.3 90006770
598.4 86699380
598.5 84867724
598.6 83922446
598.7 83421835
598.8 83090253
598.9 82795061
599 82508125
599.1 82266453
599.2 82137625
599.3 82191597
599.4 82479413
599.5 83019261
599.6 83789993
599.7 84731405
599.8 85749609
599.9 86725263
600 87522514
600.1 87997185
600.2 88003514
600.3 87399416
600.4 86050623
600.5 83834170
600.6 80641646
600.7 76382541
600.8 70987837
600.9 64413932
601 56646915
601.1 47707479
601.2 37657998
601.3 26620285
601.4 14872654
601.5 4806910.8
601.6 12977461
601.7 26295552
601.8 40023140
601.9 53682258
602 66978811
602.1 79660750
602.2 91507344
602.3 1.0233342e+08
602.4 1.1199503e+08
602.5 1.2039351e+08
602.6 1.2747701e+08
602.7 1.3323933e+08
602.8 1.3771658e+08
602.9 1.4098212e+08
603 1.4314085e+08
603.1 1.4432331e+08
603.2 1.4468039e+08
603.3 1.4437852e+08
603.4 1.4359516e+08
603.5 1.4251359e+08
603.6 1.4131632e+08
603.7 1.4017595e+08
603.8 1.3924391e+08
603.9 1.3863789e+08
604 1.384305e+08
604.1 1.3864183e+08
604.2 1.3923826e+08
604.3 1.4013821e+08
604.4 1.4122344e+08
604.5 1.4235349e+08
604.6 1.4338022e+08
604.7 1.4416041e+08
604.8 1.4456517e+08
604.9 1.4448597e+08
605 1.4383784e+08
605.1 1.4256021e+08
605.2 1.406162e+08
605.3 1.379908e+08
605.4 1.3468841e+08
605.5 1.307299e+08
605.6 1.2614953e+08
605.7 1.2099187e+08
605.8 1.1530873e+08
605.9 1.0915646e+08
606 1.0259351e+08
606.1 95678522
606.2 88468972
606.3 81020436
606.4 73386612
606.5 65620241
606.6 57775249
606.7 49910951
606.8 42100387
606.9 34448404
607 27135796
607.1 20539140
607.2 15546831
607.3 13877590
607.4 16418705
607.5 21595029
607.6 27848068
607.7 34482081
607.8 41213281
607.9 47916607
608 54534735
608.1 61044161
608.2 67440936
608.3 73733666
608.4 79939400
608.5 86080693
608.6 92183165
608.7 98273247
608.8 1.0437601e+08
608.9 1.1051304e+08
609 1.167003e+08
609.1 1.2294597e+08
609.2 1.2924832e+08
609.3 1.3559346e+08
609.4 1.4195313e+08
609.5 1.4828255e+08
609.6 1.5451841e+08
609.7 1.6057739e+08
609.8 1.6635533e+08
609.9 1.7172764e+08
610 1.7655108e+08
610.1 1.8066748e+08
610.2 1.8390939e+08
610.3 1.8610762e+08
610.4 1.871004e+08
610.5 1.8674345e+08
610.6 1.8492028e+08
610.7 1.8155174e+08
610.8 1.7660417e+08
610.9 1.7009548e+08
611 1.6209923e+08
611.1 1.5274681e+08
611.2 1.4222866e+08
611.3 1.3079605e+08
611.4 1.1876529e+08
611.5 1.0652724e+08
611.6 94564841
611.7 83478281
611.8 74003708
611.9 66974666
612 63133851
612.1 62784633
612.2 65557656
612.3 70592036
612.4 76938429
612.5 83817461
612.6 90673946
612.7 97138411
612.8 1.0297454e+08
612.9 1.0803753e+08
613 1.1224539e+08
613.1 1.1556017e+08
613.2 1.1797573e+08
613.3 1.1951005e+08
613.4 1.2020041e+08
613.5 1.2010067e+08
613.6 1.1927971e+08
613.7 1.1782061e+08
613.8 1.1581987e+08
613.9 1.1338631e+08
614 1.1063911e+08
614.1 1.0770462e+08
614.2 1.0471174e+08
614.3 1.0178578e+08
614.4 99041164
614.5 96573696
614.6 94453490
614.7 92720036
614.8 91380587
614.9 90412508
615 89769243
615.1 89388695
615.2 89202323
615.3 89143355
615.4 89153003
615.5 89184205
615.6 89202986
615.7 89187928
615.8 89128433
615.9 89022526
616 88874857
616.1 88695337
616.2 88498566
616.3 88303783
616.4 88134765
616.5 88018847
616.6 87984232
616.7 88055133
616.8 88244896
616.9 88548120
617 88933550
617.1 89339879
617.2 89676305
617.3 89828849
617.4 89672292
617.5 89086611
617.6 87976202
617.7 86290005
617.8 84040657
617.9 81320764
618 78313797
618.1 75295551
618.2 72619339
618.3 70676049
618.4 69824537
618.5 70305526
618.6 72175979
618.7 75302331
618.8 79415007
618.9 84188273
619 89306953
619.1 94504809
619.2 99578558
619.3 1.0438722e+08
619.4 1.0884454e+08
619.5 1.1290893e+08
619.6 1.1657323e+08
619.7 1.1985505e+08
619.8 1.2278827e+08
619.9 1.254156e+08
620 1.2778251e+08
620.1 1.2993233e+08
620.2 1.3190263e+08
620.3 1.3372276e+08
620.4 1.3541259e+08
620.5 1.3698229e+08
620.6 1.3843295e+08
620.7 1.3975814e+08
620.8 1.4094592e+08
620.9 1.4198144e+08
621 1.4284977e+08
621.1 1.4353886e+08
621.2 1.4404236e+08
621.3 1.4436233e+08
621.4 1.4451148e+08
621.5 1.4451497e+08
621.6 1.4441167e+08
621.7 1.4425485e+08
621.8 1.4411226e+08
621.9 1.440655e+08
622 1.4420872e+08
622.1 1.4464616e+08
622.2 1.4548857e+08
622.3 1.4684802e+08
622.4 1.4883117e+08
622.5 1.5153122e+08
622.6 1.5501935e+08
622.7 1.5933678e+08
622.8 1.6448863e+08
622.9 1.7044073e+08
623 1.7711956e+08
623.1 1.8441524e+08
623.2 1.9218664e+08
623.3 2.0026765e+08
623.4 2.0847375e+08
623.5 2.1660806e+08
623.6 2.2446674e+08
623.7 2.3184332e+08
623.8 2.385323e+08
623.9 2.4433202e+08
624 2.4904699e+08
624.1 2.5248996e+08
624.2 2.5448387e+08
624.3 2.5486387e+08
624.4 2.5347962e+08
624.5 2.5019799e+08
624.6 2.4490629e+08
624.7 2.3751615e+08
624.8 2.2796817e+08
624.9 2.1623729e+08
625 2.0233898e+08
625.1 1.863364e+08
625.2 1.6834908e+08
625.3 1.4856467e+08
625.4 1.2725859e+08
625.5 1.0483506e+08
625.6 81934863
625.7 59779799
625.8 41439520
625.9 34789623
626 45051474
626.1 63724377
626.2 84294779
626.3 1.0439644e+08
626.4 1.2301046e+08
626.5 1.3958262e+08
626.6 1.5378955e+08
626.7 1.6546947e+08
626.8 1.7459788e+08
626.9 1.8127389e+08
627 1.857061e+08
627.1 1.881942e+08
627.2 1.891058e+08
627.3 1.8884936e+08
627.4 1.8784542e+08
627.5 1.8649826e+08
627.6 1.8517066e+08
627.7 1.841639e+08
627.8 1.8370495e+08
627.9 1.8394189e+08
628 1.8494713e+08
628.1 1.867272e+08
628.2 1.8923662e+08
628.3 1.9239321e+08
628.4 1.9609267e+08
628.5 2.0022084e+08
628.6 2.0466306e+08
628.7 2.093106e+08
628.8 2.1406439e+08
628.9 2.1883671e+08
629 2.2355113e+08
629.1 2.2814143e+08
629.2 2.3254987e+08
629.3 2.3672525e+08
629.4 2.4062117e+08
629.5 2.4419474e+08
629.6 2.4740588e+08
629.7 2.5021716e+08
629.8 2.5259394e+08
629.9 2.5450443e+08
630 2.5591903e+08
630.1 2.568086e+08
630.2 2.5714119e+08
630.3 2.5687728e+08
630.4 2.5596394e+08
630.5 2.5432894e+08
630.6 2.518761e+08
630.7 2.4848334e+08
630.8 2.44005e+08
630.9 2.38279e+08
631 2.3113939e+08
631.1 2.2243331e+08
631.2 2.1204122e+08
631.3 1.9989828e+08
631.4 1.8601487e+08
631.5 1.7049463e+08
631.6 1.5354935e+08
631.7 1.3551265e+08
631.8 1.1685857e+08
631.9 98239857
632 80576219
632.1 65236357
632.2 54254192
632.3 49905415
632.4 52696291
632.5 60382024
632.6 70175183
632.7 80256618
632.8 89670521
632.9 97955359
633 1.0491757e+08
633.1 1.1051508e+08
633.2 1.1479534e+08
633.3 1.1785932e+08
633.4 1.1983862e+08
633.5 1.2087988e+08
633.6 1.2113388e+08
633.7 1.2074773e+08
633.8 1.1985977e+08
633.9 1.1859647e+08
634 1.1707136e+08
634.1 1.1538575e+08
634.2 1.1363112e+08
634.3 1.1189298e+08
634.4 1.1025587e+08
634.5 1.0880894e+08
634.6 1.0765121e+08
634.7 1.0689546e+08
634.8 1.0666924e+08
634.9 1.0711158e+08
635 1.0836447e+08
635.1 1.1055949e+08
635.2 1.1380158e+08
635.3 1.1815375e+08
635.4 1.2362663e+08
635.5 1.3017546e+08
635.6 1.3770453e+08
635.7 1.4607696e+08
635.8 1.5512712e+08
635.9 1.6467303e+08
636 1.7452733e+08
636.1 1.845062e+08
636.2 1.9443608e+08
636.3 2.0415854e+08
636.4 2.1353339e+08
636.5 2.2244057e+08
636.6 2.3078077e+08
636.7 2.3847527e+08
636.8 2.4546508e+08
636.9 2.5170971e+08
637 2.5718569e+08
637.1 2.6188498e+08
637.2 2.6581354e+08
637.3 2.6898995e+08
637.4 2.7144423e+08
637.5 2.7321675e+08
637.6 2.7435715e+08
637.7 2.7492326e+08
637.8 2.7497971e+08
637.9 2.7459636e+08
638 2.7384643e+08
638.1 2.728042e+08
638.2 2.7154262e+08
638.3 2.7013071e+08
638.4 2.6863111e+08
638.5 2.6709787e+08
638.6 2.6557471e+08
638.7 2.64094e+08
638.8 2.6267646e+08
638.9 2.613316e+08
639 2.6005903e+08
639.1 2.5885021e+08
639.2 2.5769083e+08
639.3 2.565633e+08
639.4 2.5544936e+08
639.5 2.5433253e+08
639.6 2.532003e+08
639.7 2.5204576e+08
639.8 2.508686e+08
639.9 2.4967518e+08
640 2.4847771e+08
640.1 2.4729213e+08
640.2 2.4613513e+08
640.3 2.4502032e+08
640.4 2.4395412e+08
640.5 2.4293211e+08
640.6 2.4193643e+08
640.7 2.4093507e+08
640.8 2.3988328e+08
640.9 2.3872725e+08
641 2.3740974e+08
641.1 2.3587688e+08
641.2 2.3408532e+08
641.3 2.3200893e+08
641.4 2.2964413e+08
641.5 2.2701346e+08
641.6 2.2416685e+08
641.7 2.2118069e+08
641.8 2.1815449e+08
641.9 2.1520556e+08
642 2.1246173e+08
642.1 2.1005274e+08
642.2 2.0810083e+08
642.3 2.0671114e+08
642.4 2.059631e+08
642.5 2.0590364e+08
642.6 2.0654311e+08
642.7 2.0785446e+08
642.8 2.0977583e+08
642.9 2.1221606e+08
643 2.1506255e+08
643.1 2.1819077e+08
643.2 2.2147454e+08
643.3 2.247967e+08
643.4 2.2805953e+08
643.5 2.3119434e+08
643.6 2.3416954e+08
643.7 2.3699583e+08
643.8 2.3972718e+08
643.9 2.4245585e+08
644 2.4530011e+08
644.1 2.4838413e+08
644.2 2.5181102e+08
644.3 2.5563253e+08
644.4 2.5982025e+08
644.5 2.6424464e+08
644.6 2.6866684e+08
644.7 2.7274598e+08
644.8 2.7606128e+08
644.9 2.7814568e+08
645 2.7852622e+08
645.1 2.7676639e+08
645.2 2.7250636e+08
645.3 2.6549793e+08
645.4 2.5563248e+08
645.5 2.4296104e+08
645.6 2.2770728e+08
645.7 2.1027559e+08
645.8 1.9125859e+08
645.9 1.7145042e+08
646 1.518724e+08
646.1 1.338084e+08
646.2 1.1880779e+08
646.3 1.0852093e+08
646.4 1.0418213e+08
646.5 1.0590341e+08
646.6 1.1252316e+08
646.7 1.2227822e+08
646.8 1.3354958e+08
646.9 1.4516078e+08
647 1.5635776e+08
647.1 1.6669913e+08
647.2 1.7595564e+08
647.3 1.8403752e+08
647.4 1.9094501e+08
647.5 1.9673496e+08
647.6 2.0149785e+08
647.7 2.0534186e+08
647.8 2.0838174e+08
647.9 2.1073112e+08
648 2.1249745e+08
648.1 2.1377889e+08
648.2 2.1466277e+08
648.3 2.1522533e+08
648.4 2.1553205e+08
648.5 2.1563854e+08
648.6 2.1559119e+08
648.7 2.1542751e+08
648.8 2.1517577e+08
648.9 2.1485385e+08
649 2.1446747e+08
649.1 2.1400803e+08
649.2 2.1345052e+08
649.3 2.1275198e+08
649.4 2.1185122e+08
649.5 2.1067007e+08
649.6 2.0911674e+08
649.7 2.070914e+08
649.8 2.0449425e+08
649.9 2.0123589e+08
650 1.9725003e+08
650.1 1.9250824e+08
650.2 1.8703628e+08
650.3 1.8093111e+08
650.4 1.7437671e+08
650.5 1.6765551e+08
650.6 1.6114981e+08
650.7 1.5532482e+08
650.8 1.5068416e+08
650.9 1.4769342e+08
651 1.4668297e+08
651.1 1.4776242e+08
651.2 1.5078685e+08
651.3 1.5539315e+08
651.4 1.6108698e+08
651.5 1.6733973e+08
651.6 1.7366436e+08
651.7 1.7965947e+08
651.8 1.8502612e+08
651.9 1.895667e+08
652 1.9317393e+08
652.1 1.9581597e+08
652.2 1.975209e+08
652.3 1.9836262e+08
652.4 1.9844902e+08
652.5 1.9791247e+08
652.6 1.9690231e+08
652.7 1.9557861e+08
652.8 1.941062e+08
652.9 1.926481e+08
653 1.9135757e+08
653.1 1.9036859e+08
653.2 1.897853e+08
653.3 1.8967162e+08
653.4 1.9004299e+08
653.5 1.9086218e+08
653.6 1.9204048e+08
653.7 1.9344449e+08
653.8 1.9490768e+08
653.9 1.9624481e+08
654 1.9726725e+08
654.1 1.977974e+08
654.2 1.9768108e+08
654.3 1.9679725e+08
654.4 1.9506525e+08
654.5 1.9244963e+08
654.6 1.8896312e+08
654.7 1.84668e+08
654.8 1.7967608e+08
654.9 1.7414723e+08
655 1.6828603e+08
655.1 1.6233577e+08
655.2 1.5656855e+08
655.3 1.5127039e+08
655.4 1.467203e+08
655.5 1.4316393e+08
655.6 1.4078525e+08
655.7 1.3968236e+08
655.8 1.398549e+08
655.9 1.4120772e+08
656 1.4357004e+08
656.1 1.4672366e+08
656.2 1.504323e+08
656.3 1.5446563e+08
656.4 1.5861552e+08
656.5 1.6270476e+08
656.6 1.6658997e+08
656.7 1.7016088e+08
656.8 1.7333754e+08
656.9 1.7606678e+08
657 1.7831846e+08
657.1 1.8008218e+08
657.2 1.8136435e+08
657.3 1.8218577e+08
657.4 1.8257964e+08
657.5 1.8258973e+08
657.6 1.8226873e+08
657.7 1.816764e+08
657.8 1.8087764e+08
657.9 1.7994018e+08
658 1.7893208e+08
658.1 1.7791906e+08
658.2 1.7696179e+08
658.3 1.7611339e+08
658.4 1.7541727e+08
658.5 1.7490556e+08
658.6 1.7459821e+08
658.7 1.7450267e+08
658.8 1.7461427e+08
658.9 1.7491703e+08
659 1.7538485e+08
659.1 1.7598304e+08
659.2 1.7667011e+08
659.3 1.7739985e+08
659.4 1.7812385e+08
659.5 1.7879432e+08
659.6 1.7936727e+08
659.7 1.7980578e+08
659.8 1.8008301e+08
659.9 1.801846e+08
660 1.8010991e+08
660.1 1.7987195e+08
660.2 1.7949594e+08
660.3 1.7901677e+08
660.4 1.7847613e+08
660.5 1.7792013e+08
660.6 1.7739825e+08
660.7 1.7696438e+08
660.8 1.7668002e+08
660.9 1.7661925e+08
661 1.7687441e+08
661.1 1.775608e+08
661.2 1.7881833e+08
661.3 1.8080798e+08
661.4 1.8370122e+08
661.5 1.8766172e+08
661.6 1.9282063e+08
661.7 1.9924861e+08
661.8 2.0692967e+08
661.9 2.1574184e+08
662 2.254479e+08
662.1 2.3569743e+08
662.2 2.4603894e+08
662.3 2.5594007e+08
662.4 2.6481418e+08
662.5 2.7205156e+08
662.6 2.7705441e+08
662.7 2.792742e+08
662.8 2.7824992e+08
662.9 2.7364495e+08
663 2.6528016e+08
663.1 2.5316085e+08
663.2 2.3749563e+08
663.3 2.1870738e+08
663.4 1.9743844e+08
663.5 1.7455668e+08
663.6 1.5117411e+08
663.7 1.286935e+08
663.8 1.0888088e+08
663.9 93854529
664 85608589
664.1 84779636
664.2 89846021
664.3 98170121
664.4 1.0746827e+08
664.5 1.16277e+08
664.6 1.2379702e+08
664.7 1.2965382e+08
664.8 1.3372537e+08
664.9 1.3603485e+08
665 1.3668598e+08
665.1 1.3582554e+08
665.2 1.3362372e+08
665.3 1.3026661e+08
665.4 1.2595622e+08
665.5 1.2091427e+08
665.6 1.1538605e+08
665.7 1.0964101e+08
665.8 1.0396677e+08
665.9 98654103
666 93971543
666.1 90131531
666.2 87255084
666.3 85346648
666.4 84290487
666.5 83871889
666.6 83815394
666.7 83826861
666.8 83629554
666.9 82991869
667 81750257
667.1 79833449
667.2 77294148
667.3 74352560
667.4 71449518
667.5 69286991
667.6 68792710
667.7 70919486
667.8 76297451
667.9 84985625
668 96538572
668.1 1.102639e+08
668.2 1.2543449e+08
668.3 1.4138589e+08
668.4 1.5754239e+08
668.5 1.7341697e+08
668.6 1.8860621e+08
668.7 2.027859e+08
668.8 2.1570786e+08
668.9 2.271971e+08
669 2.3714832e+08
669.1 2.4552128e+08
669.2 2.5233484e+08
669.3 2.5765979e+08
669.4 2.616106e+08
669.5 2.643365e+08
669.6 2.6601239e+08
669.7 2.6682975e+08
669.8 2.6698809e+08
669.9 2.6668692e+08
670 2.6611857e+08
670.1 2.654616e+08
670.2 2.6487496e+08
670.3 2.6449266e+08
670.4 2.6441893e+08
670.5 2.6472388e+08
670.6 2.6543976e+08
670.7 2.6655793e+08
670.8 2.680269e+08
670.9 2.6975179e+08
671 2.715954e+08
671.1 2.7338148e+08
671.2 2.7490027e+08
671.3 2.7591662e+08
671.4 2.7618078e+08
671.5 2.7544144e+08
671.6 2.7346088e+08
671.7 2.7003105e+08
671.8 2.6498984e+08
671.9 2.5823584e+08
672 2.4974028e+08
672.1 2.3955476e+08
672.2 2.2781352e+08
672.3 2.147298e+08
672.4 2.005862e+08
672.5 1.8571963e+08
672.6 1.7050221e+08
672.7 1.5531929e+08
672.8 1.405466e+08
672.9 1.2652756e+08
673 1.1355248e+08
673.1 1.0184059e+08
673.2 91526909
673.3 82656297
673.4 75187662
673.5 69010387
673.6 63971574
673.7 59908278
673.8 56676139
673.9 54166775
674 52310575
674.1 51066385
674.2 50403442
674.3 50282823
674.4 50645310
674.5 51409670
674.6 52481135
674.7 53766495
674.8 55191257
674.9 56715143
675 58343359
675.1 60131573
675.2 62182446
675.3 64631825
675.4 67624517
675.5 71283311
675.6 75678906
675.7 80809567
675.8 86595841
675.9 92889574
676 99491922
676.1 1.061742e+08
676.2 1.1269716e+08
676.3 1.1882655e+08
676.4 1.2434482e+08
676.5 1.2905936e+08
676.6 1.3280874e+08
676.7 1.3546834e+08
676.8 1.3695727e+08
676.9 1.3724883e+08
677 1.3638682e+08
677.1 1.3451005e+08
677.2 1.3188616e+08
677.3 1.2895197e+08
677.4 1.2634807e+08
677.5 1.2491738e+08
677.6 1.2561949e+08
677.7 1.2932649e+08
677.8 1.3654955e+08
677.9 1.4724552e+08
678 1.6082154e+08
678.1 1.7629868e+08
678.2 1.9250925e+08
678.3 2.0825033e+08
678.4 2.223875e+08
678.5 2.3392809e+08
678.6 2.4207846e+08
678.7 2.4628868e+08
678.8 2.462822e+08
678.9 2.4206607e+08
679 2.3391963e+08
679.1 2.2236242e+08
679.2 2.0810546e+08
679.3 1.919919e+08
679.4 1.7493411e+08
679.5 1.5785216e+08
679.6 1.4161593e+08
679.7 1.2698891e+08
679.8 1.1456995e+08
679.9 1.0473516e+08
680 97598696
680.1 93027168
680.2 90729531
680.3 90395883
680.4 91819475
680.5 94946386
680.6 99839880
680.7 1.0658511e+08
680.8 1.151801e+08
680.9 1.2545746e+08
681 1.3705863e+08
681.1 1.4945585e+08
681.2 1.620031e+08
681.3 1.7399917e+08
681.4 1.8475283e+08
681.5 1.9364454e+08
681.6 2.0018028e+08
681.7 2.0403266e+08
681.8 2.050652e+08
681.9 2.0333744e+08
682 1.9909094e+08
682.1 1.9271928e+08
682.2 1.8472681e+08
682.3 1.756818e+08
682.4 1.6616874e+08
682.5 1.5674348e+08
682.6 1.4789302e+08
682.7 1.4000187e+08
682.8 1.3332747e+08
682.9 1.2798869e+08
683 1.2397148e+08
683.1 1.2115227e+08
683.2 1.193344e+08
683.3 1.1828814e+08
683.4 1.1778522e+08
683.5 1.1762231e+08
683.6 1.1763284e+08
683.7 1.1768947e+08
683.8 1.1770079e+08
683.9 1.1760508e+08
684 1.1736353e+08
684.1 1.1695427e+08
684.2 1.1636797e+08
684.3 1.1560537e+08
684.4 1.1467648e+08
684.5 1.1360133e+08
684.6 1.1241156e+08
684.7 1.1115217e+08
684.8 1.0988303e+08
684.9 1.086795e+08
685 1.0763167e+08
685.1 1.0684226e+08
685.2 1.0642271e+08
685.3 1.064876e+08
685.4 1.0714764e+08
685.5 1.0850174e+08
685.6 1.1062923e+08
685.7 1.1358323e+08
685.8 1.1738647e+08
685.9 1.2203003e+08
686 1.2747496e+08
686.1 1.336561e+08
686.2 1.4048718e+08
686.3 1.478663e+08
686.4 1.5568112e+08
686.5 1.6381351e+08
686.6 1.7214346e+08
686.7 1.8055241e+08
686.8 1.8892601e+08
686.9 1.9715645e+08
687 2.0514445e+08
687.1 2.1280089e+08
687.2 2.2004829e+08
687.3 2.2682184e+08
687.4 2.3307026e+08
687.5 2.3875622e+08
687.6 2.4385639e+08
687.7 2.4836097e+08
687.8 2.5227282e+08
687.9 2.5560604e+08
688 2.5838409e+08
688.1 2.6063763e+08
688.2 2.6240197e+08
688.3 2.6371444e+08
688.4 2.6461167e+08
688.5 2.6512701e+08
688.6 2.6528802e+08
688.7 2.651143e+08
688.8 2.6461552e+08
688.9 2.6378977e+08
689 2.6262233e+08
689.1 2.6108464e+08
689.2 2.5913378e+08
689.3 2.567123e+08
689.4 2.5374854e+08
689.5 2.5015768e+08
689.6 2.4584346e+08
689.7 2.4070098e+08
689.8 2.3462066e+08
689.9 2.2749349e+08
690 2.1921772e+08
690.1 2.0970682e+08
690.2 1.988986e+08
690.3 1.867652e+08
690.4 1.7332389e+08
690.5 1.586488e+08
690.6 1.4288501e+08
690.7 1.262683e+08
690.8 1.091586e+08
690.9 92105926
691 75987225
691.1 62268244
691.2 53273012
691.3 51484728
691.4 57094486
691.5 67560387
691.6 80170211
691.7 93203517
691.8 1.0569632e+08
691.9 1.1710786e+08
692 1.2713834e+08
692.1 1.356413e+08
692.2 1.4257953e+08
692.3 1.4799977e+08
692.4 1.5201494e+08
692.5 1.5478919e+08
692.6 1.5652359e+08
692.7 1.5744188e+08
692.8 1.5777632e+08
692.9 1.5775434e+08
693 1.5758676e+08
693.1 1.5745859e+08
693.2 1.5752311e+08
693.3 1.5789954e+08
693.4 1.5867385e+08
693.5 1.599019e+08
693.6 1.616133e+08
693.7 1.6381496e+08
693.8 1.6649342e+08
693.9 1.696159e+08
694 1.7313066e+08
694.1 1.7696752e+08
694.2 1.8103961e+08
694.3 1.8524657e+08
694.4 1.8947939e+08
694.5 1.9362625e+08
694.6 1.975787e+08
694.7 2.0123735e+08
694.8 2.0451655e+08
694.9 2.073478e+08
695 2.0968176e+08
695.1 2.114892e+08
695.2 2.1276085e+08
695.3 2.1350667e+08
695.4 2.1375439e+08
695.5 2.1354768e+08
695.6 2.1294364e+08
695.7 2.1200977e+08
695.8 2.1082023e+08
695.9 2.0945154e+08
696 2.0797786e+08
696.1 2.0646628e+08
696.2 2.0497257e+08
696.3 2.0353813e+08
696.4 2.021885e+08
696.5 2.0093386e+08
696.6 1.9977152e+08
696.7 1.9869009e+08
696.8 1.9767462e+08
696.9 1.9671201e+08
697 1.9579567e+08
697.1 1.9492876e+08
697.2 1.9412534e+08
697.3 1.9340918e+08
697.4 1.9281033e+08
697.5 1.9235974e+08
697.6 1.9208305e+08
697.7 1.9199436e+08
697.8 1.9209133e+08
697.9 1.9235271e+08
698 1.9273878e+08
698.1 1.9319505e+08
698.2 1.9365851e+08
698.3 1.9406567e+08
698.4 1.9436115e+08
698.5 1.9450551e+08
698.6 1.9448121e+08
698.7 1.9429591e+08
698.8 1.9398235e+08
698.9 1.9359497e+08
699 1.9320316e+08
699.1 1.9288224e+08
699.2 1.9270309e+08
699.3 1.9272212e+08
699.4 1.9297308e+08
699.5 1.9346229e+08
699.6 1.9416778e+08
699.7 1.9504278e+08
699.8 1.960224e+08
699.9 1.9703251e+08
700 1.9799912e+08
700.1 1.9885707e+08
700.2 1.9955679e+08
700.3 2.0006882e+08
700.4 2.0038574e+08
700.5 2.0052159e+08
700.6 2.0050926e+08
700.7 2.0039621e+08
700.8 2.0023904e+08
700.9 2.0009747e+08
701 2.0002843e+08
701.1 2.0008069e+08
701.2 2.0029076e+08
701.3 2.0068031e+08
701.4 2.0125535e+08
701.5 2.0200728e+08
701.6 2.0291537e+08
701.7 2.0395033e+08
701.8 2.0507842e+08
701.9 2.062655e+08
702 2.0748066e+08
702.1 2.08699e+08
702.2 2.0990356e+08
702.3 2.1108628e+08
702.4 2.1224798e+08
702.5 2.1339774e+08
702.6 2.1455152e+08
702.7 2.1573046e+08
702.8 2.1695875e+08
702.9 2.1826138e+08
703 2.1966177e+08
703.1 2.211794e+08
703.2 2.2282752e+08
703.3 2.2461115e+08
703.4 2.2652526e+08
703.5 2.2855345e+08
703.6 2.3066715e+08
703.7 2.3282544e+08
703.8 2.3497564e+08
703.9 2.3705487e+08
704 2.3899251e+08
704.1 2.4071394e+08
704.2 2.4214557e+08
704.3 2.4322131e+08
704.4 2.4389065e+08
704.5 2.4412807e+08
704.6 2.4394365e+08
704.7 2.4339368e+08
704.8 2.4258985e+08
704.9 2.4170413e+08
705 2.4096577e+08
705.1 2.4064608e+08
705.2 2.4102779e+08
705.3 2.4235912e+08
705.4 2.4479833e+08
705.5 2.483612e+08
705.6 2.5288661e+08
705.7 2.5803218e+08
705.8 2.633028e+08
705.9 2.6810506e+08
706 2.7181462e+08
706.1 2.7384367e+08
706.2 2.7369825e+08
706.3 2.7102012e+08
706.4 2.6561069e+08
706.5 2.5743748e+08
706.6 2.4662535e+08
706.7 2.3343576e+08
706.8 2.1823804e+08
706.9 2.0147669e+08
707 1.8363826e+08
707.1 1.6522083e+08
707.2 1.4670779e+08
707.3 1.285472e+08
707.4 1.1113677e+08
707.5 94814192
707.6 79852095
707.7 66456716
707.8 54769047
707.9 44867020
708 36766521
708.1 30418502
708.2 25701037
708.3 22412384
708.4 20280753
708.5 19001145
708.6 18283214
708.7 17881728
708.8 17602983
708.9 17303333
709 16896068
709.1 16372114
709.2 15830303
709.3 15499154
709.4 15703966
709.5 16727134
709.6 18623722
709.7 21172462
709.8 23983715
709.9 26618538
710 28652170
710.1 29704670
710.2 29465729
710.3 27726847
710.4 24436177
710.5 19834322
710.6 14937995
710.7 13024552
710.8 17931196
710.9 27540681
711 39219887
711.1 51838947
711.2 64789348
711.3 77642974
711.4 90066089
711.5 1.0179464e+08
711.6 1.1262418e+08
711.7 1.2240267e+08
711.8 1.3102325e+08
711.9 1.3841693e+08
712 1.4454564e+08
712.1 1.4939628e+08
712.2 1.5297635e+08
712.3 1.5531122e+08
712.4 1.5644332e+08
712.5 1.5643287e+08
712.6 1.5535993e+08
712.7 1.5332719e+08
712.8 1.5046296e+08
712.9 1.4692356e+08
713 1.4289431e+08
713.1 1.3858807e+08
713.2 1.3424011e+08
713.3 1.3009812e+08
713.4 1.2640643e+08
713.5 1.2338485e+08
713.6 1.2120475e+08
713.7 1.1996747e+08
713.8 1.1969175e+08
713.9 1.2031498e+08
714 1.2170876e+08
714.1 1.2370402e+08
714.2 1.2611838e+08
714.3 1.2877964e+08
714.4 1.3154176e+08
714.5 1.3429294e+08
714.6 1.3695694e+08
714.7 1.3948944e+08
714.8 1.4187139e+08
714.9 1.4410085e+08
715 1.4618436e+08
715.1 1.4812894e+08
715.2 1.4993533e+08
715.3 1.5159303e+08
715.4 1.5307802e+08
715.5 1.5435348e+08
715.6 1.5537432e+08
715.7 1.5609548e+08
715.8 1.5648387e+08
715.9 1.5653294e+08
716 1.5627758e+08
716.1 1.5580657e+08
716.2 1.5526815e+08
716.3 1.548648e+08
716.4 1.5483393e+08
716.5 1.5541465e+08
716.6 1.568063e+08
716.7 1.5912918e+08
716.8 1.6239984e+08
716.9 1.665293e+08
717 1.7134318e+08
717.1 1.7661574e+08
717.2 1.8210621e+08
717.3 1.8758895e+08
717.4 1.9287328e+08
717.5 1.9781309e+08
717.6 2.0230849e+08
717.7 2.0630226e+08
717.8 2.0977373e+08
717.9 2.1273165e+08
718 2.1520729e+08
718.1 2.1724813e+08
718.2 2.1891249e+08
718.3 2.2026485e+08
718.4 2.2137185e+08
718.5 2.2229887e+08
718.6 2.2310697e+08
718.7 2.2385034e+08
718.8 2.2457414e+08
718.9 2.2531292e+08
719 2.2608965e+08
719.1 2.2691541e+08
719.2 2.2778985e+08
719.3 2.2870227e+08
719.4 2.2963337e+08
719.5 2.3055744e+08
719.6 2.3144478e+08
719.7 2.3226427e+08
719.8 2.3298573e+08
719.9 2.335821e+08
720 2.3403111e+08
720.1 2.343166e+08
720.2 2.3442932e+08
720.3 2.3436734e+08
720.4 2.3413608e+08
720.5 2.3374816e+08
720.6 2.3322304e+08
720.7 2.3258654e+08
720.8 2.3187029e+08
720.9 2.3111108e+08
721 2.3035008e+08
721.1 2.2963178e+08
721.2 2.290027e+08
721.3 2.2850972e+08
721.4 2.2819804e+08
721.5 2.2810882e+08
721.6 2.282767e+08
721.7 2.2872725e+08
721.8 2.2947475e+08
721.9 2.3052043e+08
722 2.3185151e+08
722.1 2.3344121e+08
722.2 2.3524979e+08
722.3 2.3722659e+08
722.4 2.3931293e+08
722.5 2.4144574e+08
722.6 2.4356128e+08
722.7 2.4559899e+08
722.8 2.4750478e+08
722.9 2.4923372e+08
723 2.5075186e+08
723.1 2.5203714e+08
723.2 2.5307953e+08
723.3 2.538805e+08
723.4 2.5445206e+08
723.5 2.5481563e+08
723.6 2.550008e+08
723.7 2.5504415e+08
723.8 2.5498796e+08
723.9 2.5487872e+08
724 2.5476505e+08
724.1 2.5469463e+08
724.2 2.5470967e+08
724.3 2.5484052e+08
724.4 2.5509739e+08
724.5 2.5546036e+08
724.6 2.5586865e+08
724.7 2.5621079e+08
724.8 2.5631784e+08
724.9 2.5596199e+08
725 2.5486263e+08
725.1 2.5270086e+08
725.2 2.4914217e+08
725.3 2.4386547e+08
725.4 2.3659526e+08
725.5 2.2713289e+08
725.6 2.1538305e+08
725.7 2.0137202e+08
725.8 1.8525615e+08
725.9 1.6732085e+08
726 1.4797323e+08
726.1 1.2773491e+08
726.2 1.0724728e+08
726.3 87313510
726.4 69027383
726.5 54062097
726.6 44936698
726.7 43804412
726.8 49490390
726.9 58515602
727 68271022
727.1 77440392
727.2 85433330
727.3 92018789
727.4 97154750
727.5 1.0090773e+08
727.6 1.0341029e+08
727.7 1.0483524e+08
727.8 1.0537778e+08
727.9 1.0524156e+08
728 1.0462716e+08
728.1 1.0372212e+08
728.2 1.0269249e+08
728.3 1.0167602e+08
728.4 1.0077727e+08
728.5 1.0006449e+08
728.6 99568530
728.7 99283451
728.8 99169033
728.9 99155463
729 99150499
729.1 99049287
729.2 98746439
729.3 98149455
729.4 97191940
729.5 95844814
729.6 94123580
729.7 92089974
729.8 89846826
729.9 87525828
730 85269293
730.1 83208796
730.2 81445571
730.3 80038633
730.4 79005804
730.5 78339654
730.6 78036114
730.7 78129834
730.8 78728139
730.9 80033781
731 82345068
731.1 86023029
731.2 91424712
731.3 98820164
731.4 1.0832471e+08
731.5 1.1987055e+08
731.6 1.3321724e+08
731.7 1.4798289e+08
731.8 1.6367899e+08
731.9 1.7974164e+08
732 1.9556059e+08
732.1 2.1050921e+08
732.2 2.2397842e+08
732.3 2.3541452e+08
732.4 2.443593e+08
732.5 2.5048833e+08
732.6 2.5364305e+08
732.7 2.538517e+08
732.8 2.513354e+08
732.9 2.4649702e+08
733 2.3989242e+08
733.1 2.3218536e+08
733.2 2.240887e+08
733.3 2.1629634e+08
733.4 2.0941269e+08
733.5 2.0389043e+08
733.6 1.9998952e+08
733.7 1.9776901e+08
733.8 1.9711437e+08
733.9 1.9779093e+08
734 1.9950606e+08
734.1 2.0196345e+08
734.2 2.0490026e+08
734.3 2.0810597e+08
734.4 2.1142672e+08
734.5 2.1476048e+08
734.6 2.1804742e+08
734.7 2.2125868e+08
734.8 2.2438504e+08
734.9 2.2742667e+08
735 2.3038412e+08
735.1 2.3325075e+08
735.2 2.3600695e+08
735.3 2.3861602e+08
735.4 2.4102234e+08
735.5 2.4315175e+08
735.6 2.4491449e+08
735.7 2.462107e+08
735.8 2.4693826e+08
735.9 2.4700268e+08
736 2.4632832e+08
736.1 2.4487027e+08
736.2 2.4262603e+08
736.3 2.3964601e+08
736.4 2.360419e+08
736.5 2.3199171e+08
736.6 2.2773978e+08
736.7 2.235899e+08
736.8 2.1988866e+08
736.9 2.1699654e+08
737 2.1524624e+08
737.1 2.1489161e+08
737.2 2.1605662e+08
737.3 2.1869786e+08
737.4 2.2259312e+08
737.5 2.2736083e+08
737.6 2.3250592e+08
737.7 2.3748082e+08
737.8 2.4174986e+08
737.9 2.4484787e+08
738 2.4642705e+08
738.1 2.4628894e+08
738.2 2.4439965e+08
738.3 2.4088816e+08
738.4 2.360289e+08
738.5 2.3021148e+08
738.6 2.2390155e+08
738.7 2.1759745e+08
738.8 2.1178732e+08
738.9 2.0691098e+08
739 2.0332995e+08
739.1 2.013083e+08
739.2 2.0100499e+08
739.3 2.0247642e+08
739.4 2.0568551e+08
739.5 2.1051296e+08
739.6 2.1676704e+08
739.7 2.241903e+08
739.8 2.3246449e+08
739.9 2.4121592e+08
740 2.50024e+08
740.1 2.5843461e+08
740.2 2.6597875e+08
740.3 2.7219521e+08
740.4 2.7665535e+08
740.5 2.7898734e+08
740.6 2.7889749e+08
740.7 2.761864e+08
740.8 2.7075902e+08
740.9 2.6262781e+08
741 2.5190977e+08
741.1 2.3881793e+08
741.2 2.2364899e+08
741.3 2.0676852e+08
741.4 1.8859593e+08
741.5 1.6959134e+08
741.6 1.5024789e+08
741.7 1.3109394e+08
741.8 1.127124e+08
741.9 95786425
742 81174791
742.1 69975303
742.2 63395232
742.3 62169746
742.4 65885321
742.5 73200474
742.6 82709455
742.7 93414143
742.8 1.0472128e+08
742.9 1.163054e+08
743 1.2799329e+08
743.1 1.396901e+08
743.2 1.5133509e+08
743.3 1.628759e+08
743.4 1.7425408e+08
743.5 1.8539821e+08
743.6 1.9622224e+08
743.7 2.0662772e+08
743.8 2.1650884e+08
743.9 2.2575938e+08
744 2.342805e+08
744.1 2.4198865e+08
744.2 2.4882249e+08
744.3 2.5474811e+08
744.4 2.5976196e+08
744.5 2.6389095e+08
744.6 2.671898e+08
744.7 2.697358e+08
744.8 2.7162154e+08
744.9 2.7294659e+08
745 2.7380905e+08
745.1 2.7429813e+08
745.2 2.744887e+08
745.3 2.744384e+08
745.4 2.7418755e+08
745.5 2.7376165e+08
745.6 2.731757e+08
745.7 2.7243958e+08
745.8 2.7156352e+08
745.9 2.7056282e+08
746 2.6946109e+08
746.1 2.6829194e+08
746.2 2.6709876e+08
746.3 2.6593289e+08
746.4 2.6485039e+08
746.5 2.63908e+08
746.6 2.631585e+08
746.7 2.6264627e+08
746.8 2.6240336e+08
746.9 2.624466e+08
747 2.6277607e+08
747.1 2.6337512e+08
747.2 2.642119e+08
747.3 2.6524225e+08
747.4 2.6641361e+08
747.5 2.6766942e+08
747.6 2.6895356e+08
747.7 2.7021436e+08
747.8 2.7140772e+08
747.9 2.7249917e+08
748 2.7346477e+08
748.1 2.7429092e+08
748.2 2.7497318e+08
748.3 2.7551457e+08
748.4 2.7592351e+08
748.5 2.7621172e+08
748.6 2.7639237e+08
748.7 2.7647856e+08
748.8 2.7648218e+08
748.9 2.7641325e+08
749 2.762795e+08
749.1 2.760863e+08
749.2 2.7583677e+08
749.3 2.7553202e+08
749.4 2.7517152e+08
749.5 2.7475349e+08
749.6 2.7427543e+08
749.7 2.7373461e+08
749.8 2.7312867e+08
749.9 2.7245617e+08
750 2.7171707e+08
750.1 2.7091319e+08
750.2 2.7004847e+08
750.3 2.6912904e+08
750.4 2.6816304e+08
750.5 2.6716025e+08
750.6 2.6613143e+08
750.7 2.650876e+08
750.8 2.6403911e+08
750.9 2.6299487e+08
751 2.6196165e+08
751.1 2.6094367e+08
751.2 2.5994241e+08
751.3 2.5895688e+08
751.4 2.5798407e+08
751.5 2.5701975e+08
751.6 2.5605934e+08
751.7 2.5509887e+08
751.8 2.5413591e+08
751.9 2.5317025e+08
752 2.5220439e+08
752.1 2.5124358e+08
752.2 2.5029559e+08
752.3 2.4936999e+08
752.4 2.4847717e+08
752.5 2.4762725e+08
752.6 2.4682906e+08
752.7 2.4608933e+08
752.8 2.4541239e+08
752.9 2.4480026e+08
753 2.4425322e+08
753.1 2.4377059e+08
753.2 2.4335144e+08
753.3 2.4299523e+08
753.4 2.4270197e+08
753.5 2.424719e+08
753.6 2.4230479e+08
753.7 2.4219884e+08
753.8 2.4214967e+08
753.9 2.4214955e+08
754 2.4218729e+08
754.1 2.4224897e+08
754.2 2.4231955e+08
754.3 2.4238507e+08
754.4 2.4243512e+08
754.5 2.4246486e+08
754.6 2.4247606e+08
754.7 2.4247686e+08
754.8 2.424798e+08
754.9 2.424985e+08
755 2.4254311e+08
755.1 2.4261529e+08
755.2 2.4270347e+08
755.3 2.4277885e+08
755.4 2.4279321e+08
755.5 2.4267841e+08
755.6 2.4234818e+08
755.7 2.4170172e+08
755.8 2.40629e+08
755.9 2.3901711e+08
756 2.3675719e+08
756.1 2.3375132e+08
756.2 2.2991893e+08
756.3 2.2520222e+08
756.4 2.1957023e+08
756.5 2.1302124e+08
756.6 2.0558349e+08
756.7 1.973139e+08
756.8 1.8829526e+08
756.9 1.78632e+08
757 1.684454e+08
757.1 1.5786873e+08
757.2 1.4704359e+08
757.3 1.3611801e+08
757.4 1.252471e+08
757.5 1.1459669e+08
757.6 1.0434941e+08
757.7 94712366
757.8 85923276
757.9 78249481
758 71970144
758.1 67330986
758.2 64471717
758.3 63353873
758.4 63737519
758.5 65230339
758.6 67377517
758.7 69740656
758.8 71941022
758.9 73672580
759 74699678
759.1 74850548
759.2 74012277
759.3 72129605
759.4 69208833
759.5 65328472
759.6 60659839
759.7 55503102
759.8 50344527
759.9 45925545
760 43247658
760.1 43325659
760.2 46650352
760.3 52901716
760.4 61289809
760.5 71013681
760.6 81444076
760.7 92122766
760.8 1.0271945e+08
760.9 1.1299559e+08
761 1.2278106e+08
761.1 1.3195963e+08
761.2 1.4045975e+08
761.3 1.482481e+08
761.4 1.5532459e+08
761.5 1.6171808e+08
761.6 1.6748233e+08
761.7 1.7269183e+08
761.8 1.7743743e+08
761.9 1.8182149e+08
762 1.8595271e+08
762.1 1.8994074e+08
762.2 1.9389086e+08
762.3 1.9789898e+08
762.4 2.0204745e+08
762.5 2.0640178e+08
762.6 2.1100829e+08
762.7 2.1589275e+08
762.8 2.2105963e+08
762.9 2.2649167e+08
763 2.3214968e+08
763.1 2.3797245e+08
763.2 2.4387688e+08
763.3 2.4975878e+08
763.4 2.5549456e+08
763.5 2.6094425e+08
763.6 2.6595614e+08
763.7 2.7037294e+08
763.8 2.7403946e+08
763.9 2.7681131e+08
764 2.7856418e+08
764.1 2.7920286e+08
764.2 2.7866958e+08
764.3 2.769507e+08
764.4 2.7408133e+08
764.5 2.7014724e+08
764.6 2.6528377e+08
764.7 2.596713e+08
764.8 2.535273e+08
764.9 2.4709497e+08
765 2.4062886e+08
765.1 2.3437813e+08
765.2 2.2856882e+08
765.3 2.2338697e+08
765.4 2.1896477e+08
765.5 2.1537208e+08
765.6 2.126147e+08
765.7 2.1063987e+08
765.8 2.0934748e+08
765.9 2.0860476e+08
766 2.0826161e+08
766.1 2.0816428e+08
766.2 2.0816608e+08
766.3 2.0813474e+08
766.4 2.0795678e+08
766.5 2.0753977e+08
766.6 2.068132e+08
766.7 2.0572868e+08
766.8 2.0425971e+08
766.9 2.0240134e+08
767 2.0016933e+08
767.1 1.9759893e+08
767.2 1.9474297e+08
767.3 1.9166921e+08
767.4 1.8845726e+08
767.5 1.8519513e+08
767.6 1.8197565e+08
767.7 1.7889291e+08
767.8 1.7603865e+08
767.9 1.7349835e+08
768 1.7134677e+08
768.1 1.6964279e+08
768.2 1.6842386e+08
768.3 1.6770058e+08
768.4 1.6745243e+08
768.5 1.6762564e+08
768.6 1.6813387e+08
768.7 1.6886178e+08
768.8 1.6967086e+08
768.9 1.7040657e+08
769 1.7090566e+08
769.1 1.7100259e+08
769.2 1.7053481e+08
769.3 1.6934663e+08
769.4 1.6729232e+08
769.5 1.6423915e+08
769.6 1.6007137e+08
769.7 1.5469648e+08
769.8 1.4805512e+08
769.9 1.4013655e+08
770 1.3100255e+08
770.1 1.2082403e+08
770.2 1.0993712e+08
770.3 98927223
770.4 88739757
770.5 80759605
770.6 76645608
770.7 77633066
770.8 83655482
770.9 93344092
771 1.0485462e+08
771.1 1.1650517e+08
771.2 1.2695574e+08
771.3 1.3519191e+08
771.4 1.4048623e+08
771.5 1.4237793e+08
771.6 1.4066664e+08
771.7 1.354112e+08
771.8 1.2693063e+08
771.9 1.1581308e+08
772 1.0294945e+08
772.1 89619965
772.2 77647837
772.3 69468334
772.4 67489756
772.5 72422840
772.6 82658980
772.7 95819562
772.8 1.100423e+08
772.9 1.2414672e+08
773 1.3743088e+08
773.1 1.4949093e+08
773.2 1.6010999e+08
773.3 1.691925e+08
773.4 1.7672383e+08
773.5 1.8274395e+08
773.6 1.8732954e+08
773.7 1.9058159e+08
773.8 1.9261691e+08
773.9 1.9356233e+08
774 1.9355082e+08
774.1 1.9271871e+08
774.2 1.9120348e+08
774.3 1.8914153e+08
774.4 1.8666577e+08
774.5 1.8390275e+08
774.6 1.809696e+08
774.7 1.7797088e+08
774.8 1.7499582e+08
774.9 1.7211631e+08
775 1.6938605e+08
775.1 1.6684102e+08
775.2 1.6450145e+08
775.3 1.6237505e+08
775.4 1.6046133e+08
775.5 1.5875636e+08
775.6 1.5725757e+08
775.7 1.5596789e+08
775.8 1.5489881e+08
775.9 1.5407193e+08
776 1.5351877e+08
776.1 1.5327896e+08
776.2 1.5339684e+08
776.3 1.5391714e+08
776.4 1.5487998e+08
776.5 1.5631604e+08
776.6 1.5824239e+08
776.7 1.6065932e+08
776.8 1.6354868e+08
776.9 1.6687351e+08
777 1.7057915e+08
777.1 1.7459547e+08
777.2 1.7884004e+08
777.3 1.832221e+08
777.4 1.8764706e+08
777.5 1.9202129e+08
777.6 1.9625704e+08
777.7 2.0027713e+08
777.8 2.0401887e+08
777.9 2.0743688e+08
778 2.1050422e+08
778.1 2.1321145e+08
778.2 2.1556349e+08
778.3 2.1757425e+08
778.4 2.1925983e+08
778.5 2.2063123e+08
778.6 2.2168812e+08
778.7 2.2241533e+08
778.8 2.2278379e+08
778.9 2.227568e+08
779 2.2230163e+08
779.1 2.2140525e+08
779.2 2.200914e+08
779.3 2.1843507e+08
779.4 2.1656984e+08
779.5 2.1468358e+08
779.6 2.1299995e+08
779.7 2.1174626e+08
779.8 2.1111321e+08
779.9 2.1121612e+08
780 2.1206902e+08
780.1 2.135793e+08
780.2 2.1556355e+08
780.3 2.1777793e+08
780.4 2.1995223e+08
780.5 2.2181815e+08
780.6 2.2312638e+08
780.7 2.2365141e+08
780.8 2.2318679e+08
780.9 2.2153481e+08
781 2.1849519e+08
781.1 2.1385678e+08
781.2 2.0739521e+08
781.3 1.9887853e+08
781.4 1.8808113e+08
781.5 1.7480562e+08
781.6 1.58911e+08
781.7 1.4034561e+08
781.8 1.1918495e+08
781.9 95682891
782 70382931
782.1 44578654
782.2 23811279
782.3 29596775
782.4 54130615
782.5 81012354
782.6 1.069574e+08
782.7 1.3076763e+08
782.8 1.5172583e+08
782.9 1.6937508e+08
783 1.8347881e+08
783.1 1.9400811e+08
783.2 2.0112635e+08
783.3 2.051651e+08
783.4 2.0659133e+08
783.5 2.0596807e+08
783.6 2.0391094e+08
783.7 2.010429e+08
783.8 1.9794938e+08
783.9 1.9513685e+08
784 1.9299879e+08
784.1 1.9179425e+08
784.2 1.9164325e+08
784.3 1.9254003e+08
784.4 1.9438059e+08
784.5 1.9699744e+08
784.6 2.0019364e+08
784.7 2.0377054e+08
784.8 2.0754663e+08
784.9 2.1136799e+08
785 2.151119e+08
785.1 2.1868595e+08
785.2 2.2202445e+08
785.3 2.2508374e+08
785.4 2.2783708e+08
785.5 2.3027002e+08
785.6 2.3237614e+08
785.7 2.341537e+08
785.8 2.3560283e+08
785.9 2.3672338e+08
786 2.3751343e+08
786.1 2.3796812e+08
786.2 2.3807899e+08
786.3 2.3783355e+08
786.4 2.3721528e+08
786.5 2.3620381e+08
786.6 2.3477563e+08
786.7 2.3290524e+08
786.8 2.30567e+08
786.9 2.2773793e+08
787 2.2440159e+08
787.1 2.2055344e+08
787.2 2.1620763e+08
787.3 2.1140533e+08
787.4 2.0622413e+08
787.5 2.0078749e+08
787.6 1.952725e+08
787.7 1.8991283e+08
787.8 1.84993e+08
787.9 1.8082925e+08
788 1.7773443e+08
788.1 1.7596861e+08
788.2 1.7568517e+08
788.3 1.7688865e+08
788.4 1.7942042e+08
788.5 1.829784e+08
788.6 1.8716383e+08
788.7 1.9153926e+08
788.8 1.9568282e+08
788.9 1.9922986e+08
789 2.018995e+08
789.1 2.0350759e+08
789.2 2.0396901e+08
789.3 2.0329213e+08
789.4 2.0156791e+08
789.5 1.9895554e+08
789.6 1.9566627e+08
789.7 1.9194653e+08
789.8 1.8806143e+08
789.9 1.8427955e+08
790 1.8085958e+08
790.1 1.7803929e+08
790.2 1.7602724e+08
790.3 1.7499715e+08
790.4 1.7508469e+08
790.5 1.7638607e+08
790.6 1.7895759e+08
790.7 1.8281525e+08
790.8 1.879337e+08
790.9 1.9424448e+08
791 2.0163376e+08
791.1 2.0994025e+08
791.2 2.1895404e+08
791.3 2.2841712e+08
791.4 2.3802604e+08
791.5 2.4743692e+08
791.6 2.5627322e+08
791.7 2.6413592e+08
791.8 2.7061644e+08
791.9 2.753119e+08
792 2.778426e+08
792.1 2.7787117e+08
792.2 2.7512247e+08
792.3 2.6940302e+08
792.4 2.6061827e+08
792.5 2.4878573e+08
792.6 2.3404192e+08
792.7 2.1664144e+08
792.8 1.9694722e+08
792.9 1.7541187e+08
793 1.5255152e+08
793.1 1.2891454e+08
793.2 1.050485e+08
793.3 81469623
793.4 58639956
793.5 36965568
793.6 16922411
793.7 5382252
793.8 20341268
793.9 35605336
794 49368734
794.1 61594732
794.2 72355324
794.3 81749362
794.4 89881373
794.5 96852303
794.6 1.0275536e+08
794.7 1.0767474e+08
794.8 1.1168603e+08
794.9 1.1485728e+08
795 1.172503e+08
795.1 1.1892175e+08
795.2 1.1992404e+08
795.3 1.2030594e+08
795.4 1.2011295e+08
795.5 1.1938765e+08
795.6 1.1816992e+08
795.7 1.1649709e+08
795.8 1.1440417e+08
795.9 1.1192405e+08
796 1.0908778e+08
796.1 1.0592485e+08
796.2 1.0246373e+08
796.3 98732447
796.4 94759609
796.5 90575720
796.6 86215157
796.7 81718961
796.8 77138761
796.9 72542185
797 68020053
797.1 63695315
797.2 59732647
797.3 56345173
797.4 53790691
797.5 52346159
797.6 52253837
797.7 53652997
797.8 56534773
797.9 60749929
798 66058758
798.1 72186977
798.2 78863502
798.3 85838129
798.4 92887171
798.5 99814462
798.6 1.0645164e+08
798.7 1.1265895e+08
798.8 1.1832628e+08
798.9 1.2337375e+08
799 1.2775108e+08
799.1 1.3143517e+08
799.2 1.3442605e+08
799.3 1.3674161e+08
799.4 1.3841204e+08
799.5 1.3947498e+08
799.6 1.3997212e+08
799.7 1.3994781e+08
799.8 1.3944935e+08
799.9 1.385287e+08
800 1.372446e+08
800.1 1.3566423e+08
800.2 1.3386374e+08
800.3 1.3192682e+08
800.4 1.2994125e+08
800.5 1.2799328e+08
800.6 1.2616056e+08
800.7 1.245045e+08
800.8 1.2306361e+08
800.9 1.218493e+08
801 1.2084533e+08
801.1 1.200116e+08
801.2 1.1929173e+08
801.3 1.1862309e+08
801.4 1.1794784e+08
801.5 1.1722313e+08
801.6 1.1642969e+08
801.7 1.1557823e+08
801.8 1.1471409e+08
801.9 1.1392052e+08
802 1.1332063e+08
802.1 1.1307732e+08
802.2 1.133888e+08
802.3 1.144769e+08
802.4 1.1656566e+08
802.5 1.1985101e+08
802.6 1.2446727e+08
802.7 1.3046006e+08
802.8 1.3777428e+08
802.9 1.4626022e+08
803 1.5569393e+08
803.1 1.6580415e+08
803.2 1.7629894e+08
803.3 1.8688779e+08
803.4 1.9729778e+08
803.5 2.0728409e+08
803.6 2.1663604e+08
803.7 2.2517973e+08
803.8 2.3277849e+08
803.9 2.3933188e+08
804 2.4477391e+08
804.1 2.4907102e+08
804.2 2.5221979e+08
804.3 2.5424477e+08
804.4 2.5519616e+08
804.5 2.5514736e+08
804.6 2.5419217e+08
804.7 2.5244144e+08
804.8 2.5001918e+08
804.9 2.4705794e+08
805 2.4369368e+08
805.1 2.4006043e+08
805.2 2.3628494e+08
805.3 2.3248214e+08
805.4 2.2875162e+08
805.5 2.2517568e+08
805.6 2.2181903e+08
805.7 2.1872997e+08
805.8 2.1594265e+08
805.9 2.1347971e+08
806 2.1135472e+08
806.1 2.0957404e+08
806.2 2.0813783e+08
806.3 2.0704061e+08
806.4 2.062715e+08
806.5 2.0581475e+08
806.6 2.0565073e+08
806.7 2.0575732e+08
806.8 2.061116e+08
806.9 2.0669145e+08
807 2.074767e+08
807.1 2.0844952e+08
807.2 2.0959413e+08
807.3 2.1089564e+08
807.4 2.1233848e+08
807.5 2.139045e+08
807.6 2.155712e+08
807.7 2.1731031e+08
807.8 2.1908704e+08
807.9 2.2086011e+08
808 2.2258265e+08
808.1 2.2420394e+08
808.2 2.2567188e+08
808.3 2.2693603e+08
808.4 2.2795092e+08
808.5 2.2867953e+08
808.6 2.2909674e+08
808.7 2.2919258e+08
808.8 2.28975e+08
808.9 2.2847203e+08
809 2.2773265e+08
809.1 2.268257e+08
809.2 2.2583619e+08
809.3 2.2485826e+08
809.4 2.2398519e+08
809.5 2.2329729e+08
809.6 2.2285002e+08
809.7 2.22665e+08
809.8 2.2272625e+08
809.9 2.2298283e+08
810 2.2335725e+08
810.1 2.2375706e+08
810.2 2.2408686e+08
810.3 2.2425767e+08
810.4 2.2419192e+08
810.5 2.2382351e+08
810.6 2.2309369e+08
810.7 2.2194379e+08
810.8 2.2030675e+08
810.9 2.1809884e+08
811 2.1521294e+08
811.1 2.1151446e+08
811.2 2.0684054e+08
811.3 2.0100264e+08
811.4 1.9379271e+08
811.5 1.849927e+08
811.6 1.743871e+08
811.7 1.6177839e+08
811.8 1.470051e+08
811.9 1.2996281e+08
812 1.1062981e+08
812.1 89104365
812.2 65687190
812.3 41219599
812.4 20041514
812.5 25773036
812.6 51174855
812.7 79087693
812.8 1.0678273e+08
812.9 1.3318991e+08
813 1.5754878e+08
813.1 1.7926057e+08
813.2 1.9788182e+08
813.3 2.1313875e+08
813.4 2.2493699e+08
813.5 2.3335927e+08
813.6 2.3864952e+08
813.7 2.411843e+08
813.8 2.4143469e+08
813.9 2.3992258e+08
814 2.3717596e+08
814.1 2.3368797e+08
814.2 2.2988387e+08
814.3 2.2609931e+08
814.4 2.2257144e+08
814.5 2.1944238e+08
814.6 2.1677262e+08
814.7 2.1456042e+08
814.8 2.1276305e+08
814.9 2.1131633e+08
815 2.1015027e+08
815.1 2.0920016e+08
815.2 2.0841318e+08
815.3 2.0775134e+08
815.4 2.071916e+08
815.5 2.0672384e+08
815.6 2.0634725e+08
815.7 2.0606547e+08
815.8 2.0588085e+08
815.9 2.0578835e+08
816 2.0576951e+08
816.1 2.057872e+08
816.2 2.0578177e+08
816.3 2.0566923e+08
816.4 2.0534169e+08
816.5 2.0467026e+08
816.6 2.0351032e+08
816.7 2.0170877e+08
816.8 1.9911318e+08
816.9 1.9558259e+08
817 1.9099985e+08
817.1 1.8528606e+08
817.2 1.7841738e+08
817.3 1.7044575e+08
817.4 1.615246e+08
817.5 1.5194156e+08
817.6 1.4215822e+08
817.7 1.3285108e+08
817.8 1.2493078e+08
817.9 1.1948548e+08
818 1.1757592e+08
818.1 1.1988684e+08
818.2 1.2643208e+08
818.3 1.3656065e+08
818.4 1.4923792e+08
818.5 1.6335329e+08
818.6 1.7790143e+08
818.7 1.9204815e+08
818.8 2.0514034e+08
818.9 2.1669925e+08
819 2.2641177e+08
819.1 2.3412187e+08
819.2 2.3982044e+08
819.3 2.4363068e+08
819.4 2.4578726e+08
819.5 2.4660857e+08
819.6 2.4646273e+08
819.7 2.4572964e+08
819.8 2.4476259e+08
819.9 2.4385446e+08
820 2.4321335e+08
820.1 2.4295135e+08
820.2 2.4308783e+08
820.3 2.4356468e+08
820.4 2.4426917e+08
820.5 2.4505832e+08
820.6 2.4577996e+08
820.7 2.4628742e+08
820.8 2.464467e+08
820.9 2.4613703e+08
821 2.4524678e+08
821.1 2.4366705e+08
821.2 2.4128594e+08
821.3 2.3798573e+08
821.4 2.3364499e+08
821.5 2.2814668e+08
821.6 2.2139196e+08
821.7 2.1331844e+08
821.8 2.0392033e+08
821.9 1.9326747e+08
822 1.8152019e+08
822.1 1.68937e+08
822.2 1.5587338e+08
822.3 1.4276995e+08
822.4 1.3012819e+08
822.5 1.1847071e+08
822.6 1.0828221e+08
822.7 99931136
822.8 93586562
822.9 89166134
823 86355754
823.1 84707877
823.2 83777588
823.3 83243640
823.4 82988576
823.5 83138134
823.6 84061385
823.7 86317627
823.8 90531038
823.9 97208565
824 1.0657673e+08
824.1 1.1852132e+08
824.2 1.3263831e+08
824.3 1.4833424e+08
824.4 1.6491821e+08
824.5 1.8166736e+08
824.6 1.978722e+08
824.7 2.1287213e+08
824.8 2.2608696e+08
824.9 2.3704586e+08
825 2.454125e+08
825.1 2.5100414e+08
825.2 2.5380253e+08
825.3 2.5395483e+08
825.4 2.5176367e+08
825.5 2.476661e+08
825.6 2.4220183e+08
825.7 2.3597154e+08
825.8 2.2958699e+08
825.9 2.2361636e+08
826 2.1853039e+08
826.1 2.1465843e+08
826.2 2.1216389e+08
826.3 2.1104607e+08
826.4 2.1116764e+08
826.5 2.1229914e+08
826.6 2.1416787e+08
826.7 2.1649983e+08
826.8 2.1904895e+08
826.9 2.2161268e+08
827 2.2403666e+08
827.1 2.2621187e+08
827.2 2.2806774e+08
827.3 2.2956338e+08
827.4 2.3067875e+08
827.5 2.3140643e+08
827.6 2.3174465e+08
827.7 2.3169166e+08
827.8 2.3124171e+08
827.9 2.3038253e+08
828 2.2909458e+08
828.1 2.2735187e+08
828.2 2.251245e+08
828.3 2.2238282e+08
828.4 2.1910306e+08
828.5 2.152742e+08
828.6 2.1090587e+08
828.7 2.0603681e+08
828.8 2.0074357e+08
828.9 1.951488e+08
829 1.8942817e+08
829.1 1.8381464e+08
829.2 1.7859752e+08
829.3 1.7411326e+08
829.4 1.7072412e+08
829.5 1.6878233e+08
829.6 1.6858223e+08
829.7 1.7030988e+08
829.8 1.7400537e+08
829.9 1.7955144e+08
830 1.8669186e+08
830.1 1.950711e+08
830.2 2.0428122e+08
830.3 2.139047e+08
830.4 2.235476e+08
830.5 2.3286249e+08
830.6 2.4156283e+08
830.7 2.4943051e+08
830.8 2.5631832e+08
830.9 2.6214799e+08
831 2.6690487e+08
831.1 2.7062974e+08
831.2 2.7340857e+08
831.3 2.7536106e+08
831.4 2.7662851e+08
831.5 2.7736192e+08
831.6 2.7771091e+08
831.7 2.7781377e+08
831.8 2.777894e+08
831.9 2.7773112e+08
832 2.7770286e+08
832.1 2.7773762e+08
832.2 2.7783832e+08
832.3 2.7798074e+08
832.4 2.781185e+08
832.5 2.7818932e+08
832.6 2.7812247e+08
832.7 2.7784663e+08
832.8 2.7729756e+08
832.9 2.7642505e+08
833 2.7519841e+08
833.1 2.7361005e+08
833.2 2.7167655e+08
833.3 2.6943741e+08
833.4 2.6695138e+08
833.5 2.6429106e+08
833.6 2.6153659e+08
833.7 2.5876936e+08
833.8 2.5606649e+08
833.9 2.5349686e+08
834 2.5111879e+08
834.1 2.489792e+08
834.2 2.4711378e+08
834.3 2.4554766e+08
834.4 2.4429594e+08
834.5 2.4336391e+08
834.6 2.4274699e+08
834.7 2.4243051e+08
834.8 2.4238975e+08
834.9 2.4259057e+08
835 2.4299079e+08
835.1 2.4354234e+08
835.2 2.4419401e+08
835.3 2.4489446e+08
835.4 2.4559519e+08
835.5 2.4625315e+08
835.6 2.4683289e+08
835.7 2.4730811e+08
835.8 2.4766257e+08
835.9 2.4789068e+08
836 2.4799753e+08
836.1 2.4799868e+08
836.2 2.4791951e+08
836.3 2.4779411e+08
836.4 2.4766361e+08
836.5 2.4757381e+08
836.6 2.4757208e+08
836.7 2.4770373e+08
836.8 2.4800788e+08
836.9 2.4851363e+08
837 2.4923677e+08
837.1 2.5017764e+08
837.2 2.5132074e+08
837.3 2.5263589e+08
837.4 2.5408108e+08
837.5 2.5560644e+08
837.6 2.5715879e+08
837.7 2.5868608e+08
837.8 2.6014119e+08
837.9 2.6148475e+08
838 2.6268653e+08
838.1 2.6372565e+08
838.2 2.6458961e+08
838.3 2.6527234e+08
838.4 2.6577184e+08
838.5 2.6608765e+08
838.6 2.6621875e+08
838.7 2.6616225e+08
838.8 2.6591307e+08
838.9 2.6546503e+08
839 2.6481302e+08
839.1 2.6395616e+08
839.2 2.6290139e+08
839.3 2.6166681e+08
839.4 2.6028414e+08
839.5 2.587995e+08
839.6 2.5727209e+08
839.7 2.5577065e+08
839.8 2.5436786e+08
839.9 2.531333e+08
840 2.5212627e+08
840.1 2.5138928e+08
840.2 2.5094371e+08
840.3 2.5078809e+08
840.4 2.5089956e+08
840.5 2.5123805e+08
840.6 2.5175248e+08
840.7 2.5238816e+08
840.8 2.5309417e+08
840.9 2.5382984e+08
841 2.5456945e+08
841.1 2.5530434e+08
841.2 2.5604185e+08
841.3 2.5680032e+08
841.4 2.5760028e+08
841.5 2.5845171e+08
841.6 2.5933884e+08
841.7 2.6020446e+08
841.8 2.609368e+08
841.9 2.6136243e+08
842 2.6124839e+08
842.1 2.603152e+08
842.2 2.5826108e+08
842.3 2.5479532e+08
842.4 2.4967739e+08
842.5 2.4275746e+08
842.6 2.340136e+08
842.7 2.2358155e+08
842.8 2.117736e+08
842.9 1.9908313e+08
843 1.8617093e+08
843.1 1.7382613e+08
843.2 1.6289135e+08
843.3 1.5414267e+08
843.4 1.4813349e+08
843.5 1.4505136e+08
843.6 1.4466565e+08
843.7 1.4640928e+08
843.8 1.495509e+08
843.9 1.5336672e+08
844 1.5725117e+08
844.1 1.6076114e+08
844.2 1.6361719e+08
844.3 1.6568561e+08
844.4 1.6695599e+08
844.5 1.6752018e+08
844.6 1.6755289e+08
844.7 1.6729103e+08
844.8 1.6700856e+08
844.9 1.6698458e+08
845 1.6746575e+08
845.1 1.6862887e+08
845.2 1.7055238e+08
845.3 1.7320579e+08
845.4 1.764603e+08
845.5 1.801173e+08
845.6 1.8394557e+08
845.7 1.8771752e+08
845.8 1.9123731e+08
845.9 1.9435803e+08
846 1.9698834e+08
846.1 1.990907e+08
846.2 2.0067419e+08
846.3 2.0178442e+08
846.4 2.0249269e+08
846.5 2.0288568e+08
846.6 2.0305667e+08
846.7 2.0309845e+08
846.8 2.0309822e+08
846.9 2.0313414e+08
847 2.0327328e+08
847.1 2.0357081e+08
847.2 2.0406983e+08
847.3 2.0480173e+08
847.4 2.0578668e+08
847.5 2.0703402e+08
847.6 2.0854247e+08
847.7 2.1029998e+08
847.8 2.1228342e+08
847.9 2.1445829e+08
848 2.1677859e+08
848.1 2.1918729e+08
848.2 2.2161749e+08
848.3 2.2399449e+08
848.4 2.2623861e+08
848.5 2.2826881e+08
848.6 2.3000692e+08
848.7 2.3138231e+08
848.8 2.32337e+08
848.9 2.328309e+08
849 2.3284699e+08
849.1 2.323958e+08
849.2 2.3151837e+08
849.3 2.302867e+08
849.4 2.2880075e+08
849.5 2.2718139e+08
849.6 2.2555969e+08
849.7 2.2406359e+08
849.8 2.2280431e+08
849.9 2.2186492e+08
850 2.2129348e+08
850.1 2.2110193e+08
850.2 2.212705e+08
850.3 2.2175601e+08
850.4 2.2250187e+08
850.5 2.2344762e+08
850.6 2.2453625e+08
850.7 2.2571891e+08
850.8 2.269568e+08
850.9 2.2822098e+08
851 2.2949074e+08
851.1 2.307514e+08
851.2 2.3199209e+08
851.3 2.3320395e+08
851.4 2.3437904e+08
851.5 2.3550987e+08
851.6 2.3658962e+08
851.7 2.3761261e+08
851.8 2.385749e+08
851.9 2.3947453e+08
852 2.4031151e+08
852.1 2.4108713e+08
852.2 2.4180284e+08
852.3 2.4245887e+08
852.4 2.4305264e+08
852.5 2.435775e+08
852.6 2.4402171e+08
852.7 2.4436798e+08
852.8 2.4459357e+08
852.9 2.4467071e+08
853 2.4456734e+08
853.1 2.4424794e+08
853.2 2.4367423e+08
853.3 2.4280576e+08
853.4 2.4160015e+08
853.5 2.4001331e+08
853.6 2.3799942e+08
853.7 2.3551105e+08
853.8 2.3249947e+08
853.9 2.289153e+08
854 2.2470973e+08
854.1 2.1983642e+08
854.2 2.142543e+08
854.3 2.0793147e+08
854.4 2.0085054e+08
854.5 1.9301574e+08
854.6 1.8446271e+08
854.7 1.7527158e+08
854.8 1.6558493e+08
854.9 1.5563185e+08
855 1.4575882e+08
855.1 1.3646463e+08
855.2 1.2842693e+08
855.3 1.2248913e+08
855.4 1.1955718e+08
855.5 1.2037773e+08
855.6 1.252753e+08
855.7 1.340275e+08
855.8 1.4596982e+08
855.9 1.6021939e+08
856 1.7586057e+08
856.1 1.9203867e+08
856.2 2.0798851e+08
856.3 2.2303566e+08
856.4 2.3659239e+08
856.5 2.4815665e+08
856.6 2.5731556e+08
856.7 2.6375216e+08
856.8 2.6725377e+08
856.9 2.677198e+08
857 2.6516764e+08
857.1 2.5973504e+08
857.2 2.5167793e+08
857.3 2.4136273e+08
857.4 2.292526e+08
857.5 2.1588715e+08
857.6 2.0185543e+08
857.7 1.8776176e+08
857.8 1.7418434e+08
857.9 1.6162758e+08
858 1.5047205e+08
858.1 1.4093092e+08
858.2 1.3302674e+08
858.3 1.2660128e+08
858.4 1.2136138e+08
858.5 1.1694795e+08
858.6 1.1300656e+08
858.7 1.0924107e+08
858.8 1.0544293e+08
858.9 1.0149864e+08
859 97382486
859.1 93141659
859.2 88878935
859.3 84735941
859.4 80878501
859.5 77484430
859.6 74733440
859.7 72798302
859.8 71836262
859.9 71980099
860 73329160
860.1 75941849
860.2 79831330
860.3 84965320
860.4 91269439
860.5 98632690
860.6 1.0691379e+08
860.7 1.1594775e+08
860.8 1.2555248e+08
860.9 1.3553571e+08
861 1.4570188e+08
861.1 1.5585923e+08
861.2 1.6582629e+08
861.3 1.7543784e+08
861.4 1.8454969e+08
861.5 1.9304222e+08
861.6 2.0082245e+08
861.7 2.0782466e+08
861.8 2.1400976e+08
861.9 2.1936351e+08
862 2.2389395e+08
862.1 2.2762829e+08
862.2 2.3060955e+08
862.3 2.3289324e+08
862.4 2.3454425e+08
862.5 2.3563404e+08
862.6 2.362382e+08
862.7 2.3643433e+08
862.8 2.3630012e+08
862.9 2.3591152e+08
863 2.3534097e+08
863.1 2.3465542e+08
863.2 2.3391441e+08
863.3 2.3316813e+08
863.4 2.3245587e+08
863.5 2.318049e+08
863.6 2.3123027e+08
863.7 2.3073546e+08
863.8 2.3031403e+08
863.9 2.2995203e+08
864 2.2963086e+08
864.1 2.293301e+08
864.2 2.2903005e+08
864.3 2.2871352e+08
864.4 2.283667e+08
864.5 2.2797924e+08
864.6 2.2754347e+08
864.7 2.2705315e+08
864.8 2.2650193e+08
864.9 2.2588178e+08
865 2.2518167e+08
865.1 2.2438655e+08
865.2 2.2347694e+08
865.3 2.2242918e+08
865.4 2.2121672e+08
865.5 2.1981269e+08
865.6 2.1819403e+08
865.7 2.1634741e+08
865.8 2.1427685e+08
865.9 2.1201274e+08
866 2.0962125e+08
866.1 2.0721245e+08
866.2 2.0494508e+08
866.3 2.0302479e+08
866.4 2.01693e+08
866.5 2.0120417e+08
866.6 2.0179192e+08
866.7 2.0362848e+08
866.8 2.067859e+08
866.9 2.1120964e+08
867 2.1671205e+08
867.1 2.2298742e+08
867.2 2.2964399e+08
867.3 2.3624491e+08
867.4 2.423507e+08
867.5 2.4755844e+08
867.6 2.5153506e+08
867.7 2.5404394e+08
867.8 2.5496434e+08
867.9 2.5430291e+08
868 2.5219618e+08
868.1 2.4890247e+08
868.2 2.4478168e+08
868.3 2.40262e+08
868.4 2.3579448e+08
868.5 2.3179931e+08
868.6 2.2861213e+08
868.7 2.264414e+08
868.8 2.2534806e+08
868.9 2.2525291e+08
869 2.2596854e+08
869.1 2.2724517e+08
869.2 2.2881717e+08
869.3 2.3044038e+08
869.4 2.3191538e+08
869.5 2.3309713e+08
869.6 2.3389376e+08
869.7 2.3425833e+08
869.8 2.341771e+08
869.9 2.3365677e+08
870 2.327126e+08
870.1 2.3135861e+08
870.2 2.2960031e+08
870.3 2.2743044e+08
870.4 2.2482773e+08
870.5 2.217584e+08
870.6 2.1818037e+08
870.7 2.1404964e+08
870.8 2.0932835e+08
870.9 2.0399401e+08
871 1.9804903e+08
871.1 1.9152955e+08
871.2 1.8451267e+08
871.3 1.7712078e+08
871.4 1.6952208e+08
871.5 1.6192641e+08
871.6 1.5457589e+08
871.7 1.4773024e+08
871.8 1.4164737e+08
871.9 1.3656079e+08
872 1.3265647e+08
872.1 1.3005325e+08
872.2 1.2879088e+08
872.3 1.2882833e+08
872.4 1.300517e+08
872.5 1.3228837e+08
872.6 1.353229e+08
872.7 1.3891171e+08
872.8 1.4279602e+08
872.9 1.4671408e+08
873 1.5041404e+08
873.1 1.5366799e+08
873.2 1.562865e+08
873.3 1.5813213e+08
873.4 1.5913019e+08
873.5 1.5927531e+08
873.6 1.586334e+08
873.7 1.5733956e+08
873.8 1.5559326e+08
873.9 1.5365218e+08
874 1.5182565e+08
874.1 1.5046666e+08
874.2 1.4995966e+08
874.3 1.5069954e+08
874.4 1.530582e+08
874.5 1.5733953e+08
874.6 1.6373063e+08
874.7 1.7226242e+08
874.8 1.8279006e+08
874.9 1.9499565e+08
875 2.0840707e+08
875.1 2.2242456e+08
875.2 2.3634933e+08
875.3 2.4941247e+08
875.4 2.6080532e+08
875.5 2.697128e+08
875.6 2.7535075e+08
875.7 2.7700706e+08
875.8 2.7408476e+08
875.9 2.6614427e+08
876 2.52941e+08
876.1 2.344538e+08
876.2 2.1090056e+08
876.3 1.8273749e+08
876.4 1.5064084e+08
876.5 1.154716e+08
876.6 78226153
876.7 39979591
876.8 2170854.5
876.9 35321498
877 70360621
877.1 1.0260695e+08
877.2 1.3146359e+08
877.3 1.565352e+08
877.4 1.7762544e+08
877.5 1.9472504e+08
877.6 2.0799004e+08
877.7 2.1771277e+08
877.8 2.2428873e+08
877.9 2.2818207e+08
878 2.298925e+08
878.1 2.299255e+08
878.2 2.2876742e+08
878.3 2.2686634e+08
878.4 2.2461899e+08
878.5 2.2236337e+08
878.6 2.2037632e+08
878.7 2.1887488e+08
878.8 2.1801997e+08
878.9 2.1792108e+08
879 2.1864096e+08
879.1 2.2019968e+08
879.2 2.2257826e+08
879.3 2.2572208e+08
879.4 2.2954479e+08
879.5 2.3393308e+08
879.6 2.3875248e+08
879.7 2.4385397e+08
879.8 2.4908087e+08
879.9 2.5427556e+08
880 2.5928566e+08
880.1 2.6396929e+08
880.2 2.6819952e+08
880.3 2.7186815e+08
880.4 2.7488901e+08
880.5 2.7720102e+08
880.6 2.7877101e+08
880.7 2.7959627e+08
880.8 2.797063e+08
880.9 2.7916319e+08
881 2.7805991e+08
881.1 2.7651583e+08
881.2 2.7466918e+08
881.3 2.7266682e+08
881.4 2.7065227e+08
881.5 2.6875367e+08
881.6 2.6707365e+08
881.7 2.6568262e+08
881.8 2.6461661e+08
881.9 2.6387933e+08
882 2.6344755e+08
882.1 2.6327814e+08
882.2 2.6331516e+08
882.3 2.6349595e+08
882.4 2.6375554e+08
882.5 2.6402965e+08
882.6 2.6425678e+08
882.7 2.6438009e+08
882.8 2.6434969e+08
882.9 2.6412581e+08
883 2.6368264e+08
883.1 2.6301264e+08
883.2 2.6213063e+08
883.3 2.6107682e+08
883.4 2.5991817e+08
883.5 2.5874742e+08
883.6 2.5767918e+08
883.7 2.5684306e+08
883.8 2.5637338e+08
883.9 2.5639597e+08
884 2.5701231e+08
884.1 2.5828258e+08
884.2 2.6020926e+08
884.3 2.6272382e+08
884.4 2.6567896e+08
884.5 2.6884834e+08
884.6 2.7193472e+08
884.7 2.7458649e+08
884.8 2.7642148e+08
884.9 2.7705647e+08
885 2.7614057e+08
885.1 2.7339015e+08
885.2 2.6862324e+08
885.3 2.6179055e+08
885.4 2.5300027e+08
885.5 2.4253327e+08
885.6 2.3084513e+08
885.7 2.1855047e+08
885.8 2.063841e+08
885.9 1.9513293e+08
886 1.8553581e+08
886.1 1.7816062e+08
886.2 1.7328956e+08
886.3 1.7086061e+08
886.4 1.7049904e+08
886.5 1.7162721e+08
886.6 1.7360016e+08
886.7 1.7581447e+08
886.8 1.7776792e+08
886.9 1.7907533e+08
887 1.79457e+08
887.1 1.7871548e+08
887.2 1.7671083e+08
887.3 1.7334014e+08
887.4 1.685242e+08
887.5 1.6220241e+08
887.6 1.5433654e+08
887.7 1.4492398e+08
887.8 1.3402166e+08
887.9 1.2178376e+08
888 1.085208e+08
888.1 94796492
888.2 81590143
888.3 70528723
888.4 63956842
888.5 64049245
888.6 70964995
888.7 82717254
888.8 96964734
888.9 1.120093e+08
889 1.2679357e+08
889.1 1.4069332e+08
889.2 1.533649e+08
889.3 1.6465128e+08
889.4 1.7452056e+08
889.5 1.830212e+08
889.6 1.9024786e+08
889.7 1.9631547e+08
889.8 2.0134089e+08
889.9 2.0543164e+08
890 2.0868077e+08
890.1 2.1116674e+08
890.2 2.1295708e+08
890.3 2.1411443e+08
890.4 2.1470377e+08
890.5 2.1479983e+08
890.6 2.1449355e+08
890.7 2.1389655e+08
890.8 2.1314272e+08
890.9 2.1238602e+08
891 2.1179381e+08
891.1 2.1153584e+08
891.2 2.1176989e+08
891.3 2.1262582e+08
891.4 2.1419119e+08
891.5 2.1650111e+08
891.6 2.1953482e+08
891.7 2.2321945e+08
891.8 2.2743992e+08
891.9 2.3205264e+08
892 2.3690021e+08
892.1 2.4182495e+08
892.2 2.4667971e+08
892.3 2.5133561e+08
892.4 2.5568661e+08
892.5 2.5965148e+08
892.6 2.6317374e+08
892.7 2.6621994e+08
892.8 2.6877679e+08
892.9 2.7084751e+08
893 2.7244765e+08
893.1 2.7360069e+08
893.2 2.7433362e+08
893.3 2.7467282e+08
893.4 2.7464034e+08
893.5 2.7425073e+08
893.6 2.7350843e+08
893.7 2.7240565e+08
893.8 2.7092084e+08
893.9 2.6901757e+08
894 2.6664384e+08
894.1 2.6373201e+08
894.2 2.6019949e+08
894.3 2.5595053e+08
894.4 2.5087941e+08
894.5 2.4487567e+08
894.6 2.3783167e+08
894.7 2.2965328e+08
894.8 2.2027436e+08
894.9 2.096762e+08
895 1.9791362e+08
895.1 1.8515056e+08
895.2 1.7170891e+08
895.3 1.5813437e+08
895.4 1.4527637e+08
895.5 1.3435246e+08
895.6 1.2690181e+08
895.7 1.2446394e+08
895.8 1.2795625e+08
895.9 1.3717438e+08
896 1.5092222e+08
896.1 1.6758312e+08
896.2 1.8558997e+08
896.3 2.0361674e+08
896.4 2.2060514e+08
896.5 2.3574206e+08
896.6 2.4843587e+08
896.7 2.5830103e+08
896.8 2.6514809e+08
896.9 2.6897382e+08
897 2.6994728e+08
897.1 2.6838944e+08
897.2 2.6474496e+08
897.3 2.5954635e+08
897.4 2.5337168e+08
897.5 2.4679821e+08
897.6 2.4035589e+08
897.7 2.3448572e+08
897.8 2.295091e+08
897.9 2.2561361e+08
898 2.2285777e+08
898.1 2.2119297e+08
898.2 2.2049659e+08
898.3 2.2060782e+08
898.4 2.2135885e+08
898.5 2.2259671e+08
898.6 2.2419442e+08
898.7 2.2605288e+08
898.8 2.2809611e+08
898.9 2.3026321e+08
899 2.3249993e+08
899.1 2.3475237e+08
899.2 2.3696371e+08
899.3 2.3907429e+08
899.4 2.410242e+08
899.5 2.4275704e+08
899.6 2.4422356e+08
899.7 2.4538429e+08
899.8 2.4621045e+08
899.9 2.4668335e+08
900 2.4679242e+08
900.1 2.4653241e+08
900.2 2.4590035e+08
900.3 2.4489264e+08
900.4 2.4350256e+08
900.5 2.4171866e+08
900.6 2.3952386e+08
900.7 2.3689544e+08
900.8 2.3380604e+08
900.9 2.3022537e+08
901 2.261228e+08
901.1 2.2147077e+08
901.2 2.1624881e+08
901.3 2.1044822e+08
901.4 2.0407731e+08
901.5 1.9716685e+08
901.6 1.8977585e+08
901.7 1.8199694e+08
901.8 1.7396127e+08
901.9 1.6584179e+08
902 1.5785394e+08
902.1 1.5025155e+08
902.2 1.4331564e+08
902.3 1.3733323e+08
902.4 1.3256514e+08
902.5 1.29206e+08
902.6 1.2734595e+08
902.7 1.2694787e+08
902.8 1.2785089e+08
902.9 1.2980043e+08
903 1.3249348e+08
903.1 1.3562424e+08
903.2 1.3891922e+08
903.3 1.4215824e+08
903.4 1.4518248e+08
903.5 1.478929e+08
903.6 1.5024236e+08
903.7 1.5222409e+08
903.8 1.5385875e+08
903.9 1.5518163e+08
904 1.5623156e+08
904.1 1.5704238e+08
904.2 1.5763772e+08
904.3 1.5802928e+08
904.4 1.5821812e+08
904.5 1.581986e+08
904.6 1.5796378e+08
904.7 1.5751152e+08
904.8 1.568504e+08
904.9 1.5600479e+08
905 1.5501863e+08
905.1 1.5395751e+08
905.2 1.529089e+08
905.3 1.5198019e+08
905.4 1.5129442e+08
905.5 1.5098337e+08
905.6 1.5117815e+08
905.7 1.5199776e+08
905.8 1.5353683e+08
905.9 1.5585417e+08
906 1.5896439e+08
906.1 1.6283415e+08
906.2 1.6738392e+08
906.3 1.7249482e+08
906.4 1.7801915e+08
906.5 1.837926e+08
906.6 1.8964646e+08
906.7 1.9541842e+08
906.8 2.0096103e+08
906.9 2.0614762e+08
907 2.1087573e+08
907.1 2.1506831e+08
907.2 2.1867323e+08
907.3 2.216615e+08
907.4 2.240247e+08
907.5 2.2577189e+08
907.6 2.2692636e+08
907.7 2.275222e+08
907.8 2.27601e+08
907.9 2.2720848e+08
908 2.2639121e+08
908.1 2.2519344e+08
908.2 2.2365399e+08
908.3 2.2180345e+08
908.4 2.1966182e+08
908.5 2.1723678e+08
908.6 2.145229e+08
908.7 2.1150204e+08
908.8 2.0814524e+08
908.9 2.0441612e+08
909 2.0027601e+08
909.1 1.9569054e+08
909.2 1.9063753e+08
909.3 1.8511593e+08
909.4 1.7915515e+08
909.5 1.7282457e+08
909.6 1.6624238e+08
909.7 1.5958302e+08
909.8 1.5308171e+08
909.9 1.4703358e+08
910 1.4178365e+08
910.1 1.3770294e+08
910.2 1.3514777e+08
910.3 1.3440572e+08
910.4 1.3564153e+08
910.5 1.3886343e+08
910.6 1.4392462e+08
910.7 1.5055782e+08
910.8 1.5842603e+08
910.9 1.671708e+08
911 1.764473e+08
911.1 1.8594508e+08
911.2 1.9539764e+08
911.3 2.0458527e+08
911.4 2.1333426e+08
911.5 2.2151428e+08
911.6 2.2903496e+08
911.7 2.3584192e+08
911.8 2.4191244e+08
911.9 2.4725078e+08
912 2.5188323e+08
912.1 2.5585298e+08
912.2 2.5921506e+08
912.3 2.6203155e+08
912.4 2.6436727e+08
912.5 2.6628621e+08
912.6 2.6784882e+08
912.7 2.6911037e+08
912.8 2.7012022e+08
912.9 2.7092201e+08
913 2.7155443e+08
913.1 2.7205238e+08
913.2 2.7244804e+08
913.3 2.727716e+08
913.4 2.7305133e+08
913.5 2.7331294e+08
913.6 2.7357838e+08
913.7 2.7386421e+08
913.8 2.7418007e+08
913.9 2.7452751e+08
914 2.7489951e+08
914.1 2.7528058e+08
914.2 2.7564758e+08
914.3 2.7597094e+08
914.4 2.7621626e+08
914.5 2.7634654e+08
914.6 2.7632508e+08
914.7 2.7611933e+08
914.8 2.7570576e+08
914.9 2.750752e+08
915 2.7423799e+08
915.1 2.7322772e+08
915.2 2.721027e+08
915.3 2.7094426e+08
915.4 2.6985153e+08
915.5 2.6893309e+08
915.6 2.6829583e+08
915.7 2.680322e+08
915.8 2.6820721e+08
915.9 2.6884662e+08
916 2.6992808e+08
916.1 2.713767e+08
916.2 2.7306584e+08
916.3 2.7482333e+08
916.4 2.7644227e+08
916.5 2.776951e+08
916.6 2.783492e+08
916.7 2.7818246e+08
916.8 2.7699757e+08
916.9 2.7463407e+08
917 2.7097793e+08
917.1 2.6596825e+08
917.2 2.5960141e+08
917.3 2.5193266e+08
917.4 2.4307542e+08
917.5 2.3319833e+08
917.6 2.2252023e+08
917.7 2.1130302e+08
917.8 1.9984224e+08
917.9 1.8845532e+08
918 1.7746713e+08
918.1 1.6719272e+08
918.2 1.5791745e+08
918.3 1.498756e+08
918.4 1.4323013e+08
918.5 1.3805766e+08
918.6 1.3434357e+08
918.7 1.3199e+08
918.8 1.3083577e+08
918.9 1.3068344e+08
919 1.3132667e+08
919.1 1.3257303e+08
919.2 1.3425978e+08
919.3 1.3626308e+08
919.4 1.3850208e+08
919.5 1.4093919e+08
919.6 1.435774e+08
919.7 1.4645478e+08
919.8 1.4963608e+08
919.9 1.5320155e+08
920 1.572336e+08
920.1 1.6180274e+08
920.2 1.6695461e+08
920.3 1.7270026e+08
920.4 1.7901107e+08
920.5 1.8581889e+08
920.6 1.9302083e+08
920.7 2.0048723e+08
920.8 2.0807104e+08
920.9 2.1561705e+08
921 2.2296972e+08
921.1 2.2997896e+08
921.2 2.3650359e+08
921.3 2.4241286e+08
921.4 2.475863e+08
921.5 2.519126e+08
921.6 2.5528813e+08
921.7 2.5761557e+08
921.8 2.5880318e+08
921.9 2.5876495e+08
922 2.5742192e+08
922.1 2.5470463e+08
922.2 2.5055691e+08
922.3 2.4494092e+08
922.4 2.378437e+08
922.5 2.2928507e+08
922.6 2.1932738e+08
922.7 2.0808687e+08
922.8 1.9574714e+08
922.9 1.8257454e+08
923 1.6893493e+08
923.1 1.5530979e+08
923.2 1.4230527e+08
923.3 1.3063913e+08
923.4 1.2107785e+08
923.5 1.1429291e+08
923.6 1.1064548e+08
923.7 1.1000141e+08
923.8 1.1172212e+08
923.9 1.1485517e+08
924 1.1838827e+08
924.1 1.2143119e+08
924.2 1.2329579e+08
924.3 1.2350886e+08
924.4 1.2179491e+08
924.5 1.1804939e+08
924.6 1.1231027e+08
924.7 1.0473048e+08
924.8 95552031
924.9 85082432
925 73675090
925.1 61716230
925.2 49624793
925.3 37883305
925.4 27160466
925.5 18727297
925.6 15174904
925.7 17768538
925.8 23184864
925.9 28719661
926 33342714
926.1 36644958
926.2 38433922
926.3 38612295
926.4 37136870
926.5 34003265
926.6 29241600
926.7 22922252
926.8 15196648
926.9 6723849.6
927 6854918.3
927.1 17737815
927.2 30335340
927.3 43862199
927.4 58039071
927.5 72634890
927.6 87427549
927.7 1.0219985e+08
927.8 1.1674167e+08
927.9 1.3085312e+08
928 1.4434745e+08
928.1 1.570528e+08
928.2 1.6881299e+08
928.3 1.79487e+08
928.4 1.889477e+08
928.5 1.9708002e+08
928.6 2.0377914e+08
928.7 2.0894923e+08
928.8 2.1250326e+08
928.9 2.1436445e+08
929 2.1446937e+08
929.1 2.12773e+08
929.2 2.0925523e+08
929.3 2.0392855e+08
929.4 1.9684599e+08
929.5 1.881089e+08
929.6 1.7787387e+08
929.7 1.6635907e+08
929.8 1.5385055e+08
929.9 1.4071031e+08
930 1.2738832e+08
930.1 1.1444045e+08
930.2 1.0254907e+08
930.3 92527687
930.4 85258375
930.5 81492261
930.6 81538013
930.7 85077534
930.8 91324612
930.9 99373271
931 1.0844707e+08
931.1 1.1797551e+08
931.2 1.2757382e+08
931.3 1.3699661e+08
931.4 1.4609484e+08
931.5 1.54783e+08
931.6 1.630155e+08
931.7 1.7077017e+08
931.8 1.7803699e+08
931.9 1.8481077e+08
932 1.9108693e+08
932.1 1.9685958e+08
932.2 2.0212149e+08
932.3 2.0686533e+08
932.4 2.1108567e+08
932.5 2.1478133e+08
932.6 2.179575e+08
932.7 2.2062744e+08
932.8 2.228134e+08
932.9 2.2454668e+08
933 2.2586687e+08
933.1 2.2682051e+08
933.2 2.2745909e+08
933.3 2.2783696e+08
933.4 2.2800908e+08
933.5 2.2802892e+08
933.6 2.2794655e+08
933.7 2.2780694e+08
933.8 2.2764851e+08
933.9 2.2750199e+08
934 2.2738947e+08
934.1 2.2732381e+08
934.2 2.2730839e+08
934.3 2.273373e+08
934.4 2.2739597e+08
934.5 2.2746235e+08
934.6 2.2750845e+08
934.7 2.2750237e+08
934.8 2.2741051e+08
934.9 2.2720007e+08
935 2.2684145e+08
935.1 2.2631063e+08
935.2 2.2559129e+08
935.3 2.2467656e+08
935.4 2.2357035e+08
935.5 2.2228801e+08
935.6 2.2085653e+08
935.7 2.1931392e+08
935.8 2.17708e+08
935.9 2.1609455e+08
936 2.145349e+08
936.1 2.1309315e+08
936.2 2.1183313e+08
936.3 2.1081537e+08
936.4 2.1009428e+08
936.5 2.0971562e+08
936.6 2.0971461e+08
936.7 2.1011452e+08
936.8 2.1092591e+08
936.9 2.1214637e+08
937 2.1376054e+08
937.1 2.1574047e+08
937.2 2.1804605e+08
937.3 2.2062541e+08
937.4 2.2341549e+08
937.5 2.2634266e+08
937.6 2.293238e+08
937.7 2.3226791e+08
937.8 2.3507859e+08
937.9 2.3765749e+08
938 2.3990895e+08
938.1 2.4174552e+08
938.2 2.4309409e+08
938.3 2.4390215e+08
938.4 2.441434e+08
938.5 2.438221e+08
938.6 2.4297542e+08
938.7 2.4167358e+08
938.8 2.400175e+08
938.9 2.3813421e+08
939 2.3617037e+08
939.1 2.3428438e+08
939.2 2.3263757e+08
939.3 2.3138491e+08
939.4 2.3066573e+08
939.5 2.305948e+08
939.6 2.3125438e+08
939.7 2.3268804e+08
939.8 2.3489666e+08
939.9 2.3783742e+08
940 2.4142583e+08
940.1 2.4554061e+08
940.2 2.5003085e+08
940.3 2.5472466e+08
940.4 2.5943837e+08
940.5 2.6398569e+08
940.6 2.6818614e+08
940.7 2.7187266e+08
940.8 2.7489818e+08
940.9 2.7714117e+08
941 2.7851033e+08
941.1 2.789486e+08
941.2 2.7843638e+08
941.3 2.7699418e+08
941.4 2.7468461e+08
941.5 2.7161346e+08
941.6 2.6792973e+08
941.7 2.6382396e+08
941.8 2.5952417e+08
941.9 2.5528858e+08
942 2.513938e+08
942.1 2.4811791e+08
942.2 2.4571811e+08
942.3 2.4440443e+08
942.4 2.4431272e+08
942.5 2.4548158e+08
942.6 2.4783825e+08
942.7 2.5119698e+08
942.8 2.5527027e+08
942.9 2.5969066e+08
943 2.6403916e+08
943.1 2.6787635e+08
943.2 2.7077303e+08
943.3 2.723387e+08
943.4 2.7224633e+08
943.5 2.7025274e+08
943.6 2.6621342e+08
943.7 2.6009083e+08
943.8 2.5195574e+08
943.9 2.4198123e+08
944 2.3043012e+08
944.1 2.1763711e+08
944.2 2.0398761e+08
944.3 1.8989539e+08
944.4 1.7578131e+08
944.5 1.620547e+08
944.6 1.4909824e+08
944.7 1.3725642e+08
944.8 1.2682654e+08
944.9 1.1805067e+08
945 1.1110756e+08
945.1 1.0610466e+08
945.2 1.03073e+08
945.3 1.0196899e+08
945.4 1.0268526e+08
945.5 1.0506854e+08
945.6 1.089384e+08
945.7 1.1410142e+08
945.8 1.2035849e+08
945.9 1.2750664e+08
946 1.3533872e+08
946.1 1.4364351e+08
946.2 1.5220794e+08
946.3 1.6082182e+08
946.4 1.6928443e+08
946.5 1.7741225e+08
946.6 1.8504664e+08
946.7 1.9206033e+08
946.8 1.9836209e+08
946.9 2.0389868e+08
947 2.086542e+08
947.1 2.1264667e+08
947.2 2.1592251e+08
947.3 2.185495e+08
947.4 2.2060917e+08
947.5 2.2218936e+08
947.6 2.2337768e+08
947.7 2.2425654e+08
947.8 2.2489978e+08
947.9 2.2537116e+08
948 2.2572441e+08
948.1 2.2600471e+08
948.2 2.2625107e+08
948.3 2.2649933e+08
948.4 2.2678516e+08
948.5 2.2714669e+08
948.6 2.2762625e+08
948.7 2.2827069e+08
948.8 2.2913004e+08
948.9 2.3025429e+08
949 2.3168831e+08
949.1 2.334653e+08
949.2 2.3559955e+08
949.3 2.3807941e+08
949.4 2.4086168e+08
949.5 2.4386865e+08
949.6 2.469884e+08
949.7 2.5007892e+08
949.8 2.5297564e+08
949.9 2.5550166e+08
950 2.5747953e+08
950.1 2.5874337e+08
950.2 2.5915026e+08
950.3 2.5858976e+08
950.4 2.5699118e+08
950.5 2.5432799e+08
950.6 2.5061956e+08
950.7 2.4593013e+08
950.8 2.4036534e+08
950.9 2.3406685e+08
951 2.2720522e+08
951.1 2.1997177e+08
951.2 2.1256967e+08
951.3 2.0520486e+08
951.4 1.9807715e+08
951.5 1.9137187e+08
951.6 1.8525251e+08
951.7 1.7985485e+08
951.8 1.752828e+08
951.9 1.7160663e+08
952 1.6886357e+08
952.1 1.6706091e+08
952.2 1.6618111e+08
952.3 1.6618835e+08
952.4 1.670353e+08
952.5 1.686695e+08
952.6 1.7103835e+08
952.7 1.7409247e+08
952.8 1.7778712e+08
952.9 1.8208192e+08
953 1.8693905e+08
953.1 1.9232052e+08
953.2 1.9818462e+08
953.3 2.044823e+08
953.4 2.1115369e+08
953.5 2.1812519e+08
953.6 2.2530738e+08
953.7 2.3259401e+08
953.8 2.3986215e+08
953.9 2.4697359e+08
954 2.5377742e+08
954.1 2.601138e+08
954.2 2.6581868e+08
954.3 2.7072942e+08
954.4 2.7469106e+08
954.5 2.7756325e+08
954.6 2.7922736e+08
954.7 2.7959395e+08
954.8 2.7861006e+08
954.9 2.7626624e+08
955 2.7260271e+08
955.1 2.6771426e+08
955.2 2.6175308e+08
955.3 2.549285e+08
955.4 2.4750279e+08
955.5 2.3978169e+08
955.6 2.3209906e+08
955.7 2.247953e+08
955.8 2.1819077e+08
955.9 2.125571e+08
956 2.0809136e+08
956.1 2.0489878e+08
956.2 2.0298894e+08
956.3 2.0228647e+08
956.4 2.026532e+08
956.5 2.0391524e+08
956.6 2.0588805e+08
956.7 2.0839439e+08
956.8 2.1127319e+08
956.9 2.143799e+08
957 2.1758038e+08
957.1 2.207411e+08
957.2 2.2371839e+08
957.3 2.2634906e+08
957.4 2.2844431e+08
957.5 2.2978834e+08
957.6 2.3014221e+08
957.7 2.2925335e+08
957.8 2.2686996e+08
957.9 2.2275949e+08
958 2.1673003e+08
958.1 2.0865337e+08
958.2 1.9848913e+08
958.3 1.8631015e+08
958.4 1.7233151e+08
958.5 1.5694825e+08
958.6 1.4079188e+08
958.7 1.2481864e+08
958.8 1.1042933e+08
958.9 99536636
959 94275843
959.1 96026284
959.2 1.0441935e+08
959.3 1.1767446e+08
959.4 1.3376384e+08
959.5 1.510803e+08
959.6 1.6851106e+08
959.7 1.8531884e+08
959.8 2.0102541e+08
959.9 2.1533258e+08
960 2.2807228e+08
960.1 2.3917416e+08
960.2 2.4864291e+08
960.3 2.565409e+08
960.4 2.6297376e+08
960.5 2.6807761e+08
960.6 2.7200765e+08
960.7 2.7492783e+08
960.8 2.7700179e+08
960.9 2.7838534e+08
961 2.7922069e+08
961.1 2.7963248e+08
961.2 2.7972565e+08
961.3 2.7958502e+08
961.4 2.7927624e+08
961.5 2.7884771e+08
961.6 2.7833303e+08
961.7 2.7775367e+08
961.8 2.7712128e+08
961.9 2.7643957e+08
962 2.757054e+08
962.1 2.7490899e+08
962.2 2.7403318e+08
962.3 2.7305186e+08
962.4 2.719276e+08
962.5 2.7060894e+08
962.6 2.6902763e+08
962.7 2.6709662e+08
962.8 2.6470911e+08
962.9 2.6173952e+08
963 2.5804665e+08
963.1 2.5347919e+08
963.2 2.4788364e+08
963.3 2.4111393e+08
963.4 2.3304217e+08
963.5 2.2356951e+08
963.6 2.1263595e+08
963.7 2.0022827e+08
963.8 1.8638503e+08
963.9 1.7119823e+08
964 1.5481131e+08
964.1 1.3741385e+08
964.2 1.192334e+08
964.3 1.0052548e+08
964.4 81563068
964.5 62628035
964.6 44011258
964.7 26058850
964.8 9794822
964.9 10376235
965 24813374
965.1 38883440
965.2 51835528
965.3 63537425
965.4 73955550
965.5 83101118
965.6 91015083
965.7 97759939
965.8 1.0341328e+08
965.9 1.08062e+08
966 1.1179706e+08
966.1 1.1470876e+08
966.2 1.1688292e+08
966.3 1.1839797e+08
966.4 1.1932322e+08
966.5 1.1971838e+08
966.6 1.1963432e+08
966.7 1.1911501e+08
966.8 1.1820033e+08
966.9 1.1692954e+08
967 1.1534495e+08
967.1 1.1349533e+08
967.2 1.1143844e+08
967.3 1.092424e+08
967.4 1.0698508e+08
967.5 1.0475147e+08
967.6 1.026287e+08
967.7 1.0069918e+08
967.8 99032472
967.9 97677424
968 96655986
968.1 95960234
968.2 95553373
968.3 95374541
968.4 95346339
968.5 95383514
968.6 95401290
968.7 95322255
968.8 95081311
968.9 94628636
969 93930918
969.1 92971254
969.2 91748107
969.3 90273645
969.4 88571758
969.5 86675919
969.6 84627054
969.7 82471481
969.8 80258991
969.9 78041046
970 75869070
970.1 73792745
970.2 71858220
970.3 70106125
970.4 68569371
970.5 67270780
970.6 66220769
970.7 65415438
970.8 64835460
970.9 64446132
971 64198754
971.1 64033223
971.2 63881552
971.3 63671854
971.4 63332436
971.5 62795757
971.6 62002310
971.7 60904761
971.8 59473068
971.9 57701764
972 55621154
972.1 53314870
972.2 50946445
972.3 48795307
972.4 47292748
972.5 47024708
972.6 48644954
972.7 52685350
972.8 59383046
972.9 68672406
973 80308788
973.1 93985866
973.2 1.0938653e+08
973.3 1.26186e+08
973.4 1.4403661e+08
973.5 1.6255077e+08
973.6 1.8128828e+08
973.7 1.9975058e+08
973.8 2.1738277e+08
973.9 2.3358446e+08
974 2.4773017e+08
974.1 2.5920003e+08
974.2 2.6742081e+08
974.3 2.7191727e+08
974.4 2.7237247e+08
974.5 2.6869557e+08
974.6 2.6109423e+08
974.7 2.5014734e+08
974.8 2.368685e+08
974.9 2.2273698e+08
975 2.0964232e+08
975.1 1.9964655e+08
975.2 1.9448397e+08
975.3 1.9491932e+08
975.4 2.0038691e+08
975.5 2.0924256e+08
975.6 2.194128e+08
975.7 2.2897125e+08
975.8 2.3643287e+08
975.9 2.4082408e+08
976 2.4164112e+08
976.1 2.3876773e+08
976.2 2.3238399e+08
976.3 2.2287952e+08
976.4 2.1077663e+08
976.5 1.9666588e+08
976.6 1.8115544e+08
976.7 1.6483376e+08
976.8 1.4824459e+08
976.9 1.3187241e+08
977 1.161359e+08
977.1 1.0138731e+08
977.2 87915118
977.3 75947558
977.4 65654623
977.5 57145936
977.6 50463581
977.7 45573274
977.8 42363912
977.9 40666528
978 40290646
978.1 41058035
978.2 42813637
978.3 45412882
978.4 48701154
978.5 52501095
978.6 56613282
978.7 60827289
978.8 64937413
978.9 68758371
979 72138148
979.1 74966707
979.2 77180295
979.3 78761858
979.4 79738636
979.5 80178253
979.6 80184426
979.7 79892786
979.8 79466280
979.9 79088652
980 78953942
980.1 79250560
980.2 80140641
980.3 81738526
980.4 84094608
980.5 87190057
980.6 90943946
980.7 95229462
980.8 99893431
980.9 1.0477406e+08
981 1.0971419e+08
981.1 1.1456963e+08
981.2 1.1921338e+08
981.3 1.2353692e+08
981.4 1.2744976e+08
981.5 1.3087811e+08
981.6 1.3376318e+08
981.7 1.3605967e+08
981.8 1.3773453e+08
981.9 1.3876634e+08
982 1.3914532e+08
982.1 1.3887411e+08
982.2 1.3796945e+08
982.3 1.3646468e+08
982.4 1.3441335e+08
982.5 1.318937e+08
982.6 1.29014e+08
982.7 1.2591824e+08
982.8 1.227913e+08
982.9 1.1986175e+08
983 1.1739939e+08
983.1 1.157039e+08
983.2 1.15081e+08
983.3 1.1580647e+08
983.4 1.180844e+08
983.5 1.2201256e+08
983.6 1.2756785e+08
983.7 1.3461635e+08
983.8 1.4294112e+08
983.9 1.5227587e+08
984 1.6233468e+08
984.1 1.7283361e+08
984.2 1.8350451e+08
984.3 1.9410321e+08
984.4 2.0441415e+08
984.5 2.1425313e+08
984.6 2.2346889e+08
984.7 2.3194386e+08
984.8 2.395942e+08
984.9 2.4636903e+08
985 2.5224864e+08
985.1 2.5724174e+08
985.2 2.6138167e+08
985.3 2.6472159e+08
985.4 2.6732879e+08
985.5 2.6927822e+08
985.6 2.7064537e+08
985.7 2.7149868e+08
985.8 2.7189159e+08
985.9 2.7185447e+08
986 2.7138674e+08
986.1 2.7044952e+08
986.2 2.6895945e+08
986.3 2.6678439e+08
986.4 2.637422e+08
986.5 2.596038e+08
986.6 2.5410241e+08
986.7 2.46951e+08
986.8 2.378708e+08
986.9 2.2663457e+08
987 2.1312955e+08
987.1 1.974484e+08
987.2 1.8002077e+08
987.3 1.6180349e+08
987.4 1.445319e+08
987.5 1.3091544e+08
987.6 1.2428328e+08
987.7 1.2698114e+08
987.8 1.3846957e+08
987.9 1.5564768e+08
988 1.7480039e+08
988.1 1.9280208e+08
988.2 2.0734606e+08
988.3 2.1685747e+08
988.4 2.2039017e+08
988.5 2.175505e+08
988.6 2.0843194e+08
988.7 1.9354784e+08
988.8 1.7376175e+08
988.9 1.5022889e+08
989 1.2438209e+08
989.1 98047597
989.2 73923058
989.3 56805310
989.4 53473339
989.5 64288593
989.6 81836601
989.7 1.0073096e+08
989.8 1.1864674e+08
989.9 1.3462745e+08
990 1.4829057e+08
990.1 1.5952617e+08
990.2 1.6836862e+08
990.3 1.749326e+08
990.4 1.7937726e+08
990.5 1.818851e+08
990.6 1.826505e+08
990.7 1.8187523e+08
990.8 1.7976904e+08
990.9 1.7655375e+08
991 1.7246866e+08
991.1 1.677746e+08
991.2 1.6275388e+08
991.3 1.5770313e+08
991.4 1.5291755e+08
991.5 1.4866668e+08
991.6 1.4516554e+08
991.7 1.4254785e+08
991.8 1.4084996e+08
991.9 1.400113e+08
992 1.3989212e+08
992.1 1.4030237e+08
992.2 1.4103333e+08
992.3 1.4188411e+08
992.4 1.4267948e+08
992.5 1.4327853e+08
992.6 1.4357635e+08
992.7 1.4350107e+08
992.8 1.4300857e+08
992.9 1.4207642e+08
993 1.4069798e+08
993.1 1.3887723e+08
993.2 1.3662464e+08
993.3 1.3395397e+08
993.4 1.3088028e+08
993.5 1.2741891e+08
993.6 1.2358547e+08
993.7 1.1939678e+08
993.8 1.1487266e+08
993.9 1.100386e+08
994 1.049293e+08
994.1 99593154
994.2 94097793
994.3 88536842
994.4 83037805
994.5 77770456
994.6 72953635
994.7 68855457
994.8 65778260
994.9 64018711
995 63803412
995.1 65223210
995.2 68204809
995.3 72538440
995.4 77940136
995.5 84111709
995.6 90778493
995.7 97705595
995.8 1.0470127e+08
995.9 1.1161485e+08
996 1.1833303e+08
996.1 1.2477619e+08
996.2 1.3089444e+08
996.3 1.366634e+08
996.4 1.42079e+08
996.5 1.4715119e+08
996.6 1.5189684e+08
996.7 1.5633221e+08
996.8 1.6046604e+08
996.9 1.6429403e+08
997 1.6779552e+08
997.1 1.7093263e+08
997.2 1.7365174e+08
997.3 1.758865e+08
997.4 1.7756127e+08
997.5 1.7859415e+08
997.6 1.7889851e+08
997.7 1.7838264e+08
997.8 1.7694761e+08
997.9 1.7448397e+08
998 1.7086814e+08
998.1 1.6595993e+08
998.2 1.596025e+08
998.3 1.5162605e+08
998.4 1.4185623e+08
998.5 1.3012825e+08
998.6 1.1630799e+08
998.7 1.0032353e+08
998.8 82220304
998.9 62295659
999 41619171
999.1 25187669
999.2 29799654
999.3 52279964
999.4 79420057
999.5 1.0774267e+08
999.6 1.358949e+08
999.7 1.6291619e+08
999.8 1.8795714e+08
999.9 2.1023201e+08
1000 2.2902387e+08

