0.1 1.0136931
0.2 1.0304309
0.3 1.0500722
0.4 1.0726869
0.5 1.09854
0.6 1.1280596
0.7 1.16179
0.8 1.20033
0.9 1.2442587
1 1.294055
1.1 1.3506085
1.2 1.4135009
1.3 1.4824719
1.4 1.5569336
1.5 1.6359882
1.6 1.7184816
1.7 1.803087
1.8 1.8884092
1.9 1.9730958
2 2.0559429
2.1 2.1359803
2.2 2.2125267
2.3 2.2852101
2.4 2.3539541
2.5 2.4189381
2.6 2.4805387
2.7 2.5392658
2.8 2.595698
2.9 2.650424
3 2.7039875
3.1 2.7568358
3.2 2.8092729
3.3 2.8614159
3.4 2.9131614
3.5 2.9641642
3.6 3.013837
3.7 3.0613707
3.8 3.1057786
3.9 3.1459591
4 3.1804594
4.1 3.2086409
4.2 3.2295708
4.3 3.2425162
4.4 3.2470061
4.5 3.2428787
4.6 3.2303106
4.7 3.2098276
4.8 3.1822963
4.9 3.1488958
5 3.1110715
5.1 3.0704719
5.2 3.0288709
5.3 2.9880795
5.4 2.9498518
5.5 2.9157913
5.6 2.887264
5.7 2.8653237
5.8 2.8506547
5.9 2.8435337
6 2.8438103
6.1 2.8509034
6.2 2.8638084
6.3 2.8811097
6.4 2.9009958
6.5 2.921273
6.6 2.93938
6.7 2.9524049
6.8 2.9571116
6.9 2.9499813
7 2.9272771
7.1 2.8851352
7.2 2.8196867
7.3 2.7272077
7.4 2.6042945
7.5 2.4480597
7.6 2.2563501
7.7 2.0280054
7.8 1.7632336
7.9 1.4643582
8 1.1379083
8.1 0.79931041
8.2 0.5246133
8.3 0.53998182
8.4 0.87707633
8.5 1.3338049
8.6 1.8380156
8.7 2.3684481
8.8 2.9154694
8.9 3.473018
9 4.036498
9.1 4.6020191
9.2 5.1660014
9.3 5.7248927
9.4 6.2749357
9.5 6.8119816
9.6 7.3313698
9.7 7.827895
9.8 8.2958828
9.9 8.7293806
10 9.122454
10.1 9.4695624
10.2 9.7659666
10.3 10.008114
10.4 10.193944
10.5 10.323075
10.6 10.396844
10.7 10.418215
10.8 10.391569
10.9 10.322437
11 10.217204
11.1 10.08284
11.2 9.9266633
11.3 9.7561705
11.4 9.5788933
11.5 9.4022835
11.6 9.2335816
11.7 9.0796383
11.8 8.9466542
11.9 8.8398248
12 8.7628944
12.1 8.7176652
12.2 8.7035327
12.3 8.7171461
12.4 8.752283
12.5 8.8000024
12.6 8.849106
12.7 8.8868956
12.8 8.9002109
12.9 8.8767319
13 8.8065619
13.1 8.6841323
13.2 8.5104887
13.3 8.2959811
13.4 8.0631911
13.5 7.8494077
13.6 7.7068915
13.7 7.6978904
13.8 7.8819025
13.9 8.2979033
14 8.9514218
14.1 9.8149878
14.2 10.839379
14.3 11.966437
14.4 13.137694
14.5 14.298501
14.6 15.399425
14.7 16.396445
14.8 17.250766
14.9 17.928625
15 18.401211
15.1 18.644769
15.2 18.640907
15.3 18.37716
15.4 17.847899
15.5 17.055796
15.6 16.014278
15.7 14.751854
15.8 13.320172
15.9 11.809381
16 10.389139
16.1 9.2976201
16.2 8.8852687
16.3 9.4411452
16.4 10.965076
16.5 13.221399
16.6 15.956038
16.7 18.984308
16.8 22.18163
16.9 25.460326
17 28.754236
17.1 32.010418
17.2 35.18494
17.3 38.240783
17.4 41.146848
17.5 43.877512
17.6 46.412459
17.7 48.736623
17.8 50.840152
17.9 52.718329
18 54.371391
18.1 55.804222
18.2 57.025862
18.3 58.048862
18.4 58.888463
18.5 59.56169
18.6 60.086419
18.7 60.480538
18.8 60.761289
18.9 60.944857
19 61.046212
19.1 61.079187
19.2 61.056794
19.3 60.991817
19.4 60.897882
19.5 60.791254
19.6 60.693633
19.7 60.636017
19.8 60.663394
19.9 60.83947
20 61.250193
20.1 62.004428
20.2 63.230196
20.3 65.065615
20.4 67.645212
20.5 71.08421
20.6 75.464657
20.7 80.826747
20.8 87.166629
20.9 94.439635
21 102.56669
21.1 111.44191
21.2 120.94024
21.3 130.92479
21.4 141.25375
21.5 151.78682
21.6 162.391
21.7 172.94524
21.8 183.3439
21.9 193.4987
22 203.33928
22.1 212.81243
22.2 221.88038
22.3 230.51843
22.4 238.71228
22.5 246.45535
22.6 253.74648
22.7 260.58803
22.8 266.98474
22.9 272.94333
23 278.47298
23.1 283.58652
23.2 288.30207
23.3 292.64502
23.4 296.64973
23.5 300.36102
23.6 303.83529
23.7 307.14213
23.8 310.36762
23.9 313.62128
24 317.04902
24.1 320.8544
24.2 325.32912
24.3 330.8916
24.4 338.12838
24.5 347.82745
24.6 360.98755
24.7 378.78585
24.8 402.49469
24.9 433.35714
25 472.45337
25.1 520.59739
25.2 578.28889
25.3 645.718
25.4 722.80172
25.5 809.22898
25.6 904.49979
25.7 1007.9536
25.8 1118.7882
25.9 1236.0724
26 1358.7566
26.1 1485.6834
26.2 1615.5997
26.3 1747.1731
26.4 1879.0115
26.5 2009.686
26.6 2137.7588
26.7 2261.813
26.8 2380.4849
26.9 2492.4974
27 2596.6927
27.1 2692.0633
27.2 2777.7793
27.3 2853.2104
27.4 2917.9428
27.5 2971.7879
27.6 3014.7845
27.7 3047.1943
27.8 3069.4905
27.9 3082.3411
28 3086.588
28.1 3083.2239
28.2 3073.3656
28.3 3058.2275
28.4 3039.0939
28.5 3017.2897
28.6 2994.1527
28.7 2971.0038
28.8 2949.1197
28.9 2929.7067
29 2913.8795
29.1 2902.6449
29.2 2896.8939
29.3 2897.3997
29.4 2904.8232
29.5 2919.7187
29.6 2942.5368
29.7 2973.6171
29.8 3013.1656
29.9 3061.2149
30 3117.5698
30.1 3181.7436
30.2 3252.8975
30.3 3329.794
30.4 3410.7781
30.5 3493.7936
30.6 3576.4405
30.7 3656.0748
30.8 3729.9464
30.9 3795.3719
31 3849.9324
31.1 3891.69
31.2 3919.4086
31.3 3932.7663
31.4 3932.5369
31.5 3920.7156
31.6 3900.5544
31.7 3876.4688
31.8 3853.7767
31.9 3838.2441
32 3835.4951
32.1 3850.4668
32.2 3886.073
32.3 3942.7524
32.4 4018.1276
32.5 4107.0459
32.6 4201.9634
32.7 4293.5671
32.8 4371.5189
32.9 4425.2406
33 4444.6979
33.1 4421.1752
33.2 4348.057
33.3 4221.6664
33.4 4042.2708
33.5 3815.4698
33.6 3554.3375
33.7 3282.8069
33.8 3040.3161
33.9 2884.9609
34 2885.8842
34.1 3096.1872
34.2 3525.695
34.3 4146.8629
34.4 4921.4987
34.5 5817.5901
34.6 6812.6541
34.7 7891.8835
34.8 9045.7256
34.9 10268.042
35 11554.851
35.1 12903.467
35.2 14311.886
35.3 15778.337
35.4 17300.94
35.5 18877.445
35.6 20505.05
35.7 22180.269
35.8 23898.873
35.9 25655.866
36 27445.514
36.1 29261.41
36.2 31096.573
36.3 32943.572
36.4 34794.675
36.5 36642.014
36.6 38477.769
36.7 40294.352
36.8 42084.594
36.9 43841.915
37 45560.475
37.1 47235.275
37.2 48862.22
37.3 50438.094
37.4 51960.474
37.5 53427.542
37.6 54837.813
37.7 56189.79
37.8 57481.558
37.9 58710.381
38 59872.339
38.1 60962.099
38.2 61972.874
38.3 62896.643
38.4 63724.678
38.5 64448.375
38.6 65060.36
38.7 65555.813
38.8 65933.877
38.9 66199.05
39 66362.381
39.1 66442.339
39.2 66465.168
39.3 66464.602
39.4 66480.797
39.5 66558.408
39.6 66743.825
39.7 67081.706
39.8 67611.111
39.9 68361.701
40 69350.512
40.1 70579.81
40.2 72036.316
40.3 73691.839
40.4 75505.075
40.5 77424.182
40.6 79389.676
40.7 81337.266
40.8 83200.403
40.9 84912.406
41 86408.178
41.1 87625.57
41.2 88506.505
41.3 88997.994
41.4 89053.186
41.5 88632.605
41.6 87705.745
41.7 86253.229
41.8 84269.769
41.9 81768.262
42 78785.434
42.1 75389.575
42.2 71690.939
42.3 67855.149
42.4 64118.591
42.5 60801.106
42.6 58303.719
42.7 57070.357
42.8 57497.926
42.9 59818.927
43 64029.961
43.1 69919.174
43.2 77160.219
43.3 85401.966
43.4 94319.226
43.5 103630.11
43.6 113096.56
43.7 122519.76
43.8 131735.72
43.9 140612.84
44 149051.38
44.1 156984.5
44.2 164379.65
44.3 171239.7
44.4 177602.73
44.5 183540
44.6 189151.85
44.7 194562.03
44.8 199911.14
44.9 205350.45
45 211037.27
45.1 217132.44
45.2 223800.19
45.3 231209.11
45.4 239532.32
45.5 248944.41
45.6 259613.01
45.7 271684.47
45.8 285265.11
45.9 300401.73
46 317065.77
46.1 335145.02
46.2 354444.91
46.3 374698.82
46.4 395585.03
46.5 416747.14
46.6 437814.92
46.7 458423.31
46.8 478228.41
46.9 496920.23
47 514232.37
47.1 529949.23
47.2 543911.34
47.3 556018.99
47.4 566234.51
47.5 574582.75
47.6 581149.72
47.7 586078.79
47.8 589564.16
47.9 591841.4
48 593174.95
48.1 593843.04
48.2 594120.67
48.3 594261.85
48.4 594482.59
48.5 594946.5
48.6 595754.72
48.7 596941.58
48.8 598477.15
48.9 600276.6
49 602215.91
49.1 604152.78
49.2 605950.85
49.3 607505.19
49.4 608766.58
49.5 609761.66
49.6 610605.64
49.7 611503.95
49.8 612739.42
49.9 614643.06
50 617549.14
50.1 621739.56
50.2 627387.14
50.3 634509.9
50.4 642948.07
50.5 652369.5
50.6 662301.13
50.7 672175.65
50.8 681378.12
50.9 689278.51
51 695242.27
51.1 698621.05
51.2 698735.15
51.3 694865.61
51.4 686272.99
51.5 672252.37
51.6 652221.71
51.7 625829.46
51.8 593060.15
51.9 554317.55
52 510470.53
52.1 462855.54
52.2 413237.79
52.3 363737.68
52.4 316729.56
52.5 274715.4
52.6 240172.25
52.7 215388.74
52.8 202370.38
52.9 202955.14
53 219112.26
53.1 253050.54
53.2 306917.48
53.3 382436.56
53.4 480801.36
53.5 602742.78
53.6 748603.37
53.7 918368.13
53.8 1111666.2
53.9 1327766.3
54 1565582.4
54.1 1823701.6
54.2 2100439.7
54.3 2393928.1
54.4 2702227.5
54.5 3023455.4
54.6 3355907.8
54.7 3698148.6
54.8 4049039.5
54.9 4407689.4
55 4773313.6
55.1 5145011.7
55.2 5521492.4
55.3 5900784.8
55.4 6279985.7
55.5 6655085.7
55.6 7020905.1
55.7 7371152
55.8 7698593.9
55.9 7995318.6
56 8253049.2
56.1 8463472
56.2 8618540.3
56.3 8710723.6
56.4 8733179.9
56.5 8679841.3
56.6 8545410.5
56.7 8325276
56.8 8015358.1
56.9 7611906.6
57 7111271.7
57.1 6509680.2
57.2 5803048.8
57.3 4986871.2
57.4 4056215.5
57.5 3005870.3
57.6 1830736
57.7 528315.05
57.8 918709.91
57.9 2493503.8
58 4206672.8
58.1 6054892.7
58.2 8032526.5
58.3 10130445
58.4 12335745
58.5 14631714
58.6 16998003
58.7 19410979
58.8 21844264
58.9 24269417
59 26656742
59.1 28976189
59.2 31198304
59.3 33295204
59.4 35241512
59.5 37015235
59.6 38598528
59.7 39978318
59.8 41146762
59.9 42101519
60 42845837
60.1 43388430
60.2 43743189
60.3 43928700
60.4 43967628
60.5 43885964
60.6 43712196
60.7 43476412
60.8 43209390
60.9 42941657
61 42702544
61.1 42519218
61.2 42415718
61.3 42412030
61.4 42523305
61.5 42759347
61.6 43124474
61.7 43617838
61.8 44234166
61.9 44964822
62 45799016
62.1 46724955
62.2 47730825
62.3 48805483
62.4 49938895
62.5 51122353
62.6 52348549
62.7 53611610
62.8 54907116
62.9 56232118
63 57585138
63.1 58966090
63.2 60376074
63.3 61817005
63.4 63291072
63.5 64800060
63.6 66344596
63.7 67907618
63.8 69500575
63.9 71116963
64 72747281
64.1 74379156
64.2 75997726
64.3 77586265
64.4 79126975
64.5 80601883
64.6 81993751
64.7 83286946
64.8 84468193
64.9 85527181
65 86456986
65.1 87254296
65.2 87919479
65.3 88456487
65.4 88872670
65.5 89178542
65.6 89387524
65.7 89515685
65.8 89581421
65.9 89604914
66 89607141
66.1 89608110
66.2 89624026
66.3 89663354
66.4 89722153
66.5 89779701
66.6 89795920
66.7 89712263
66.8 89457158
66.9 88956074
67 88144934
67.1 86984585
67.2 85473509
67.3 83656074
67.4 81624095
67.5 79510199
67.6 77472445
67.7 75671145
67.8 74241149
67.9 73265637
68 72759020
68.1 72665007
68.2 72870824
68.3 73233081
68.4 73608197
68.5 73881752
68.6 73994392
68.7 73964474
68.8 73907796
68.9 74052069
69 74738144
69.1 76394027
69.2 79468972
69.3 84333446
69.4 91180673
69.5 99974884
69.6 1.10461e+08
69.7 1.2221169e+08
69.8 1.3467934e+08
69.9 1.472373e+08
70 1.5921103e+08
70.1 1.6990618e+08
70.2 1.7863965e+08
70.3 1.8477692e+08
70.4 1.8777658e+08
70.5 1.8724133e+08
70.6 1.8297473e+08
70.7 1.7504378e+08
70.8 1.6385122e+08
70.9 1.5022591e+08
71 1.3554146e+08
71.1 1.2184233e+08
71.2 1.118122e+08
71.3 1.0813589e+08
71.4 1.1205419e+08
71.5 1.2244241e+08
71.6 1.3671801e+08
71.7 1.5228954e+08
71.8 1.6719919e+08
71.9 1.8014943e+08
72 1.9036712e+08
72.1 1.9747565e+08
72.2 2.0139851e+08
72.3 2.0228483e+08
72.4 2.0044779e+08
72.5 1.9631113e+08
72.6 1.9036174e+08
72.7 1.8310838e+08
72.8 1.7504683e+08
72.9 1.6663202e+08
73 1.582575e+08
73.1 1.5024249e+08
73.2 1.428262e+08
73.3 1.3616903e+08
73.4 1.3035964e+08
73.5 1.2542633e+08
73.6 1.213508e+08
73.7 1.1808244e+08
73.8 1.1555102e+08
73.9 1.1367666e+08
74 1.1237656e+08
74.1 1.1156824e+08
74.2 1.1117003e+08
74.3 1.1109922e+08
74.4 1.112687e+08
74.5 1.1158274e+08
74.6 1.1193258e+08
74.7 1.1219253e+08
74.8 1.1221713e+08
74.9 1.1184006e+08
75 1.1087529e+08
75.1 1.0912114e+08
75.2 1.0636784e+08
75.3 1.0240984e+08
75.4 97064389
75.5 90200691
75.6 81788301
75.7 71987673
75.8 61342355
75.9 51214465
76 44565560
76.1 45688428
76.2 56066741
76.3 72910719
76.4 93133785
76.5 1.1471927e+08
76.6 1.3628241e+08
76.7 1.5671998e+08
76.8 1.7507599e+08
76.9 1.9051093e+08
77 2.0231391e+08
77.1 2.0993057e+08
77.2 2.1299405e+08
77.3 2.1135204e+08
77.4 2.0508655e+08
77.5 1.945258e+08
77.6 1.8025075e+08
77.7 1.6310303e+08
77.8 1.4420653e+08
77.9 1.2501908e+08
78 1.0741706e+08
78.1 93713535
78.2 86226308
78.3 86011973
78.4 91858143
78.5 1.0117825e+08
78.6 1.1157124e+08
78.7 1.2141894e+08
78.8 1.2979412e+08
78.9 1.3624404e+08
79 1.406256e+08
79.1 1.4299769e+08
79.2 1.4354998e+08
79.3 1.4255321e+08
79.4 1.403224e+08
79.5 1.3718872e+08
79.6 1.3347741e+08
79.7 1.2949051e+08
79.8 1.2549373e+08
79.9 1.2170723e+08
80 1.1830088e+08
80.1 1.1539421e+08
80.2 1.130614e+08
80.3 1.1134081e+08
80.4 1.1024751e+08
80.5 1.0978668e+08
80.6 1.0996531e+08
80.7 1.1079972e+08
80.8 1.1231758e+08
80.9 1.1455357e+08
81 1.175396e+08
81.1 1.2129121e+08
81.2 1.2579326e+08
81.3 1.3098763e+08
81.4 1.3676579e+08
81.5 1.4296728e+08
81.6 1.4938431e+08
81.7 1.5577126e+08
81.8 1.6185785e+08
81.9 1.6736424e+08
82 1.7201695e+08
82.1 1.755642e+08
82.2 1.7778987e+08
82.3 1.7852513e+08
82.4 1.7765716e+08
82.5 1.7513455e+08
82.6 1.7096933e+08
82.7 1.6523565e+08
82.8 1.5806581e+08
82.9 1.4964397e+08
83 1.4019874e+08
83.1 1.2999522e+08
83.2 1.193278e+08
83.3 1.0851443e+08
83.4 97893150
83.5 87820467
83.6 78669011
83.7 70817454
83.8 64619843
83.9 60342186
84 58076575
84.1 57684437
84.2 58826056
84.3 61066001
84.4 63982743
84.5 67230520
84.6 70553384
84.7 73773933
84.8 76774975
84.9 79482719
85 81854048
85.1 83867810
85.2 85519326
85.3 86817160
85.4 87781321
85.5 88442125
85.6 88839116
85.7 89019552
85.8 89036127
85.9 88943816
86 88795937
86.1 88639737
86.2 88512031
86.3 88435470
86.4 88416125
86.5 88442941
86.6 88489518
86.7 88518444
86.8 88488079
86.9 88361391
87 88115957
87.1 87753866
87.2 87309737
87.3 86854728
87.4 86494275
87.5 86357761
87.6 86579857
87.7 87275967
87.8 88517338
87.9 90313115
88 92605044
88.1 95275942
88.2 98168020
88.3 1.0110471e+08
88.4 1.0391039e+08
88.5 1.064249e+08
88.6 1.0851218e+08
88.7 1.1006396e+08
88.8 1.1099993e+08
88.9 1.1126597e+08
89 1.1083147e+08
89.1 1.0968667e+08
89.2 1.0784047e+08
89.3 1.0531882e+08
89.4 1.0216368e+08
89.5 98432429
89.6 94197415
89.7 89545536
89.8 84577621
89.9 79407536
90 74160882
90.1 68973071
90.2 63986352
90.3 59345008
90.4 55187571
90.5 51634987
90.6 48774816
90.7 46644282
90.8 45218219
90.9 44408522
91 44077391
91.1 44059756
91.2 44186701
91.3 44303681
91.4 44281864
91.5 44024311
91.6 43469812
91.7 42597016
91.8 41430814
91.9 40052259
92 38611942
92.1 37343149
92.2 36563341
92.3 36642623
92.4 37922463
92.5 40609445
92.6 44715662
92.7 50087672
92.8 56484562
92.9 63645164
93 71323609
93.1 79302066
93.2 87393286
93.3 95440133
93.4 1.0331472e+08
93.5 1.1091763e+08
93.6 1.1817692e+08
93.7 1.2504672e+08
93.8 1.3150509e+08
93.9 1.3755136e+08
94 1.4320294e+08
94.1 1.4849191e+08
94.2 1.5346154e+08
94.3 1.5816284e+08
94.4 1.6265096e+08
94.5 1.6698148e+08
94.6 1.712062e+08
94.7 1.7536854e+08
94.8 1.7949851e+08
94.9 1.8360808e+08
95 1.876874e+08
95.1 1.9170316e+08
95.2 1.955995e+08
95.3 1.9930212e+08
95.4 2.0272487e+08
95.5 2.0577804e+08
95.6 2.0837687e+08
95.7 2.1044891e+08
95.8 2.1193911e+08
95.9 2.1281225e+08
96 2.1305256e+08
96.1 2.1266132e+08
96.2 2.1165305e+08
96.3 2.1005133e+08
96.4 2.0788476e+08
96.5 2.0518381e+08
96.6 2.0197863e+08
96.7 1.9829794e+08
96.8 1.9416866e+08
96.9 1.8961638e+08
97 1.8466601e+08
97.1 1.7934263e+08
97.2 1.736723e+08
97.3 1.676827e+08
97.4 1.6140355e+08
97.5 1.5486692e+08
97.6 1.4810731e+08
97.7 1.4116174e+08
97.8 1.3406976e+08
97.9 1.2687339e+08
98 1.1961722e+08
98.1 1.1234843e+08
98.2 1.0511681e+08
98.3 97974898
98.4 90978086
98.5 84184717
98.6 77656198
98.7 71457021
98.8 65654595
98.9 60318677
99 55520130
99.1 51328630
99.2 47809062
99.3 45016738
99.4 42992369
99.5 41758686
99.6 41320821
99.7 41671202
99.8 42797181
99.9 44687669
100 47335398
100.1 50733749
100.2 54869640
100.3 59715249
100.4 65221169
100.5 71312500
100.6 77888297
100.7 84824087
100.8 91976824
100.9 99191646
101 1.0630976e+08
101.1 1.1317682e+08
101.2 1.1965103e+08
101.3 1.256105e+08
101.4 1.3095897e+08
101.5 1.3562976e+08
101.6 1.3958737e+08
101.7 1.4282708e+08
101.8 1.4537239e+08
101.9 1.4727108e+08
102 1.4859018e+08
102.1 1.4941052e+08
102.2 1.4982139e+08
102.3 1.4991583e+08
102.4 1.4978669e+08
102.5 1.4952382e+08
102.6 1.4921234e+08
102.7 1.4893181e+08
102.8 1.4875635e+08
102.9 1.4875513e+08
103 1.489932e+08
103.1 1.4953215e+08
103.2 1.5043029e+08
103.3 1.5174219e+08
103.4 1.5351715e+08
103.5 1.5579666e+08
103.6 1.5861063e+08
103.7 1.6197271e+08
103.8 1.6587483e+08
103.9 1.7028143e+08
104 1.7512392e+08
104.1 1.8029606e+08
104.2 1.8565083e+08
104.3 1.909995e+08
104.4 1.9611339e+08
104.5 2.0072901e+08
104.6 2.0455674e+08
104.7 2.0729386e+08
104.8 2.0864237e+08
104.9 2.0833243e+08
105 2.0615257e+08
105.1 2.0198782e+08
105.2 1.9586703e+08
105.3 1.8802018e+08
105.4 1.7894304e+08
105.5 1.6945793e+08
105.6 1.6073665e+08
105.7 1.542128e+08
105.8 1.5128894e+08
105.9 1.5284339e+08
106 1.5879567e+08
106.1 1.6808045e+08
106.2 1.7903397e+08
106.3 1.8986345e+08
106.4 1.9895915e+08
106.5 2.0503542e+08
106.6 2.0717246e+08
106.7 2.0481307e+08
106.8 1.9773871e+08
106.9 1.8603309e+08
107 1.7003639e+08
107.1 1.5029267e+08
107.2 1.2749379e+08
107.3 1.0242484e+08
107.4 75919527
107.5 48856284
107.6 22480762
107.7 10322048
107.8 32397970
107.9 55724558
108 77440372
108.1 97155527
108.2 1.1474216e+08
108.3 1.3019161e+08
108.4 1.4357453e+08
108.5 1.5501702e+08
108.6 1.6468177e+08
108.7 1.7275207e+08
108.8 1.7941877e+08
108.9 1.8486983e+08
109 1.8928257e+08
109.1 1.9281826e+08
109.2 1.9561898e+08
109.3 1.978063e+08
109.4 1.9948154e+08
109.5 2.0072725e+08
109.6 2.0160969e+08
109.7 2.021818e+08
109.8 2.0248654e+08
109.9 2.025602e+08
110 2.0243544e+08
110.1 2.0214368e+08
110.2 2.0171686e+08
110.3 2.0118817e+08
110.4 2.005919e+08
110.5 1.9996248e+08
110.6 1.9933288e+08
110.7 1.9873272e+08
110.8 1.9818657e+08
110.9 1.9771269e+08
111 1.973224e+08
111.1 1.9702021e+08
111.2 1.9680429e+08
111.3 1.9666712e+08
111.4 1.9659579e+08
111.5 1.965717e+08
111.6 1.9656959e+08
111.7 1.9655612e+08
111.8 1.9648838e+08
111.9 1.963131e+08
112 1.9596703e+08
112.1 1.9537913e+08
112.2 1.9447464e+08
112.3 1.9318082e+08
112.4 1.9143396e+08
112.5 1.8918663e+08
112.6 1.8641451e+08
112.7 1.8312166e+08
112.8 1.7934376e+08
112.9 1.7514874e+08
113 1.7063459e+08
113.1 1.6592442e+08
113.2 1.61159e+08
113.3 1.5648719e+08
113.4 1.52055e+08
113.5 1.479942e+08
113.6 1.4441179e+08
113.7 1.4138171e+08
113.8 1.389401e+08
113.9 1.3708488e+08
114 1.3577951e+08
114.1 1.3496014e+08
114.2 1.3454442e+08
114.3 1.3444041e+08
114.4 1.345542e+08
114.5 1.347956e+08
114.6 1.3508174e+08
114.7 1.3533897e+08
114.8 1.355036e+08
114.9 1.3552208e+08
115 1.3535095e+08
115.1 1.3495701e+08
115.2 1.343177e+08
115.3 1.334217e+08
115.4 1.3226966e+08
115.5 1.3087487e+08
115.6 1.2926378e+08
115.7 1.2747607e+08
115.8 1.2556435e+08
115.9 1.2359305e+08
116 1.2163669e+08
116.1 1.1977721e+08
116.2 1.1810035e+08
116.3 1.1669127e+08
116.4 1.1562945e+08
116.5 1.1498355e+08
116.6 1.1480658e+08
116.7 1.1513215e+08
116.8 1.1597232e+08
116.9 1.1731709e+08
117 1.191355e+08
117.1 1.213778e+08
117.2 1.2397812e+08
117.3 1.2685719e+08
117.4 1.2992487e+08
117.5 1.330825e+08
117.6 1.3622524e+08
117.7 1.3924465e+08
117.8 1.4203153e+08
117.9 1.4447917e+08
118 1.4648671e+08
118.1 1.479625e+08
118.2 1.4882718e+08
118.3 1.4901634e+08
118.4 1.4848261e+08
118.5 1.4719732e+08
118.6 1.4515169e+08
118.7 1.4235757e+08
118.8 1.3884772e+08
118.9 1.3467551e+08
119 1.2991373e+08
119.1 1.246522e+08
119.2 1.1899398e+08
119.3 1.1305013e+08
119.4 1.0693308e+08
119.5 1.007494e+08
119.6 94592751
119.7 88538217
119.8 82639219
119.9 76927726
120 71417976
120.1 66113078
120.2 61013184
120.3 56123671
120.4 51461812
120.5 47060942
120.6 42971753
120.7 39261029
120.8 36008804
120.9 33305574
121 31251530
121.1 29959096
121.2 29557120
121.3 30190643
121.4 32008946
121.5 35142243
121.6 39678390
121.7 45651056
121.8 53039668
121.9 61773865
122 71737059
122.1 82768309
122.2 94663977
122.3 1.071808e+08
122.4 1.2004136e+08
122.5 1.3294234e+08
122.6 1.4556535e+08
122.7 1.5758991e+08
122.8 1.6870771e+08
122.9 1.7863709e+08
123 1.8713677e+08
123.1 1.940176e+08
123.2 1.9915145e+08
123.3 2.0247647e+08
123.4 2.0399838e+08
123.5 2.0378771e+08
123.6 2.0197342e+08
123.7 1.9873333e+08
123.8 1.9428249e+08
123.9 1.8886022e+08
124 1.8271698e+08
124.1 1.7610185e+08
124.2 1.6925141e+08
124.3 1.6238055e+08
124.4 1.5567553e+08
124.5 1.4928938e+08
124.6 1.4333959e+08
124.7 1.3790808e+08
124.8 1.3304288e+08
124.9 1.2876159e+08
125 1.2505592e+08
125.1 1.2189719e+08
125.2 1.1924221e+08
125.3 1.1703915e+08
125.4 1.1523293e+08
125.5 1.1376974e+08
125.6 1.1260032e+08
125.7 1.1168194e+08
125.8 1.1097893e+08
125.9 1.1046209e+08
126 1.1010715e+08
126.1 1.0989284e+08
126.2 1.0979888e+08
126.3 1.0980443e+08
126.4 1.098871e+08
126.5 1.1002286e+08
126.6 1.1018667e+08
126.7 1.1035365e+08
126.8 1.105007e+08
126.9 1.1060811e+08
127 1.1066114e+08
127.1 1.1065133e+08
127.2 1.1057771e+08
127.3 1.1044774e+08
127.4 1.1027838e+08
127.5 1.100971e+08
127.6 1.0994305e+08
127.7 1.0986815e+08
127.8 1.0993777e+08
127.9 1.1023056e+08
128 1.1083686e+08
128.1 1.1185499e+08
128.2 1.133852e+08
128.3 1.1552134e+08
128.4 1.18341e+08
128.5 1.2189557e+08
128.6 1.2620192e+08
128.7 1.3123715e+08
128.8 1.3693722e+08
128.9 1.4319934e+08
129 1.4988752e+08
129.1 1.5684029e+08
129.2 1.6387978e+08
129.3 1.708215e+08
129.4 1.7748447e+08
129.5 1.8370131e+08
129.6 1.8932775e+08
129.7 1.9425096e+08
129.8 1.9839596e+08
129.9 2.0172936e+08
130 2.0425971e+08
130.1 2.0603439e+08
130.2 2.0713301e+08
130.3 2.0765824e+08
130.4 2.0772503e+08
130.5 2.0744971e+08
130.6 2.0694026e+08
130.7 2.06289e+08
130.8 2.0556822e+08
130.9 2.0482904e+08
131 2.0410311e+08
131.1 2.0340651e+08
131.2 2.0274508e+08
131.3 2.0212034e+08
131.4 2.0153525e+08
131.5 2.0099931e+08
131.6 2.0053223e+08
131.7 2.0016551e+08
131.8 1.9994156e+08
131.9 1.999096e+08
132 2.0011874e+08
132.1 2.0060873e+08
132.2 2.0140016e+08
132.3 2.0248611e+08
132.4 2.0382766e+08
132.5 2.0535454e+08
132.6 2.0697124e+08
132.7 2.0856746e+08
132.8 2.1003051e+08
132.9 2.112575e+08
133 2.1216506e+08
133.1 2.1269553e+08
133.2 2.1281926e+08
133.3 2.1253352e+08
133.4 2.1185886e+08
133.5 2.1083396e+08
133.6 2.0950989e+08
133.7 2.079446e+08
133.8 2.0619814e+08
133.9 2.0432881e+08
134 2.023905e+08
134.1 2.0043108e+08
134.2 1.9849167e+08
134.3 1.9660673e+08
134.4 1.9480467e+08
134.5 1.9310882e+08
134.6 1.9153858e+08
134.7 1.9011062e+08
134.8 1.8883982e+08
134.9 1.8774009e+08
135 1.8682469e+08
135.1 1.8610616e+08
135.2 1.8559577e+08
135.3 1.853025e+08
135.4 1.8523179e+08
135.5 1.8538426e+08
135.6 1.8575465e+08
135.7 1.8633144e+08
135.8 1.8709721e+08
135.9 1.8802993e+08
136 1.8910489e+08
136.1 1.9029692e+08
136.2 1.9158243e+08
136.3 1.9294064e+08
136.4 1.9435399e+08
136.5 1.9580737e+08
136.6 1.9728683e+08
136.7 1.9877792e+08
136.8 2.0026448e+08
136.9 2.0172807e+08
137 2.0314839e+08
137.1 2.0450446e+08
137.2 2.0577636e+08
137.3 2.0694701e+08
137.4 2.0800364e+08
137.5 2.089387e+08
137.6 2.0974998e+08
137.7 2.1044013e+08
137.8 2.1101562e+08
137.9 2.1148545e+08
138 2.1185968e+08
138.1 2.1214823e+08
138.2 2.1235971e+08
138.3 2.125007e+08
138.4 2.1257523e+08
138.5 2.1258465e+08
138.6 2.1252773e+08
138.7 2.1240105e+08
138.8 2.1219969e+08
138.9 2.1191812e+08
139 2.1155121e+08
139.1 2.1109547e+08
139.2 2.1055025e+08
139.3 2.0991881e+08
139.4 2.0920924e+08
139.5 2.0843494e+08
139.6 2.0761463e+08
139.7 2.0677177e+08
139.8 2.059333e+08
139.9 2.0512788e+08
140 2.0438361e+08
140.1 2.0372557e+08
140.2 2.0317342e+08
140.3 2.0273941e+08
140.4 2.0242708e+08
140.5 2.0223073e+08
140.6 2.0213588e+08
140.7 2.0212029e+08
140.8 2.0215556e+08
140.9 2.0220875e+08
141 2.0224382e+08
141.1 2.0222265e+08
141.2 2.0210548e+08
141.3 2.0185095e+08
141.4 2.0141581e+08
141.5 2.0075468e+08
141.6 1.998201e+08
141.7 1.9856306e+08
141.8 1.9693437e+08
141.9 1.9488666e+08
142 1.9237711e+08
142.1 1.8937053e+08
142.2 1.8584262e+08
142.3 1.8178301e+08
142.4 1.7719771e+08
142.5 1.7211079e+08
142.6 1.6656517e+08
142.7 1.6062227e+08
142.8 1.5436079e+08
142.9 1.4787462e+08
143 1.4127009e+08
143.1 1.3466292e+08
143.2 1.2817482e+08
143.3 1.2193026e+08
143.4 1.1605311e+08
143.5 1.1066344e+08
143.6 1.0587416e+08
143.7 1.017874e+08
143.8 98490527
143.9 96051958
144 94517164
144.1 93905699
144.2 94210022
144.3 95396611
144.4 97409244
144.5 1.0017373e+08
144.6 1.0360312e+08
144.7 1.0760256e+08
144.8 1.1207332e+08
144.9 1.1691587e+08
145 1.2203218e+08
145.1 1.2732751e+08
145.2 1.327118e+08
145.3 1.3810086e+08
145.4 1.4341747e+08
145.5 1.4859225e+08
145.6 1.5356435e+08
145.7 1.5828197e+08
145.8 1.6270264e+08
145.9 1.6679316e+08
146 1.7052938e+08
146.1 1.7389583e+08
146.2 1.7688506e+08
146.3 1.7949701e+08
146.4 1.8173824e+08
146.5 1.8362117e+08
146.6 1.8516325e+08
146.7 1.863861e+08
146.8 1.8731463e+08
146.9 1.8797614e+08
147 1.8839953e+08
147.1 1.8861455e+08
147.2 1.8865154e+08
147.3 1.8854146e+08
147.4 1.8831663e+08
147.5 1.8801183e+08
147.6 1.8766588e+08
147.7 1.8732305e+08
147.8 1.8703403e+08
147.9 1.8685572e+08
148 1.8684936e+08
148.1 1.870767e+08
148.2 1.8759408e+08
148.3 1.8844507e+08
148.4 1.896524e+08
148.5 1.9121052e+08
148.6 1.9308009e+08
148.7 1.9518555e+08
148.8 1.9741609e+08
148.9 1.9963018e+08
149 2.0166262e+08
149.1 2.0333331e+08
149.2 2.0445654e+08
149.3 2.0484991e+08
149.4 2.0434232e+08
149.5 2.0278072e+08
149.6 2.0003561e+08
149.7 1.9600547e+08
149.8 1.9062026e+08
149.9 1.8384431e+08
150 1.7567871e+08
150.1 1.6616318e+08
150.2 1.5537742e+08
150.3 1.4344162e+08
150.4 1.3051584e+08
150.5 1.1679799e+08
150.6 1.0252026e+08
150.7 87944249
150.8 73356044
150.9 59064480
151 45411846
151.1 32827041
151.2 22036469
151.3 14820897
151.4 14292188
151.5 19058572
151.6 25032671
151.7 30591292
151.8 35299865
151.9 39078298
152 41974818
152.1 44093780
152.2 45564726
152.3 46524973
152.4 47107735
152.5 47433068
152.6 47600625
152.7 47683732
152.8 47724627
152.9 47730779
153 47672349
153.1 47480951
153.2 47050006
153.3 46237157
153.4 44869545
153.5 42753441
153.6 39691369
153.7 35514794
153.8 30157793
153.9 23870063
154 17993772
154.1 16948971
154.2 24625247
154.3 38020320
154.4 54461312
154.5 72783437
154.6 92225759
154.7 1.1209104e+08
154.8 1.316768e+08
154.9 1.5028432e+08
155 1.6725355e+08
155.1 1.8200499e+08
155.2 1.940787e+08
155.3 2.0316439e+08
155.4 2.0911884e+08
155.5 2.1196924e+08
155.6 2.1190324e+08
155.7 2.092476e+08
155.8 2.0443877e+08
155.9 1.9798843e+08
156 1.9044715e+08
156.1 1.8236833e+08
156.2 1.7427382e+08
156.3 1.6662251e+08
156.4 1.5978321e+08
156.5 1.5401443e+08
156.6 1.4945459e+08
156.7 1.4612605e+08
156.8 1.4395364e+08
156.9 1.4279486e+08
157 1.4247518e+08
157.1 1.4282175e+08
157.2 1.436904e+08
157.3 1.4498354e+08
157.4 1.4665838e+08
157.5 1.4872572e+08
157.6 1.5123929e+08
157.7 1.5427572e+08
157.8 1.5790658e+08
157.9 1.621656e+08
158 1.6701686e+08
158.1 1.7233088e+08
158.2 1.7787406e+08
158.3 1.8331442e+08
158.4 1.8824209e+08
158.5 1.9220069e+08
158.6 1.9472453e+08
158.7 1.9537681e+08
158.8 1.9378518e+08
158.9 1.8967202e+08
159 1.8287832e+08
159.1 1.7338088e+08
159.2 1.6130437e+08
159.3 1.4693221e+08
159.4 1.3072402e+08
159.5 1.1335626e+08
159.6 95818897
159.7 79623401
159.8 67120077
159.9 61375803
160 64220986
160.1 74114065
160.2 87870796
160.3 1.0301231e+08
160.4 1.1807373e+08
160.5 1.3223268e+08
160.6 1.4502893e+08
160.7 1.5621665e+08
160.8 1.6568857e+08
160.9 1.7343411e+08
161 1.7951357e+08
161.1 1.8404032e+08
161.2 1.8716732e+08
161.3 1.8907597e+08
161.4 1.8996668e+08
161.5 1.9005042e+08
161.6 1.8954104e+08
161.7 1.8864817e+08
161.8 1.8757044e+08
161.9 1.8648907e+08
162 1.8556164e+08
162.1 1.8491654e+08
162.2 1.846481e+08
162.3 1.8481319e+08
162.4 1.8542939e+08
162.5 1.8647532e+08
162.6 1.8789304e+08
162.7 1.8959252e+08
162.8 1.9145781e+08
162.9 1.9335462e+08
163 1.9513912e+08
163.1 1.9666777e+08
163.2 1.9780824e+08
163.3 1.9845131e+08
163.4 1.9852339e+08
163.5 1.979992e+08
163.6 1.9691301e+08
163.7 1.9536648e+08
163.8 1.9353021e+08
163.9 1.9163558e+08
164 1.8995415e+08
164.1 1.8876407e+08
164.2 1.883069e+08
164.3 1.8874371e+08
164.4 1.9012221e+08
164.5 1.9236566e+08
164.6 1.9528705e+08
164.7 1.9862339e+08
164.8 2.0207889e+08
164.9 2.0536598e+08
165 2.0823642e+08
165.1 2.1050013e+08
165.2 2.1203251e+08
165.3 2.1277304e+08
165.4 2.1271812e+08
165.5 2.1191093e+08
165.6 2.1043011e+08
165.7 2.0837875e+08
165.8 2.0587444e+08
165.9 2.0304068e+08
166 1.9999986e+08
166.1 1.9686786e+08
166.2 1.937499e+08
166.3 1.9073773e+08
166.4 1.8790783e+08
166.5 1.8532058e+08
166.6 1.8302008e+08
166.7 1.8103457e+08
166.8 1.7937736e+08
166.9 1.7804802e+08
167 1.7703384e+08
167.1 1.7631158e+08
167.2 1.7584929e+08
167.3 1.7560847e+08
167.4 1.7554628e+08
167.5 1.7561798e+08
167.6 1.7577937e+08
167.7 1.7598918e+08
167.8 1.7621116e+08
167.9 1.7641574e+08
168 1.7658107e+08
168.1 1.7669343e+08
168.2 1.767469e+08
168.3 1.7674262e+08
168.4 1.7668777e+08
168.5 1.7659465e+08
168.6 1.7648019e+08
168.7 1.7636613e+08
168.8 1.7627989e+08
168.9 1.7625611e+08
169 1.7633828e+08
169.1 1.7657982e+08
169.2 1.7704389e+08
169.3 1.7780075e+08
169.4 1.7892205e+08
169.5 1.8047171e+08
169.6 1.8249362e+08
169.7 1.8499759e+08
169.8 1.8794562e+08
169.9 1.9124114e+08
170 1.9472365e+08
170.1 1.9817049e+08
170.2 2.0130635e+08
170.3 2.0381986e+08
170.4 2.0538599e+08
170.5 2.0569247e+08
170.6 2.0446831e+08
170.7 2.0151248e+08
170.8 1.9672082e+08
170.9 1.901096e+08
171 1.8183393e+08
171.1 1.7219989e+08
171.2 1.6166836e+08
171.3 1.5084746e+08
171.4 1.4046624e+08
171.5 1.3131653e+08
171.6 1.2414744e+08
171.7 1.195132e+08
171.8 1.1762143e+08
171.9 1.1827061e+08
172 1.2093182e+08
172.1 1.249268e+08
172.2 1.2959885e+08
172.3 1.3441397e+08
172.4 1.3899205e+08
172.5 1.4309601e+08
172.6 1.4660352e+08
172.7 1.4947577e+08
172.8 1.5172963e+08
172.9 1.5341535e+08
173 1.5459988e+08
173.1 1.5535524e+08
173.2 1.5575099e+08
173.3 1.5584988e+08
173.4 1.5570565e+08
173.5 1.5536247e+08
173.6 1.5485518e+08
173.7 1.5421008e+08
173.8 1.5344581e+08
173.9 1.5257428e+08
174 1.5160148e+08
174.1 1.5052814e+08
174.2 1.4935015e+08
174.3 1.4805902e+08
174.4 1.466421e+08
174.5 1.4508292e+08
174.6 1.4336147e+08
174.7 1.4145476e+08
174.8 1.3933751e+08
174.9 1.3698316e+08
175 1.3436524e+08
175.1 1.3145905e+08
175.2 1.2824379e+08
175.3 1.2470482e+08
175.4 1.2083625e+08
175.5 1.1664339e+08
175.6 1.1214518e+08
175.7 1.0737623e+08
175.8 1.0238834e+08
175.9 97251487
176 92054163
176.1 86902951
176.2 81921306
176.3 77247106
176.4 73028255
176.5 69415151
176.6 66548750
176.7 64543964
176.8 63470531
176.9 63336536
177 64080691
177.1 65576359
177.2 67644845
177.3 70072055
177.4 72623518
177.5 75056059
177.6 77127249
177.7 78604964
177.8 79279372
177.9 78979319
178 77595144
178.1 75110689
178.2 71648869
178.3 67536435
178.4 63387925
178.5 60175120
178.6 59156651
178.7 61481190
178.8 67590415
178.9 77028672
179 88831737
179.1 1.0196839e+08
179.2 1.1553693e+08
179.3 1.2879976e+08
179.4 1.411711e+08
179.5 1.5220268e+08
179.6 1.6157491e+08
179.7 1.6909077e+08
179.8 1.7466903e+08
179.9 1.7833465e+08
180 1.8020565e+08
180.1 1.8047684e+08
180.2 1.794011e+08
180.3 1.7726963e+08
180.4 1.7439203e+08
180.5 1.7107726e+08
180.6 1.676161e+08
180.7 1.6426558e+08
180.8 1.6123594e+08
180.9 1.5868067e+08
181 1.5669067e+08
181.1 1.5529326e+08
181.2 1.5445693e+08
181.3 1.5410179e+08
181.4 1.5411526e+08
181.5 1.5437197e+08
181.6 1.5475649e+08
181.7 1.5518757e+08
181.8 1.5564159e+08
181.9 1.5617223e+08
182 1.5692115e+08
182.1 1.5811254e+08
182.2 1.6002422e+08
182.3 1.6293207e+08
182.4 1.6703446e+08
182.5 1.7237627e+08
182.6 1.7879842e+08
182.7 1.8593176e+08
182.8 1.9323568e+08
182.9 2.0006597e+08
183 2.0575131e+08
183.1 2.0966271e+08
183.2 2.1126768e+08
183.3 2.1016714e+08
183.4 2.0611606e+08
183.5 1.9903006e+08
183.6 1.8898048e+08
183.7 1.7618034e+08
183.8 1.6096323e+08
183.9 1.4375757e+08
184 1.2505801e+08
184.1 1.053963e+08
184.2 85314058
184.3 65340854
184.4 45986962
184.5 27795283
184.6 11940913
184.7 9350345.3
184.8 21292354
184.9 32991319
185 43083366
185.1 51424414
185.2 58047859
185.3 63057896
185.4 66600822
185.5 68851280
185.6 70003177
185.7 70262482
185.8 69840506
185.9 68946740
186 67780612
186.1 66522100
186.2 65321848
186.3 64292234
186.4 63501302
186.5 62971267
186.6 62682271
186.7 62580666
186.8 62590010
186.9 62622666
187 62590356
187.1 62412746
187.2 62023780
187.3 61375768
187.4 60441414
187.5 59213952
187.6 57705673
187.7 55945165
187.8 53973661
187.9 51840939
188 49601193
188.1 47309233
188.2 45017274
188.3 42772464
188.4 40615195
188.5 38578158
188.6 36686020
188.7 34955593
188.8 33396312
188.9 32010875
189 30795898
189.1 29742485
189.2 28836634
189.3 28059467
189.4 27387304
189.5 26791638
189.6 26239129
189.7 25691725
189.8 25107085
189.9 24439448
190 23641141
190.1 22664903
190.2 21467335
190.3 20014011
190.4 18287524
190.5 16301675
190.6 14130107
190.7 11969754
190.8 10269598
190.9 9825175.2
191 11300418
191.1 14507091
191.2 18865567
191.3 23961645
191.4 29560076
191.5 35518507
191.6 41739522
191.7 48149464
191.8 54688944
191.9 61308044
192 67963329
192.1 74615548
192.2 81227633
192.3 87762940
192.4 94183832
192.5 1.0045068e+08
192.6 1.0652139e+08
192.7 1.123514e+08
192.8 1.1789427e+08
192.9 1.2310255e+08
193 1.2792907e+08
193.1 1.3232835e+08
193.2 1.3625817e+08
193.3 1.3968123e+08
193.4 1.4256686e+08
193.5 1.448928e+08
193.6 1.4664695e+08
193.7 1.4782921e+08
193.8 1.4845298e+08
193.9 1.4854639e+08
194 1.4815264e+08
194.1 1.4732934e+08
194.2 1.4614649e+08
194.3 1.4468287e+08
194.4 1.4302128e+08
194.5 1.4124283e+08
194.6 1.3942128e+08
194.7 1.3761826e+08
194.8 1.3588012e+08
194.9 1.3423701e+08
195 1.3270396e+08
195.1 1.3128355e+08
195.2 1.2996939e+08
195.3 1.2874941e+08
195.4 1.276085e+08
195.5 1.2653013e+08
195.6 1.2549682e+08
195.7 1.2448999e+08
195.8 1.2348927e+08
195.9 1.2247182e+08
196 1.2141173e+08
196.1 1.202799e+08
196.2 1.1904426e+08
196.3 1.1767038e+08
196.4 1.161225e+08
196.5 1.1436475e+08
196.6 1.1236253e+08
196.7 1.10084e+08
196.8 1.0750154e+08
196.9 1.0459317e+08
197 1.013438e+08
197.1 97746428
197.2 93803206
197.3 89526335
197.4 84938867
197.5 80075374
197.6 74982507
197.7 69719438
197.8 64358211
197.9 58984007
198 53695276
198.1 48603603
198.2 43832783
198.3 39515862
198.4 35787696
198.5 32769545
198.6 30543680
198.7 29123134
198.8 28432059
198.9 28312508
199 28556193
199.1 28942382
199.2 29265386
199.3 29349200
199.4 29056287
199.5 28299173
199.6 27062987
199.7 25448709
199.8 23748848
199.9 22547694
200 22728646
200.1 25128719
200.2 29997411
200.3 36993883
200.4 45603240
200.5 55371861
200.6 65935560
200.7 76993845
200.8 88288502
200.9 99592983
201 1.107088e+08
201.1 1.2146534e+08
201.2 1.3172078e+08
201.3 1.4136297e+08
201.4 1.5030951e+08
201.5 1.5850676e+08
201.6 1.6592788e+08
201.7 1.7256991e+08
201.8 1.7845019e+08
201.9 1.8360241e+08
202 1.8807256e+08
202.1 1.91915e+08
202.2 1.9518891e+08
202.3 1.9795523e+08
202.4 2.0027421e+08
202.5 2.0220349e+08
202.6 2.0379679e+08
202.7 2.0510306e+08
202.8 2.0616605e+08
202.9 2.0702424e+08
203 2.0771094e+08
203.1 2.0825454e+08
203.2 2.0867892e+08
203.3 2.0900384e+08
203.4 2.0924535e+08
203.5 2.0941625e+08
203.6 2.0952647e+08
203.7 2.0958353e+08
203.8 2.0959292e+08
203.9 2.0955845e+08
204 2.0948267e+08
204.1 2.0936714e+08
204.2 2.0921271e+08
204.3 2.0901969e+08
204.4 2.0878798e+08
204.5 2.0851709e+08
204.6 2.0820604e+08
204.7 2.0785324e+08
204.8 2.0745633e+08
204.9 2.0701194e+08
205 2.0651553e+08
205.1 2.0596127e+08
205.2 2.0534201e+08
205.3 2.0464935e+08
205.4 2.0387392e+08
205.5 2.0300568e+08
205.6 2.020345e+08
205.7 2.0095075e+08
205.8 1.997461e+08
205.9 1.9841427e+08
206 1.9695198e+08
206.1 1.9535983e+08
206.2 1.936432e+08
206.3 1.9181309e+08
206.4 1.8988685e+08
206.5 1.8788878e+08
206.6 1.8585038e+08
206.7 1.8381034e+08
206.8 1.8181384e+08
206.9 1.7991138e+08
207 1.7815664e+08
207.1 1.7660366e+08
207.2 1.7530303e+08
207.3 1.7429759e+08
207.4 1.7361779e+08
207.5 1.7327723e+08
207.6 1.7326905e+08
207.7 1.7356363e+08
207.8 1.7410819e+08
207.9 1.7482833e+08
208 1.7563168e+08
208.1 1.7641322e+08
208.2 1.7706179e+08
208.3 1.7746728e+08
208.4 1.7752757e+08
208.5 1.7715481e+08
208.6 1.7628027e+08
208.7 1.748575e+08
208.8 1.7286354e+08
208.9 1.7029841e+08
209 1.6718316e+08
209.1 1.6355705e+08
209.2 1.5947443e+08
209.3 1.5500179e+08
209.4 1.5021545e+08
209.5 1.4519991e+08
209.6 1.4004694e+08
209.7 1.3485494e+08
209.8 1.2972829e+08
209.9 1.2477599e+08
210 1.2010916e+08
210.1 1.1583676e+08
210.2 1.1205955e+08
210.3 1.0886256e+08
210.4 1.0630696e+08
210.5 1.0442319e+08
210.6 1.0320679e+08
210.7 1.0261859e+08
210.8 1.0258931e+08
210.9 1.0302764e+08
211 1.038301e+08
211.1 1.0489056e+08
211.2 1.0610807e+08
211.3 1.0739237e+08
211.4 1.0866696e+08
211.5 1.0987025e+08
211.6 1.1095523e+08
211.7 1.1188827e+08
211.8 1.1264748e+08
211.9 1.132209e+08
212 1.1360479e+08
212.1 1.1380201e+08
212.2 1.1382074e+08
212.3 1.1367335e+08
212.4 1.1337563e+08
212.5 1.1294625e+08
212.6 1.1240664e+08
212.7 1.1178105e+08
212.8 1.1109701e+08
212.9 1.1038598e+08
213 1.0968409e+08
213.1 1.0903265e+08
213.2 1.084783e+08
213.3 1.0807225e+08
213.4 1.0786835e+08
213.5 1.0791988e+08
213.6 1.0827504e+08
213.7 1.0897154e+08
213.8 1.100314e+08
213.9 1.1145662e+08
214 1.1322703e+08
214.1 1.1530072e+08
214.2 1.1761716e+08
214.3 1.2010238e+08
214.4 1.2267526e+08
214.5 1.2525396e+08
214.6 1.2776161e+08
214.7 1.3013077e+08
214.8 1.3230649e+08
214.9 1.3424791e+08
215 1.3592879e+08
215.1 1.3733704e+08
215.2 1.3847372e+08
215.3 1.393514e+08
215.4 1.399923e+08
215.5 1.4042598e+08
215.6 1.4068683e+08
215.7 1.4081124e+08
215.8 1.4083459e+08
215.9 1.4078826e+08
216 1.4069696e+08
216.1 1.4057654e+08
216.2 1.4043285e+08
216.3 1.4026165e+08
216.4 1.4004977e+08
216.5 1.397774e+08
216.6 1.3942121e+08
216.7 1.3895777e+08
216.8 1.3836705e+08
216.9 1.3763529e+08
217 1.3675711e+08
217.1 1.3573668e+08
217.2 1.3458795e+08
217.3 1.33334e+08
217.4 1.3200576e+08
217.5 1.306403e+08
217.6 1.2927889e+08
217.7 1.2796486e+08
217.8 1.2674156e+08
217.9 1.2565032e+08
218 1.2472857e+08
218.1 1.2400832e+08
218.2 1.2351496e+08
218.3 1.2326659e+08
218.4 1.2327397e+08
218.5 1.235409e+08
218.6 1.2406516e+08
218.7 1.2483958e+08
218.8 1.2585326e+08
218.9 1.270926e+08
219 1.2854212e+08
219.1 1.3018497e+08
219.2 1.3200317e+08
219.3 1.3397757e+08
219.4 1.3608789e+08
219.5 1.3831257e+08
219.6 1.4062887e+08
219.7 1.4301307e+08
219.8 1.4544092e+08
219.9 1.4788817e+08
220 1.5033137e+08
220.1 1.527487e+08
220.2 1.5512085e+08
220.3 1.574319e+08
220.4 1.5967011e+08
220.5 1.6182857e+08
220.6 1.6390556e+08
220.7 1.659047e+08
220.8 1.6783459e+08
220.9 1.6970804e+08
221 1.7154074e+08
221.1 1.7334943e+08
221.2 1.7514974e+08
221.3 1.7695378e+08
221.4 1.7876795e+08
221.5 1.8059117e+08
221.6 1.824139e+08
221.7 1.8421811e+08
221.8 1.8597798e+08
221.9 1.8766134e+08
222 1.8923113e+08
222.1 1.9064667e+08
222.2 1.9186442e+08
222.3 1.9283817e+08
222.4 1.935191e+08
222.5 1.9385632e+08
222.6 1.9379854e+08
222.7 1.9329754e+08
222.8 1.9231354e+08
222.9 1.9082186e+08
223 1.8881997e+08
223.1 1.8633308e+08
223.2 1.8341677e+08
223.3 1.8015534e+08
223.4 1.7665547e+08
223.5 1.7303573e+08
223.6 1.6941374e+08
223.7 1.6589348e+08
223.8 1.6255521e+08
223.9 1.5945035e+08
224 1.5660216e+08
224.1 1.5401204e+08
224.2 1.5166998e+08
224.3 1.4956718e+08
224.4 1.4770879e+08
224.5 1.461248e+08
224.6 1.4487767e+08
224.7 1.4406495e+08
224.8 1.4381544e+08
224.9 1.4427752e+08
225 1.4559923e+08
225.1 1.4790189e+08
225.2 1.5125165e+08
225.3 1.5563528e+08
225.4 1.609464e+08
225.5 1.6698544e+08
225.6 1.7347255e+08
225.7 1.8006982e+08
225.8 1.8640801e+08
225.9 1.9211396e+08
226 1.9683598e+08
226.1 2.0026584e+08
226.2 2.0215636e+08
226.3 2.0233406e+08
226.4 2.0070652e+08
226.5 1.9726415e+08
226.6 1.9207679e+08
226.7 1.8528555e+08
226.8 1.7709117e+08
226.9 1.6774001e+08
227 1.5750911e+08
227.1 1.4669149e+08
227.2 1.3558276e+08
227.3 1.2446935e+08
227.4 1.1361887e+08
227.5 1.0327216e+08
227.6 93636926
227.7 84882495
227.8 77135459
227.9 70476620
228 64940196
228.1 60516734
228.2 57160741
228.3 54802239
228.4 53359053
228.5 52745382
228.6 52873512
228.7 53648961
228.8 54962695
228.9 56685243
229 58666217
229.1 60740114
229.2 62737089
229.3 64496322
229.4 65879572
229.5 66782859
229.6 67144770
229.7 66950361
229.8 66230258
229.9 65055165
230 63526612
230.1 61765247
230.2 59898239
230.3 58047432
230.4 56319641
230.5 54800101
230.6 53549460
230.7 52604027
230.8 51978332
230.9 51668749
231 51657011
231.1 51912887
231.2 52395895
231.3 53056384
231.4 53836496
231.5 54671403
231.6 55491016
231.7 56222089
231.8 56790529
231.9 57123639
232 57152103
232.1 56811565
232.2 56043776
232.3 54797354
232.4 53028297
232.5 50700474
232.6 47786409
232.7 44268781
232.8 40143363
232.9 35424851
233 30159383
233.1 24455728
233.2 18579712
233.3 13297247
233.4 10878422
233.5 13893362
233.6 20496445
233.7 28513538
233.8 37120742
233.9 45964789
234 54832732
234.1 63563391
234.2 72021722
234.3 80091513
234.4 87674092
234.5 94688982
234.6 1.0107491e+08
234.7 1.0679047e+08
234.8 1.1181407e+08
234.9 1.1614302e+08
235 1.1979183e+08
235.1 1.2278968e+08
235.2 1.2517739e+08
235.3 1.27004e+08
235.4 1.2832334e+08
235.5 1.2919074e+08
235.6 1.2966009e+08
235.7 1.2978161e+08
235.8 1.2960015e+08
235.9 1.2915431e+08
236 1.284763e+08
236.1 1.2759233e+08
236.2 1.2652372e+08
236.3 1.2528827e+08
236.4 1.2390197e+08
236.5 1.2238082e+08
236.6 1.2074249e+08
236.7 1.1900773e+08
236.8 1.1720137e+08
236.9 1.1535265e+08
237 1.1349485e+08
237.1 1.1166415e+08
237.2 1.0989766e+08
237.3 1.0823094e+08
237.4 1.06695e+08
237.5 1.0531349e+08
237.6 1.0410017e+08
237.7 1.0305747e+08
237.8 1.0217613e+08
237.9 1.0143629e+08
238 1.0080972e+08
238.1 1.0026304e+08
238.2 99761180
238.3 99270746
238.4 98762743
238.5 98214358
238.6 97609725
238.7 96939725
238.8 96201055
238.9 95394844
239 94525160
239.1 93597646
239.2 92618509
239.3 91593920
239.4 90529834
239.5 89432108
239.6 88306813
239.7 87160567
239.8 86000810
239.9 84835932
240 83675259
240.1 82528924
240.2 81407677
240.3 80322712
240.4 79285553
240.5 78308057
240.6 77402519
240.7 76581879
240.8 75859968
240.9 75251749
241 74773469
241.1 74442662
241.2 74277957
241.3 74298659
241.4 74524114
241.5 74972899
241.6 75661906
241.7 76605431
241.8 77814356
241.9 79295517
242 81051295
242.1 83079415
242.2 85372896
242.3 87920047
242.4 90704416
242.5 93704632
242.6 96894143
242.7 1.0024092e+08
242.8 1.0370731e+08
242.9 1.0725011e+08
243 1.1082122e+08
243.1 1.1436879e+08
243.2 1.1783897e+08
243.3 1.2117814e+08
243.4 1.2433553e+08
243.5 1.2726575e+08
243.6 1.2993125e+08
243.7 1.323043e+08
243.8 1.3436845e+08
243.9 1.3611955e+08
244 1.3756629e+08
244.1 1.3873067e+08
244.2 1.3964847e+08
244.3 1.4036997e+08
244.4 1.4096081e+08
244.5 1.4150265e+08
244.6 1.4209306e+08
244.7 1.4284349e+08
244.8 1.4387451e+08
244.9 1.4530746e+08
245 1.4725261e+08
245.1 1.497953e+08
245.2 1.5298235e+08
245.3 1.5681199e+08
245.4 1.6122996e+08
245.5 1.6613282e+08
245.6 1.7137786e+08
245.7 1.7679736e+08
245.8 1.8221443e+08
245.9 1.874581e+08
246 1.9237574e+08
246.1 1.968421e+08
246.2 2.0076476e+08
246.3 2.0408614e+08
246.4 2.0678266e+08
246.5 2.0886169e+08
246.6 2.1035685e+08
246.7 2.1132235e+08
246.8 2.1182696e+08
246.9 2.1194804e+08
247 2.1176613e+08
247.1 2.1136032e+08
247.2 2.1080461e+08
247.3 2.1016527e+08
247.4 2.0949919e+08
247.5 2.0885312e+08
247.6 2.0826353e+08
247.7 2.0775705e+08
247.8 2.0735106e+08
247.9 2.0705454e+08
248 2.068688e+08
248.1 2.067881e+08
248.2 2.0680008e+08
248.3 2.0688601e+08
248.4 2.0702068e+08
248.5 2.0717223e+08
248.6 2.0730165e+08
248.7 2.0736225e+08
248.8 2.0729901e+08
248.9 2.070479e+08
249 2.0653541e+08
249.1 2.0567814e+08
249.2 2.0438284e+08
249.3 2.0254693e+08
249.4 2.0005963e+08
249.5 1.9680401e+08
249.6 1.9265997e+08
249.7 1.8750847e+08
249.8 1.812369e+08
249.9 1.7374579e+08
250 1.6495668e+08
250.1 1.5482093e+08
250.2 1.4332942e+08
250.3 1.3052307e+08
250.4 1.1650481e+08
250.5 1.0145568e+08
250.6 85662800
250.7 69582403
250.8 54008818
250.9 40556795
251 32659248
251.1 34354927
251.2 44069963
251.3 57214467
251.4 71204366
251.5 84935023
251.6 97903937
251.7 1.0987081e+08
251.8 1.2073221e+08
251.9 1.304676e+08
252 1.39111e+08
252.1 1.4673311e+08
252.2 1.534286e+08
252.3 1.5930635e+08
252.4 1.6448159e+08
252.5 1.6906906e+08
252.6 1.73177e+08
252.7 1.7690167e+08
252.8 1.8032275e+08
252.9 1.8350016e+08
253 1.8647281e+08
253.1 1.8925966e+08
253.2 1.9186311e+08
253.3 1.94274e+08
253.4 1.9647747e+08
253.5 1.9845835e+08
253.6 2.0020528e+08
253.7 2.0171274e+08
253.8 2.0298079e+08
253.9 2.0401267e+08
254 2.0481067e+08
254.1 2.0537092e+08
254.2 2.0567786e+08
254.3 2.0569906e+08
254.4 2.0538139e+08
254.5 2.0464902e+08
254.6 2.0340423e+08
254.7 2.0153122e+08
254.8 1.9890333e+08
254.9 1.9539342e+08
255 1.9088677e+08
255.1 1.8529565e+08
255.2 1.7857428e+08
255.3 1.7073306e+08
255.4 1.6185102e+08
255.5 1.5208594e+08
255.6 1.415758e+08
255.7 1.3076028e+08
255.8 1.2008186e+08
255.9 1.1007193e+08
256 1.0132344e+08
256.1 94424288
256.2 89837335
256.3 87751793
256.4 87990350
256.5 90052127
256.6 93268376
256.7 96967086
256.8 1.0057408e+08
256.9 1.0364803e+08
257 1.0587744e+08
257.1 1.0706369e+08
257.2 1.0710215e+08
257.3 1.0596569e+08
257.4 1.0369112e+08
257.5 1.0036844e+08
257.6 96132146
257.7 91154783
257.8 85642473
257.9 79832788
258 73994551
258.1 68428060
258.2 63461449
258.3 59434884
258.4 56662283
258.5 55368916
258.6 55627918
258.7 57338427
258.8 60266611
258.9 64122193
259 68625572
259.1 73544212
259.2 78702788
259.3 83979329
259.4 89296480
259.5 94612265
259.6 99911846
259.7 1.0520044e+08
259.8 1.1049708e+08
259.9 1.1582901e+08
260 1.2122626e+08
260.1 1.2671658e+08
260.2 1.3232047e+08
260.3 1.3804662e+08
260.4 1.4388783e+08
260.5 1.4981776e+08
260.6 1.5578877e+08
260.7 1.6173122e+08
260.8 1.6755467e+08
260.9 1.7315136e+08
261 1.7840234e+08
261.1 1.8318647e+08
261.2 1.8739209e+08
261.3 1.9093066e+08
261.4 1.9375097e+08
261.5 1.9585181e+08
261.6 1.9729007e+08
261.7 1.9818149e+08
261.8 1.9869139e+08
261.9 1.9901482e+08
262 1.9934829e+08
262.1 1.9985819e+08
262.2 2.0065379e+08
262.3 2.0177187e+08
262.4 2.0317736e+08
262.5 2.047788e+08
262.6 2.0645309e+08
262.7 2.0807231e+08
262.8 2.095261e+08
262.9 2.1073624e+08
263 2.1166277e+08
263.1 2.1230289e+08
263.2 2.1268502e+08
263.3 2.1285998e+08
263.4 2.1289114e+08
263.5 2.1284448e+08
263.6 2.1277933e+08
263.7 2.1273997e+08
263.8 2.1274837e+08
263.9 2.1279827e+08
264 2.1285097e+08
264.1 2.1283309e+08
264.2 2.1263695e+08
264.3 2.1212394e+08
264.4 2.1113133e+08
264.5 2.0948259e+08
264.6 2.0700127e+08
264.7 2.0352796e+08
264.8 1.9893947e+08
264.9 1.9316888e+08
265 1.8622491e+08
265.1 1.782086e+08
265.2 1.693251e+08
265.3 1.5988832e+08
265.4 1.5031546e+08
265.5 1.4110743e+08
265.6 1.3280927e+08
265.7 1.2594558e+08
265.8 1.2093305e+08
265.9 1.1799018e+08
266 1.170829e+08
266.1 1.1793944e+08
266.2 1.2013069e+08
266.3 1.2317525e+08
266.4 1.2662544e+08
266.5 1.3011598e+08
266.6 1.3337951e+08
266.7 1.3624185e+08
266.8 1.3860804e+08
266.9 1.4044585e+08
267 1.4177008e+08
267.1 1.4262877e+08
267.2 1.4309162e+08
267.3 1.4324046e+08
267.4 1.4316151e+08
267.5 1.429392e+08
267.6 1.4265136e+08
267.7 1.4236559e+08
267.8 1.4213682e+08
267.9 1.4200586e+08
268 1.41999e+08
268.1 1.4212847e+08
268.2 1.4239362e+08
268.3 1.427828e+08
268.4 1.4327555e+08
268.5 1.4384507e+08
268.6 1.4446069e+08
268.7 1.4509025e+08
268.8 1.4570219e+08
268.9 1.4626741e+08
269 1.4676064e+08
269.1 1.4716147e+08
269.2 1.4745495e+08
269.3 1.4763168e+08
269.4 1.4768759e+08
269.5 1.4762331e+08
269.6 1.4744339e+08
269.7 1.4715537e+08
269.8 1.4676892e+08
269.9 1.4629525e+08
270 1.4574674e+08
270.1 1.4513686e+08
270.2 1.4448046e+08
270.3 1.4379399e+08
270.4 1.4309579e+08
270.5 1.4240598e+08
270.6 1.4174594e+08
270.7 1.4113715e+08
270.8 1.4059958e+08
270.9 1.4014964e+08
271 1.3979805e+08
271.1 1.395479e+08
271.2 1.3939324e+08
271.3 1.393183e+08
271.4 1.3929744e+08
271.5 1.3929564e+08
271.6 1.3926936e+08
271.7 1.3916754e+08
271.8 1.3893267e+08
271.9 1.3850178e+08
272 1.3780756e+08
272.1 1.3677966e+08
272.2 1.3534628e+08
272.3 1.3343611e+08
272.4 1.3098047e+08
272.5 1.2791573e+08
272.6 1.2418572e+08
272.7 1.1974417e+08
272.8 1.1455712e+08
272.9 1.0860559e+08
273 1.0188862e+08
273.1 94427342
273.2 86270949
273.3 77506265
273.4 68274624
273.5 58804183
273.6 49476008
273.7 40959525
273.8 34436502
273.9 31625688
274 33695908
274.1 39903474
274.2 48554589
274.3 58354898
274.4 68551938
274.5 78717696
274.6 88597972
274.7 98037222
274.8 1.0694157e+08
274.9 1.1525901e+08
275 1.2296734e+08
275.1 1.3006586e+08
275.2 1.3656914e+08
275.3 1.425021e+08
275.4 1.4789616e+08
275.5 1.5278621e+08
275.6 1.5720843e+08
275.7 1.611987e+08
275.8 1.6479164e+08
275.9 1.6802002e+08
276 1.7091452e+08
276.1 1.735037e+08
276.2 1.7581403e+08
276.3 1.7787011e+08
276.4 1.7969472e+08
276.5 1.8130894e+08
276.6 1.8273219e+08
276.7 1.8398222e+08
276.8 1.8507505e+08
276.9 1.8602484e+08
277 1.8684375e+08
277.1 1.8754176e+08
277.2 1.8812647e+08
277.3 1.8860286e+08
277.4 1.8897309e+08
277.5 1.8923619e+08
277.6 1.8938787e+08
277.7 1.8942027e+08
277.8 1.8932174e+08
277.9 1.8907669e+08
278 1.8866556e+08
278.1 1.880649e+08
278.2 1.872477e+08
278.3 1.8618407e+08
278.4 1.8484237e+08
278.5 1.8319081e+08
278.6 1.8119984e+08
278.7 1.7884491e+08
278.8 1.7610999e+08
278.9 1.7299115e+08
279 1.6950027e+08
279.1 1.6566817e+08
279.2 1.6154689e+08
279.3 1.5721071e+08
279.4 1.5275549e+08
279.5 1.4829635e+08
279.6 1.4396368e+08
279.7 1.3989743e+08
279.8 1.3624019e+08
279.9 1.3312929e+08
280 1.3068837e+08
280.1 1.2901931e+08
280.2 1.2819527e+08
280.3 1.2825595e+08
280.4 1.2920604e+08
280.5 1.3101685e+08
280.6 1.3363112e+08
280.7 1.3696961e+08
280.8 1.4093852e+08
280.9 1.4543631e+08
281 1.5035935e+08
281.1 1.5560573e+08
281.2 1.6107754e+08
281.3 1.6668152e+08
281.4 1.7232856e+08
281.5 1.7793223e+08
281.6 1.8340684e+08
281.7 1.8866526e+08
281.8 1.9361687e+08
281.9 1.9816584e+08
282 2.0221024e+08
282.1 2.0564193e+08
282.2 2.0834759e+08
282.3 2.1021076e+08
282.4 2.1111501e+08
282.5 2.1094786e+08
282.6 2.0960551e+08
282.7 2.0699788e+08
282.8 2.0305405e+08
282.9 1.977279e+08
283 1.91004e+08
283.1 1.8290396e+08
283.2 1.7349345e+08
283.3 1.6289036e+08
283.4 1.5127458e+08
283.5 1.3890049e+08
283.6 1.261134e+08
283.7 1.133711e+08
283.8 1.012692e+08
283.9 90557819
284 82109749
284.1 76763104
284.2 75002091
284.3 76658805
284.4 80954500
284.5 86861379
284.6 93441726
284.7 99988467
284.8 1.0602727e+08
284.9 1.1127221e+08
285 1.1557911e+08
285.1 1.1890814e+08
285.2 1.2129563e+08
285.3 1.2283293e+08
285.4 1.236504e+08
285.5 1.2390484e+08
285.6 1.2376933e+08
285.7 1.2342411e+08
285.8 1.2304758e+08
285.9 1.2280629e+08
286 1.2284377e+08
286.1 1.2326873e+08
286.2 1.2414448e+08
286.3 1.2548198e+08
286.4 1.2723901e+08
286.5 1.2932662e+08
286.6 1.3162211e+08
286.7 1.3398629e+08
286.8 1.3628178e+08
286.9 1.3838911e+08
287 1.402184e+08
287.1 1.4171541e+08
287.2 1.4286209e+08
287.3 1.4367269e+08
287.4 1.4418712e+08
287.5 1.4446367e+08
287.6 1.4457244e+08
287.7 1.4459083e+08
287.8 1.4460108e+08
287.9 1.4468919e+08
288 1.4494407e+08
288.1 1.4545539e+08
288.2 1.4630894e+08
288.3 1.4757931e+08
288.4 1.4932047e+08
288.5 1.5155612e+08
288.6 1.5427243e+08
288.7 1.5741519e+08
288.8 1.6089261e+08
288.9 1.6458354e+08
289 1.6834909e+08
289.1 1.7204544e+08
289.2 1.7553533e+08
289.3 1.7869636e+08
289.4 1.8142524e+08
289.5 1.836379e+08
289.6 1.8526588e+08
289.7 1.8625016e+08
289.8 1.8653362e+08
289.9 1.8605333e+08
290 1.8473395e+08
290.1 1.8248332e+08
290.2 1.7919107e+08
290.3 1.7473077e+08
290.4 1.6896615e+08
290.5 1.6176126e+08
290.6 1.5299428e+08
290.7 1.4257452e+08
290.8 1.3046144e+08
290.9 1.1668496e+08
291 1.0136658e+08
291.1 84743628
291.2 67208820
291.3 49417177
291.4 32717185
291.5 21214079
291.6 23510267
291.7 35726682
291.8 49599545
291.9 62524835
292 73660280
292.1 82678171
292.2 89499823
292.3 94213834
292.4 97033067
292.5 98260214
292.6 98256048
292.7 97410434
292.8 96117287
292.9 94754293
293 93667424
293.1 93159643
293.2 93482816
293.3 94831974
293.4 97341400
293.5 1.010824e+08
293.6 1.0606282e+08
293.7 1.1222829e+08
293.8 1.1946522e+08
293.9 1.2760531e+08
294 1.3643194e+08
294.1 1.4568853e+08
294.2 1.5508917e+08
294.3 1.6433152e+08
294.4 1.731117e+08
294.5 1.8114034e+08
294.6 1.8815886e+08
294.7 1.9395468e+08
294.8 1.9837396e+08
294.9 2.0133073e+08
295 2.0281142e+08
295.1 2.0287421e+08
295.2 2.0164324e+08
295.3 1.9929796e+08
295.4 1.960588e+08
295.5 1.9217029e+08
295.6 1.8788334e+08
295.7 1.834386e+08
295.8 1.7905234e+08
295.9 1.7490642e+08
296 1.7114281e+08
296.1 1.6786273e+08
296.2 1.6512913e+08
296.3 1.6297109e+08
296.4 1.6138837e+08
296.5 1.603547e+08
296.6 1.5981947e+08
296.7 1.5970817e+08
296.8 1.5992269e+08
296.9 1.6034289e+08
297 1.6083052e+08
297.1 1.612358e+08
297.2 1.6140648e+08
297.3 1.6119844e+08
297.4 1.6048659e+08
297.5 1.5917488e+08
297.6 1.5720443e+08
297.7 1.5455922e+08
297.8 1.5126893e+08
297.9 1.4740894e+08
298 1.430975e+08
298.1 1.3848998e+08
298.2 1.3377015e+08
298.3 1.2913807e+08
298.4 1.2479452e+08
298.5 1.2092253e+08
298.6 1.1766749e+08
298.7 1.1511912e+08
298.8 1.1329954e+08
298.9 1.1216082e+08
299 1.1159337e+08
299.1 1.114429e+08
299.2 1.1153155e+08
299.3 1.1167834e+08
299.4 1.1171598e+08
299.5 1.1150278e+08
299.6 1.109304e+08
299.7 1.0992873e+08
299.8 1.0846964e+08
299.9 1.0657057e+08
300 1.0429885e+08
300.1 1.0177637e+08
300.2 99183228
300.3 96757146
300.4 94783641
300.5 93571151
300.6 93408141
300.7 94508006
300.8 96959078
300.9 1.0070117e+08
301 1.0553893e+08
301.1 1.1118336e+08
301.2 1.1730244e+08
301.3 1.2356499e+08
301.4 1.296714e+08
301.5 1.3537154e+08
301.6 1.4047321e+08
301.7 1.4484387e+08
301.8 1.4840803e+08
301.9 1.511418e+08
302 1.530657e+08
302.1 1.5423677e+08
302.2 1.5474076e+08
302.3 1.5468501e+08
302.4 1.5419247e+08
302.5 1.5339687e+08
302.6 1.5243877e+08
302.7 1.5146192e+08
302.8 1.5060914e+08
302.9 1.5001689e+08
303 1.4980822e+08
303.1 1.5008415e+08
303.2 1.5091449e+08
303.3 1.5232977e+08
303.4 1.5431628e+08
303.5 1.5681576e+08
303.6 1.5973045e+08
303.7 1.6293288e+08
303.8 1.6627881e+08
303.9 1.6962135e+08
304 1.7282416e+08
304.1 1.7577216e+08
304.2 1.7837886e+08
304.3 1.8058981e+08
304.4 1.8238236e+08
304.5 1.8376234e+08
304.6 1.8475858e+08
304.7 1.8541623e+08
304.8 1.8579004e+08
304.9 1.8593842e+08
305 1.8591885e+08
305.1 1.8578489e+08
305.2 1.8558472e+08
305.3 1.8536076e+08
305.4 1.8514999e+08
305.5 1.8498428e+08
305.6 1.8489042e+08
305.7 1.8488953e+08
305.8 1.849958e+08
305.9 1.8521505e+08
306 1.8554324e+08
306.1 1.8596567e+08
306.2 1.8645719e+08
306.3 1.8698361e+08
306.4 1.8750408e+08
306.5 1.879741e+08
306.6 1.8834865e+08
306.7 1.8858474e+08
306.8 1.8864302e+08
306.9 1.8848834e+08
307 1.8808914e+08
307.1 1.87416e+08
307.2 1.8643969e+08
307.3 1.8512911e+08
307.4 1.8344948e+08
307.5 1.8136127e+08
307.6 1.7881984e+08
307.7 1.7577622e+08
307.8 1.7217868e+08
307.9 1.6797516e+08
308 1.6311635e+08
308.1 1.5755896e+08
308.2 1.5126919e+08
308.3 1.4422595e+08
308.4 1.3642382e+08
308.5 1.2787561e+08
308.6 1.1861438e+08
308.7 1.0869538e+08
308.8 98197726
308.9 87226847
309 75918756
309.1 64449406
309.2 53056871
309.3 42097359
309.4 32192995
309.5 24588421
309.6 21440130
309.7 23908723
309.8 29991903
309.9 37339401
310 44739316
310.1 51630409
310.2 57723390
310.3 62851184
310.4 66911034
310.5 69840053
310.6 71603846
310.7 72190902
310.8 71609934
310.9 69889075
311 67076507
311.1 63242524
311.2 58483395
311.3 52928113
311.4 46750666
311.5 40193963
311.6 33619347
311.7 27607475
311.8 23110816
311.9 21374982
312 22974445
312.1 27025603
312.2 32174686
312.3 37451078
312.4 42263194
312.5 46236887
312.6 49121630
312.7 50748635
312.8 51013103
312.9 49866303
313 47311046
313.1 43397692
313.2 38219675
313.3 31908827
313.4 24633106
313.5 16610088
313.6 8261232.2
313.7 4057874.8
313.8 11866495
313.9 21176069
314 30558703
314.1 39755677
314.2 48611982
314.3 57009810
314.4 64856886
314.5 72082811
314.6 78637047
314.7 84487256
314.8 89617683
314.9 94027542
315 97729418
315.1 1.0074772e+08
315.2 1.0311726e+08
315.3 1.0488189e+08
315.4 1.0609331e+08
315.5 1.0680998e+08
315.6 1.0709604e+08
315.7 1.0702022e+08
315.8 1.066547e+08
315.9 1.0607378e+08
316 1.0535239e+08
316.1 1.0456435e+08
316.2 1.0378044e+08
316.3 1.0306625e+08
316.4 1.0247997e+08
316.5 1.0207012e+08
316.6 1.0187349e+08
316.7 1.0191337e+08
316.8 1.0219833e+08
316.9 1.0272164e+08
317 1.0346151e+08
317.1 1.0438205e+08
317.2 1.0543497e+08
317.3 1.0656165e+08
317.4 1.0769563e+08
317.5 1.0876492e+08
317.6 1.0969434e+08
317.7 1.1040735e+08
317.8 1.1082765e+08
317.9 1.1088032e+08
318 1.1049272e+08
318.1 1.0959517e+08
318.2 1.0812166e+08
318.3 1.0601085e+08
318.4 1.0320741e+08
318.5 99664173
318.6 95345202
318.7 90230126
318.8 84320378
318.9 77648326
319 70291629
319.1 62397904
319.2 54230948
319.3 46261467
319.4 39332983
319.5 34841233
319.6 34420399
319.7 38633167
319.8 46433500
319.9 56378673
320 67430015
320.1 78942986
320.2 90506506
320.3 1.0183962e+08
320.4 1.1273928e+08
320.5 1.2305487e+08
320.6 1.326752e+08
320.7 1.4152134e+08
320.8 1.49542e+08
320.9 1.5671013e+08
321 1.6301995e+08
321.1 1.6848421e+08
321.2 1.7313171e+08
321.3 1.7700485e+08
321.4 1.8015746e+08
321.5 1.8265278e+08
321.6 1.8456157e+08
321.7 1.8596022e+08
321.8 1.8692892e+08
321.9 1.8754951e+08
322 1.8790322e+08
322.1 1.8806803e+08
322.2 1.8811595e+08
322.3 1.8811026e+08
322.4 1.8810311e+08
322.5 1.8813376e+08
322.6 1.8822781e+08
322.7 1.8839761e+08
322.8 1.886438e+08
322.9 1.8895794e+08
323 1.8932561e+08
323.1 1.8972971e+08
323.2 1.9015341e+08
323.3 1.9058234e+08
323.4 1.9100607e+08
323.5 1.9141863e+08
323.6 1.9181852e+08
323.7 1.9220833e+08
323.8 1.9259426e+08
323.9 1.9298591e+08
324 1.9339616e+08
324.1 1.9384135e+08
324.2 1.9434139e+08
324.3 1.9491953e+08
324.4 1.9560121e+08
324.5 1.9641169e+08
324.6 1.9737224e+08
324.7 1.9849513e+08
324.8 1.9977818e+08
324.9 2.0120014e+08
325 2.0271805e+08
325.1 2.0426778e+08
325.2 2.0576772e+08
325.3 2.0712542e+08
325.4 2.0824577e+08
325.5 2.0903949e+08
325.6 2.0943066e+08
325.7 2.0936243e+08
325.8 2.0880072e+08
325.9 2.0773582e+08
326 2.0618232e+08
326.1 2.0417763e+08
326.2 2.0177948e+08
326.3 1.9906251e+08
326.4 1.9611414e+08
326.5 1.9302979e+08
326.6 1.8990742e+08
326.7 1.868417e+08
326.8 1.8391813e+08
326.9 1.8120748e+08
327 1.7876137e+08
327.1 1.7660935e+08
327.2 1.747582e+08
327.3 1.7319341e+08
327.4 1.7188288e+08
327.5 1.7078212e+08
327.6 1.6984045e+08
327.7 1.6900722e+08
327.8 1.682374e+08
327.9 1.6749586e+08
328 1.6675982e+08
328.1 1.6601934e+08
328.2 1.6527562e+08
328.3 1.6453739e+08
328.4 1.6381584e+08
328.5 1.6311903e+08
328.6 1.6244669e+08
328.7 1.6178665e+08
328.8 1.6111382e+08
328.9 1.6039195e+08
329 1.5957816e+08
329.1 1.5862925e+08
329.2 1.5750874e+08
329.3 1.5619313e+08
329.4 1.5467665e+08
329.5 1.5297348e+08
329.6 1.5111756e+08
329.7 1.4915999e+08
329.8 1.4716452e+08
329.9 1.4520186e+08
330 1.4334326e+08
330.1 1.4165426e+08
330.2 1.4018892e+08
330.3 1.3898536e+08
330.4 1.3806262e+08
330.5 1.3741949e+08
330.6 1.3703484e+08
330.7 1.3686968e+08
330.8 1.3687035e+08
330.9 1.3697244e+08
331 1.3710516e+08
331.1 1.3719573e+08
331.2 1.3717354e+08
331.3 1.3697409e+08
331.4 1.3654247e+08
331.5 1.3583641e+08
331.6 1.3482874e+08
331.7 1.3350923e+08
331.8 1.3188547e+08
331.9 1.2998275e+08
332 1.2784262e+08
332.1 1.2552024e+08
332.2 1.2308043e+08
332.3 1.2059273e+08
332.4 1.1812597e+08
332.5 1.1574284e+08
332.6 1.1349534e+08
332.7 1.1142155e+08
332.8 1.0954441e+08
332.9 1.0787252e+08
333 1.0640304e+08
333.1 1.0512616e+08
333.2 1.0403076e+08
333.3 1.0311056e+08
333.4 1.0237017e+08
333.5 1.0183001e+08
333.6 1.0152938e+08
333.7 1.0152648e+08
333.8 1.018945e+08
333.9 1.0271343e+08
334 1.0405819e+08
334.1 1.0598501e+08
334.2 1.085192e+08
334.3 1.1164715e+08
334.4 1.1531509e+08
334.5 1.1943444e+08
334.6 1.2389232e+08
334.7 1.2856435e+08
334.8 1.3332715e+08
334.9 1.3806845e+08
335 1.4269389e+08
335.1 1.4713019e+08
335.2 1.5132536e+08
335.3 1.5524662e+08
335.4 1.5887698e+08
335.5 1.6221127e+08
335.6 1.652523e+08
335.7 1.6800752e+08
335.8 1.7048616e+08
335.9 1.7269682e+08
336 1.7464521e+08
336.1 1.7633188e+08
336.2 1.777497e+08
336.3 1.7888116e+08
336.4 1.7969572e+08
336.5 1.8014752e+08
336.6 1.8017413e+08
336.7 1.7969679e+08
336.8 1.786228e+08
336.9 1.7685058e+08
337 1.7427775e+08
337.1 1.708124e+08
337.2 1.6638751e+08
337.3 1.609784e+08
337.4 1.5462291e+08
337.5 1.4744386e+08
337.6 1.3967294e+08
337.7 1.3167383e+08
337.8 1.2395858e+08
337.9 1.1718331e+08
338 1.1209782e+08
338.1 1.0942154e+08
338.2 1.0965459e+08
338.3 1.129092e+08
338.4 1.1887915e+08
338.5 1.2696798e+08
338.6 1.3647477e+08
338.7 1.4673374e+08
338.8 1.57179e+08
338.9 1.6735636e+08
339 1.769102e+08
339.1 1.8556267e+08
339.2 1.9309367e+08
339.3 1.9932461e+08
339.4 2.0410688e+08
339.5 2.0731522e+08
339.6 2.0884554e+08
339.7 2.0861681e+08
339.8 2.0657613e+08
339.9 2.0270607e+08
340 1.9703301e+08
340.1 1.8963524e+08
340.2 1.8064949e+08
340.3 1.7027487e+08
340.4 1.5877357e+08
340.5 1.4646812e+08
340.6 1.3373583e+08
340.7 1.2100065e+08
340.8 1.0872276e+08
340.9 97383581
341 87460064
341.1 79377690
341.2 73434668
341.3 69713271
341.4 68031286
341.5 67986085
341.6 69076456
341.7 70827427
341.8 72862053
341.9 74917836
342 76831932
342.1 78516601
342.2 79936016
342.3 81088264
342.4 81992942
342.5 82683465
342.6 83202910
342.7 83602160
342.8 83939179
342.9 84278408
343 84689437
343.1 85244416
343.2 86014011
343.3 87062162
343.4 88440259
343.5 90181634
343.6 92297266
343.7 94773372
343.8 97571155
343.9 1.0062859e+08
344 1.0386386e+08
344.1 1.0718002e+08
344.2 1.1047037e+08
344.3 1.1362434e+08
344.4 1.1653337e+08
344.5 1.1909654e+08
344.6 1.2122543e+08
344.7 1.2284792e+08
344.8 1.2391054e+08
344.9 1.2437934e+08
345 1.2423937e+08
345.1 1.2349315e+08
345.2 1.2215874e+08
345.3 1.2026791e+08
345.4 1.1786485e+08
345.5 1.150057e+08
345.6 1.1175871e+08
345.7 1.0820478e+08
345.8 1.044375e+08
345.9 1.005623e+08
346 96693830
346.1 92951220
346.2 89451262
346.3 86299813
346.4 83582449
346.5 81355776
346.6 79641104
346.7 78421969
346.8 77646208
346.9 77232236
347 77078191
347.1 77072267
347.2 77102731
347.3 77066698
347.4 76877246
347.5 76468777
347.6 75800654
347.7 74859091
347.8 73657252
347.9 72233478
348 70647594
348.1 68975345
348.2 67301140
348.3 65709549
348.4 64276315
348.5 63060022
348.6 62095810
348.7 61392428
348.8 60933388
348.9 60682063
349 60589724
349.1 60605029
349.2 60683573
349.3 60796503
349.4 60937648
349.5 61128828
349.6 61422905
349.7 61903765
349.8 62682032
349.9 63885374
350 65643157
350.1 68067273
350.2 71233260
350.3 75166842
350.4 79839467
350.5 85173095
350.6 91051501
350.7 97334351
350.8 1.0387104e+08
350.9 1.105126e+08
351 1.1712113e+08
351.1 1.2357669e+08
351.2 1.2978177e+08
351.3 1.3566362e+08
351.4 1.411746e+08
351.5 1.4629089e+08
351.6 1.5100976e+08
351.7 1.5534599e+08
351.8 1.5932771e+08
351.9 1.6299214e+08
352 1.6638148e+08
352.1 1.695393e+08
352.2 1.7250745e+08
352.3 1.7532355e+08
352.4 1.7801905e+08
352.5 1.8061774e+08
352.6 1.8313467e+08
352.7 1.8557551e+08
352.8 1.8793636e+08
352.9 1.902042e+08
353 1.9235794e+08
353.1 1.9437045e+08
353.2 1.9621119e+08
353.3 1.9784962e+08
353.4 1.9925884e+08
353.5 2.0041927e+08
353.6 2.0132179e+08
353.7 2.0197001e+08
353.8 2.0238137e+08
353.9 2.0258673e+08
354 2.0262868e+08
354.1 2.0255837e+08
354.2 2.0243138e+08
354.3 2.0230284e+08
354.4 2.0222219e+08
354.5 2.0222831e+08
354.6 2.0234526e+08
354.7 2.0257921e+08
354.8 2.0291694e+08
354.9 2.0332604e+08
355 2.037568e+08
355.1 2.0414565e+08
355.2 2.0441978e+08
355.3 2.0450245e+08
355.4 2.0431842e+08
355.5 2.0379911e+08
355.6 2.0288694e+08
355.7 2.0153852e+08
355.8 1.9972659e+08
355.9 1.9744053e+08
356 1.9468579e+08
356.1 1.914824e+08
356.2 1.8786312e+08
356.3 1.8387172e+08
356.4 1.7956171e+08
356.5 1.7499596e+08
356.6 1.7024704e+08
356.7 1.6539798e+08
356.8 1.6054287e+08
356.9 1.5578652e+08
357 1.5124245e+08
357.1 1.4702861e+08
357.2 1.4326083e+08
357.3 1.4004442e+08
357.4 1.3746515e+08
357.5 1.3558106e+08
357.6 1.3441714e+08
357.7 1.3396392e+08
357.8 1.3418065e+08
357.9 1.3500215e+08
358 1.3634782e+08
358.1 1.3813099e+08
358.2 1.4026697e+08
358.3 1.4267881e+08
358.4 1.4530063e+08
358.5 1.480786e+08
358.6 1.5097026e+08
358.7 1.539428e+08
358.8 1.5697092e+08
358.9 1.6003484e+08
359 1.6311859e+08
359.1 1.6620887e+08
359.2 1.6929426e+08
359.3 1.7236466e+08
359.4 1.7541074e+08
359.5 1.7842307e+08
359.6 1.8139097e+08
359.7 1.8430084e+08
359.8 1.8713424e+08
359.9 1.898659e+08
360 1.9246192e+08
360.1 1.9487885e+08
360.2 1.9706376e+08
360.3 1.9895603e+08
360.4 2.0049074e+08
360.5 2.0160377e+08
360.6 2.0223798e+08
360.7 2.023499e+08
360.8 2.0191589e+08
360.9 2.0093672e+08
361 1.9943991e+08
361.1 1.9747937e+08
361.2 1.9513243e+08
361.3 1.9249457e+08
361.4 1.8967273e+08
361.5 1.86778e+08
361.6 1.8391844e+08
361.7 1.8119265e+08
361.8 1.7868467e+08
361.9 1.7646027e+08
362 1.745649e+08
362.1 1.7302333e+08
362.2 1.7184067e+08
362.3 1.7100481e+08
362.4 1.7048979e+08
362.5 1.7025977e+08
362.6 1.7027323e+08
362.7 1.7048693e+08
362.8 1.7085929e+08
362.9 1.7135312e+08
363 1.7193729e+08
363.1 1.7258763e+08
363.2 1.7328688e+08
363.3 1.740239e+08
363.4 1.7479222e+08
363.5 1.7558821e+08
363.6 1.7640892e+08
363.7 1.7724981e+08
363.8 1.7810256e+08
363.9 1.7895313e+08
364 1.7978006e+08
364.1 1.8055335e+08
364.2 1.8123377e+08
364.3 1.8177282e+08
364.4 1.8211332e+08
364.5 1.821907e+08
364.6 1.8193516e+08
364.7 1.8127451e+08
364.8 1.8013803e+08
364.9 1.7846105e+08
365 1.7619038e+08
365.1 1.7329033e+08
365.2 1.697491e+08
365.3 1.6558511e+08
365.4 1.6085292e+08
365.5 1.5564805e+08
365.6 1.5010996e+08
365.7 1.4442227e+08
365.8 1.3880885e+08
365.9 1.3352427e+08
366 1.2883707e+08
366.1 1.2500504e+08
366.2 1.2224442e+08
366.3 1.2069844e+08
366.4 1.204142e+08
366.5 1.2133619e+08
366.6 1.2331955e+08
366.7 1.2615786e+08
366.8 1.2961597e+08
366.9 1.3345875e+08
367 1.3747127e+08
367.1 1.4146985e+08
367.2 1.4530595e+08
367.3 1.4886536e+08
367.4 1.5206483e+08
367.5 1.5484761e+08
367.6 1.5717879e+08
367.7 1.5904096e+08
367.8 1.6043048e+08
367.9 1.6135451e+08
368 1.6182872e+08
368.1 1.6187568e+08
368.2 1.6152387e+08
368.3 1.6080705e+08
368.4 1.5976384e+08
368.5 1.5843739e+08
368.6 1.5687489e+08
368.7 1.5512682e+08
368.8 1.5324598e+08
368.9 1.5128624e+08
369 1.4930111e+08
369.1 1.4734222e+08
369.2 1.4545797e+08
369.3 1.436922e+08
369.4 1.4208321e+08
369.5 1.40663e+08
369.6 1.3945674e+08
369.7 1.384825e+08
369.8 1.3775118e+08
369.9 1.3726658e+08
370 1.3702564e+08
370.1 1.3701888e+08
370.2 1.3723098e+08
370.3 1.3764154e+08
370.4 1.3822598e+08
370.5 1.3895663e+08
370.6 1.3980381e+08
370.7 1.4073698e+08
370.8 1.4172587e+08
370.9 1.4274138e+08
371 1.4375649e+08
371.1 1.4474686e+08
371.2 1.4569127e+08
371.3 1.4657184e+08
371.4 1.4737411e+08
371.5 1.4808687e+08
371.6 1.4870189e+08
371.7 1.4921351e+08
371.8 1.4961818e+08
371.9 1.4991395e+08
372 1.5009994e+08
372.1 1.5017594e+08
372.2 1.5014202e+08
372.3 1.4999835e+08
372.4 1.4974517e+08
372.5 1.4938285e+08
372.6 1.4891222e+08
372.7 1.4833491e+08
372.8 1.4765375e+08
372.9 1.4687313e+08
373 1.4599922e+08
373.1 1.4503999e+08
373.2 1.4400483e+08
373.3 1.4290396e+08
373.4 1.4174746e+08
373.5 1.4054408e+08
373.6 1.3929988e+08
373.7 1.3801693e+08
373.8 1.3669215e+08
373.9 1.3531629e+08
374 1.338733e+08
374.1 1.3233987e+08
374.2 1.3068529e+08
374.3 1.2887162e+08
374.4 1.2685407e+08
374.5 1.2458197e+08
374.6 1.2200022e+08
374.7 1.190516e+08
374.8 1.1567979e+08
374.9 1.1183334e+08
375 1.0747033e+08
375.1 1.0256368e+08
375.2 97106824
375.3 91119923
375.4 84656854
375.5 77813804
375.6 70741032
375.7 63660004
375.8 56887756
375.9 50864896
376 46163435
376.1 43410084
376.2 43059193
376.3 45124137
376.4 49157906
376.5 54510983
376.6 60578489
376.7 66892569
376.8 73117415
376.9 79018412
377 84434128
377.1 89256243
377.2 93415831
377.3 96873785
377.4 99613865
377.5 1.0163758e+08
377.6 1.0296056e+08
377.7 1.0361048e+08
377.8 1.0362646e+08
377.9 1.0306026e+08
378 1.019792e+08
378.1 1.0047061e+08
378.2 98647404
378.3 96653696
378.4 94668540
378.5 92905072
378.6 91601332
378.7 90999648
378.8 91314528
378.9 92695091
379 95194103
379.1 98756022
379.2 1.0322873e+08
379.3 1.0839301e+08
379.4 1.1399825e+08
379.5 1.1979443e+08
379.6 1.2555577e+08
379.7 1.3109507e+08
379.8 1.3627024e+08
379.9 1.4098462e+08
380 1.4518264e+08
380.1 1.4884219e+08
380.2 1.5196507e+08
380.3 1.5456698e+08
380.4 1.5666827e+08
380.5 1.5828682e+08
380.6 1.5943382e+08
380.7 1.6011276e+08
380.8 1.6032163e+08
380.9 1.6005753e+08
381 1.5932264e+08
381.1 1.5813038e+08
381.2 1.5651059e+08
381.3 1.5451287e+08
381.4 1.5220751e+08
381.5 1.4968424e+08
381.6 1.4704914e+08
381.7 1.4442062e+08
381.8 1.4192508e+08
381.9 1.3969308e+08
382 1.3785579e+08
382.1 1.365414e+08
382.2 1.3587083e+08
382.3 1.3595177e+08
382.4 1.3687122e+08
382.5 1.3868705e+08
382.6 1.4142013e+08
382.7 1.4504893e+08
382.8 1.4950765e+08
382.9 1.5468855e+08
383 1.6044776e+08
383.1 1.6661336e+08
383.2 1.7299459e+08
383.3 1.7939126e+08
383.4 1.8560289e+08
383.5 1.9143737e+08
383.6 1.9671927e+08
383.7 2.0129771e+08
383.8 2.050537e+08
383.9 2.0790676e+08
384 2.0982013e+08
384.1 2.1080423e+08
384.2 2.1091729e+08
384.3 2.1026282e+08
384.4 2.0898301e+08
384.5 2.072483e+08
384.6 2.0524338e+08
384.7 2.0315105e+08
384.8 2.0113591e+08
384.9 1.9933032e+08
385 1.9782501e+08
385.1 1.9666558e+08
385.2 1.958551e+08
385.3 1.9536129e+08
385.4 1.9512586e+08
385.5 1.950738e+08
385.6 1.9512044e+08
385.7 1.9517582e+08
385.8 1.9514652e+08
385.9 1.9493605e+08
386 1.9444518e+08
386.1 1.9357351e+08
386.2 1.9222331e+08
386.3 1.903056e+08
386.4 1.8774828e+08
386.5 1.8450504e+08
386.6 1.8056363e+08
386.7 1.7595189e+08
386.8 1.7073998e+08
386.9 1.6503803e+08
387 1.5898882e+08
387.1 1.5275625e+08
387.2 1.4651076e+08
387.3 1.4041398e+08
387.4 1.3460482e+08
387.5 1.2918934e+08
387.6 1.2423597e+08
387.7 1.1977659e+08
387.8 1.158126e+08
387.9 1.1232405e+08
388 1.0927929e+08
388.1 1.0664301e+08
388.2 1.043813e+08
388.3 1.0246328e+08
388.4 1.0085992e+08
388.5 99541089
388.6 98472161
388.7 97611119
388.8 96906923
388.9 96299271
389 95719595
389.1 95092906
389.2 94340076
389.3 93380256
389.4 92133284
389.5 90522070
389.6 88475065
389.7 85928962
389.8 82831860
389.9 79147160
390 74858656
390.1 69977591
390.2 64553102
390.3 58688694
390.4 52569582
390.5 46508497
390.6 41015639
390.7 36866013
390.8 35021707
390.9 36188428
391 40282376
391.1 46553871
391.2 54141035
391.3 62364456
391.4 70745345
391.5 78951039
391.6 86749532
391.7 93981746
391.8 1.0054514e+08
391.9 1.063829e+08
392 1.1147556e+08
392.1 1.1583351e+08
392.2 1.1949001e+08
392.3 1.2249464e+08
392.4 1.2490749e+08
392.5 1.2679421e+08
392.6 1.2822204e+08
392.7 1.2925684e+08
392.8 1.2996097e+08
392.9 1.3039197e+08
393 1.3060179e+08
393.1 1.3063642e+08
393.2 1.3053584e+08
393.3 1.3033419e+08
393.4 1.300601e+08
393.5 1.2973718e+08
393.6 1.2938463e+08
393.7 1.2901805e+08
393.8 1.2865034e+08
393.9 1.2829268e+08
394 1.2795557e+08
394.1 1.2764979e+08
394.2 1.2738727e+08
394.3 1.2718174e+08
394.4 1.2704921e+08
394.5 1.2700804e+08
394.6 1.2707895e+08
394.7 1.2728456e+08
394.8 1.2764887e+08
394.9 1.2819644e+08
395 1.2895159e+08
395.1 1.2993732e+08
395.2 1.3117441e+08
395.3 1.3268038e+08
395.4 1.344687e+08
395.5 1.3654813e+08
395.6 1.3892226e+08
395.7 1.4158945e+08
395.8 1.4454286e+08
395.9 1.4777087e+08
396 1.5125739e+08
396.1 1.5498218e+08
396.2 1.5892084e+08
396.3 1.6304438e+08
396.4 1.6731824e+08
396.5 1.7170078e+08
396.6 1.7614135e+08
396.7 1.8057832e+08
396.8 1.8493741e+08
396.9 1.8913093e+08
397 1.9305835e+08
397.1 1.9660857e+08
397.2 1.9966417e+08
397.3 2.0210731e+08
397.4 2.0382701e+08
397.5 2.0472711e+08
397.6 2.0473412e+08
397.7 2.0380421e+08
397.8 2.0192848e+08
397.9 1.9913618e+08
398 1.9549521e+08
398.1 1.9110995e+08
398.2 1.8611636e+08
398.3 1.8067474e+08
398.4 1.7496054e+08
398.5 1.6915403e+08
398.6 1.6342962e+08
398.7 1.5794587e+08
398.8 1.5283713e+08
398.9 1.4820776e+08
399 1.4412934e+08
399.1 1.4064115e+08
399.2 1.3775327e+08
399.3 1.3545156e+08
399.4 1.3370318e+08
399.5 1.3246181e+08
399.6 1.3167154e+08
399.7 1.3126941e+08
399.8 1.311866e+08
399.9 1.313487e+08
400 1.3167572e+08
400.1 1.3208231e+08
400.2 1.3247844e+08
400.3 1.3277082e+08
400.4 1.3286485e+08
400.5 1.3266708e+08
400.6 1.3208784e+08
400.7 1.3104385e+08
400.8 1.2946057e+08
400.9 1.272742e+08
401 1.2443329e+08
401.1 1.2090006e+08
401.2 1.166516e+08
401.3 1.1168121e+08
401.4 1.0600034e+08
401.5 99641493
401.6 92662983
401.7 85156460
401.8 77259176
401.9 69174108
402 61202937
402.1 53796543
402.2 47613552
402.3 43517584
402.4 42344259
402.5 44405838
402.6 49244572
402.7 55992839
402.8 63830709
402.9 72151188
403 80540060
403.1 88718997
403.2 96501049
403.3 1.0376218e+08
403.4 1.1042363e+08
403.5 1.1644068e+08
403.6 1.2179496e+08
403.7 1.2648906e+08
403.8 1.3054252e+08
403.9 1.3398874e+08
404 1.3687258e+08
404.1 1.3924833e+08
404.2 1.4117773e+08
404.3 1.4272789e+08
404.4 1.4396865e+08
404.5 1.4496961e+08
404.6 1.4579653e+08
404.7 1.4650763e+08
404.8 1.4715012e+08
404.9 1.4775733e+08
405 1.48347e+08
405.1 1.4892082e+08
405.2 1.4946499e+08
405.3 1.4995159e+08
405.4 1.5034016e+08
405.5 1.5057909e+08
405.6 1.5060667e+08
405.7 1.5035207e+08
405.8 1.4973661e+08
405.9 1.4867604e+08
406 1.4708419e+08
406.1 1.4487839e+08
406.2 1.419862e+08
406.3 1.3835292e+08
406.4 1.3394902e+08
406.5 1.2877619e+08
406.6 1.2287147e+08
406.7 1.1630867e+08
406.8 1.0919713e+08
406.9 1.0167809e+08
407 93919200
407.1 86108010
407.2 78444805
407.3 71134997
407.4 64380358
407.5 58367508
407.6 53251641
407.7 49134857
407.8 46043151
407.9 43912520
408 42595951
408.1 41893541
408.2 41594081
408.3 41511885
408.4 41509801
408.5 41508631
408.6 41487195
408.7 41476401
408.8 41548277
408.9 41799274
409 42327639
409.1 43207382
409.2 44465037
409.3 46066651
409.4 47919136
409.5 49884069
409.6 51797919
409.7 53492636
409.8 54813050
409.9 55630141
410 55850703
410.1 55424430
410.2 54349545
410.3 52677997
410.4 50521145
410.5 48056391
410.6 45533586
410.7 43275956
410.8 41662739
410.9 41075509
411 41805637
411.1 43965967
411.2 47473964
411.3 52117513
411.4 57644317
411.5 63821685
411.6 70458650
411.7 77405502
411.8 84544915
411.9 91782148
412 99037065
412.1 1.0623853e+08
412.2 1.1332092e+08
412.3 1.2022219e+08
412.4 1.2688307e+08
412.5 1.3324691e+08
412.6 1.3925971e+08
412.7 1.4487035e+08
412.8 1.5003057e+08
412.9 1.5469459e+08
413 1.5881841e+08
413.1 1.6235856e+08
413.2 1.6527031e+08
413.3 1.6750544e+08
413.4 1.6900961e+08
413.5 1.6971946e+08
413.6 1.6955977e+08
413.7 1.6844109e+08
413.8 1.6625812e+08
413.9 1.6288961e+08
414 1.5820035e+08
414.1 1.5204589e+08
414.2 1.4428074e+08
414.3 1.3477076e+08
414.4 1.2341032e+08
414.5 1.1014538e+08
414.6 95005166
414.7 78151995
414.8 59987686
414.9 41504110
415 26006250
415.1 24358293
415.2 38889263
415.3 57937561
415.4 77023840
415.5 94607934
415.6 1.0985621e+08
415.7 1.2225587e+08
415.8 1.3154878e+08
415.9 1.3772215e+08
416 1.4099981e+08
416.1 1.4181869e+08
416.2 1.4078604e+08
416.3 1.3861661e+08
416.4 1.360512e+08
416.5 1.3376271e+08
416.6 1.3226433e+08
416.7 1.3184354e+08
416.8 1.325453e+08
416.9 1.3421024e+08
417 1.3654936e+08
417.1 1.3922412e+08
417.2 1.4190791e+08
417.3 1.4432078e+08
417.4 1.4624135e+08
417.5 1.4750448e+08
417.6 1.479923e+08
417.7 1.476237e+08
417.8 1.4634532e+08
417.9 1.4412499e+08
418 1.4094811e+08
418.1 1.3681648e+08
418.2 1.3174927e+08
418.3 1.2578536e+08
418.4 1.1898674e+08
418.5 1.1144246e+08
418.6 1.0327302e+08
418.7 94635371
418.8 85729198
418.9 76805352
419 68177347
419.1 60234329
419.2 53445225
419.3 48323617
419.4 45305379
419.5 44544184
419.6 45780809
419.7 48448965
419.8 51917820
419.9 55661714
420 59306763
420.1 62613196
420.2 65443315
420.3 67733847
420.4 69475800
420.5 70700457
420.6 71469675
420.7 71869121
420.8 72003444
420.9 71992620
421 71968737
421.1 72072380
421.2 72447784
421.3 73236055
421.4 74566326
421.5 76545653
421.6 79249411
421.7 82714377
421.8 86936114
421.9 91870979
422 97441776
422.1 1.0354543e+08
422.2 1.1006116e+08
422.3 1.1685824e+08
422.4 1.238028e+08
422.5 1.3076361e+08
422.6 1.3761677e+08
422.7 1.4424946e+08
422.8 1.5056262e+08
422.9 1.5647262e+08
423 1.6191204e+08
423.1 1.6682944e+08
423.2 1.7118847e+08
423.3 1.7496627e+08
423.4 1.7815134e+08
423.5 1.807412e+08
423.6 1.8273986e+08
423.7 1.8415532e+08
423.8 1.8499733e+08
423.9 1.8527562e+08
424 1.8499872e+08
424.1 1.8417366e+08
424.2 1.8280667e+08
424.3 1.8090504e+08
424.4 1.7848012e+08
424.5 1.7555133e+08
424.6 1.7215091e+08
424.7 1.6832874e+08
424.8 1.6415654e+08
424.9 1.5973038e+08
425 1.5517056e+08
425.1 1.5061784e+08
425.2 1.4622562e+08
425.3 1.421482e+08
425.4 1.3852635e+08
425.5 1.3547258e+08
425.6 1.3305896e+08
425.7 1.3131059e+08
425.8 1.3020624e+08
425.9 1.2968605e+08
426 1.2966409e+08
426.1 1.3004264e+08
426.2 1.3072508e+08
426.3 1.3162575e+08
426.4 1.3267566e+08
426.5 1.3382458e+08
426.6 1.3503995e+08
426.7 1.363035e+08
426.8 1.3760635e+08
426.9 1.3894321e+08
427 1.403064e+08
427.1 1.4168017e+08
427.2 1.4303608e+08
427.3 1.4432968e+08
427.4 1.4549908e+08
427.5 1.4646528e+08
427.6 1.4713453e+08
427.7 1.4740232e+08
427.8 1.4715895e+08
427.9 1.4629649e+08
428 1.4471725e+08
428.1 1.4234371e+08
428.2 1.3913046e+08
428.3 1.3507865e+08
428.4 1.3025368e+08
428.5 1.2480664e+08
428.6 1.1899951e+08
428.7 1.1323087e+08
428.8 1.0805185e+08
428.9 1.0414952e+08
429 1.02263e+08
429.1 1.0301415e+08
429.2 1.0670524e+08
429.3 1.1320695e+08
429.4 1.2201473e+08
429.5 1.3241452e+08
429.6 1.4364452e+08
429.7 1.5499692e+08
429.8 1.6586586e+08
429.9 1.7576544e+08
430 1.8433439e+08
430.1 1.9133423e+08
430.2 1.9664284e+08
430.3 2.002433e+08
430.4 2.0220834e+08
430.5 2.0268154e+08
430.6 2.018568e+08
430.7 1.9995813e+08
430.8 1.972214e+08
430.9 1.9387912e+08
431 1.9014912e+08
431.1 1.8622668e+08
431.2 1.8228013e+08
431.3 1.7844895e+08
431.4 1.7484395e+08
431.5 1.7154867e+08
431.6 1.6862165e+08
431.7 1.660991e+08
431.8 1.6399777e+08
431.9 1.6231784e+08
432 1.610458e+08
432.1 1.6015712e+08
432.2 1.5961893e+08
432.3 1.5939238e+08
432.4 1.5943478e+08
432.5 1.5970149e+08
432.6 1.6014738e+08
432.7 1.6072811e+08
432.8 1.6140106e+08
432.9 1.6212623e+08
433 1.6286703e+08
433.1 1.6359124e+08
433.2 1.6427193e+08
433.3 1.6488832e+08
433.4 1.6542641e+08
433.5 1.6587898e+08
433.6 1.6624508e+08
433.7 1.6652885e+08
433.8 1.6673798e+08
433.9 1.6688208e+08
434 1.6697129e+08
434.1 1.6701534e+08
434.2 1.6702315e+08
434.3 1.6700274e+08
434.4 1.6696138e+08
434.5 1.6690563e+08
434.6 1.6684125e+08
434.7 1.6677286e+08
434.8 1.6670349e+08
434.9 1.6663413e+08
435 1.6656339e+08
435.1 1.6648737e+08
435.2 1.6639982e+08
435.3 1.6629252e+08
435.4 1.6615585e+08
435.5 1.6597951e+08
435.6 1.6575342e+08
435.7 1.6546869e+08
435.8 1.651186e+08
435.9 1.6469971e+08
436 1.6421292e+08
436.1 1.6366452e+08
436.2 1.630671e+08
436.3 1.6244044e+08
436.4 1.6181226e+08
436.5 1.6121888e+08
436.6 1.6070565e+08
436.7 1.6032727e+08
436.8 1.6014758e+08
436.9 1.6023858e+08
437 1.6067818e+08
437.1 1.6154591e+08
437.2 1.6291603e+08
437.3 1.6484734e+08
437.4 1.6736992e+08
437.5 1.7046921e+08
437.6 1.7406932e+08
437.7 1.7801782e+08
437.8 1.8207482e+08
437.9 1.8590905e+08
438 1.8910289e+08
438.1 1.9116765e+08
438.2 1.9156897e+08
438.3 1.8976157e+08
438.4 1.8523082e+08
438.5 1.77538e+08
438.6 1.6636459e+08
438.7 1.5155091e+08
438.8 1.3312435e+08
438.9 1.1131417e+08
439 86553318
439.1 59481671
439.2 31076744
439.3 8106473.6
439.4 30719678
439.5 59245903
439.6 86610895
439.7 1.1192591e+08
439.8 1.3465254e+08
439.9 1.5444241e+08
440 1.7111166e+08
440.1 1.8462352e+08
440.2 1.9506683e+08
440.3 2.026308e+08
440.4 2.0757799e+08
440.5 2.1021781e+08
440.6 2.1088238e+08
440.7 2.0990584e+08
440.8 2.0760804e+08
440.9 2.0428267e+08
441 2.0018993e+08
441.1 1.9555333e+08
441.2 1.9056008e+08
441.3 1.8536438e+08
441.4 1.8009283e+08
441.5 1.7485091e+08
441.6 1.6972966e+08
441.7 1.648117e+08
441.8 1.6017581e+08
441.9 1.5589944e+08
442 1.5205894e+08
442.1 1.4872733e+08
442.2 1.459702e+08
442.3 1.4384024e+08
442.4 1.4237161e+08
442.5 1.4157528e+08
442.6 1.4143635e+08
442.7 1.4191393e+08
442.8 1.4294352e+08
442.9 1.4444133e+08
443 1.4630972e+08
443.1 1.4844278e+08
443.2 1.5073151e+08
443.3 1.530682e+08
443.4 1.5535001e+08
443.5 1.574818e+08
443.6 1.5937839e+08
443.7 1.6096644e+08
443.8 1.6218626e+08
443.9 1.6299343e+08
444 1.6336055e+08
444.1 1.6327875e+08
444.2 1.6275891e+08
444.3 1.6183199e+08
444.4 1.6054787e+08
444.5 1.5897221e+08
444.6 1.5718106e+08
444.7 1.552533e+08
444.8 1.5326204e+08
444.9 1.512662e+08
445 1.4930443e+08
445.1 1.4739259e+08
445.2 1.4552583e+08
445.3 1.4368481e+08
445.4 1.4184471e+08
445.5 1.3998512e+08
445.6 1.3809883e+08
445.7 1.3619807e+08
445.8 1.3431751e+08
445.9 1.3251384e+08
446 1.3086237e+08
446.1 1.2945147e+08
446.2 1.2837555e+08
446.3 1.2772743e+08
446.4 1.27591e+08
446.5 1.2803463e+08
446.6 1.2910583e+08
446.7 1.3082764e+08
446.8 1.3319651e+08
446.9 1.3618206e+08
447 1.3972834e+08
447.1 1.4375657e+08
447.2 1.4816932e+08
447.3 1.5285568e+08
447.4 1.576974e+08
447.5 1.6257528e+08
447.6 1.6737562e+08
447.7 1.7199586e+08
447.8 1.7634929e+08
447.9 1.8036813e+08
448 1.840051e+08
448.1 1.8723332e+08
448.2 1.9004485e+08
448.3 1.9244818e+08
448.4 1.9446499e+08
448.5 1.9612671e+08
448.6 1.9747102e+08
448.7 1.9853876e+08
448.8 1.9937114e+08
448.9 2.0000757e+08
449 2.0048401e+08
449.1 2.0083176e+08
449.2 2.0107685e+08
449.3 2.0123971e+08
449.4 2.0133541e+08
449.5 2.0137404e+08
449.6 2.0136155e+08
449.7 2.013006e+08
449.8 2.0119172e+08
449.9 2.0103429e+08
450 2.0082763e+08
450.1 2.0057184e+08
450.2 2.0026839e+08
450.3 1.9992055e+08
450.4 1.9953335e+08
450.5 1.9911348e+08
450.6 1.986688e+08
450.7 1.9820794e+08
450.8 1.9773986e+08
450.9 1.972736e+08
451 1.9681837e+08
451.1 1.9638391e+08
451.2 1.9598117e+08
451.3 1.9562324e+08
451.4 1.9532624e+08
451.5 1.9511015e+08
451.6 1.9499912e+08
451.7 1.9502114e+08
451.8 1.9520682e+08
451.9 1.9558704e+08
452 1.9618945e+08
452.1 1.9703411e+08
452.2 1.9812858e+08
452.3 1.9946311e+08
452.4 2.0100689e+08
452.5 2.0270591e+08
452.6 2.044834e+08
452.7 2.0624278e+08
452.8 2.0787334e+08
452.9 2.0925772e+08
453 2.1028074e+08
453.1 2.1083819e+08
453.2 2.10845e+08
453.3 2.1024171e+08
453.4 2.0899887e+08
453.5 2.0711906e+08
453.6 2.0463652e+08
453.7 2.0161464e+08
453.8 1.9814176e+08
453.9 1.9432576e+08
454 1.9028791e+08
454.1 1.8615657e+08
454.2 1.8206103e+08
454.3 1.7812584e+08
454.4 1.7446575e+08
454.5 1.7118134e+08
454.6 1.6835529e+08
454.7 1.6604939e+08
454.8 1.6430204e+08
454.9 1.6312647e+08
455 1.6250957e+08
455.1 1.6241143e+08
455.2 1.6276588e+08
455.3 1.6348209e+08
455.4 1.6444755e+08
455.5 1.6553277e+08
455.6 1.6659786e+08
455.7 1.675011e+08
455.8 1.6810931e+08
455.9 1.6830949e+08
456 1.6802064e+08
456.1 1.6720432e+08
456.2 1.6587225e+08
456.3 1.6408886e+08
456.4 1.6196755e+08
456.5 1.5965955e+08
456.6 1.573361e+08
456.7 1.5516581e+08
456.8 1.5329103e+08
456.9 1.518078e+08
457 1.5075372e+08
457.1 1.5010628e+08
457.2 1.4979107e+08
457.3 1.4969684e+08
457.4 1.4969323e+08
457.5 1.4964709e+08
457.6 1.4943532e+08
457.7 1.4895354e+08
457.8 1.4812126e+08
457.9 1.468847e+08
458 1.4521832e+08
458.1 1.4312574e+08
458.2 1.4064023e+08
458.3 1.3782456e+08
458.4 1.3476957e+08
458.5 1.3159101e+08
458.6 1.2842367e+08
458.7 1.2541253e+08
458.8 1.2270099e+08
458.9 1.2041675e+08
459 1.1865737e+08
459.1 1.1747798e+08
459.2 1.1688403e+08
459.3 1.1683113e+08
459.4 1.1723218e+08
459.5 1.1797022e+08
459.6 1.1891428e+08
459.7 1.1993529e+08
459.8 1.2092021e+08
459.9 1.2178316e+08
460 1.2247337e+08
460.1 1.2298e+08
460.2 1.2333378e+08
460.3 1.2360509e+08
460.4 1.238982e+08
460.5 1.2434091e+08
460.6 1.2506967e+08
460.7 1.2621118e+08
460.8 1.27863e+08
460.9 1.3007661e+08
461 1.3284712e+08
461.1 1.3611189e+08
461.2 1.3975821e+08
461.3 1.4363788e+08
461.4 1.4758488e+08
461.5 1.5143255e+08
461.6 1.5502753e+08
461.7 1.5823899e+08
461.8 1.6096255e+08
461.9 1.6311952e+08
462 1.6465204e+08
462.1 1.6551578e+08
462.2 1.6567127e+08
462.3 1.6507587e+08
462.4 1.6367744e+08
462.5 1.6141114e+08
462.6 1.5819981e+08
462.7 1.5395809e+08
462.8 1.4859984e+08
462.9 1.4204774e+08
463 1.3424405e+08
463.1 1.2516095e+08
463.2 1.148094e+08
463.3 1.0324535e+08
463.4 90573011
463.5 76944993
463.6 62560796
463.7 47668487
463.8 32591260
463.9 17936400
464 7643699.6
464.1 15830248
464.2 29184803
464.3 42398397
464.4 54902547
464.5 66530123
464.6 77223036
464.7 86982818
464.8 95852715
464.9 1.0390602e+08
465 1.112362e+08
465.1 1.179482e+08
465.2 1.24151e+08
465.3 1.2995161e+08
465.4 1.3545047e+08
465.5 1.4073807e+08
465.6 1.4589239e+08
465.7 1.5097691e+08
465.8 1.5603885e+08
465.9 1.6110765e+08
466 1.6619357e+08
466.1 1.712869e+08
466.2 1.7635796e+08
466.3 1.8135833e+08
466.4 1.8622358e+08
466.5 1.9087761e+08
466.6 1.9523842e+08
466.7 1.9922491e+08
466.8 2.0276406e+08
466.9 2.057978e+08
467 2.0828878e+08
467.1 2.1022431e+08
467.2 2.1161808e+08
467.3 2.1250942e+08
467.4 2.1296021e+08
467.5 2.1304975e+08
467.6 2.1286818e+08
467.7 2.1250919e+08
467.8 2.1206278e+08
467.9 2.1160874e+08
468 2.1121152e+08
468.1 2.1091694e+08
468.2 2.107509e+08
468.3 2.107201e+08
468.4 2.1081445e+08
468.5 2.1101089e+08
468.6 2.1127781e+08
468.7 2.1157978e+08
468.8 2.1188183e+08
468.9 2.1215304e+08
469 2.1236911e+08
469.1 2.1251379e+08
469.2 2.1257928e+08
469.3 2.1256568e+08
469.4 2.1247985e+08
469.5 2.1233373e+08
469.6 2.1214258e+08
469.7 2.1192324e+08
469.8 2.1169258e+08
469.9 2.1146618e+08
470 2.1125744e+08
470.1 2.1107694e+08
470.2 2.1093207e+08
470.3 2.1082696e+08
470.4 2.1076254e+08
470.5 2.1073674e+08
470.6 2.1074471e+08
470.7 2.1077917e+08
470.8 2.1083066e+08
470.9 2.1088789e+08
471 2.1093813e+08
471.1 2.1096778e+08
471.2 2.1096324e+08
471.3 2.109121e+08
471.4 2.1080466e+08
471.5 2.1063569e+08
471.6 2.1040627e+08
471.7 2.1012529e+08
471.8 2.0981032e+08
471.9 2.0948743e+08
472 2.0918978e+08
472.1 2.0895492e+08
472.2 2.0882071e+08
472.3 2.088205e+08
472.4 2.0897781e+08
472.5 2.0930129e+08
472.6 2.0978055e+08
472.7 2.1038367e+08
472.8 2.1105675e+08
472.9 2.1172586e+08
473 2.123013e+08
473.1 2.1268396e+08
473.2 2.1277282e+08
473.3 2.1247314e+08
473.4 2.1170407e+08
473.5 2.1040518e+08
473.6 2.0854118e+08
473.7 2.0610446e+08
473.8 2.0311552e+08
473.9 1.9962134e+08
474 1.9569203e+08
474.1 1.9141616e+08
474.2 1.8689521e+08
474.3 1.8223741e+08
474.4 1.7755148e+08
474.5 1.7294048e+08
474.6 1.6849633e+08
474.7 1.6429518e+08
474.8 1.6039425e+08
474.9 1.5683024e+08
475 1.5361962e+08
475.1 1.5076055e+08
475.2 1.482362e+08
475.3 1.4601883e+08
475.4 1.4407401e+08
475.5 1.4236436e+08
475.6 1.4085254e+08
475.7 1.3950317e+08
475.8 1.3828388e+08
475.9 1.3716575e+08
476 1.3612348e+08
476.1 1.3513566e+08
476.2 1.3418556e+08
476.3 1.3326225e+08
476.4 1.3236214e+08
476.5 1.314904e+08
476.6 1.3066176e+08
476.7 1.2990003e+08
476.8 1.2923607e+08
476.9 1.2870391e+08
477 1.2833556e+08
477.1 1.2815515e+08
477.2 1.2817365e+08
477.3 1.2838528e+08
477.4 1.2876655e+08
477.5 1.2927821e+08
477.6 1.2986969e+08
477.7 1.3048505e+08
477.8 1.3106921e+08
477.9 1.3157326e+08
478 1.3195826e+08
478.1 1.3219728e+08
478.2 1.3227619e+08
478.3 1.3219407e+08
478.4 1.3196397e+08
478.5 1.3161489e+08
478.6 1.311953e+08
478.7 1.3077775e+08
478.8 1.3046363e+08
478.9 1.3038614e+08
479 1.3070898e+08
479.1 1.3161819e+08
479.2 1.3330517e+08
479.3 1.3594162e+08
479.4 1.3964994e+08
479.5 1.444761e+08
479.6 1.5037233e+08
479.7 1.5719393e+08
479.8 1.6471023e+08
479.9 1.7262536e+08
480 1.8060368e+08
480.1 1.8829526e+08
480.2 1.9535918e+08
480.3 2.0148335e+08
480.4 2.0640089e+08
480.5 2.0990292e+08
480.6 2.118479e+08
480.7 2.1216738e+08
480.8 2.1086787e+08
480.9 2.0802893e+08
481 2.0379736e+08
481.1 1.9837779e+08
481.2 1.9202019e+08
481.3 1.8500502e+08
481.4 1.7762682e+08
481.5 1.7017718e+08
481.6 1.6292826e+08
481.7 1.5611767e+08
481.8 1.499361e+08
481.9 1.4451875e+08
482 1.3994163e+08
482.1 1.3622338e+08
482.2 1.3333215e+08
482.3 1.3119631e+08
482.4 1.2971696e+08
482.5 1.2878007e+08
482.6 1.2826657e+08
482.7 1.2805964e+08
482.8 1.2804922e+08
482.9 1.2813426e+08
483 1.2822343e+08
483.1 1.2823515e+08
483.2 1.280974e+08
483.3 1.2774759e+08
483.4 1.2713274e+08
483.5 1.2620975e+08
483.6 1.2494589e+08
483.7 1.2331908e+08
483.8 1.2131804e+08
483.9 1.1894193e+08
484 1.1619967e+08
484.1 1.1310868e+08
484.2 1.0969334e+08
484.3 1.0598298e+08
484.4 1.0200985e+08
484.5 97806982
484.6 93406257
484.7 88836654
484.8 84122923
484.9 79284623
485 74335593
485.1 69283816
485.2 64131656
485.3 58876421
485.4 53511274
485.5 48026596
485.6 42412135
485.7 36660826
485.8 30776669
485.9 24793922
486 18833458
486.1 13306416
486.2 9685108.9
486.3 10901435
486.4 16363040
486.5 23603965
486.6 31682333
486.7 40288616
486.8 49276178
486.9 58540146
487 67982617
487.1 77502169
487.2 86992036
487.3 96342009
487.4 1.0544208e+08
487.5 1.1418674e+08
487.6 1.2247925e+08
487.7 1.3023546e+08
487.8 1.3738696e+08
487.9 1.4388348e+08
488 1.4969454e+08
488.1 1.5481033e+08
488.2 1.5924189e+08
488.3 1.6302019e+08
488.4 1.6619413e+08
488.5 1.6882718e+08
488.6 1.7099263e+08
488.7 1.7276781e+08
488.8 1.7422771e+08
488.9 1.7543886e+08
489 1.764544e+08
489.1 1.77311e+08
489.2 1.7802806e+08
489.3 1.7860916e+08
489.4 1.7904526e+08
489.5 1.79319e+08
489.6 1.7940926e+08
489.7 1.7929532e+08
489.8 1.7896024e+08
489.9 1.7839322e+08
490 1.7759093e+08
490.1 1.7655802e+08
490.2 1.7530706e+08
490.3 1.7385797e+08
490.4 1.7223736e+08
490.5 1.7047778e+08
490.6 1.6861689e+08
490.7 1.666968e+08
490.8 1.6476323e+08
490.9 1.6286464e+08
491 1.6105107e+08
491.1 1.5937276e+08
491.2 1.5787835e+08
491.3 1.566127e+08
491.4 1.556145e+08
491.5 1.5491383e+08
491.6 1.5452977e+08
491.7 1.5446863e+08
491.8 1.5472277e+08
491.9 1.5527048e+08
492 1.5607673e+08
492.1 1.5709492e+08
492.2 1.5826931e+08
492.3 1.5953784e+08
492.4 1.6083506e+08
492.5 1.6209488e+08
492.6 1.6325293e+08
492.7 1.6424848e+08
492.8 1.6502586e+08
492.9 1.6553546e+08
493 1.6573441e+08
493.1 1.6558693e+08
493.2 1.650644e+08
493.3 1.6414508e+08
493.4 1.628135e+08
493.5 1.6105933e+08
493.6 1.5887593e+08
493.7 1.5625848e+08
493.8 1.5320205e+08
493.9 1.4969974e+08
494 1.4574134e+08
494.1 1.4131275e+08
494.2 1.3639654e+08
494.3 1.3097383e+08
494.4 1.2502763e+08
494.5 1.1854733e+08
494.6 1.1153419e+08
494.7 1.0400716e+08
494.8 96008557
494.9 87608965
495 78911149
495.1 70052899
495.2 61209369
495.3 52595995
495.4 44473331
495.5 37153721
495.6 31001305
495.7 26391694
495.8 23568167
495.9 22414701
496 22402041
496.1 22853117
496.2 23236349
496.3 23275935
496.4 22961303
496.5 22557938
496.6 22623008
496.7 23914467
496.8 27072764
496.9 32294122
497 39368136
497.1 47930227
497.2 57619370
497.3 68116728
497.4 79140588
497.5 90436306
497.6 1.0177065e+08
497.7 1.129307e+08
497.8 1.2372582e+08
497.9 1.339911e+08
498 1.4359114e+08
498.1 1.5242316e+08
498.2 1.6041889e+08
498.3 1.6754455e+08
498.4 1.7379911e+08
498.5 1.7921068e+08
498.6 1.8383143e+08
498.7 1.877316e+08
498.8 1.9099315e+08
498.9 1.9370355e+08
499 1.959502e+08
499.1 1.9781597e+08
499.2 1.9937577e+08
499.3 2.0069448e+08
499.4 2.0182588e+08
499.5 2.0281254e+08
499.6 2.0368639e+08
499.7 2.0446979e+08
499.8 2.051767e+08
499.9 2.0581414e+08
500 2.0638337e+08
500.1 2.0688099e+08
500.2 2.0729961e+08
500.3 2.0762817e+08
500.4 2.0785157e+08
500.5 2.0794972e+08
500.6 2.0789594e+08
500.7 2.076547e+08
500.8 2.0717915e+08
500.9 2.0640856e+08
501 2.0526631e+08
501.1 2.0365883e+08
501.2 2.0147623e+08
501.3 1.9859468e+08
501.4 1.9488119e+08
501.5 1.9020036e+08
501.6 1.8442314e+08
501.7 1.7743682e+08
501.8 1.6915574e+08
501.9 1.5953205e+08
502 1.4856594e+08
502.1 1.363155e+08
502.2 1.2290743e+08
502.3 1.0855191e+08
502.4 93570328
502.5 78456119
502.6 64016311
502.7 51679775
502.8 43901353
502.9 43422987
503 50280800
503.1 61694813
503.2 75134195
503.3 89170728
503.4 1.0305509e+08
503.5 1.1637498e+08
503.6 1.2889236e+08
503.7 1.4046933e+08
503.8 1.5103214e+08
503.9 1.6055179e+08
504 1.6903225e+08
504.1 1.7650229e+08
504.2 1.8300921e+08
504.3 1.8861342e+08
504.4 1.9338359e+08
504.5 1.9739208e+08
504.6 2.0071064e+08
504.7 2.0340659e+08
504.8 2.0553935e+08
504.9 2.0715777e+08
505 2.0829826e+08
505.1 2.0898406e+08
505.2 2.0922578e+08
505.3 2.0902347e+08
505.4 2.0837014e+08
505.5 2.0725675e+08
505.6 2.0567818e+08
505.7 2.0363962e+08
505.8 2.0116218e+08
505.9 1.9828664e+08
506 1.9507405e+08
506.1 1.9160236e+08
506.2 1.8795895e+08
506.3 1.8423022e+08
506.4 1.8049032e+08
506.5 1.767919e+08
506.6 1.7316154e+08
506.7 1.6960127e+08
506.8 1.6609579e+08
506.9 1.6262304e+08
507 1.5916518e+08
507.1 1.5571682e+08
507.2 1.5228895e+08
507.3 1.4890824e+08
507.4 1.4561279e+08
507.5 1.4244636e+08
507.6 1.3945276e+08
507.7 1.3667226e+08
507.8 1.3414058e+08
507.9 1.3189057e+08
508 1.2995572e+08
508.1 1.2837452e+08
508.2 1.2719403e+08
508.3 1.2647167e+08
508.4 1.2627407e+08
508.5 1.266725e+08
508.6 1.2773511e+08
508.7 1.2951695e+08
508.8 1.3204912e+08
508.9 1.3532928e+08
509 1.3931494e+08
509.1 1.4392067e+08
509.2 1.4901926e+08
509.3 1.5444613e+08
509.4 1.6000604e+08
509.5 1.6548129e+08
509.6 1.7064082e+08
509.7 1.7524992e+08
509.8 1.7908055e+08
509.9 1.8192196e+08
510 1.8359144e+08
510.1 1.8394457e+08
510.2 1.8288437e+08
510.3 1.8036869e+08
510.4 1.7641509e+08
510.5 1.7110305e+08
510.6 1.6457333e+08
510.7 1.5702465e+08
510.8 1.4870826e+08
510.9 1.3992054e+08
511 1.3099385e+08
511.1 1.2228481e+08
511.2 1.1415818e+08
511.3 1.0696392e+08
511.4 1.0100503e+08
511.5 96498358
511.6 93537561
511.7 92074415
511.8 91931189
511.9 92842095
512 94506735
512.1 96636154
512.2 98981378
512.3 1.0134473e+08
512.4 1.0357933e+08
512.5 1.0558247e+08
512.6 1.0728674e+08
512.7 1.0865119e+08
512.8 1.0965344e+08
512.9 1.102831e+08
513 1.1053665e+08
513.1 1.1041353e+08
513.2 1.0991361e+08
513.3 1.0903571e+08
513.4 1.0777715e+08
513.5 1.0613428e+08
513.6 1.0410375e+08
513.7 1.0168445e+08
513.8 98880055
513.9 95702059
514 92173302
514.1 88331925
514.2 84235648
514.3 79966052
514.4 75632195
514.5 71372251
514.6 67351036
514.7 63750424
514.8 60749650
514.9 58495021
515 57064663
515.1 56441325
515.2 56507344
515.3 57066037
515.4 57879789
515.5 58709427
515.6 59344618
515.7 59623353
515.8 59443668
515.9 58771710
516 57649115
516.1 56200505
516.2 54638779
516.3 53261066
516.4 52422480
516.5 52474720
516.6 53674118
516.7 56097703
516.8 59618941
516.9 63955651
517 68752101
517.1 73651373
517.2 78340785
517.3 82573982
517.4 86178265
517.5 89053411
517.6 91165363
517.7 92536630
517.8 93234662
517.9 93359336
518 93030574
518.1 92376990
518.2 91526220
518.3 90597338
518.4 89695476
518.5 88908567
518.6 88305939
518.7 87938387
518.8 87839309
518.9 88026480
519 88504130
519.1 89265033
519.2 90292457
519.3 91561880
519.4 93042489
519.5 94698476
519.6 96490220
519.7 98375392
519.8 1.0031005e+08
519.9 1.0224974e+08
520 1.0415062e+08
520.1 1.0597064e+08
520.2 1.0767076e+08
520.3 1.0921619e+08
520.4 1.105777e+08
520.5 1.1173297e+08
520.6 1.1266798e+08
520.7 1.1337838e+08
520.8 1.1387095e+08
520.9 1.1416477e+08
521 1.1429233e+08
521.1 1.1430003e+08
521.2 1.1424807e+08
521.3 1.1420926e+08
521.4 1.1426652e+08
521.5 1.1450889e+08
521.6 1.1502602e+08
521.7 1.159015e+08
521.8 1.1720576e+08
521.9 1.1898952e+08
522 1.2127896e+08
522.1 1.2407326e+08
522.2 1.2734511e+08
522.3 1.3104358e+08
522.4 1.3509891e+08
522.5 1.394281e+08
522.6 1.4394057e+08
522.7 1.4854327e+08
522.8 1.5314495e+08
522.9 1.5765956e+08
523 1.6200875e+08
523.1 1.6612372e+08
523.2 1.699464e+08
523.3 1.7343009e+08
523.4 1.7653964e+08
523.5 1.792512e+08
523.6 1.8155151e+08
523.7 1.8343694e+08
523.8 1.8491233e+08
523.9 1.8598978e+08
524 1.8668755e+08
524.1 1.8702934e+08
524.2 1.8704391e+08
524.3 1.8676503e+08
524.4 1.8623156e+08
524.5 1.8548738e+08
524.6 1.8458061e+08
524.7 1.8356192e+08
524.8 1.8248175e+08
524.9 1.8138665e+08
525 1.8031537e+08
525.1 1.7929552e+08
525.2 1.7834171e+08
525.3 1.7745544e+08
525.4 1.766269e+08
525.5 1.75838e+08
525.6 1.7506578e+08
525.7 1.7428544e+08
525.8 1.7347231e+08
525.9 1.7260275e+08
526 1.7165403e+08
526.1 1.7060371e+08
526.2 1.6942884e+08
526.3 1.6810532e+08
526.4 1.6660779e+08
526.5 1.6490997e+08
526.6 1.6298542e+08
526.7 1.6080881e+08
526.8 1.5835729e+08
526.9 1.556122e+08
527 1.5256069e+08
527.1 1.4919752e+08
527.2 1.4552683e+08
527.3 1.4156392e+08
527.4 1.3733716e+08
527.5 1.3288972e+08
527.6 1.2828131e+08
527.7 1.2358936e+08
527.8 1.1890946e+08
527.9 1.1435433e+08
528 1.1005043e+08
528.1 1.0613158e+08
528.2 1.0272874e+08
528.3 99956516
528.4 97897809
528.5 96590012
528.6 96016616
528.7 96107186
528.8 96746015
528.9 97786849
529 99069582
529.1 1.0043523e+08
529.2 1.0173717e+08
529.3 1.028483e+08
529.4 1.0366493e+08
529.5 1.0410849e+08
529.6 1.0412618e+08
529.7 1.0369103e+08
529.8 1.028018e+08
529.9 1.0148244e+08
530 99780979
530.1 97767401
530.2 95530441
530.3 93173116
530.4 90807236
530.5 88547167
530.6 86503276
530.7 84775546
530.8 83447834
530.9 82583245
531 82221022
531.1 82375251
531.2 83035475
531.3 84169080
531.4 85725088
531.5 87638869
531.6 89837230
531.7 92243440
531.8 94781807
531.9 97381571
532 99979924
532.1 1.0252406e+08
532.2 1.0497219e+08
532.3 1.0729366e+08
532.4 1.0946807e+08
532.5 1.1148379e+08
532.6 1.1333598e+08
532.7 1.150243e+08
532.8 1.1655069e+08
532.9 1.1791738e+08
533 1.191253e+08
533.1 1.2017304e+08
533.2 1.2105652e+08
533.3 1.2176916e+08
533.4 1.2230266e+08
533.5 1.2264824e+08
533.6 1.2279807e+08
533.7 1.2274683e+08
533.8 1.2249311e+08
533.9 1.2204058e+08
534 1.2139874e+08
534.1 1.2058329e+08
534.2 1.1961617e+08
534.3 1.1852539e+08
534.4 1.1734498e+08
534.5 1.1611518e+08
534.6 1.148832e+08
534.7 1.137045e+08
534.8 1.1264456e+08
534.9 1.1178074e+08
535 1.1120347e+08
535.1 1.110161e+08
535.2 1.1133216e+08
535.3 1.1226934e+08
535.4 1.1394002e+08
535.5 1.1643885e+08
535.6 1.1982957e+08
535.7 1.2413338e+08
535.8 1.2932158e+08
535.9 1.3531371e+08
536 1.4198134e+08
536.1 1.4915639e+08
536.2 1.5664237e+08
536.3 1.6422717e+08
536.4 1.7169631e+08
536.5 1.7884602e+08
536.6 1.8549531e+08
536.7 1.9149651e+08
536.8 1.9674335e+08
536.9 2.0117594e+08
537 2.0478191e+08
537.1 2.0759347e+08
537.2 2.0968066e+08
537.3 2.1114142e+08
537.4 2.1208984e+08
537.5 2.1264407e+08
537.6 2.1291558e+08
537.7 2.1300096e+08
537.8 2.1297713e+08
537.9 2.1290005e+08
538 2.1280627e+08
538.1 2.1271652e+08
538.2 2.1264002e+08
538.3 2.125788e+08
538.4 2.1253114e+08
538.5 2.1249398e+08
538.6 2.1246427e+08
538.7 2.1243949e+08
538.8 2.124174e+08
538.9 2.1239538e+08
539 2.1236937e+08
539.1 2.1233279e+08
539.2 2.1227547e+08
539.3 2.1218291e+08
539.4 2.1203599e+08
539.5 2.1181116e+08
539.6 2.1148119e+08
539.7 2.110162e+08
539.8 2.1038505e+08
539.9 2.0955666e+08
540 2.0850142e+08
540.1 2.0719241e+08
540.2 2.0560652e+08
540.3 2.037255e+08
540.4 2.0153689e+08
540.5 1.9903493e+08
540.6 1.9622152e+08
540.7 1.9310714e+08
540.8 1.897117e+08
540.9 1.8606535e+08
541 1.8220905e+08
541.1 1.7819479e+08
541.2 1.740852e+08
541.3 1.6995258e+08
541.4 1.6587684e+08
541.5 1.6194248e+08
541.6 1.5823439e+08
541.7 1.5483271e+08
541.8 1.5180699e+08
541.9 1.4921047e+08
542 1.470751e+08
542.1 1.4540853e+08
542.2 1.4419346e+08
542.3 1.4338995e+08
542.4 1.4294016e+08
542.5 1.4277465e+08
542.6 1.4281903e+08
542.7 1.4299951e+08
542.8 1.4324614e+08
542.9 1.4349297e+08
543 1.4367495e+08
543.1 1.4372191e+08
543.2 1.4355082e+08
543.3 1.4305792e+08
543.4 1.4211276e+08
543.5 1.4055599e+08
543.6 1.382024e+08
543.7 1.3484954e+08
543.8 1.3029138e+08
543.9 1.2433558e+08
544 1.1682264e+08
544.1 1.0764529e+08
544.2 96768199
544.3 84250704
544.4 70284283
544.5 55285436
544.6 40209954
544.7 27820589
544.8 25461677
544.9 36245343
545 52811099
545.1 70959255
545.2 89217565
545.3 1.0689392e+08
545.4 1.2356576e+08
545.5 1.3894525e+08
545.6 1.5283587e+08
545.7 1.6511406e+08
545.8 1.7571811e+08
545.9 1.8463916e+08
546 1.919128e+08
546.1 1.9761127e+08
546.2 2.0183625e+08
546.3 2.0471258e+08
546.4 2.0638273e+08
546.5 2.0700215e+08
546.6 2.0673509e+08
546.7 2.057508e+08
546.8 2.0421985e+08
546.9 2.0231025e+08
547 2.001834e+08
547.1 1.9798977e+08
547.2 1.9586447e+08
547.3 1.939229e+08
547.4 1.9225704e+08
547.5 1.9093262e+08
547.6 1.8998769e+08
547.7 1.8943291e+08
547.8 1.8925358e+08
547.9 1.894133e+08
548 1.8985887e+08
548.1 1.9052598e+08
548.2 1.9134512e+08
548.3 1.9224722e+08
548.4 1.9316863e+08
548.5 1.9405524e+08
548.6 1.948654e+08
548.7 1.9557178e+08
548.8 1.9616192e+08
548.9 1.9663766e+08
549 1.9701346e+08
549.1 1.9731378e+08
549.2 1.9756968e+08
549.3 1.9781505e+08
549.4 1.9808269e+08
549.5 1.9840076e+08
549.6 1.9878991e+08
549.7 1.9926142e+08
549.8 1.9981658e+08
549.9 2.0044724e+08
550 2.0113743e+08
550.1 2.0186572e+08
550.2 2.0260801e+08
550.3 2.0334021e+08
550.4 2.0404063e+08
550.5 2.0469174e+08
550.6 2.0528116e+08
550.7 2.0580192e+08
550.8 2.0625211e+08
550.9 2.0663394e+08
551 2.0695257e+08
551.1 2.0721489e+08
551.2 2.0742833e+08
551.3 2.0760002e+08
551.4 2.0773629e+08
551.5 2.0784254e+08
551.6 2.0792346e+08
551.7 2.0798344e+08
551.8 2.0802711e+08
551.9 2.0805983e+08
552 2.0808807e+08
552.1 2.081195e+08
552.2 2.0816281e+08
552.3 2.0822731e+08
552.4 2.083223e+08
552.5 2.0845621e+08
552.6 2.0863577e+08
552.7 2.0886519e+08
552.8 2.0914537e+08
552.9 2.0947336e+08
553 2.09842e+08
553.1 2.102397e+08
553.2 2.1065055e+08
553.3 2.1105457e+08
553.4 2.1142827e+08
553.5 2.1174552e+08
553.6 2.1197881e+08
553.7 2.1210118e+08
553.8 2.1208866e+08
553.9 2.119235e+08
554 2.1159792e+08
554.1 2.1111783e+08
554.2 2.105058e+08
554.3 2.0980211e+08
554.4 2.090623e+08
554.5 2.0835036e+08
554.6 2.0772689e+08
554.7 2.072336e+08
554.8 2.068769e+08
554.9 2.0661518e+08
555 2.0635436e+08
555.1 2.0595474e+08
555.2 2.0524898e+08
555.3 2.0406778e+08
555.4 2.0226737e+08
555.5 1.9975283e+08
555.6 1.9649282e+08
555.7 1.9252384e+08
555.8 1.8794472e+08
555.9 1.8290415e+08
556 1.7758469e+08
556.1 1.7218681e+08
556.2 1.6691563e+08
556.3 1.6197167e+08
556.4 1.5754566e+08
556.5 1.5381605e+08
556.6 1.5094709e+08
556.7 1.4908519e+08
556.8 1.483516e+08
556.9 1.4883129e+08
557 1.5055978e+08
557.1 1.5351118e+08
557.2 1.5759126e+08
557.3 1.6263827e+08
557.4 1.6843167e+08
557.5 1.7470752e+08
557.6 1.8117792e+08
557.7 1.8755201e+08
557.8 1.9355659e+08
557.9 1.9895488e+08
558 2.0356187e+08
558.1 2.0725546e+08
558.2 2.0998211e+08
558.3 2.1175649e+08
558.4 2.1265512e+08
558.5 2.1280455e+08
558.6 2.1236558e+08
558.7 2.1151557e+08
558.8 2.1043115e+08
558.9 2.0927351e+08
559 2.0817799e+08
559.1 2.0724846e+08
559.2 2.0655623e+08
559.3 2.0614213e+08
559.4 2.0602006e+08
559.5 2.0618039e+08
559.6 2.0659194e+08
559.7 2.0720216e+08
559.8 2.0793572e+08
559.9 2.0869244e+08
560 2.0934576e+08
560.1 2.0974297e+08
560.2 2.0970815e+08
560.3 2.0904829e+08
560.4 2.0756243e+08
560.5 2.0505326e+08
560.6 2.0134008e+08
560.7 1.9627185e+08
560.8 1.8973901e+08
560.9 1.8168299e+08
561 1.7210232e+08
561.1 1.6105515e+08
561.2 1.486578e+08
561.3 1.3508e+08
561.4 1.2053766e+08
561.5 1.0528488e+08
561.6 89607632
561.7 73824526
561.8 58307374
561.9 43561551
562 30513426
562.1 21472782
562.2 20704476
562.3 27604970
562.4 37191738
562.5 47053488
562.6 56396135
562.7 64932954
562.8 72555810
562.9 79233729
563 84974896
563.1 89809467
563.2 93780538
563.3 96938894
563.4 99339856
563.5 1.0104146e+08
563.6 1.0210356e+08
563.7 1.0258768e+08
563.8 1.025574e+08
563.9 1.0207922e+08
564 1.0122378e+08
564.1 1.0006732e+08
564.2 98693360
564.3 97194226
564.4 95672278
564.5 94240274
564.6 93020276
564.7 92140369
564.8 91728599
564.9 91904041
565 92765827
565.1 94382008
565.2 96780798
565.3 99946424
565.4 1.0382051e+08
565.5 1.0830828e+08
565.6 1.1328782e+08
565.7 1.1862023e+08
565.8 1.241594e+08
565.9 1.2976038e+08
566 1.352862e+08
566.1 1.4061311e+08
566.2 1.4563436e+08
566.3 1.5026252e+08
566.4 1.5443052e+08
566.5 1.5809138e+08
566.6 1.6121695e+08
566.7 1.6379582e+08
566.8 1.6583089e+08
566.9 1.6733692e+08
567 1.6833865e+08
567.1 1.6886954e+08
567.2 1.6897155e+08
567.3 1.6869556e+08
567.4 1.6810216e+08
567.5 1.672619e+08
567.6 1.6625454e+08
567.7 1.6516617e+08
567.8 1.6408425e+08
567.9 1.6309063e+08
568 1.6225373e+08
568.1 1.6162139e+08
568.2 1.6121626e+08
568.3 1.6103492e+08
568.4 1.6105111e+08
568.5 1.6122229e+08
568.6 1.6149803e+08
568.7 1.6182845e+08
568.8 1.621712e+08
568.9 1.6249604e+08
569 1.627869e+08
569.1 1.6304146e+08
569.2 1.632687e+08
569.3 1.634851e+08
569.4 1.6370979e+08
569.5 1.6395956e+08
569.6 1.6424416e+08
569.7 1.6456268e+08
569.8 1.6490151e+08
569.9 1.6523439e+08
570 1.6552443e+08
570.1 1.6572805e+08
570.2 1.658002e+08
570.3 1.6570003e+08
570.4 1.6539639e+08
570.5 1.6487231e+08
570.6 1.6412791e+08
570.7 1.6318157e+08
570.8 1.6206931e+08
570.9 1.6084251e+08
571 1.5956462e+08
571.1 1.5830697e+08
571.2 1.5714461e+08
571.3 1.5615208e+08
571.4 1.553999e+08
571.5 1.549515e+08
571.6 1.5486101e+08
571.7 1.5517164e+08
571.8 1.5591471e+08
571.9 1.5710915e+08
572 1.5876137e+08
572.1 1.6086537e+08
572.2 1.6340295e+08
572.3 1.6634396e+08
572.4 1.6964655e+08
572.5 1.7325734e+08
572.6 1.7711151e+08
572.7 1.8113297e+08
572.8 1.8523455e+08
572.9 1.8931837e+08
573 1.9327662e+08
573.1 1.9699276e+08
573.2 2.0034342e+08
573.3 2.0320105e+08
573.4 2.0543759e+08
573.5 2.0692904e+08
573.6 2.0756102e+08
573.7 2.072352e+08
573.8 2.058761e+08
573.9 2.03438e+08
574 1.9991116e+08
574.1 1.9532658e+08
574.2 1.8975865e+08
574.3 1.8332479e+08
574.4 1.7618162e+08
574.5 1.6851759e+08
574.6 1.6054228e+08
574.7 1.5247334e+08
574.8 1.4452241e+08
574.9 1.3688184e+08
575 1.2971417e+08
575.1 1.2314598e+08
575.2 1.1726711e+08
575.3 1.1213482e+08
575.4 1.0778154e+08
575.5 1.0422368e+08
575.6 1.0146868e+08
575.7 99518389
575.8 98368035
575.9 98001853
576 98387583
576.1 99472524
576.2 1.01183e+08
576.3 1.0342775e+08
576.4 1.0610421e+08
576.5 1.0910614e+08
576.6 1.1233065e+08
576.7 1.1568368e+08
576.8 1.1908335e+08
576.9 1.2246123e+08
577 1.2576205e+08
577.1 1.2894228e+08
577.2 1.3196814e+08
577.3 1.3481336e+08
577.4 1.3745717e+08
577.5 1.3988251e+08
577.6 1.4207465e+08
577.7 1.4402028e+08
577.8 1.4570706e+08
577.9 1.4712361e+08
578 1.4825989e+08
578.1 1.4910787e+08
578.2 1.496626e+08
578.3 1.4992328e+08
578.4 1.4989458e+08
578.5 1.4958784e+08
578.6 1.4902212e+08
578.7 1.482251e+08
578.8 1.4723351e+08
578.9 1.4609312e+08
579 1.4485816e+08
579.1 1.4358988e+08
579.2 1.4235439e+08
579.3 1.4121952e+08
579.4 1.4025081e+08
579.5 1.3950696e+08
579.6 1.3903493e+08
579.7 1.3886563e+08
579.8 1.3901059e+08
579.9 1.3946061e+08
580 1.401866e+08
580.1 1.4114274e+08
580.2 1.4227158e+08
580.3 1.4351012e+08
580.4 1.44796e+08
580.5 1.4607268e+08
580.6 1.4729274e+08
580.7 1.4841875e+08
580.8 1.4942159e+08
580.9 1.5027651e+08
581 1.5095751e+08
581.1 1.514314e+08
581.2 1.5165249e+08
581.3 1.5155944e+08
581.4 1.5107518e+08
581.5 1.5011053e+08
581.6 1.4857159e+08
581.7 1.4637024e+08
581.8 1.4343676e+08
581.9 1.3973304e+08
582 1.3526504e+08
582.1 1.3009301e+08
582.2 1.2433864e+08
582.3 1.181887e+08
582.4 1.1189455e+08
582.5 1.0576688e+08
582.6 1.0016312e+08
582.7 95463361
582.8 92029964
582.9 90151854
583 89986848
583.1 91527456
583.2 94609928
583.3 98961733
583.4 1.0426185e+08
583.5 1.1018955e+08
583.6 1.1645264e+08
583.7 1.2279857e+08
583.8 1.290158e+08
583.9 1.3493144e+08
584 1.4040858e+08
584.1 1.4534466e+08
584.2 1.4967099e+08
584.3 1.5335271e+08
584.4 1.563883e+08
584.5 1.588077e+08
584.6 1.6066825e+08
584.7 1.6204801e+08
584.8 1.6303668e+08
584.9 1.6372472e+08
585 1.6419202e+08
585.1 1.6449736e+08
585.2 1.6467049e+08
585.3 1.6470764e+08
585.4 1.645713e+08
585.5 1.6419403e+08
585.6 1.6348566e+08
585.7 1.6234295e+08
585.8 1.6066069e+08
585.9 1.5834346e+08
586 1.5531755e+08
586.1 1.5154286e+08
586.2 1.4702474e+08
586.3 1.4182604e+08
586.4 1.3607923e+08
586.5 1.2999814e+08
586.6 1.2388746e+08
586.7 1.1814519e+08
586.8 1.1324883e+08
586.9 1.0971269e+08
587 1.0800721e+08
587.1 1.0845247e+08
587.2 1.1112888e+08
587.3 1.158561e+08
587.4 1.2225202e+08
587.5 1.2983302e+08
587.6 1.3810609e+08
587.7 1.4662826e+08
587.8 1.5503467e+08
587.9 1.6304613e+08
588 1.7046572e+08
588.1 1.7717015e+08
588.2 1.8309885e+08
588.3 1.8824193e+08
588.4 1.9262797e+08
588.5 1.9631215e+08
588.6 1.9936533e+08
588.7 2.0186481e+08
588.8 2.0388699e+08
588.9 2.0550247e+08
589 2.0677336e+08
589.1 2.0775259e+08
589.2 2.0848468e+08
589.3 2.0900734e+08
589.4 2.0935329e+08
589.5 2.0955167e+08
589.6 2.0962896e+08
589.7 2.0960909e+08
589.8 2.0951303e+08
589.9 2.0935805e+08
590 2.0915698e+08
590.1 2.0891771e+08
590.2 2.086431e+08
590.3 2.0833129e+08
590.4 2.0797639e+08
590.5 2.0756946e+08
590.6 2.070996e+08
590.7 2.0655525e+08
590.8 2.0592545e+08
590.9 2.0520124e+08
591 2.0437702e+08
591.1 2.0345183e+08
591.2 2.0243039e+08
591.3 2.0132377e+08
591.4 2.0014958e+08
591.5 1.9893142e+08
591.6 1.9769782e+08
591.7 1.9648036e+08
591.8 1.9531146e+08
591.9 1.9422185e+08
592 1.9323801e+08
592.1 1.9238e+08
592.2 1.9165978e+08
592.3 1.9108031e+08
592.4 1.9063545e+08
592.5 1.9031064e+08
592.6 1.9008419e+08
592.7 1.8992883e+08
592.8 1.8981362e+08
592.9 1.8970557e+08
593 1.8957116e+08
593.1 1.8937736e+08
593.2 1.8909208e+08
593.3 1.8868392e+08
593.4 1.8812101e+08
593.5 1.87369e+08
593.6 1.8638829e+08
593.7 1.8513115e+08
593.8 1.8353903e+08
593.9 1.8154122e+08
594 1.7905522e+08
594.1 1.759894e+08
594.2 1.7224799e+08
594.3 1.6773797e+08
594.4 1.6237723e+08
594.5 1.5610328e+08
594.6 1.4888168e+08
594.7 1.4071397e+08
594.8 1.3164479e+08
594.9 1.2176901e+08
595 1.1123973e+08
595.1 1.0027961e+08
595.2 89198655
595.3 78422882
595.4 68535205
595.5 60310491
595.6 54666075
595.7 52379660
595.8 53606948
595.9 57700825
596 63610616
596.1 70361160
596.2 77235241
596.3 83754490
596.4 89611906
596.5 94613580
596.6 98637086
596.7 1.0160246e+08
596.8 1.0345181e+08
596.9 1.0413552e+08
597 1.0360422e+08
597.1 1.0180637e+08
597.2 98691313
597.3 94217784
597.4 88367738
597.5 81166479
597.6 72712205
597.7 63224771
597.8 53140960
597.9 43326784
598 35519235
598.1 32607551
598.2 36578352
598.3 45855127
598.4 57720180
598.5 70417004
598.6 82975467
598.7 94826916
598.8 1.0562146e+08
598.9 1.1515152e+08
599 1.2331576e+08
599.1 1.30097e+08
599.2 1.355447e+08
599.3 1.3975898e+08
599.4 1.4287561e+08
599.5 1.4505242e+08
599.6 1.4645755e+08
599.7 1.4726011e+08
599.8 1.4762372e+08
599.9 1.4770317e+08
600 1.476441e+08
600.1 1.4758565e+08
600.2 1.4766502e+08
600.3 1.4802264e+08
600.4 1.4880582e+08
600.5 1.5016816e+08
600.6 1.5226216e+08
600.7 1.5522356e+08
600.8 1.5914802e+08
600.9 1.6406393e+08
601 1.6990738e+08
601.1 1.765061e+08
601.2 1.8357667e+08
601.3 1.9073604e+08
601.4 1.9752508e+08
601.5 2.0344009e+08
601.6 2.0796803e+08
601.7 2.1062176e+08
601.8 2.1097248e+08
601.9 2.0867708e+08
602 2.0349882e+08
602.1 1.9532019e+08
602.2 1.8414762e+08
602.3 1.7010799e+08
602.4 1.5343801e+08
602.5 1.3446763e+08
602.6 1.1359915e+08
602.7 91283960
602.8 67998530
602.9 44222202
603 20424958
603.1 3344596.1
603.2 25788479
603.3 47413813
603.4 67760544
603.5 86651205
603.6 1.0397816e+08
603.7 1.1969233e+08
603.8 1.3379394e+08
603.9 1.4632289e+08
604 1.5734918e+08
604.1 1.6696417e+08
604.2 1.7527286e+08
604.3 1.8238771e+08
604.4 1.8842364e+08
604.5 1.9349446e+08
604.6 1.9771029e+08
604.7 2.0117582e+08
604.8 2.0398923e+08
604.9 2.0624166e+08
605 2.0801682e+08
605.1 2.0939099e+08
605.2 2.1043305e+08
605.3 2.1120454e+08
605.4 2.1175985e+08
605.5 2.121464e+08
605.6 2.1240474e+08
605.7 2.1256884e+08
605.8 2.1266626e+08
605.9 2.127185e+08
606 2.1274128e+08
606.1 2.1274503e+08
606.2 2.1273531e+08
606.3 2.1271338e+08
606.4 2.1267669e+08
606.5 2.1261944e+08
606.6 2.1253312e+08
606.7 2.1240686e+08
606.8 2.1222787e+08
606.9 2.1198168e+08
607 2.1165238e+08
607.1 2.1122279e+08
607.2 2.1067463e+08
607.3 2.0998873e+08
607.4 2.0914534e+08
607.5 2.0812459e+08
607.6 2.0690709e+08
607.7 2.0547484e+08
607.8 2.0381227e+08
607.9 2.0190771e+08
608 1.9975497e+08
608.1 1.9735523e+08
608.2 1.9471901e+08
608.3 1.9186821e+08
608.4 1.8883794e+08
608.5 1.8567794e+08
608.6 1.8245335e+08
608.7 1.7924447e+08
608.8 1.7614515e+08
608.9 1.7325965e+08
609 1.7069785e+08
609.1 1.6856886e+08
609.2 1.6697357e+08
609.3 1.65997e+08
609.4 1.6570136e+08
609.5 1.6612104e+08
609.6 1.6726019e+08
609.7 1.6909314e+08
609.8 1.7156728e+08
609.9 1.7460736e+08
610 1.7812029e+08
610.1 1.8199931e+08
610.2 1.8612717e+08
610.3 1.9037806e+08
610.4 1.9461871e+08
610.5 1.9870901e+08
610.6 2.0250281e+08
610.7 2.058495e+08
610.8 2.085966e+08
610.9 2.1059364e+08
611 2.1169735e+08
611.1 2.1177775e+08
611.2 2.107249e+08
611.3 2.0845582e+08
611.4 2.0492105e+08
611.5 2.0011043e+08
611.6 1.9405779e+08
611.7 1.8684408e+08
611.8 1.7859882e+08
611.9 1.6949972e+08
612 1.5976997e+08
612.1 1.496732e+08
612.2 1.3950519e+08
612.3 1.2958169e+08
612.4 1.202209e+08
612.5 1.1171955e+08
612.6 1.0432263e+08
612.7 98190543
612.8 93372235
612.9 89796144
613 87287153
613.1 85606710
613.2 84502560
613.3 83752289
613.4 83191262
613.5 82723741
613.6 82320924
613.7 82010628
613.8 81862380
613.9 81970444
614 82436563
614.1 83354054
614.2 84794945
614.3 86801634
614.4 89383790
614.5 92520072
614.6 96163216
614.7 1.0024663e+08
614.8 1.046909e+08
614.9 1.0940927e+08
615 1.1431187e+08
615.1 1.1930877e+08
615.2 1.2431234e+08
615.3 1.2923917e+08
615.4 1.340118e+08
615.5 1.3856024e+08
615.6 1.4282345e+08
615.7 1.4675044e+08
615.8 1.503011e+08
615.9 1.534465e+08
616 1.5616876e+08
616.1 1.5846045e+08
616.2 1.6032358e+08
616.3 1.617684e+08
616.4 1.6281196e+08
616.5 1.6347692e+08
616.6 1.6379041e+08
616.7 1.6378323e+08
616.8 1.6348939e+08
616.9 1.6294591e+08
617 1.6219285e+08
617.1 1.6127328e+08
617.2 1.6023319e+08
617.3 1.591209e+08
617.4 1.5798596e+08
617.5 1.5687744e+08
617.6 1.5584163e+08
617.7 1.5491934e+08
617.8 1.5414333e+08
617.9 1.5353603e+08
618 1.5310829e+08
618.1 1.5285919e+08
618.2 1.5277695e+08
618.3 1.5284091e+08
618.4 1.530238e+08
618.5 1.5329402e+08
618.6 1.5361736e+08
618.7 1.5395793e+08
618.8 1.5427829e+08
618.9 1.5453922e+08
619 1.5469943e+08
619.1 1.5471576e+08
619.2 1.5454421e+08
619.3 1.541419e+08
619.4 1.5346973e+08
619.5 1.5249523e+08
619.6 1.5119522e+08
619.7 1.495576e+08
619.8 1.4758197e+08
619.9 1.4527901e+08
620 1.4266864e+08
620.1 1.3977747e+08
620.2 1.3663571e+08
620.3 1.3327428e+08
620.4 1.2972232e+08
620.5 1.2600546e+08
620.6 1.2214505e+08
620.7 1.1815837e+08
620.8 1.1405962e+08
620.9 1.0986183e+08
621 1.0557914e+08
621.1 1.0122961e+08
621.2 96838070
621.3 92439122
621.4 88079909
621.5 83822623
621.6 79746381
621.7 75947960
621.8 72540525
621.9 69649136
622 67401759
622.1 65915340
622.2 65278553
622.3 65535567
622.4 66676638
622.5 68639404
622.6 71320138
622.7 74590203
622.8 78312191
622.9 82352310
623 86588192
623.1 90912898
623.2 95236381
623.3 99485457
623.4 1.0360297e+08
623.5 1.0754656e+08
623.6 1.1128712e+08
623.7 1.1480721e+08
623.8 1.1809924e+08
623.9 1.2116363e+08
624 1.2400697e+08
624.1 1.2664014e+08
624.2 1.2907662e+08
624.3 1.3133087e+08
624.4 1.3341697e+08
624.5 1.353474e+08
624.6 1.3713213e+08
624.7 1.3877782e+08
624.8 1.4028729e+08
624.9 1.4165905e+08
625 1.428871e+08
625.1 1.4396081e+08
625.2 1.4486508e+08
625.3 1.4558066e+08
625.4 1.4608494e+08
625.5 1.4635292e+08
625.6 1.4635866e+08
625.7 1.4607694e+08
625.8 1.4548517e+08
625.9 1.445652e+08
626 1.4330501e+08
626.1 1.4169987e+08
626.2 1.3975272e+08
626.3 1.3747362e+08
626.4 1.3487801e+08
626.5 1.3198398e+08
626.6 1.2880859e+08
626.7 1.253642e+08
626.8 1.2165558e+08
626.9 1.1767902e+08
627 1.1342475e+08
627.1 1.0888329e+08
627.2 1.0405599e+08
627.3 98968699
627.4 93687013
627.5 88330444
627.6 83082146
627.7 78189614
627.8 73950068
627.9 70673829
628 68624245
628.1 67948268
628.2 68629673
628.3 70494235
628.4 73264420
628.5 76630867
628.6 80308554
628.7 84066348
628.8 87734911
628.9 91202250
629 94404084
629.1 97313047
629.2 99928601
629.3 1.0226833e+08
629.4 1.0436078e+08
629.5 1.062398e+08
629.6 1.0794014e+08
629.7 1.0949432e+08
629.8 1.1093039e+08
629.9 1.1227059e+08
630 1.1353069e+08
630.1 1.1471998e+08
630.2 1.1584171e+08
630.3 1.1689396e+08
630.4 1.1787084e+08
630.5 1.1876383e+08
630.6 1.195633e+08
630.7 1.2025983e+08
630.8 1.2084546e+08
630.9 1.2131456e+08
631 1.2166432e+08
631.1 1.2189483e+08
631.2 1.2200878e+08
631.3 1.2201082e+08
631.4 1.2190686e+08
631.5 1.2170324e+08
631.6 1.2140621e+08
631.7 1.2102162e+08
631.8 1.2055509e+08
631.9 1.2001258e+08
632 1.1940129e+08
632.1 1.1873078e+08
632.2 1.1801406e+08
632.3 1.1726852e+08
632.4 1.1651627e+08
632.5 1.1578406e+08
632.6 1.1510243e+08
632.7 1.1450453e+08
632.8 1.1402447e+08
632.9 1.1369585e+08
633 1.1355031e+08
633.1 1.1361665e+08
633.2 1.1392022e+08
633.3 1.1448265e+08
633.4 1.1532161e+08
633.5 1.1645049e+08
633.6 1.1787763e+08
633.7 1.1960519e+08
633.8 1.216277e+08
633.9 1.2393042e+08
634 1.2648775e+08
634.1 1.2926215e+08
634.2 1.3220359e+08
634.3 1.352499e+08
634.4 1.3832811e+08
634.5 1.4135672e+08
634.6 1.4424896e+08
634.7 1.4691709e+08
634.8 1.4927754e+08
634.9 1.5125707e+08
635 1.5279986e+08
635.1 1.5387564e+08
635.2 1.5448832e+08
635.3 1.5468483e+08
635.4 1.5456253e+08
635.5 1.5427294e+08
635.6 1.5401864e+08
635.7 1.5403946e+08
635.8 1.5458565e+08
635.9 1.5587908e+08
636 1.5806976e+08
636.1 1.6119988e+08
636.2 1.6518838e+08
636.3 1.698425e+08
636.4 1.7489278e+08
636.5 1.8004e+08
636.6 1.8500104e+08
636.7 1.8954406e+08
636.8 1.9350859e+08
636.9 1.9681076e+08
637 1.9943648e+08
637.1 2.0142664e+08
637.2 2.0285823e+08
637.3 2.0382498e+08
637.4 2.0441999e+08
637.5 2.0472205e+08
637.6 2.0478649e+08
637.7 2.0464067e+08
637.8 2.0428387e+08
637.9 2.0369073e+08
638 2.0281751e+08
638.1 2.0161008e+08
638.2 2.0001281e+08
638.3 1.9797749e+08
638.4 1.9547141e+08
638.5 1.924839e+08
638.6 1.8903065e+08
638.7 1.8515506e+08
638.8 1.8092642e+08
638.9 1.7643491e+08
639 1.7178384e+08
639.1 1.6708033e+08
639.2 1.6242581e+08
639.3 1.579077e+08
639.4 1.5359383e+08
639.5 1.4952999e+08
639.6 1.457408e+08
639.7 1.4223326e+08
639.8 1.3900187e+08
639.9 1.3603416e+08
640 1.3331586e+08
640.1 1.3083477e+08
640.2 1.2858309e+08
640.3 1.2655818e+08
640.4 1.2476178e+08
640.5 1.2319812e+08
640.6 1.2187112e+08
640.7 1.2078129e+08
640.8 1.1992283e+08
640.9 1.1928119e+08
641 1.1883166e+08
641.1 1.1853906e+08
641.2 1.1835861e+08
641.3 1.1823784e+08
641.4 1.1811931e+08
641.5 1.1794385e+08
641.6 1.1765401e+08
641.7 1.1719768e+08
641.8 1.1653158e+08
641.9 1.1562483e+08
642 1.1446245e+08
642.1 1.1304897e+08
642.2 1.114119e+08
642.3 1.0960487e+08
642.4 1.0770992e+08
642.5 1.0583783e+08
642.6 1.0412539e+08
642.7 1.0272821e+08
642.8 1.0180792e+08
642.9 1.0151437e+08
643 1.0196505e+08
643.1 1.0322657e+08
643.2 1.0530346e+08
643.3 1.081379e+08
643.4 1.1161996e+08
643.5 1.1560483e+08
643.6 1.1993175e+08
643.7 1.2444061e+08
643.8 1.28984e+08
643.9 1.3343455e+08
644 1.3768799e+08
644.1 1.4166341e+08
644.2 1.4530143e+08
644.3 1.4856145e+08
644.4 1.5141845e+08
644.5 1.5385979e+08
644.6 1.5588239e+08
644.7 1.5749015e+08
644.8 1.5869201e+08
644.9 1.595003e+08
645 1.5992958e+08
645.1 1.5999574e+08
645.2 1.5971545e+08
645.3 1.5910576e+08
645.4 1.5818395e+08
645.5 1.5696737e+08
645.6 1.5547349e+08
645.7 1.5371985e+08
645.8 1.5172407e+08
645.9 1.4950379e+08
646 1.470765e+08
646.1 1.4445935e+08
646.2 1.416688e+08
646.3 1.3872024e+08
646.4 1.3562761e+08
646.5 1.3240305e+08
646.6 1.2905665e+08
646.7 1.2559652e+08
646.8 1.2202916e+08
646.9 1.1836046e+08
647 1.1459735e+08
647.1 1.1075056e+08
647.2 1.0683868e+08
647.3 1.0289398e+08
647.4 98970372
647.5 95153846
647.6 91574794
647.7 88420571
647.8 85943514
647.9 84455938
648 84301329
648.1 85796321
648.2 89155215
648.3 94427768
648.4 1.0147923e+08
648.5 1.1001478e+08
648.6 1.1962568e+08
648.7 1.2983369e+08
648.8 1.40124e+08
648.9 1.4996852e+08
649 1.5884513e+08
649.1 1.6625699e+08
649.2 1.7175403e+08
649.3 1.7495649e+08
649.4 1.7557895e+08
649.5 1.7345262e+08
649.6 1.6854289e+08
649.7 1.6095959e+08
649.8 1.5095772e+08
649.9 1.3892746e+08
650 1.2537405e+08
650.1 1.1088964e+08
650.2 96121246
650.3 81740018
650.4 68416571
650.5 56801287
650.6 47490126
650.7 40924339
650.8 37187007
650.9 35841005
651 36081626
651.1 37113906
651.2 38388207
651.3 39610248
651.4 40659457
651.5 41509526
651.6 42175247
651.7 42682944
651.8 43057232
651.9 43317682
652 43480567
652.1 43562308
652.2 43582564
652.3 43565940
652.4 43542104
652.5 43544511
652.6 43608180
652.7 43766996
652.8 44050955
652.9 44483699
653 45080568
653.1 45847307
653.2 46779483
653.3 47862558
653.4 49072568
653.5 50377266
653.6 51737636
653.7 53109670
653.8 54446331
653.9 55699645
654 56822874
654.1 57772759
654.2 58511750
654.3 59010171
654.4 59248129
654.5 59216964
654.6 58919904
654.7 58371589
654.8 57596193
654.9 56624077
655 55487338
655.1 54215192
655.2 52830729
655.3 51351084
655.4 49793091
655.5 48186130
655.6 46592803
655.7 45136069
655.8 44027048
655.9 43578980
656 44182193
656.1 46219917
656.2 49948534
656.3 55417791
656.4 62482835
656.5 70876992
656.6 80283920
656.7 90381742
656.8 1.0086368e+08
656.9 1.1144691e+08
657 1.2187723e+08
657.1 1.3193268e+08
657.2 1.4142674e+08
657.3 1.5021084e+08
657.4 1.5817555e+08
657.5 1.6525018e+08
657.6 1.714003e+08
657.7 1.7662341e+08
657.8 1.8094296e+08
657.9 1.8440142e+08
658 1.8705315e+08
658.1 1.8895825e+08
658.2 1.9017817e+08
658.3 1.9077419e+08
658.4 1.9080908e+08
658.5 1.9035208e+08
658.6 1.8948634e+08
658.7 1.8831739e+08
658.8 1.8697992e+08
658.9 1.8563968e+08
659 1.8448672e+08
659.1 1.8371719e+08
659.2 1.8350348e+08
659.3 1.8395701e+08
659.4 1.8509246e+08
659.5 1.868047e+08
659.6 1.8886684e+08
659.7 1.9095127e+08
659.8 1.9266802e+08
659.9 1.9361065e+08
660 1.9340016e+08
660.1 1.9172039e+08
660.2 1.8834209e+08
660.3 1.8313565e+08
660.4 1.7607379e+08
660.5 1.6722644e+08
660.6 1.5674972e+08
660.7 1.4487088e+08
660.8 1.3187117e+08
660.9 1.1806785e+08
661 1.0379719e+08
661.1 89399753
661.2 75209923
661.3 61552350
661.4 48750884
661.5 37163607
661.6 27279325
661.7 19935726
661.8 16426576
661.9 17131088
662 20201009
662.1 23742615
662.2 26870725
662.3 29264516
662.4 30839429
662.5 31617473
662.6 31676903
662.7 31130697
662.8 30115832
662.9 28786258
663 27305924
663.1 25839277
663.2 24537402
663.3 23519969
663.4 22857163
663.5 22559708
663.6 22583632
663.7 22847945
663.8 23255408
663.9 23706933
664 24106798
664.1 24361706
664.2 24378590
664.3 24065216
664.4 23336209
664.5 22126861
664.6 20419687
664.7 18297566
664.8 16057820
664.9 14428487
665 14665010
665.1 17719710
665.2 23340087
665.3 30803111
665.4 39574377
665.5 49311758
665.6 59767274
665.7 70733022
665.8 82018444
665.9 93442339
666 1.0483159e+08
666.1 1.1602297e+08
666.2 1.2686639e+08
666.3 1.3722847e+08
666.4 1.469959e+08
666.5 1.5607815e+08
666.6 1.6440909e+08
666.7 1.7194748e+08
666.8 1.7867624e+08
666.9 1.8460053e+08
667 1.8974495e+08
667.1 1.9415005e+08
667.2 1.978685e+08
667.3 2.0096119e+08
667.4 2.0349358e+08
667.5 2.0553253e+08
667.6 2.0714366e+08
667.7 2.0838949e+08
667.8 2.0932808e+08
667.9 2.1001237e+08
668 2.1048979e+08
668.1 2.1080206e+08
668.2 2.1098493e+08
668.3 2.1106751e+08
668.4 2.1107109e+08
668.5 2.1100738e+08
668.6 2.1087617e+08
668.7 2.106627e+08
668.8 2.1033527e+08
668.9 2.0984346e+08
669 2.0911784e+08
669.1 2.080714e+08
669.2 2.0660321e+08
669.3 2.0460414e+08
669.4 2.0196436e+08
669.5 1.9858187e+08
669.6 1.9437142e+08
669.7 1.8927278e+08
669.8 1.8325782e+08
669.9 1.7633601e+08
670 1.6855818e+08
670.1 1.6001906e+08
670.2 1.5085913e+08
670.3 1.4126686e+08
670.4 1.3148194e+08
670.5 1.2179992e+08
670.6 1.1257668e+08
670.7 1.042278e+08
670.8 97212256
670.9 91984651
671 88906722
671.1 88138170
671.2 89565953
671.3 92825629
671.4 97402294
671.5 1.0274608e+08
671.6 1.0835189e+08
671.7 1.1379564e+08
671.8 1.1874233e+08
671.9 1.2294144e+08
672 1.2621869e+08
672.1 1.2846765e+08
672.2 1.29642e+08
672.3 1.2974809e+08
672.4 1.2883757e+08
672.5 1.2699972e+08
672.6 1.2435361e+08
672.7 1.2104023e+08
672.8 1.1721477e+08
672.9 1.1303937e+08
673 1.0867642e+08
673.1 1.0428247e+08
673.2 1.0000253e+08
673.3 95964711
673.4 92275100
673.5 89012990
673.6 86227038
673.7 83933171
673.8 82115181
673.9 80728609
674 79707892
674.1 78976011
674.2 78455391
674.3 78078758
674.4 77798853
674.5 77596260
674.6 77484753
674.7 77513634
674.8 77766332
674.9 78354562
675 79407638
675.1 81057497
675.2 83421566
675.3 86586989
675.4 90600001
675.5 95462750
675.6 1.0113721e+08
675.7 1.0755367e+08
675.8 1.1462049e+08
675.9 1.2223261e+08
676 1.3027737e+08
676.1 1.3863758e+08
676.2 1.4719214e+08
676.3 1.5581517e+08
676.4 1.6437424e+08
676.5 1.7272862e+08
676.6 1.807281e+08
676.7 1.8821301e+08
676.8 1.9501588e+08
676.9 2.0096497e+08
677 2.0588978e+08
677.1 2.0962836e+08
677.2 2.1203597e+08
677.3 2.1299447e+08
677.4 2.1242146e+08
677.5 2.1027827e+08
677.6 2.0657592e+08
677.7 2.0137802e+08
677.8 1.9480035e+08
677.9 1.8700671e+08
678 1.7820138e+08
678.1 1.6861868e+08
678.2 1.5851059e+08
678.3 1.4813345e+08
678.4 1.3773496e+08
678.5 1.2754245e+08
678.6 1.1775342e+08
678.7 1.0852888e+08
678.8 99989692
678.9 92216022
679 85249420
679.1 79097112
679.2 73737847
679.3 69128683
679.4 65212087
679.5 61922806
679.6 59194010
679.7 56962269
679.8 55171074
679.9 53772732
680 52728700
680.1 52008622
680.2 51588507
680.3 51448589
680.4 51571423
680.5 51940645
680.6 52540672
680.7 53357351
680.8 54379385
680.9 55600176
681 57019706
681.1 58646029
681.2 60496105
681.3 62595739
681.4 64978595
681.5 67684304
681.6 70755820
681.7 74236257
681.8 78165433
681.9 82576402
682 87492163
682.1 92922705
682.2 98862467
682.3 1.0528823e+08
682.4 1.1215746e+08
682.5 1.1940708e+08
682.6 1.2695279e+08
682.7 1.3468894e+08
682.8 1.4248925e+08
682.9 1.5020846e+08
683 1.5768527e+08
683.1 1.6474668e+08
683.2 1.7121398e+08
683.3 1.7691025e+08
683.4 1.8166937e+08
683.5 1.85346e+08
683.6 1.8782603e+08
683.7 1.890365e+08
683.8 1.8895414e+08
683.9 1.8761143e+08
684 1.8509933e+08
684.1 1.8156589e+08
684.2 1.7721043e+08
684.3 1.7227334e+08
684.4 1.6702169e+08
684.5 1.6173162e+08
684.6 1.5666862e+08
684.7 1.5206759e+08
684.8 1.4811492e+08
684.9 1.4493544e+08
685 1.4258659e+08
685.1 1.41061e+08
685.2 1.4029687e+08
685.3 1.401935e+08
685.4 1.4062857e+08
685.5 1.4147388e+08
685.6 1.4260748e+08
685.7 1.4392157e+08
685.8 1.4532616e+08
685.9 1.4674953e+08
686 1.4813635e+08
686.1 1.4944459e+08
686.2 1.5064216e+08
686.3 1.517042e+08
686.4 1.5261155e+08
686.5 1.5335077e+08
686.6 1.5391541e+08
686.7 1.5430814e+08
686.8 1.5454301e+08
686.9 1.5464686e+08
687 1.5465947e+08
687.1 1.5463165e+08
687.2 1.5462132e+08
687.3 1.5468758e+08
687.4 1.5488331e+08
687.5 1.552471e+08
687.6 1.5579551e+08
687.7 1.565169e+08
687.8 1.5736762e+08
687.9 1.5827151e+08
688 1.5912255e+08
688.1 1.5979057e+08
688.2 1.6012932e+08
688.3 1.5998623e+08
688.4 1.5921308e+08
688.5 1.5767719e+08
688.6 1.552728e+08
688.7 1.5193249e+08
688.8 1.4763881e+08
688.9 1.42436e+08
689 1.3644208e+08
689.1 1.2986087e+08
689.2 1.2299272e+08
689.3 1.1624026e+08
689.4 1.1010098e+08
689.5 1.051322e+08
689.6 1.0187264e+08
689.7 1.0072098e+08
689.8 1.0181221e+08
689.9 1.0496176e+08
690 1.0971505e+08
690.1 1.1546605e+08
690.2 1.2157585e+08
690.3 1.2745186e+08
690.4 1.325871e+08
690.5 1.3657526e+08
690.6 1.3911514e+08
690.7 1.4001165e+08
690.8 1.391759e+08
690.9 1.3662441e+08
691 1.3247687e+08
691.1 1.2695191e+08
691.2 1.2036055e+08
691.3 1.1309712e+08
691.4 1.0562629e+08
691.5 98462695
691.6 92135724
691.7 87130684
691.8 83805629
691.9 82306818
692 82529168
692.1 84154616
692.2 86749250
692.3 89865210
692.4 93108311
692.5 96166288
692.6 98811037
692.7 1.0088908e+08
692.8 1.0230904e+08
692.9 1.030302e+08
693 1.030533e+08
693.1 1.0241375e+08
693.2 1.0117669e+08
693.3 99433437
693.4 97298598
693.5 94907258
693.6 92411476
693.7 89975244
693.8 87767125
693.9 85950018
694 84668320
694.1 84034070
694.2 84114965
694.3 84927683
694.4 86438734
694.5 88572591
694.6 91224412
694.7 94273708
694.8 97595988
694.9 1.0107093e+08
695 1.0458699e+08
695.1 1.080431e+08
695.2 1.1134845e+08
695.3 1.1442114e+08
695.4 1.1718647e+08
695.5 1.1957521e+08
695.6 1.2152243e+08
695.7 1.2296689e+08
695.8 1.2385136e+08
695.9 1.2412383e+08
696 1.2373975e+08
696.1 1.2266538e+08
696.2 1.208821e+08
696.3 1.18392e+08
696.4 1.1522447e+08
696.5 1.1144433e+08
696.6 1.0716137e+08
696.7 1.025414e+08
696.8 97818099
696.9 93302829
697 89385965
697.1 86517690
697.2 85154325
697.3 85668225
697.4 88250111
697.5 92857033
697.6 99237348
697.7 1.0700963e+08
697.8 1.1574622e+08
697.9 1.2503069e+08
698 1.3448706e+08
698.1 1.4379056e+08
698.2 1.5267019e+08
698.3 1.6090837e+08
698.4 1.6834032e+08
698.5 1.7485314e+08
698.6 1.8038458e+08
698.7 1.8492054e+08
698.8 1.8849111e+08
698.9 1.9116488e+08
699 1.9304166e+08
699.1 1.9424412e+08
699.2 1.9490884e+08
699.3 1.9517735e+08
699.4 1.9518791e+08
699.5 1.9506831e+08
699.6 1.9493003e+08
699.7 1.9486404e+08
699.8 1.9493821e+08
699.9 1.951963e+08
700 1.9565845e+08
700.1 1.9632309e+08
700.2 1.9716994e+08
700.3 1.9816398e+08
700.4 1.9926002e+08
700.5 2.0040757e+08
700.6 2.0155565e+08
700.7 2.0265707e+08
700.8 2.0367213e+08
700.9 2.0457113e+08
701 2.0533586e+08
701.1 2.0595981e+08
701.2 2.0644729e+08
701.3 2.0681154e+08
701.4 2.0707222e+08
701.5 2.0725236e+08
701.6 2.0737535e+08
701.7 2.0746208e+08
701.8 2.0752856e+08
701.9 2.0758425e+08
702 2.0763116e+08
702.1 2.0766383e+08
702.2 2.0767011e+08
702.3 2.0763259e+08
702.4 2.0753062e+08
702.5 2.0734258e+08
702.6 2.0704831e+08
702.7 2.0663128e+08
702.8 2.0608054e+08
702.9 2.0539207e+08
703 2.0456949e+08
703.1 2.0362413e+08
703.2 2.0257437e+08
703.3 2.0144428e+08
703.4 2.0026181e+08
703.5 1.9905654e+08
703.6 1.9785731e+08
703.7 1.9668988e+08
703.8 1.9557502e+08
703.9 1.9452708e+08
704 1.935534e+08
704.1 1.9265439e+08
704.2 1.9182436e+08
704.3 1.9105287e+08
704.4 1.9032615e+08
704.5 1.896286e+08
704.6 1.8894378e+08
704.7 1.8825498e+08
704.8 1.8754519e+08
704.9 1.8679649e+08
705 1.8598916e+08
705.1 1.8510043e+08
705.2 1.8410345e+08
705.3 1.8296634e+08
705.4 1.8165175e+08
705.5 1.8011678e+08
705.6 1.7831355e+08
705.7 1.7619022e+08
705.8 1.7369239e+08
705.9 1.7076514e+08
706 1.6735529e+08
706.1 1.6341419e+08
706.2 1.5890083e+08
706.3 1.5378537e+08
706.4 1.4805289e+08
706.5 1.4170735e+08
706.6 1.3477556e+08
706.7 1.2731096e+08
706.8 1.1939704e+08
706.9 1.1114995e+08
707 1.0272019e+08
707.1 94292675
707.2 86084397
707.3 78338031
707.4 71308697
707.5 65240038
707.6 60327092
707.7 56670396
707.8 54238503
707.9 52863097
708 52276944
708.1 52176940
708.2 52281480
708.3 52363473
708.4 52259076
708.5 51861430
708.6 51108681
708.7 49972352
708.8 48449320
708.9 46558907
709 44345716
709.1 41888284
709.2 39313157
709.3 36812465
709.4 34658284
709.5 33196379
709.6 32791014
709.7 33711642
709.8 36023149
709.9 39575951
710 44097042
710.1 49292222
710.2 54902733
710.3 60721315
710.4 66589479
710.5 72389720
710.6 78037918
710.7 83477167
710.8 88672934
710.9 93609181
711 98285087
711.1 1.027121e+08
711.2 1.0691112e+08
711.3 1.1090959e+08
711.4 1.1473854e+08
711.5 1.1842938e+08
711.6 1.2201067e+08
711.7 1.2550481e+08
711.8 1.2892503e+08
711.9 1.3227288e+08
712 1.3553666e+08
712.1 1.3869113e+08
712.2 1.4169888e+08
712.3 1.4451345e+08
712.4 1.4708413e+08
712.5 1.4936194e+08
712.6 1.51306e+08
712.7 1.5288921e+08
712.8 1.5410201e+08
712.9 1.549536e+08
713 1.5546981e+08
713.1 1.5568825e+08
713.2 1.5565125e+08
713.3 1.5539819e+08
713.4 1.5495873e+08
713.5 1.5434838e+08
713.6 1.5356735e+08
713.7 1.52603e+08
713.8 1.5143548e+08
713.9 1.5004572e+08
714 1.4842457e+08
714.1 1.4658224e+08
714.2 1.4455684e+08
714.3 1.4242134e+08
714.4 1.4028775e+08
714.5 1.3830712e+08
714.6 1.3666354e+08
714.7 1.355603e+08
714.8 1.3519742e+08
714.9 1.3574247e+08
715 1.3730016e+08
715.1 1.3988883e+08
715.2 1.4343143e+08
715.3 1.4776383e+08
715.4 1.5265746e+08
715.5 1.5784935e+08
715.6 1.6307223e+08
715.7 1.6807991e+08
715.8 1.726658e+08
715.9 1.7667435e+08
716 1.8000644e+08
716.1 1.826196e+08
716.2 1.8452411e+08
716.3 1.8577563e+08
716.4 1.8646527e+08
716.5 1.867078e+08
716.6 1.8662883e+08
716.7 1.8635232e+08
716.8 1.8598947e+08
716.9 1.8563025e+08
717 1.8533845e+08
717.1 1.8515055e+08
717.2 1.8507832e+08
717.3 1.8511417e+08
717.4 1.8523812e+08
717.5 1.8542501e+08
717.6 1.8565076e+08
717.7 1.8589678e+08
717.8 1.8615224e+08
717.9 1.8641408e+08
718 1.8668529e+08
718.1 1.8697206e+08
718.2 1.8728047e+08
718.3 1.8761353e+08
718.4 1.8796911e+08
718.5 1.8833888e+08
718.6 1.8870858e+08
718.7 1.8905924e+08
718.8 1.8936904e+08
718.9 1.8961531e+08
719 1.8977631e+08
719.1 1.898324e+08
719.2 1.8976652e+08
719.3 1.8956409e+08
719.4 1.8921254e+08
719.5 1.8870081e+08
719.6 1.8801919e+08
719.7 1.8715964e+08
719.8 1.8611686e+08
719.9 1.8488981e+08
720 1.8348368e+08
720.1 1.8191181e+08
720.2 1.8019735e+08
720.3 1.7837426e+08
720.4 1.7648735e+08
720.5 1.7459132e+08
720.6 1.7274871e+08
720.7 1.7102684e+08
720.8 1.6949412e+08
720.9 1.6821587e+08
721 1.6725027e+08
721.1 1.6664471e+08
721.2 1.6643287e+08
721.3 1.6663291e+08
721.4 1.672468e+08
721.5 1.6826063e+08
721.6 1.6964596e+08
721.7 1.7136169e+08
721.8 1.7335643e+08
721.9 1.7557103e+08
722 1.7794117e+08
722.1 1.8039991e+08
722.2 1.8288026e+08
722.3 1.8531749e+08
722.4 1.876515e+08
722.5 1.8982884e+08
722.6 1.918045e+08
722.7 1.9354333e+08
722.8 1.9502095e+08
722.9 1.962241e+08
723 1.9715048e+08
723.1 1.9780797e+08
723.2 1.9821337e+08
723.3 1.9839085e+08
723.4 1.9837004e+08
723.5 1.9818408e+08
723.6 1.9786768e+08
723.7 1.9745532e+08
723.8 1.9697956e+08
723.9 1.9646976e+08
724 1.9595088e+08
724.1 1.9544268e+08
724.2 1.9495913e+08
724.3 1.9450801e+08
724.4 1.9409081e+08
724.5 1.9370274e+08
724.6 1.9333298e+08
724.7 1.9296505e+08
724.8 1.9257724e+08
724.9 1.9214326e+08
725 1.9163292e+08
725.1 1.9101296e+08
725.2 1.9024799e+08
725.3 1.8930154e+08
725.4 1.8813719e+08
725.5 1.8671973e+08
725.6 1.8501631e+08
725.7 1.8299737e+08
725.8 1.8063747e+08
725.9 1.7791565e+08
726 1.7481546e+08
726.1 1.7132445e+08
726.2 1.6743323e+08
726.3 1.6313416e+08
726.4 1.5841989e+08
726.5 1.5328221e+08
726.6 1.4771172e+08
726.7 1.4169922e+08
726.8 1.3523974e+08
726.9 1.2834009e+08
727 1.2103091e+08
727.1 1.1338364e+08
727.2 1.0553264e+08
727.3 97701092
727.4 90227092
727.5 83578876
727.6 78335259
727.7 75094773
727.8 74299161
727.9 76045465
728 80032848
728.1 85694043
728.2 92394527
728.3 99572438
728.4 1.0679264e+08
728.5 1.1374681e+08
728.6 1.2023185e+08
728.7 1.261237e+08
728.8 1.3135349e+08
728.9 1.3588853e+08
729 1.3971871e+08
729.1 1.4284817e+08
729.2 1.4529182e+08
729.3 1.4707559e+08
729.4 1.4823942e+08
729.5 1.4884134e+08
729.6 1.4896121e+08
729.7 1.4870247e+08
729.8 1.4819021e+08
729.9 1.4756467e+08
730 1.469696e+08
730.1 1.4653671e+08
730.2 1.4636861e+08
730.3 1.4652403e+08
730.4 1.4700902e+08
730.5 1.4777662e+08
730.6 1.487347e+08
730.7 1.4975957e+08
730.8 1.5071128e+08
730.9 1.5144682e+08
731 1.5182898e+08
731.1 1.5172992e+08
731.2 1.5103047e+08
731.3 1.4961671e+08
731.4 1.4737587e+08
731.5 1.4419328e+08
731.6 1.3995193e+08
731.7 1.3453533e+08
731.8 1.2783381e+08
731.9 1.1975425e+08
732 1.1023254e+08
732.1 99249088
732.2 86849198
732.3 73176298
732.4 58546353
732.5 43673637
732.6 30523652
732.7 24837177
732.8 32331468
732.9 47493539
733 65091093
733.1 83230075
733.2 1.0108442e+08
733.3 1.1815903e+08
733.4 1.3409853e+08
733.5 1.4863053e+08
733.6 1.6154637e+08
733.7 1.7269283e+08
733.8 1.8196677e+08
733.9 1.8930996e+08
734 1.9470309e+08
734.1 1.9815934e+08
734.2 1.9971771e+08
734.3 1.9943671e+08
734.4 1.9738905e+08
734.5 1.9365743e+08
734.6 1.8833195e+08
734.7 1.815088e+08
734.8 1.7329041e+08
734.9 1.637866e+08
735 1.5311672e+08
735.1 1.4141289e+08
735.2 1.2882453e+08
735.3 1.1552572e+08
735.4 1.0172802e+08
735.5 87705499
735.6 73846585
735.7 60765789
735.8 49531388
735.9 41970581
736 40302497
736.1 45067383
736.2 54354597
736.3 65966445
736.4 78526406
736.5 91279014
736.6 1.0379221e+08
736.7 1.1579819e+08
736.8 1.2711981e+08
736.9 1.3763672e+08
737 1.4726917e+08
737.1 1.559699e+08
737.2 1.6371953e+08
737.3 1.705232e+08
737.4 1.7640758e+08
737.5 1.8141746e+08
737.6 1.85612e+08
737.7 1.8906053e+08
737.8 1.9183823e+08
737.9 1.9402196e+08
738 1.9568665e+08
738.1 1.9690254e+08
738.2 1.9773355e+08
738.3 1.9823693e+08
738.4 1.9846412e+08
738.5 1.9846256e+08
738.6 1.9827804e+08
738.7 1.9795696e+08
738.8 1.9754785e+08
738.9 1.9710153e+08
739 1.9666956e+08
739.1 1.9630104e+08
739.2 1.960381e+08
739.3 1.9591117e+08
739.4 1.9593508e+08
739.5 1.9610726e+08
739.6 1.9640846e+08
739.7 1.9680623e+08
739.8 1.9726026e+08
739.9 1.9772859e+08
740 1.9817334e+08
740.1 1.9856501e+08
740.2 1.9888485e+08
740.3 1.9912525e+08
740.4 1.9928841e+08
740.5 1.9938407e+08
740.6 1.9942666e+08
740.7 1.9943254e+08
740.8 1.9941764e+08
740.9 1.9939566e+08
741 1.9937699e+08
741.1 1.9936812e+08
741.2 1.9937169e+08
741.3 1.993868e+08
741.4 1.9940965e+08
741.5 1.9943436e+08
741.6 1.9945376e+08
741.7 1.9946019e+08
741.8 1.9944616e+08
741.9 1.9940483e+08
742 1.9933034e+08
742.1 1.9921787e+08
742.2 1.9906358e+08
742.3 1.9886439e+08
742.4 1.9861768e+08
742.5 1.9832087e+08
742.6 1.9797118e+08
742.7 1.9756532e+08
742.8 1.9709934e+08
742.9 1.9656874e+08
743 1.9596858e+08
743.1 1.9529393e+08
743.2 1.9454036e+08
743.3 1.9370462e+08
743.4 1.9278532e+08
743.5 1.9178371e+08
743.6 1.9070433e+08
743.7 1.8955545e+08
743.8 1.883494e+08
743.9 1.8710244e+08
744 1.858343e+08
744.1 1.8456728e+08
744.2 1.8332501e+08
744.3 1.8213085e+08
744.4 1.8100639e+08
744.5 1.7996999e+08
744.6 1.7903609e+08
744.7 1.7821513e+08
744.8 1.7751468e+08
744.9 1.7694126e+08
745 1.7650284e+08
745.1 1.7621102e+08
745.2 1.7608224e+08
745.3 1.7613691e+08
745.4 1.7639598e+08
745.5 1.7687458e+08
745.6 1.775734e+08
745.7 1.7846897e+08
745.8 1.7950452e+08
745.9 1.8058361e+08
746 1.8156818e+08
746.1 1.8228222e+08
746.2 1.8252167e+08
746.3 1.8207012e+08
746.4 1.8071918e+08
746.5 1.7829227e+08
746.6 1.746693e+08
746.7 1.6980995e+08
746.8 1.6377219e+08
746.9 1.5672243e+08
747 1.4893331e+08
747.1 1.4076515e+08
747.2 1.3262823e+08
747.3 1.2492625e+08
747.4 1.1798785e+08
747.5 1.1200257e+08
747.6 1.0698446e+08
747.7 1.0278168e+08
747.8 99131435
747.9 95738026
748 92344473
748.1 88777903
748.2 84964764
748.3 80922533
748.4 76737867
748.5 72539786
748.6 68473768
748.7 64680122
748.8 61278170
748.9 58356527
749 55968876
749.1 54134147
749.2 52839730
749.3 52046493
749.4 51694609
749.5 51709573
749.6 52007969
749.7 52502669
749.8 53107222
749.9 53739285
750 54323070
750.1 54790943
750.2 55084374
750.3 55154533
750.4 54962828
750.5 54481692
750.6 53695963
750.7 52605251
750.8 51227754
750.9 49606123
751 47815988
751.1 45977439
751.2 44268418
751.3 42935343
751.4 42289859
751.5 42675387
751.6 44396837
751.7 47640103
751.8 52432959
751.9 58669743
752 66169019
752.1 74722980
752.2 84123461
752.3 94170033
752.4 1.0466956e+08
752.5 1.1543347e+08
752.6 1.2627555e+08
752.7 1.3701126e+08
752.8 1.4745875e+08
752.9 1.5744122e+08
753 1.6679039e+08
753.1 1.753507e+08
753.2 1.8298377e+08
753.3 1.8957277e+08
753.4 1.9502619e+08
753.5 1.9928082e+08
753.6 2.0230346e+08
753.7 2.0409133e+08
753.8 2.0467097e+08
753.9 2.040957e+08
754 2.0244182e+08
754.1 1.9980385e+08
754.2 1.9628902e+08
754.3 1.9201161e+08
754.4 1.8708725e+08
754.5 1.8162783e+08
754.6 1.7573706e+08
754.7 1.6950703e+08
754.8 1.6301592e+08
754.9 1.5632676e+08
755 1.4948747e+08
755.1 1.4253197e+08
755.2 1.3548239e+08
755.3 1.2835237e+08
755.4 1.211513e+08
755.5 1.1388957e+08
755.6 1.0658477e+08
755.7 99268915
755.8 91996617
755.9 84854225
756 77969593
756.1 71521161
756.2 65742784
756.3 60916392
756.4 57339910
756.5 55260978
756.6 54790604
756.7 55845527
756.8 58165514
756.9 61394018
757 65166310
757.1 69165387
757.2 73142892
757.3 76918916
757.4 80373034
757.5 83433115
757.6 86064439
757.7 88259881
757.8 90031345
757.9 91402506
758 92402905
758.1 93063430
758.2 93413131
758.3 93477250
758.4 93276241
758.5 92825548
758.6 92135893
758.7 91213873
758.8 90062738
758.9 88683250
759 87074621
759.1 85235516
759.2 83165165
759.3 80864638
759.4 78338333
759.5 75595760
759.6 72653696
759.7 69538817
759.8 66290871
759.9 62966479
760 59643448
760.1 56425222
760.2 53444328
760.3 50862411
760.4 48862849
760.5 47631435
760.6 47324175
760.7 48030435
760.8 49748467
760.9 52386840
761 55788979
761.1 59765070
761.2 64117255
761.3 68653514
761.4 73192520
761.5 77563561
761.6 81604715
761.7 85161145
761.8 88084368
761.9 90232847
762 91473957
762.1 91687260
762.2 90769022
762.3 88637927
762.4 85242162
762.5 80568455
762.6 74654647
762.7 67609682
762.8 59650369
762.9 51177415
763 42940368
763.1 36348882
763.2 33646621
763.3 36644371
763.4 44718897
763.5 55906933
763.6 68681855
763.7 82136213
763.8 95718379
763.9 1.090615e+08
764 1.2190345e+08
764.1 1.3405043e+08
764.2 1.4535961e+08
764.3 1.5572987e+08
764.4 1.6509603e+08
764.5 1.7342464e+08
764.6 1.8071037e+08
764.7 1.869727e+08
764.8 1.9225279e+08
764.9 1.9661036e+08
765 2.0012064e+08
765.1 2.0287119e+08
765.2 2.0495852e+08
765.3 2.0648412e+08
765.4 2.075501e+08
765.5 2.0825398e+08
765.6 2.0868309e+08
765.7 2.0890876e+08
765.8 2.0898094e+08
765.9 2.0892412e+08
766 2.0873526e+08
766.1 2.0838439e+08
766.2 2.0781808e+08
766.3 2.0696556e+08
766.4 2.0574664e+08
766.5 2.0408054e+08
766.6 2.0189419e+08
766.7 1.9912917e+08
766.8 1.9574639e+08
766.9 1.9172819e+08
767 1.8707789e+08
767.1 1.8181732e+08
767.2 1.7598289e+08
767.3 1.6962102e+08
767.4 1.6278379e+08
767.5 1.555253e+08
767.6 1.4789928e+08
767.7 1.3995817e+08
767.8 1.317535e+08
767.9 1.2333757e+08
768 1.1476613e+08
768.1 1.0610186e+08
768.2 97418730
768.3 88807352
768.4 80381758
768.5 72288216
768.6 64716121
768.7 57909103
768.8 52168809
768.9 47833180
769 45204048
769.1 44425731
769.2 45388497
769.3 47751563
769.4 51069364
769.5 54914051
769.6 58934238
769.7 62862938
769.8 66504844
769.9 69720800
770 72415641
770.1 74530338
770.2 76037858
770.3 76941986
770.4 77278534
770.5 77118466
770.6 76572313
770.7 75794748
770.8 74987109
770.9 74394208
771 74290489
771.1 74951553
771.2 76612408
771.3 79423088
771.4 83418723
771.5 88516610
771.6 94538894
771.7 1.0124811e+08
771.8 1.0838195e+08
771.9 1.1567998e+08
772 1.2290085e+08
772.1 1.2983187e+08
772.2 1.3629298e+08
772.3 1.4213677e+08
772.4 1.4724584e+08
772.5 1.5152833e+08
772.6 1.5491222e+08
772.7 1.5733942e+08
772.8 1.5875998e+08
772.9 1.5912716e+08
773 1.583938e+08
773.1 1.5651029e+08
773.2 1.5342439e+08
773.3 1.4908289e+08
773.4 1.4343529e+08
773.5 1.3643902e+08
773.6 1.2806623e+08
773.7 1.1831136e+08
773.8 1.0719903e+08
773.9 94791407
774 81194201
774.1 66560644
774.2 51093375
774.3 35047197
774.4 18759778
774.5 3801331.6
774.6 14451885
774.7 29797128
774.8 44369204
774.9 57807623
775 69880153
775.1 80423686
775.2 89341547
775.3 96603706
775.4 1.0224448e+08
775.5 1.0635689e+08
775.6 1.0908386e+08
775.7 1.1060669e+08
775.8 1.1113158e+08
775.9 1.1087515e+08
776 1.1005051e+08
776.1 1.0885549e+08
776.2 1.0746501e+08
776.3 1.0602936e+08
776.4 1.0467907e+08
776.5 1.0353577e+08
776.6 1.0272663e+08
776.7 1.0239798e+08
776.8 1.0272285e+08
776.9 1.0389659e+08
777 1.0611744e+08
777.1 1.0955345e+08
777.2 1.1430388e+08
777.3 1.2036703e+08
777.4 1.2762487e+08
777.5 1.3584673e+08
777.6 1.4470755e+08
777.7 1.5381257e+08
777.8 1.6272262e+08
777.9 1.7097694e+08
778 1.7811318e+08
778.1 1.8368555e+08
778.2 1.8728191e+08
778.3 1.88541e+08
778.4 1.8717015e+08
778.5 1.8296434e+08
778.6 1.7582746e+08
778.7 1.6579749e+08
778.8 1.5307973e+08
778.9 1.3809663e+08
779 1.2157298e+08
779.1 1.046924e+08
779.2 89364807
779.3 78479213
779.4 75297234
779.5 81053206
779.6 93611944
779.7 1.0963929e+08
779.8 1.26537e+08
779.9 1.426557e+08
780 1.5700506e+08
780.1 1.6902568e+08
780.2 1.7845787e+08
780.3 1.8526211e+08
780.4 1.8956197e+08
780.5 1.9159653e+08
780.6 1.916785e+08
780.7 1.9015759e+08
780.8 1.8739022e+08
780.9 1.8371616e+08
781 1.7944251e+08
781.1 1.7483431e+08
781.2 1.7011079e+08
781.3 1.6544602e+08
781.4 1.6097255e+08
781.5 1.5678699e+08
781.6 1.5295641e+08
781.7 1.4952492e+08
781.8 1.4651988e+08
781.9 1.4395727e+08
782 1.418461e+08
782.1 1.4019169e+08
782.2 1.3899774e+08
782.3 1.3826733e+08
782.4 1.3800288e+08
782.5 1.3820536e+08
782.6 1.3887273e+08
782.7 1.3999804e+08
782.8 1.4156706e+08
782.9 1.4355574e+08
783 1.4592758e+08
783.1 1.4863088e+08
783.2 1.5159624e+08
783.3 1.5473445e+08
783.4 1.5793517e+08
783.5 1.6106688e+08
783.6 1.6397869e+08
783.7 1.6650418e+08
783.8 1.6846804e+08
783.9 1.6969507e+08
784 1.700217e+08
784.1 1.693091e+08
784.2 1.6745712e+08
784.3 1.6441782e+08
784.4 1.6020736e+08
784.5 1.5491497e+08
784.6 1.4870807e+08
784.7 1.4183247e+08
784.8 1.3460658e+08
784.9 1.2740803e+08
785 1.2064998e+08
785.1 1.1474433e+08
785.2 1.1005124e+08
785.3 1.0682132e+08
785.4 1.0514769e+08
785.5 1.0494928e+08
785.6 1.0599645e+08
785.7 1.0796795e+08
785.8 1.1051444e+08
785.9 1.133076e+08
786 1.1606736e+08
786.1 1.1857057e+08
786.2 1.2064803e+08
786.3 1.2217634e+08
786.4 1.2306841e+08
786.5 1.2326486e+08
786.6 1.2272743e+08
786.7 1.2143442e+08
786.8 1.193781e+08
786.9 1.1656362e+08
787 1.1300894e+08
787.1 1.0874522e+08
787.2 1.0381714e+08
787.3 98282831
787.4 92213235
787.5 85690926
787.6 78808727
787.7 71668668
787.8 64382178
787.9 57072923
788 49884545
788.1 42997135
788.2 36658137
788.3 31231390
788.4 27241450
788.5 25300189
788.6 25763422
788.7 28388174
788.8 32524836
788.9 37541386
789 42987312
789.1 48563576
789.2 54061803
789.3 59322578
789.4 64213137
789.5 68617421
789.6 72433180
789.7 75572694
789.8 77964924
789.9 79557597
790 80318372
790.1 80234757
790.2 79313018
790.3 77576740
790.4 75066093
790.5 71839107
790.6 67976439
790.7 63591444
790.8 58847692
790.9 53986205
791 49362309
791.1 45480289
791.2 42981384
791.3 42503077
791.4 44400246
791.5 48551277
791.6 54466806
791.7 61550063
791.8 69266347
791.9 77189863
792 84994969
792.1 92436428
792.2 99332719
792.3 1.0555393e+08
792.4 1.110128e+08
792.5 1.1565766e+08
792.6 1.1946639e+08
792.7 1.2244127e+08
792.8 1.2460466e+08
792.9 1.2599559e+08
793 1.2666754e+08
793.1 1.2668751e+08
793.2 1.2613638e+08
793.3 1.2511056e+08
793.4 1.2372472e+08
793.5 1.2211493e+08
793.6 1.204413e+08
793.7 1.188886e+08
793.8 1.1766271e+08
793.9 1.1698063e+08
794 1.1705242e+08
794.1 1.1805582e+08
794.2 1.2010753e+08
794.3 1.2323843e+08
794.4 1.2737998e+08
794.5 1.3236555e+08
794.6 1.3794509e+08
794.7 1.4380798e+08
794.8 1.4960834e+08
794.9 1.5498925e+08
795 1.5960426e+08
795.1 1.6313619e+08
795.2 1.6531369e+08
795.3 1.659259e+08
795.4 1.6483526e+08
795.5 1.6198867e+08
795.6 1.5742664e+08
795.7 1.5129083e+08
795.8 1.4382997e+08
795.9 1.3540435e+08
796 1.2648806e+08
796.1 1.1766516e+08
796.2 1.0961001e+08
796.3 1.0303334e+08
796.4 98574120
796.5 96645198
796.6 97301254
796.7 1.0022621e+08
796.8 1.0485958e+08
796.9 1.1057353e+08
797 1.1680506e+08
797.1 1.231153e+08
797.2 1.2919691e+08
797.3 1.3485697e+08
797.4 1.3999268e+08
797.5 1.4456753e+08
797.6 1.4859056e+08
797.7 1.5209926e+08
797.8 1.5514582e+08
797.9 1.5778657e+08
798 1.6007422e+08
798.1 1.6205267e+08
798.2 1.6375428e+08
798.3 1.6519919e+08
798.4 1.6639659e+08
798.5 1.6734741e+08
798.6 1.6804818e+08
798.7 1.684955e+08
798.8 1.6869055e+08
798.9 1.6864339e+08
799 1.6837618e+08
799.1 1.679253e+08
799.2 1.673417e+08
799.3 1.6668942e+08
799.4 1.6604224e+08
799.5 1.6547863e+08
799.6 1.6507548e+08
799.7 1.6490124e+08
799.8 1.6500952e+08
799.9 1.6543385e+08
800 1.6618436e+08
800.1 1.6724683e+08
800.2 1.6858366e+08
800.3 1.701366e+08
800.4 1.7183017e+08
800.5 1.7357519e+08
800.6 1.7527184e+08
800.7 1.7681217e+08
800.8 1.7808201e+08
800.9 1.7896291e+08
801 1.7933455e+08
801.1 1.7907821e+08
801.2 1.7808146e+08
801.3 1.762444e+08
801.4 1.7348675e+08
801.5 1.6975538e+08
801.6 1.6503104e+08
801.7 1.5933358e+08
801.8 1.527244e+08
801.9 1.453058e+08
802 1.3721711e+08
802.1 1.2862782e+08
802.2 1.1972864e+08
802.3 1.1072151e+08
802.4 1.0180948e+08
802.5 93187552
802.6 85035022
802.7 77509671
802.8 70743796
802.9 64841760
803 59878563
803.1 55898920
803.2 52916558
803.3 50913893
803.4 49842723
803.5 49626587
803.6 50164952
803.7 51338628
803.8 53015517
803.9 55056041
804 57318156
804.1 59662176
804.2 61955655
804.3 64078391
804.4 65927414
804.5 67421695
804.6 68506244
804.7 69155336
804.8 69374637
804.9 69202071
805 68707255
805.1 67989190
805.2 67171666
805.3 66395625
805.4 65807718
805.5 65544975
805.6 65716909
805.7 66388300
805.8 67566996
805.9 69200148
806 71179402
806.1 73352537
806.2 75537625
806.3 77536552
806.4 79146423
806.5 80168922
806.6 80418622
806.7 79731683
806.8 77976802
806.9 75071227
807 71006759
807.1 65895221
807.2 60051490
807.3 54142377
807.4 49404189
807.5 47717969
807.6 50915749
807.7 59449828
807.8 72292029
807.9 88014489
808 1.0539504e+08
808.1 1.234514e+08
808.2 1.4135042e+08
808.3 1.5834813e+08
808.4 1.7377021e+08
808.5 1.8701816e+08
808.6 1.9758912e+08
808.7 2.0510127e+08
808.8 2.0931938e+08
808.9 2.1017671e+08
809 2.0779085e+08
809.1 2.0247218e+08
809.2 1.9472442e+08
809.3 1.852365e+08
809.4 1.7486302e+08
809.5 1.6458534e+08
809.6 1.5543834e+08
809.7 1.4838501e+08
809.8 1.4414165e+08
809.9 1.4300822e+08
810 1.4480243e+08
810.1 1.4895435e+08
810.2 1.5470623e+08
810.3 1.6130552e+08
810.4 1.6812295e+08
810.5 1.7469436e+08
810.6 1.807151e+08
810.7 1.8601334e+08
810.8 1.9051782e+08
810.9 1.942273e+08
811 1.9718417e+08
811.1 1.9945282e+08
811.2 2.0110263e+08
811.3 2.0219518e+08
811.4 2.027751e+08
811.5 2.0286424e+08
811.6 2.0245846e+08
811.7 2.0152665e+08
811.8 2.0001154e+08
811.9 1.9783183e+08
812 1.9488537e+08
812.1 1.910532e+08
812.2 1.8620439e+08
812.3 1.8020163e+08
812.4 1.7290782e+08
812.5 1.6419379e+08
812.6 1.5394731e+08
812.7 1.4208361e+08
812.8 1.2855747e+08
812.9 1.1337691e+08
813 96618842
813.1 78448107
813.2 59147927
813.3 39208296
813.4 19899918
813.5 11472419
813.6 26701207
813.7 44856345
813.8 61738488
813.9 76353977
814 88099485
814.1 96569734
814.2 1.0154967e+08
814.3 1.0302313e+08
814.4 1.0117155e+08
814.5 96358283
814.6 89102939
814.7 80055239
814.8 69983270
814.9 59795538
815 50610782
815.1 43818676
815.2 40828977
815.3 42187340
815.4 47014626
815.5 53823083
815.6 61424459
815.7 69094637
815.8 76432417
815.9 83224691
816 89364737
816.1 94806807
816.2 99540864
816.3 1.0357823e+08
816.4 1.0694326e+08
816.5 1.0966858e+08
816.6 1.1179223e+08
816.7 1.1335606e+08
816.8 1.1440484e+08
816.9 1.149856e+08
817 1.1514719e+08
817.1 1.1493974e+08
817.2 1.1441413e+08
817.3 1.1362129e+08
817.4 1.1261142e+08
817.5 1.1143311e+08
817.6 1.1013254e+08
817.7 1.0875266e+08
817.8 1.0733257e+08
817.9 1.0590718e+08
818 1.0450707e+08
818.1 1.0315872e+08
818.2 1.0188503e+08
818.3 1.007061e+08
818.4 99640211
818.5 98704815
818.6 97917578
818.7 97297250
818.8 96864369
818.9 96641740
819 96654684
819.1 96931096
819.2 97501317
819.3 98397858
819.4 99654973
819.5 1.0130804e+08
819.6 1.0339267e+08
819.7 1.0594354e+08
819.8 1.0899267e+08
819.9 1.125673e+08
820 1.1668709e+08
820.1 1.2136093e+08
820.2 1.2658333e+08
820.3 1.3233063e+08
820.4 1.3855747e+08
820.5 1.4519379e+08
820.6 1.5214282e+08
820.7 1.5928048e+08
820.8 1.6645668e+08
820.9 1.7349872e+08
821 1.8021726e+08
821.1 1.8641465e+08
821.2 1.9189577e+08
821.3 1.9648062e+08
821.4 2.0001807e+08
821.5 2.0239955e+08
821.6 2.0357123e+08
821.7 2.0354308e+08
821.8 2.0239311e+08
821.9 2.0026535e+08
822 1.9736081e+08
822.1 1.9392104e+08
822.2 1.9020592e+08
822.3 1.8646797e+08
822.4 1.8292721e+08
822.5 1.7975112e+08
822.6 1.7704359e+08
822.7 1.7484487e+08
822.8 1.7314185e+08
822.9 1.7188529e+08
823 1.7100932e+08
823.1 1.7044899e+08
823.2 1.7015283e+08
823.3 1.7008918e+08
823.4 1.7024674e+08
823.5 1.7063024e+08
823.6 1.7125302e+08
823.7 1.7212802e+08
823.8 1.7325867e+08
823.9 1.7463115e+08
824 1.7620865e+08
824.1 1.7792833e+08
824.2 1.7970074e+08
824.3 1.814115e+08
824.4 1.8292437e+08
824.5 1.8408535e+08
824.6 1.8472693e+08
824.7 1.8467258e+08
824.8 1.8374126e+08
824.9 1.8175243e+08
825 1.7853213e+08
825.1 1.7392093e+08
825.2 1.6778505e+08
825.3 1.6003203e+08
825.4 1.5063336e+08
825.5 1.3965762e+08
825.6 1.27321e+08
825.7 1.1406752e+08
825.8 1.0069887e+08
825.9 88566384
826 79728808
826.1 76614902
826.2 80643656
826.3 91010690
826.4 1.0549355e+08
826.5 1.2190488e+08
826.6 1.3862614e+08
826.7 1.5455613e+08
826.8 1.6896933e+08
826.9 1.8141558e+08
827 1.9165791e+08
827.1 1.9963025e+08
827.2 2.0540336e+08
827.3 2.0915386e+08
827.4 2.1113496e+08
827.5 2.1164898e+08
827.6 2.1102229e+08
827.7 2.095836e+08
827.8 2.0764573e+08
827.9 2.0549125e+08
828 2.0336185e+08
828.1 2.0145126e+08
828.2 1.9990143e+08
828.3 1.9880165e+08
828.4 1.9819022e+08
828.5 1.9805811e+08
828.6 1.9835426e+08
828.7 1.98992e+08
828.8 1.998564e+08
828.9 2.0081229e+08
829 2.0171319e+08
829.1 2.0241129e+08
829.2 2.0276865e+08
829.3 2.0266958e+08
829.4 2.0203404e+08
829.5 2.0083104e+08
829.6 1.9909058e+08
829.7 1.9691172e+08
829.8 1.9446379e+08
829.9 1.9197722e+08
830 1.8972161e+08
830.1 1.879706e+08
830.2 1.8695798e+08
830.3 1.8683432e+08
830.4 1.8763652e+08
830.5 1.8928046e+08
830.6 1.9157946e+08
830.7 1.9428193e+08
830.8 1.9711626e+08
830.9 1.9983133e+08
831 2.0222557e+08
831.1 2.0416234e+08
831.2 2.0557315e+08
831.3 2.0645204e+08
831.4 2.0684428e+08
831.5 2.0683248e+08
831.6 2.0652205e+08
831.7 2.0602746e+08
831.8 2.0546007e+08
831.9 2.0491808e+08
832 2.0447865e+08
832.1 2.041925e+08
832.2 2.0408089e+08
832.3 2.0413511e+08
832.4 2.0431832e+08
832.5 2.0456957e+08
832.6 2.0480969e+08
832.7 2.0494856e+08
832.8 2.048933e+08
832.9 2.0455669e+08
833 2.0386533e+08
833.1 2.027667e+08
833.2 2.012348e+08
833.3 1.992736e+08
833.4 1.9691816e+08
833.5 1.9423315e+08
833.6 1.9130909e+08
833.7 1.8825637e+08
833.8 1.8519802e+08
833.9 1.8226173e+08
834 1.7957202e+08
834.1 1.7724329e+08
834.2 1.7537404e+08
834.3 1.7404258e+08
834.4 1.7330382e+08
834.5 1.731867e+08
834.6 1.7369179e+08
834.7 1.7478866e+08
834.8 1.7641295e+08
834.9 1.7846373e+08
835 1.8080173e+08
835.1 1.8324956e+08
835.2 1.8559477e+08
835.3 1.8759645e+08
835.4 1.8899574e+08
835.5 1.8953031e+08
835.6 1.889526e+08
835.7 1.870515e+08
835.8 1.8367688e+08
835.9 1.7876676e+08
836 1.7237661e+08
836.1 1.6471029e+08
836.2 1.5615114e+08
836.3 1.4728823e+08
836.4 1.3892367e+08
836.5 1.3203082e+08
836.6 1.2761866e+08
836.7 1.2648327e+08
836.8 1.2893101e+08
836.9 1.3465672e+08
837 1.4287583e+08
837.1 1.5259704e+08
837.2 1.6285752e+08
837.3 1.7284792e+08
837.4 1.819499e+08
837.5 1.8972938e+08
837.6 1.9591362e+08
837.7 2.0036512e+08
837.8 2.0305693e+08
837.9 2.0405062e+08
838 2.034771e+08
838.1 2.0151998e+08
838.2 1.98401e+08
838.3 1.9436737e+08
838.4 1.8968011e+08
838.5 1.8460317e+08
838.6 1.7939263e+08
838.7 1.7428597e+08
838.8 1.6949139e+08
838.9 1.6517807e+08
839 1.6146854e+08
839.1 1.5843456e+08
839.2 1.5609775e+08
839.3 1.5443515e+08
839.4 1.5338897e+08
839.5 1.5287853e+08
839.6 1.5281227e+08
839.7 1.5309782e+08
839.8 1.5364897e+08
839.9 1.543893e+08
840 1.5525294e+08
840.1 1.561835e+08
840.2 1.5713225e+08
840.3 1.5805633e+08
840.4 1.589178e+08
840.5 1.5968348e+08
840.6 1.6032567e+08
840.7 1.6082307e+08
840.8 1.6116185e+08
840.9 1.613361e+08
841 1.6134781e+08
841.1 1.6120596e+08
841.2 1.6092525e+08
841.3 1.6052434e+08
841.4 1.6002404e+08
841.5 1.5944566e+08
841.6 1.588097e+08
841.7 1.5813503e+08
841.8 1.5743847e+08
841.9 1.5673486e+08
842 1.5603742e+08
842.1 1.5535819e+08
842.2 1.5470847e+08
842.3 1.5409904e+08
842.4 1.5354008e+08
842.5 1.5304072e+08
842.6 1.5260833e+08
842.7 1.5224766e+08
842.8 1.5196008e+08
842.9 1.5174315e+08
843 1.5159091e+08
843.1 1.5149476e+08
843.2 1.5144524e+08
843.3 1.5143429e+08
843.4 1.5145772e+08
843.5 1.5151761e+08
843.6 1.5162395e+08
843.7 1.5179543e+08
843.8 1.520591e+08
843.9 1.5244872e+08
844 1.5300207e+08
844.1 1.5375706e+08
844.2 1.54747e+08
844.3 1.5599516e+08
844.4 1.5750927e+08
844.5 1.5927645e+08
844.6 1.6125985e+08
844.7 1.6339796e+08
844.8 1.6560758e+08
844.9 1.6779062e+08
845 1.6984432e+08
845.1 1.7167335e+08
845.2 1.7320169e+08
845.3 1.7438237e+08
845.4 1.7520312e+08
845.5 1.7568717e+08
845.6 1.7588914e+08
845.7 1.7588718e+08
845.8 1.7577263e+08
845.9 1.7563921e+08
846 1.7557321e+08
846.1 1.7564586e+08
846.2 1.7590867e+08
846.3 1.7639172e+08
846.4 1.7710444e+08
846.5 1.7803846e+08
846.6 1.7917132e+08
846.7 1.8047069e+08
846.8 1.8189826e+08
846.9 1.8341301e+08
847 1.8497386e+08
847.1 1.8654156e+08
847.2 1.8807996e+08
847.3 1.8955682e+08
847.4 1.909442e+08
847.5 1.922185e+08
847.6 1.9336032e+08
847.7 1.9435407e+08
847.8 1.951875e+08
847.9 1.9585115e+08
848 1.9633787e+08
848.1 1.9664243e+08
848.2 1.9676139e+08
848.3 1.9669322e+08
848.4 1.9643871e+08
848.5 1.960017e+08
848.6 1.9539015e+08
848.7 1.9461727e+08
848.8 1.9370283e+08
848.9 1.9267434e+08
849 1.9156796e+08
849.1 1.9042901e+08
849.2 1.8931172e+08
849.3 1.8827821e+08
849.4 1.8739633e+08
849.5 1.8673628e+08
849.6 1.8636613e+08
849.7 1.863463e+08
849.8 1.867235e+08
849.9 1.8752477e+08
850 1.8875249e+08
850.1 1.9038114e+08
850.2 1.923565e+08
850.3 1.9459759e+08
850.4 1.9700125e+08
850.5 1.994488e+08
850.6 2.0181417e+08
850.7 2.0397248e+08
850.8 2.0580839e+08
850.9 2.072234e+08
851 2.0814166e+08
851.1 2.0851401e+08
851.2 2.0832e+08
851.3 2.0756794e+08
851.4 2.0629324e+08
851.5 2.0455521e+08
851.6 2.0243263e+08
851.7 2.0001859e+08
851.8 1.9741478e+08
851.9 1.9472575e+08
852 1.9205329e+08
852.1 1.8949139e+08
852.2 1.8712182e+08
852.3 1.8501066e+08
852.4 1.8320606e+08
852.5 1.8173703e+08
852.6 1.8061372e+08
852.7 1.7982868e+08
852.8 1.7935931e+08
852.9 1.7917083e+08
853 1.7921979e+08
853.1 1.794576e+08
853.2 1.7983375e+08
853.3 1.8029873e+08
853.4 1.8080626e+08
853.5 1.8131501e+08
853.6 1.8178962e+08
853.7 1.8220112e+08
853.8 1.8252686e+08
853.9 1.8274994e+08
854 1.8285831e+08
854.1 1.8284355e+08
854.2 1.8269962e+08
854.3 1.8242158e+08
854.4 1.8200454e+08
854.5 1.8144277e+08
854.6 1.8072938e+08
854.7 1.7985615e+08
854.8 1.7881378e+08
854.9 1.7759228e+08
855 1.761814e+08
855.1 1.7457089e+08
855.2 1.7275062e+08
855.3 1.7071042e+08
855.4 1.6843972e+08
855.5 1.6592713e+08
855.6 1.6316007e+08
855.7 1.6012456e+08
855.8 1.5680537e+08
855.9 1.5318646e+08
856 1.4925182e+08
856.1 1.4498642e+08
856.2 1.4037743e+08
856.3 1.354153e+08
856.4 1.3009472e+08
856.5 1.2441543e+08
856.6 1.1838282e+08
856.7 1.1200845e+08
856.8 1.05311e+08
856.9 98317875
857 91068461
857.1 83620201
857.2 76059382
857.3 68519723
857.4 61213195
857.5 54477276
857.6 48832764
857.7 45004091
857.8 43775671
857.9 45609189
858 50332183
858.1 57292379
858.2 65739018
858.3 75035368
858.4 84689071
858.5 94321920
858.6 1.036402e+08
858.7 1.1241761e+08
858.8 1.204875e+08
858.9 1.2773949e+08
859 1.3411624e+08
859.1 1.3960835e+08
859.2 1.4424624e+08
859.3 1.4808942e+08
859.4 1.512144e+08
859.5 1.5370295e+08
859.6 1.5563264e+08
859.7 1.5707108e+08
859.8 1.5807485e+08
859.9 1.5869315e+08
860 1.5897543e+08
860.1 1.5898177e+08
860.2 1.5879396e+08
860.3 1.5852499e+08
860.4 1.5832383e+08
860.5 1.5837252e+08
860.6 1.5887252e+08
860.7 1.6001945e+08
860.8 1.6196866e+08
860.9 1.647986e+08
861 1.6848188e+08
861.1 1.7287327e+08
861.2 1.777185e+08
861.3 1.8268108e+08
861.4 1.8737958e+08
861.5 1.9142691e+08
861.6 1.9446514e+08
861.7 1.9619264e+08
861.8 1.9638217e+08
861.9 1.9489072e+08
862 1.9166212e+08
862.1 1.8672395e+08
862.2 1.8018032e+08
862.3 1.7220179e+08
862.4 1.6301371e+08
862.5 1.5288395e+08
862.6 1.4211068e+08
862.7 1.3101062e+08
862.8 1.1990784e+08
862.9 1.0912267e+08
863 98959858
863.1 89694436
863.2 81553854
863.3 74696064
863.4 69187038
863.5 64986345
863.6 61951661
863.7 59866871
863.8 58485986
863.9 57576780
864 56951103
864.1 56478225
864.2 56084936
864.3 55748284
864.4 55485647
864.5 55344787
864.6 55394957
864.7 55719158
864.8 56407227
864.9 57549448
865 59230633
865.1 61524906
865.2 64491665
865.3 68173040
865.4 72592876
865.5 77756839
865.6 83653069
865.7 90252818
865.8 97510757
865.9 1.0536482e+08
866 1.1373571e+08
866.1 1.2252622e+08
866.2 1.3162062e+08
866.3 1.408843e+08
866.4 1.5016399e+08
866.5 1.5928868e+08
866.6 1.6807153e+08
866.7 1.7631305e+08
866.8 1.8380553e+08
866.9 1.9033903e+08
867 1.9570868e+08
867.1 1.9972327e+08
867.2 2.0221463e+08
867.3 2.0304732e+08
867.4 2.0212797e+08
867.5 1.9941356e+08
867.6 1.9491818e+08
867.7 1.8871782e+08
867.8 1.8095329e+08
867.9 1.7183162e+08
868 1.6162666e+08
868.1 1.5067977e+08
868.2 1.3940131e+08
868.3 1.2827246e+08
868.4 1.178436e+08
868.5 1.0871956e+08
868.6 1.0151376e+08
868.7 96753062
868.8 94743647
868.9 95463931
869 98569275
869.1 1.0351528e+08
869.2 1.097144e+08
869.3 1.1664453e+08
869.4 1.2389211e+08
869.5 1.3115216e+08
869.6 1.3821048e+08
869.7 1.4492256e+08
869.8 1.5119519e+08
869.9 1.5697223e+08
870 1.6222426e+08
870.1 1.6694138e+08
870.2 1.7112817e+08
870.3 1.7480032e+08
870.4 1.7798218e+08
870.5 1.8070488e+08
870.6 1.8300472e+08
870.7 1.8492161e+08
870.8 1.8649758e+08
870.9 1.8777523e+08
871 1.8879624e+08
871.1 1.8959995e+08
871.2 1.9022218e+08
871.3 1.9069423e+08
871.4 1.9104229e+08
871.5 1.9128716e+08
871.6 1.9144439e+08
871.7 1.9152478e+08
871.8 1.9153521e+08
871.9 1.9147966e+08
872 1.9136037e+08
872.1 1.9117898e+08
872.2 1.9093746e+08
872.3 1.9063881e+08
872.4 1.9028735e+08
872.5 1.8988875e+08
872.6 1.8944962e+08
872.7 1.8897691e+08
872.8 1.8847718e+08
872.9 1.8795592e+08
873 1.8741692e+08
873.1 1.8686198e+08
873.2 1.8629093e+08
873.3 1.8570188e+08
873.4 1.8509189e+08
873.5 1.8445772e+08
873.6 1.8379681e+08
873.7 1.8310819e+08
873.8 1.8239338e+08
873.9 1.8165705e+08
874 1.8090749e+08
874.1 1.8015675e+08
874.2 1.7942042e+08
874.3 1.7871706e+08
874.4 1.7806721e+08
874.5 1.7749207e+08
874.6 1.7701175e+08
874.7 1.7664342e+08
874.8 1.7639927e+08
874.9 1.7628463e+08
875 1.7629641e+08
875.1 1.7642212e+08
875.2 1.7663978e+08
875.3 1.7691869e+08
875.4 1.7722133e+08
875.5 1.7750614e+08
875.6 1.7773109e+08
875.7 1.7785754e+08
875.8 1.7785407e+08
875.9 1.7769973e+08
876 1.7738629e+08
876.1 1.7691907e+08
876.2 1.7631629e+08
876.3 1.7560694e+08
876.4 1.7482751e+08
876.5 1.7401803e+08
876.6 1.7321812e+08
876.7 1.7246364e+08
876.8 1.7178431e+08
876.9 1.7120273e+08
877 1.7073445e+08
877.1 1.7038897e+08
877.2 1.7017108e+08
877.3 1.700822e+08
877.4 1.7012112e+08
877.5 1.7028444e+08
877.6 1.7056628e+08
877.7 1.7095802e+08
877.8 1.714479e+08
877.9 1.7202103e+08
878 1.7265978e+08
878.1 1.7334458e+08
878.2 1.7405484e+08
878.3 1.7477006e+08
878.4 1.7547051e+08
878.5 1.7613783e+08
878.6 1.7675505e+08
878.7 1.7730657e+08
878.8 1.7777779e+08
878.9 1.7815502e+08
879 1.7842542e+08
879.1 1.7857737e+08
879.2 1.786011e+08
879.3 1.7848956e+08
879.4 1.7823949e+08
879.5 1.7785238e+08
879.6 1.7733531e+08
879.7 1.767015e+08
879.8 1.7597054e+08
879.9 1.7516831e+08
880 1.7432651e+08
880.1 1.7348211e+08
880.2 1.726764e+08
880.3 1.7195394e+08
880.4 1.7136119e+08
880.5 1.7094495e+08
880.6 1.7075047e+08
880.7 1.7081936e+08
880.8 1.7118749e+08
880.9 1.7188286e+08
881 1.7292378e+08
881.1 1.7431746e+08
881.2 1.7605891e+08
881.3 1.7813031e+08
881.4 1.8050038e+08
881.5 1.8312373e+08
881.6 1.8593979e+08
881.7 1.8887137e+08
881.8 1.918228e+08
881.9 1.9467809e+08
882 1.9729959e+08
882.1 1.9952778e+08
882.2 2.0118285e+08
882.3 2.0206852e+08
882.4 2.0197845e+08
882.5 2.007051e+08
882.6 1.9805061e+08
882.7 1.9383917e+08
882.8 1.879298e+08
882.9 1.8022874e+08
883 1.7070043e+08
883.1 1.5937644e+08
883.2 1.4636193e+08
883.3 1.3183988e+08
883.4 1.1607466e+08
883.5 99419017
883.6 82334909
883.7 65457231
883.8 49783290
883.9 37192900
884 31139792
884.1 34093038
884.2 43043828
884.3 53979692
884.4 64918718
884.5 75052758
884.6 84062209
884.7 91852244
884.8 98447155
884.9 1.0393837e+08
885 1.0845221e+08
885.1 1.1212619e+08
885.2 1.1509024e+08
885.3 1.1745185e+08
885.4 1.1928519e+08
885.5 1.2062444e+08
885.6 1.2146179e+08
885.7 1.2175075e+08
885.8 1.2141527e+08
885.9 1.2036546e+08
886 1.1852054e+08
886.1 1.1583897e+08
886.2 1.1235536e+08
886.3 1.0822193e+08
886.4 1.0374921e+08
886.5 99433849
886.6 95948359
886.7 94055391
886.8 94423806
886.9 97400400
887 1.028788e+08
887.1 1.1036318e+08
887.2 1.1916205e+08
887.3 1.2857528e+08
887.4 1.3800409e+08
887.5 1.4699104e+08
887.6 1.5521947e+08
887.7 1.6249478e+08
887.8 1.6871928e+08
887.9 1.7386571e+08
888 1.7795225e+08
888.1 1.8102004e+08
888.2 1.8311415e+08
888.3 1.8426865e+08
888.4 1.8449624e+08
888.5 1.8378284e+08
888.6 1.8208773e+08
888.7 1.7934946e+08
888.8 1.7549825e+08
888.9 1.7047533e+08
889 1.6425991e+08
889.1 1.5690469e+08
889.2 1.4858063e+08
889.3 1.3963045e+08
889.4 1.3062583e+08
889.5 1.224087e+08
889.6 1.1606646e+08
889.7 1.1275699e+08
889.8 1.1334291e+08
889.9 1.1800037e+08
890 1.2612516e+08
890.1 1.3661612e+08
890.2 1.4826485e+08
890.3 1.6001219e+08
890.4 1.7104774e+08
890.5 1.8082056e+08
890.6 1.8901416e+08
890.7 1.955099e+08
890.8 2.00347e+08
890.9 2.0368223e+08
891 2.0575101e+08
891.1 2.0683156e+08
891.2 2.0721343e+08
891.3 2.0717149e+08
891.4 2.0694604e+08
891.5 2.0672885e+08
891.6 2.0665489e+08
891.7 2.0679845e+08
891.8 2.0717246e+08
891.9 2.0772939e+08
892 2.083626e+08
892.1 2.0890748e+08
892.2 2.0914252e+08
892.3 2.0879126e+08
892.4 2.0752651e+08
892.5 2.0497876e+08
892.6 2.0075004e+08
892.7 1.944345e+08
892.8 1.8564569e+08
892.9 1.7404984e+08
893 1.5940355e+08
893.1 1.415938e+08
893.2 1.2067932e+08
893.3 96938551
893.4 70959538
893.5 44008936
893.6 21330821
893.7 27668867
893.8 53084067
893.9 79529486
894 1.0391204e+08
894.1 1.2498709e+08
894.2 1.4198765e+08
894.3 1.5447893e+08
894.4 1.6235144e+08
894.5 1.6582712e+08
894.6 1.6545339e+08
894.7 1.6207741e+08
894.8 1.5679451e+08
894.9 1.5085989e+08
895 1.4554795e+08
895.1 1.4195386e+08
895.2 1.4077632e+08
895.3 1.4217953e+08
895.4 1.4582678e+08
895.5 1.5107017e+08
895.6 1.5718022e+08
895.7 1.6351149e+08
895.8 1.6957673e+08
895.9 1.7505418e+08
896 1.7976087e+08
896.1 1.8361504e+08
896.2 1.8659935e+08
896.3 1.8873016e+08
896.4 1.9003425e+08
896.5 1.9053316e+08
896.6 1.9023443e+08
896.7 1.8912888e+08
896.8 1.8719284e+08
896.9 1.8439419e+08
897 1.8070083e+08
897.1 1.7609043e+08
897.2 1.7055998e+08
897.3 1.6413404e+08
897.4 1.5687063e+08
897.5 1.4886409e+08
897.6 1.4024452e+08
897.7 1.3117394e+08
897.8 1.2183937e+08
897.9 1.1244362e+08
898 1.0319471e+08
898.1 94294654
898.2 85928721
898.3 78255791
898.4 71400560
898.5 65448080
898.6 60441064
898.7 56380282
898.8 53228006
898.9 50913983
899 49342782
899.1 48401182
899.2 47964664
899.3 47902844
899.4 48084358
899.5 48381827
899.6 48677266
899.7 48867930
899.8 48872355
899.9 48636322
900 48138667
900.1 47397079
900.2 46474129
900.3 45483458
900.4 44594843
900.5 44034173
900.6 44070992
900.7 44985870
900.8 47018923
900.9 50318593
901 54917999
901.1 60748709
901.2 67676083
901.3 75533839
901.4 84146917
901.5 93343108
901.6 1.0295783e+08
901.7 1.1283581e+08
901.8 1.2283157e+08
901.9 1.3280963e+08
902 1.4264434e+08
902.1 1.5221949e+08
902.2 1.6142733e+08
902.3 1.701672e+08
902.4 1.7834369e+08
902.5 1.858644e+08
902.6 1.9263775e+08
902.7 1.9857078e+08
902.8 2.0356746e+08
902.9 2.0752762e+08
903 2.1034699e+08
903.1 2.1191835e+08
903.2 2.1213416e+08
903.3 2.1089075e+08
903.4 2.0809391e+08
903.5 2.0366574e+08
903.6 1.9755236e+08
903.7 1.8973195e+08
903.8 1.8022231e+08
903.9 1.6908728e+08
904 1.5644121e+08
904.1 1.4245072e+08
904.2 1.2733337e+08
904.3 1.1135282e+08
904.4 94810987
904.5 78037955
904.6 61382402
904.7 45210142
904.8 29942297
904.9 16345522
905 8431148.1
905.1 14456275
905.2 24058714
905.3 32949777
905.4 40606007
905.5 46963113
905.6 52074656
905.7 56043954
905.8 58998927
905.9 61078508
906 62424198
906.1 63175022
906.2 63465108
906.3 63423369
906.4 63174763
906.5 62842549
906.6 62550919
906.7 62427198
906.8 62602665
906.9 63210995
907 64383571
907.1 66241700
907.2 68886934
907.3 72391723
907.4 76792811
907.5 82088770
907.6 88241515
907.7 95180527
907.8 1.0280824e+08
907.9 1.1100549e+08
908 1.1963648e+08
908.1 1.2855337e+08
908.2 1.3760035e+08
908.3 1.4661764e+08
908.4 1.5544528e+08
908.5 1.6392682e+08
908.6 1.7191295e+08
908.7 1.7926491e+08
908.8 1.8585772e+08
908.9 1.9158314e+08
909 1.963521e+08
909.1 2.0009661e+08
909.2 2.0277095e+08
909.3 2.0435183e+08
909.4 2.0483755e+08
909.5 2.0424595e+08
909.6 2.0261139e+08
909.7 1.9998073e+08
909.8 1.9640877e+08
909.9 1.9195352e+08
910 1.8667171e+08
910.1 1.8061502e+08
910.2 1.7382738e+08
910.3 1.663438e+08
910.4 1.5819083e+08
910.5 1.4938898e+08
910.6 1.3995729e+08
910.7 1.299204e+08
910.8 1.1931874e+08
910.9 1.0822286e+08
911 96754425
911.1 85118098
911.2 73653036
911.3 62916622
911.4 53801382
911.5 47585931
911.6 45556795
911.7 48016192
911.8 53860214
911.9 61463029
912 69490577
912.1 77042952
912.2 83548548
912.3 88663876
912.4 92213394
912.5 94153524
912.6 94546758
912.7 93538792
912.8 91336265
912.9 88185174
913 84350900
913.1 80100923
913.2 75690806
913.3 71353503
913.4 67291534
913.5 63671395
913.6 60619790
913.7 58221856
913.8 56522185
913.9 55529577
914 55225698
914.1 55576434
914.2 56543610
914.3 58094621
914.4 60208405
914.5 62877366
914.6 66105816
914.7 69905915
914.8 74292179
914.9 79275496
915 84857361
915.1 91024845
915.2 97746608
915.3 1.0497013e+08
915.4 1.1262024e+08
915.5 1.2059909e+08
915.6 1.2878755e+08
915.7 1.3704807e+08
915.8 1.4522904e+08
915.9 1.5317048e+08
916 1.6071066e+08
916.1 1.6769338e+08
916.2 1.7397525e+08
916.3 1.7943239e+08
916.4 1.8396604e+08
916.5 1.8750661e+08
916.6 1.9001601e+08
916.7 1.9148805e+08
916.8 1.9194729e+08
916.9 1.9144644e+08
917 1.9006279e+08
917.1 1.8789411e+08
917.2 1.8505425e+08
917.3 1.8166892e+08
917.4 1.7787157e+08
917.5 1.737998e+08
917.6 1.6959189e+08
917.7 1.6538365e+08
917.8 1.6130524e+08
917.9 1.57478e+08
918 1.5401109e+08
918.1 1.5099823e+08
918.2 1.4851466e+08
918.3 1.46615e+08
918.4 1.4533239e+08
918.5 1.4467955e+08
918.6 1.446516e+08
918.7 1.4523073e+08
918.8 1.4639157e+08
918.9 1.4810642e+08
919 1.5034892e+08
919.1 1.5309513e+08
919.2 1.5632099e+08
919.3 1.599961e+08
919.4 1.6407404e+08
919.5 1.684806e+08
919.6 1.7310186e+08
919.7 1.7777435e+08
919.8 1.8227981e+08
919.9 1.8634632e+08
920 1.8965667e+08
920.1 1.9186414e+08
920.2 1.9261459e+08
920.3 1.9157317e+08
920.4 1.8845357e+08
920.5 1.8304728e+08
920.6 1.7525074e+08
920.7 1.6508856e+08
920.8 1.5273246e+08
920.9 1.3851747e+08
921 1.2296096e+08
921.1 1.0679587e+08
921.2 91036734
921.3 77088996
921.4 66809936
921.5 62101541
921.6 63642396
921.7 70099533
921.8 79248778
921.9 89275206
922 99050328
922.1 1.0794861e+08
922.2 1.1565316e+08
922.3 1.2203092e+08
922.4 1.2705905e+08
922.5 1.3078185e+08
922.6 1.3328621e+08
922.7 1.3468916e+08
922.8 1.3513407e+08
922.9 1.3479244e+08
923 1.3386866e+08
923.1 1.3260427e+08
923.2 1.3127736e+08
923.3 1.3019257e+08
923.4 1.2965719e+08
923.5 1.2994321e+08
923.6 1.3124079e+08
923.7 1.3361645e+08
923.8 1.3699117e+08
923.9 1.4114743e+08
924 1.4576263e+08
924.1 1.5045709e+08
924.2 1.5484369e+08
924.3 1.5856996e+08
924.4 1.6134876e+08
924.5 1.6297717e+08
924.6 1.6334457e+08
924.7 1.6243162e+08
924.8 1.603018e+08
924.9 1.5708751e+08
925 1.5297265e+08
925.1 1.4817389e+08
925.2 1.4292237e+08
925.3 1.3744741e+08
925.4 1.319633e+08
925.5 1.2665953e+08
925.6 1.2169467e+08
925.7 1.1719358e+08
925.8 1.1324735e+08
925.9 1.0991548e+08
926 1.0722954e+08
926.1 1.0519773e+08
926.2 1.0380964e+08
926.3 1.0304097e+08
926.4 1.0285759e+08
926.5 1.0321904e+08
926.6 1.0408117e+08
926.7 1.0539804e+08
926.8 1.0712317e+08
926.9 1.0920999e+08
927 1.1161184e+08
927.1 1.1428136e+08
927.2 1.171694e+08
927.3 1.2022372e+08
927.4 1.2338735e+08
927.5 1.2659695e+08
927.6 1.297813e+08
927.7 1.3286008e+08
927.8 1.3574314e+08
927.9 1.3833047e+08
928 1.4051313e+08
928.1 1.4217524e+08
928.2 1.431974e+08
928.3 1.4346184e+08
928.4 1.428596e+08
928.5 1.4130015e+08
928.6 1.3872382e+08
928.7 1.351174e+08
928.8 1.3053313e+08
928.9 1.251111e+08
929 1.1910434e+08
929.1 1.1290357e+08
929.2 1.0705312e+08
929.3 1.0223815e+08
929.4 99211418
929.5 98635884
929.6 1.0088104e+08
929.7 1.0589225e+08
929.8 1.1323111e+08
929.9 1.2224529e+08
930 1.3224399e+08
930.1 1.4260652e+08
930.2 1.5282536e+08
930.3 1.6251193e+08
930.4 1.7138706e+08
930.5 1.7926739e+08
930.6 1.8605155e+08
930.7 1.917072e+08
930.8 1.9625874e+08
930.9 1.9977549e+08
931 2.0236016e+08
931.1 2.0413764e+08
931.2 2.0524435e+08
931.3 2.0581853e+08
931.4 2.0599184e+08
931.5 2.0588271e+08
931.6 2.0559173e+08
931.7 2.0519913e+08
931.8 2.0476433e+08
931.9 2.0432708e+08
932 2.0390996e+08
932.1 2.0352143e+08
932.2 2.0315921e+08
932.3 2.0281339e+08
932.4 2.0246928e+08
932.5 2.021097e+08
932.6 2.0171688e+08
932.7 2.0127392e+08
932.8 2.0076585e+08
932.9 2.0018024e+08
933 1.9950729e+08
933.1 1.9873929e+08
933.2 1.9786947e+08
933.3 1.9689001e+08
933.4 1.9578956e+08
933.5 1.9455026e+08
933.6 1.9314469e+08
933.7 1.9153313e+08
933.8 1.8966145e+08
933.9 1.8746024e+08
934 1.8484521e+08
934.1 1.817192e+08
934.2 1.7797558e+08
934.3 1.7350313e+08
934.4 1.6819177e+08
934.5 1.6193925e+08
934.6 1.5465832e+08
934.7 1.4628439e+08
934.8 1.36784e+08
934.9 1.2616453e+08
935 1.1448709e+08
935.1 1.0188583e+08
935.2 88602355
935.3 75054703
935.4 61986093
935.5 50771249
935.6 43791945
935.7 43709120
935.8 50674865
935.9 62148530
936 75674643
936.1 89761745
936.2 1.035451e+08
936.3 1.1648367e+08
936.4 1.282151e+08
936.5 1.384929e+08
936.6 1.4715908e+08
936.7 1.5413134e+08
936.8 1.5939561e+08
936.9 1.6300021e+08
937 1.6504952e+08
937.1 1.6569656e+08
937.2 1.651342e+08
937.3 1.6358502e+08
937.4 1.6129014e+08
937.5 1.5849733e+08
937.6 1.5544889e+08
937.7 1.5237009e+08
937.8 1.4945909e+08
937.9 1.4687937e+08
938 1.4475576e+08
938.1 1.4317482e+08
938.2 1.4218951e+08
938.3 1.4182728e+08
938.4 1.4209979e+08
938.5 1.4301207e+08
938.6 1.4456881e+08
938.7 1.4677613e+08
938.8 1.4963825e+08
938.9 1.5314962e+08
939 1.5728413e+08
939.1 1.619844e+08
939.2 1.6715364e+08
939.3 1.7265267e+08
939.4 1.7830301e+08
939.5 1.8389575e+08
939.6 1.8920479e+08
939.7 1.9400246e+08
939.8 1.980752e+08
939.9 2.0123788e+08
940 2.0334528e+08
940.1 2.0430035e+08
940.2 2.0405898e+08
940.3 2.0263159e+08
940.4 2.0008181e+08
940.5 1.9652289e+08
940.6 1.9211209e+08
940.7 1.8704338e+08
940.8 1.8153851e+08
940.9 1.7583651e+08
941 1.7018146e+08
941.1 1.648086e+08
941.2 1.5992939e+08
941.3 1.5571668e+08
941.4 1.522921e+08
941.5 1.4971811e+08
941.6 1.4799691e+08
941.7 1.4707707e+08
941.8 1.4686646e+08
941.9 1.4724907e+08
942 1.4810213e+08
942.1 1.4931085e+08
942.2 1.507791e+08
942.3 1.5243576e+08
942.4 1.5423686e+08
942.5 1.5616415e+08
942.6 1.5822095e+08
942.7 1.6042552e+08
942.8 1.6280286e+08
942.9 1.6537571e+08
943 1.6815588e+08
943.1 1.7113749e+08
943.2 1.7429323e+08
943.3 1.7757461e+08
943.4 1.8091582e+08
943.5 1.8424056e+08
943.6 1.8746988e+08
943.7 1.9052975e+08
943.8 1.9335675e+08
943.9 1.9590144e+08
944 1.981294e+08
944.1 2.0002037e+08
944.2 2.0156648e+08
944.3 2.0277003e+08
944.4 2.0364161e+08
944.5 2.0419876e+08
944.6 2.0446522e+08
944.7 2.0447058e+08
944.8 2.0425024e+08
944.9 2.0384512e+08
945 2.0330115e+08
945.1 2.0266818e+08
945.2 2.0199826e+08
945.3 2.013433e+08
945.4 2.0075223e+08
945.5 2.0026799e+08
945.6 1.9992453e+08
945.7 1.9974441e+08
945.8 1.997372e+08
945.9 1.998991e+08
946 2.0021383e+08
946.1 2.006546e+08
946.2 2.0118705e+08
946.3 2.0177254e+08
946.4 2.0237138e+08
946.5 2.0294549e+08
946.6 2.0346022e+08
946.7 2.0388501e+08
946.8 2.0419313e+08
946.9 2.0436048e+08
947 2.0436398e+08
947.1 2.0417993e+08
947.2 2.0378266e+08
947.3 2.0314414e+08
947.4 2.0223444e+08
947.5 2.0102343e+08
947.6 1.9948343e+08
947.7 1.9759251e+08
947.8 1.9533797e+08
947.9 1.9271952e+08
948 1.8975157e+08
948.1 1.8646411e+08
948.2 1.8290217e+08
948.3 1.7912353e+08
948.4 1.7519517e+08
948.5 1.7118888e+08
948.6 1.6717651e+08
948.7 1.6322585e+08
948.8 1.593973e+08
948.9 1.5574213e+08
949 1.5230213e+08
949.1 1.4911058e+08
949.2 1.4619417e+08
949.3 1.4357524e+08
949.4 1.4127382e+08
949.5 1.3930895e+08
949.6 1.3769892e+08
949.7 1.3646028e+08
949.8 1.3560571e+08
949.9 1.3514089e+08
950 1.3506093e+08
950.1 1.3534683e+08
950.2 1.3596258e+08
950.3 1.3685358e+08
950.4 1.379468e+08
950.5 1.3915303e+08
950.6 1.4037129e+08
950.7 1.4149542e+08
950.8 1.4242238e+08
950.9 1.4306187e+08
951 1.4334636e+08
951.1 1.4324037e+08
951.2 1.4274777e+08
951.3 1.4191539e+08
951.4 1.4083154e+08
951.5 1.3961854e+08
951.6 1.3841906e+08
951.7 1.3737766e+08
951.8 1.3662039e+08
951.9 1.3623645e+08
952 1.3626603e+08
952.1 1.3669711e+08
952.2 1.3747134e+08
952.3 1.3849681e+08
952.4 1.39664e+08
952.5 1.4086103e+08
952.6 1.4198586e+08
952.7 1.4295412e+08
952.8 1.4370291e+08
952.9 1.4419116e+08
953 1.443977e+08
953.1 1.4431809e+08
953.2 1.4396087e+08
953.3 1.4334413e+08
953.4 1.4249258e+08
953.5 1.4143547e+08
953.6 1.4020532e+08
953.7 1.3883742e+08
953.8 1.3736967e+08
953.9 1.3584266e+08
954 1.3429941e+08
954.1 1.3278489e+08
954.2 1.3134489e+08
954.3 1.3002449e+08
954.4 1.2886622e+08
954.5 1.2790819e+08
954.6 1.2718238e+08
954.7 1.2671336e+08
954.8 1.2651758e+08
954.9 1.2660313e+08
955 1.2697007e+08
955.1 1.2761101e+08
955.2 1.2851187e+08
955.3 1.2965268e+08
955.4 1.3100826e+08
955.5 1.3254887e+08
955.6 1.342408e+08
955.7 1.3604699e+08
955.8 1.379278e+08
955.9 1.3984182e+08
956 1.417471e+08
956.1 1.436023e+08
956.2 1.4536815e+08
956.3 1.4700874e+08
956.4 1.4849273e+08
956.5 1.4979432e+08
956.6 1.5089383e+08
956.7 1.5177796e+08
956.8 1.5243959e+08
956.9 1.5287738e+08
957 1.5309506e+08
957.1 1.5310069e+08
957.2 1.5290591e+08
957.3 1.5252538e+08
957.4 1.5197635e+08
957.5 1.5127867e+08
957.6 1.5045492e+08
957.7 1.495309e+08
957.8 1.4853632e+08
957.9 1.4750547e+08
958 1.4647783e+08
958.1 1.4549828e+08
958.2 1.4461678e+08
958.3 1.4388712e+08
958.4 1.4336475e+08
958.5 1.4310356e+08
958.6 1.4315185e+08
958.7 1.4354789e+08
958.8 1.4431583e+08
958.9 1.4546265e+08
959 1.4697674e+08
959.1 1.4882861e+08
959.2 1.5097359e+08
959.3 1.5335609e+08
959.4 1.5591475e+08
959.5 1.5858773e+08
959.6 1.6131736e+08
959.7 1.6405386e+08
959.8 1.6675774e+08
959.9 1.6940094e+08
960 1.7196687e+08
960.1 1.7444947e+08
960.2 1.7685161e+08
960.3 1.7918302e+08
960.4 1.814578e+08
960.5 1.836919e+08
960.6 1.8590031e+08
960.7 1.8809435e+08
960.8 1.9027889e+08
960.9 1.924496e+08
961 1.945904e+08
961.1 1.966712e+08
961.2 1.9864601e+08
961.3 2.0045194e+08
961.4 2.0200915e+08
961.5 2.0322248e+08
961.6 2.0398524e+08
961.7 2.0418582e+08
961.8 2.0371791e+08
961.9 2.0249491e+08
962 2.0046886e+08
962.1 1.9765359e+08
962.2 1.9414997e+08
962.3 1.9016937e+08
962.4 1.860471e+08
962.5 1.8223385e+08
962.6 1.7925064e+08
962.7 1.7759807e+08
962.8 1.776298e+08
962.9 1.7942884e+08
963 1.8274138e+08
963.1 1.8700287e+08
963.2 1.9144446e+08
963.3 1.9523342e+08
963.4 1.9760193e+08
963.5 1.9793963e+08
963.6 1.9584542e+08
963.7 1.9114392e+08
963.8 1.8387486e+08
963.9 1.7426343e+08
964 1.6267908e+08
964.1 1.4958913e+08
964.2 1.3551288e+08
964.3 1.2098041e+08
964.4 1.0649908e+08
964.5 92529193
964.6 79469191
964.7 67649648
964.8 57334753
964.9 48729269
965 41987887
965.1 37221966
965.2 34497839
965.3 33827178
965.4 35163279
965.5 38416028
965.6 43474260
965.7 50214637
965.8 58494329
965.9 68138114
966 78928081
966.1 90598510
966.2 1.0283614e+08
966.3 1.1528581e+08
966.4 1.2756159e+08
966.5 1.3926341e+08
966.6 1.4999866e+08
966.7 1.5940766e+08
966.8 1.671911e+08
966.9 1.731371e+08
967 1.7714483e+08
967.1 1.7924176e+08
967.2 1.7959144e+08
967.3 1.7848888e+08
967.4 1.7634123e+08
967.5 1.7363223e+08
967.6 1.7087095e+08
967.7 1.6852936e+08
967.8 1.6697887e+08
967.9 1.6644103e+08
968 1.6696725e+08
968.1 1.6845389e+08
968.2 1.7068591e+08
968.3 1.7339285e+08
968.4 1.7630037e+08
968.5 1.7916752e+08
968.6 1.8180713e+08
968.7 1.8409246e+08
968.8 1.8595438e+08
968.9 1.8737356e+08
969 1.8837049e+08
969.1 1.8899542e+08
969.2 1.8931916e+08
969.3 1.894249e+08
969.4 1.8940107e+08
969.5 1.8933486e+08
969.6 1.8930617e+08
969.7 1.8938156e+08
969.8 1.8960857e+08
969.9 1.9001039e+08
970 1.905817e+08
970.1 1.912863e+08
970.2 1.9205711e+08
970.3 1.9279888e+08
970.4 1.9339362e+08
970.5 1.937082e+08
970.6 1.9360343e+08
970.7 1.9294373e+08
970.8 1.9160671e+08
970.9 1.8949187e+08
971 1.8652809e+08
971.1 1.8267965e+08
971.2 1.7795057e+08
971.3 1.7238716e+08
971.4 1.6607861e+08
971.5 1.5915537e+08
971.6 1.5178501e+08
971.7 1.4416524e+08
971.8 1.3651374e+08
971.9 1.2905495e+08
972 1.2200419e+08
972.1 1.1555068e+08
972.2 1.0984186e+08
972.3 1.0497287e+08
972.4 1.0098454e+08
972.5 97872075
972.6 95602980
972.7 94139397
972.8 93458142
972.9 93562272
973 94480853
973.1 96257345
973.2 98930668
973.3 1.0251535e+08
973.4 1.0698707e+08
973.5 1.1227749e+08
973.6 1.1827835e+08
973.7 1.2485197e+08
973.8 1.3184418e+08
973.9 1.3909645e+08
974 1.4645549e+08
974.1 1.5377981e+08
974.2 1.609436e+08
974.3 1.6783857e+08
974.4 1.7437444e+08
974.5 1.8047857e+08
974.6 1.8609516e+08
974.7 1.9118425e+08
974.8 1.9572052e+08
974.9 1.996921e+08
975 2.0309925e+08
975.1 2.0595289e+08
975.2 2.082731e+08
975.3 2.1008753e+08
975.4 2.1142976e+08
975.5 2.1233777e+08
975.6 2.1285248e+08
975.7 2.1301655e+08
975.8 2.1287336e+08
975.9 2.124662e+08
976 2.1183783e+08
976.1 2.1103003e+08
976.2 2.1008348e+08
976.3 2.0903759e+08
976.4 2.079304e+08
976.5 2.067984e+08
976.6 2.0567623e+08
976.7 2.045962e+08
976.8 2.0358772e+08
976.9 2.0267639e+08
977 2.0188319e+08
977.1 2.0122357e+08
977.2 2.007067e+08
977.3 2.0033507e+08
977.4 2.0010448e+08
977.5 2.000045e+08
977.6 2.0001936e+08
977.7 2.0012922e+08
977.8 2.0031146e+08
977.9 2.0054213e+08
978 2.0079704e+08
978.1 2.0105276e+08
978.2 2.0128732e+08
978.3 2.0148074e+08
978.4 2.0161566e+08
978.5 2.0167803e+08
978.6 2.0165804e+08
978.7 2.0155133e+08
978.8 2.0136029e+08
978.9 2.0109526e+08
979 2.0077541e+08
979.1 2.0042888e+08
979.2 2.0009197e+08
979.3 1.9980717e+08
979.4 1.9961997e+08
979.5 1.9957471e+08
979.6 1.9970965e+08
979.7 2.0005197e+08
979.8 2.006131e+08
979.9 2.013851e+08
980 2.0233849e+08
980.1 2.0342195e+08
980.2 2.0456379e+08
980.3 2.0567524e+08
980.4 2.0665514e+08
980.5 2.0739579e+08
980.6 2.0778955e+08
980.7 2.0773592e+08
980.8 2.0714888e+08
980.9 2.059642e+08
981 2.041465e+08
981.1 2.0169554e+08
981.2 1.9865131e+08
981.3 1.9509682e+08
981.4 1.9115782e+08
981.5 1.8699819e+08
981.6 1.8281e+08
981.7 1.7879811e+08
981.8 1.7515977e+08
981.9 1.7206196e+08
982 1.6962018e+08
982.1 1.6788361e+08
982.2 1.6683053e+08
982.3 1.6637507e+08
982.4 1.6638342e+08
982.5 1.6669483e+08
982.6 1.6714239e+08
982.7 1.675697e+08
982.8 1.6784175e+08
982.9 1.6784996e+08
983 1.6751265e+08
983.1 1.6677257e+08
983.2 1.6559303e+08
983.3 1.6395372e+08
983.4 1.6184714e+08
983.5 1.592758e+08
983.6 1.5625034e+08
983.7 1.527883e+08
983.8 1.4891346e+08
983.9 1.4465527e+08
984 1.4004829e+08
984.1 1.3513157e+08
984.2 1.2994784e+08
984.3 1.2454274e+08
984.4 1.18964e+08
984.5 1.1326089e+08
984.6 1.0748386e+08
984.7 1.0168446e+08
984.8 95915485
984.9 90231271
985 84687977
985.1 79343717
985.2 74258347
985.3 69492749
985.4 65107484
985.5 61160785
985.6 57705939
985.7 54788323
985.8 52442463
985.9 50689616
986 49536289
986.1 48973833
986.2 48978897
986.3 49514281
986.4 50529787
986.5 51962990
986.6 53740198
986.7 55778040
986.8 57985963
986.9 60269668
987 62535211
987.1 64693334
987.2 66663547
987.3 68377578
987.4 69781940
987.5 70839526
987.6 71530345
987.7 71851584
987.8 71817267
987.9 71457779
988 70819411
988.1 69963925
988.2 68967939
988.3 67921632
988.4 66926043
988.5 66088171
988.6 65513267
988.7 65294512
988.8 65501423
988.9 66169566
989 67294478
989.1 68831697
989.2 70702739
989.3 72804948
989.4 75022407
989.5 77235620
989.6 79328824
989.7 81194884
989.8 82738308
989.9 83877194
990 84544800
990.1 84691240
990.2 84285630
990.3 83318816
990.4 81806725
990.5 79794344
990.6 77360278
990.7 74621663
990.8 71738777
990.9 68917704
991 66407648
991.1 64487490
991.2 63435989
991.3 63485599
991.4 64772454
991.5 67305712
991.6 70973123
991.7 75577624
991.8 80883643
991.9 86654571
992 92675072
992.1 98760699
992.2 1.0475967e+08
992.3 1.1055066e+08
992.4 1.1603891e+08
992.5 1.2115168e+08
992.6 1.2583373e+08
992.7 1.3004272e+08
992.8 1.3374493e+08
992.9 1.369111e+08
993 1.3951267e+08
993.1 1.415184e+08
993.2 1.4289182e+08
993.3 1.4358959e+08
993.4 1.4356134e+08
993.5 1.4275121e+08
993.6 1.411016e+08
993.7 1.3855964e+08
993.8 1.350865e+08
993.9 1.3067022e+08
994 1.2534229e+08
994.1 1.1919823e+08
994.2 1.1242249e+08
994.3 1.0531655e+08
994.4 98325922
994.5 92052809
994.6 87224541
994.7 84574678
994.8 84627255
994.9 87484207
995 92783906
995.1 99865584
995.2 1.0799427e+08
995.3 1.1651231e+08
995.4 1.2489787e+08
995.5 1.3276742e+08
995.6 1.3985602e+08
995.7 1.4599207e+08
995.8 1.5107281e+08
995.9 1.5504254e+08
996 1.5787379e+08
996.1 1.5955174e+08
996.2 1.6006196e+08
996.3 1.5938177e+08
996.4 1.5747577e+08
996.5 1.5429595e+08
996.6 1.4978754e+08
996.7 1.4390177e+08
996.8 1.366181e+08
996.9 1.2797991e+08
997 1.1815126e+08
997.1 1.0750781e+08
997.2 96780372
997.3 87252837
997.4 80891590
997.5 79960106
997.6 85750566
997.7 97589002
997.8 1.1348691e+08
997.9 1.3130116e+08
998 1.4921652e+08
998.1 1.657675e+08
998.2 1.7977484e+08
998.3 1.9031248e+08
998.4 1.9670752e+08
998.5 1.9855579e+08
998.6 1.9573937e+08
998.7 1.8843816e+08
998.8 1.7713464e+08
998.9 1.6261621e+08
999 1.4598644e+08
999.1 1.2869931e+08
999.2 1.1261478e+08
999.3 99982899
999.4 93045195
999.5 92974912
999.6 98987862
999.7 1.089456e+08
999.8 1.2067395e+08
999.9 1.3260987e+08
1000 1.4380784e+08

