0.1 0.89087198
0.2 0.80003216
0.3 0.73165701
0.4 0.68789495
0.5 0.66765263
0.6 0.6665104
0.7 0.67811131
0.8 0.69604903
0.9 0.7151468
1 0.73189229
1.1 0.7444536
1.2 0.75200595
1.3 0.75493897
1.4 0.75436256
1.5 0.75181068
1.6 0.74895918
1.7 0.74736039
1.8 0.74821201
1.9 0.75218209
2 0.75931001
2.1 0.76898961
2.2 0.78002652
2.3 0.7907554
2.4 0.79920291
2.5 0.80328377
2.6 0.80102158
2.7 0.79078394
2.8 0.77152654
2.9 0.74305107
3 0.70630151
3.1 0.66374433
3.2 0.619873
3.3 0.58174874
3.4 0.55902656
3.5 0.56221744
3.6 0.59863762
3.7 0.66902303
3.8 0.76850973
3.9 0.89023838
4 1.0264374
4.1 1.1732452
4.2 1.3267685
4.3 1.4839096
4.4 1.6421304
4.5 1.7992936
4.6 1.9535652
4.7 2.103361
4.8 2.2473223
4.9 2.3843104
5 2.5134135
5.1 2.6339581
5.2 2.7455231
5.3 2.8479497
5.4 2.9413443
5.5 3.0260738
5.6 3.1027502
5.7 3.172208
5.8 3.2354758
5.9 3.2937469
6 3.3483565
6.1 3.4007698
6.2 3.4525889
6.3 3.5055821
6.4 3.5617382
6.5 3.6233414
6.6 3.6930545
6.7 3.773989
6.8 3.8697327
6.9 3.9842969
7 4.1219558
7.1 4.2869635
7.2 4.483171
7.3 4.7135983
7.4 4.9800405
7.5 5.2827882
7.6 5.6205151
7.7 5.9903429
7.8 6.3880593
7.9 6.80844
8 7.2456182
8.1 7.6979668
8.2 8.1549275
8.3 8.6105811
8.4 9.0595479
8.5 9.4970994
8.6 9.9191925
8.7 10.322441
8.8 10.70404
8.9 11.061667
9 11.393365
9.1 11.697429
9.2 11.972306
9.3 12.216502
9.4 12.428533
9.5 12.606882
9.6 12.750008
9.7 12.856372
9.8 12.92448
9.9 12.952946
10 12.940546
10.1 12.88626
10.2 12.789288
10.3 12.649036
10.4 12.465077
10.5 12.23708
10.6 11.964727
10.7 11.647641
10.8 11.285325
10.9 10.877176
11 10.422597
11.1 9.9212858
11.2 9.3738161
11.3 8.7827064
11.4 8.15432
11.5 7.5022017
11.6 6.8528172
11.7 6.2547711
11.8 5.7905783
11.9 5.5810596
12 5.7578622
12.1 6.3992577
12.2 7.4944524
12.3 8.9789679
12.4 10.783303
12.5 12.85202
12.6 15.143183
12.7 17.623248
12.8 20.262896
12.9 23.034537
13 25.911106
13.1 28.86569
13.2 31.871677
13.3 34.903199
13.4 37.935724
13.5 40.946677
13.6 43.916002
13.7 46.826587
13.8 49.664481
13.9 52.418864
14 55.081738
14.1 57.647358
14.2 60.111451
14.3 62.470314
14.4 64.719935
14.5 66.855274
14.6 68.86987
14.7 70.755879
14.8 72.504622
14.9 74.107628
15 75.558087
15.1 76.852565
15.2 77.992749
15.3 78.987008
15.4 79.851517
15.5 80.610757
15.6 81.29725
15.7 81.950459
15.8 82.614887
15.9 83.337447
16 84.155404
16.1 85.116025
16.2 86.251854
16.3 87.583856
16.4 89.118072
16.5 90.842962
16.6 92.727852
16.7 94.722975
16.8 96.761476
16.9 98.763641
17 100.6434
17.1 102.31696
17.2 103.71337
17.3 104.78667
17.4 105.52917
17.5 105.98547
17.6 106.26608
17.7 106.55867
17.8 107.13325
17.9 108.33553
18 110.56213
18.1 114.2147
18.2 119.63956
18.3 127.07085
18.4 136.59808
18.5 148.16787
18.6 161.61252
18.7 176.68941
18.8 193.11742
18.9 210.60467
19 228.86764
19.1 247.6438
19.2 266.70019
19.3 285.83936
19.4 304.90332
19.5 323.77552
19.6 342.38093
19.7 360.68404
19.8 378.68493
19.9 396.41376
20 413.92387
20.1 431.28388
20.2 448.56868
20.3 465.849
20.4 483.1794
20.5 500.58494
20.6 518.04781
20.7 535.49616
20.8 552.79799
20.9 569.76258
21 586.15068
21.1 601.6924
21.2 616.11037
21.3 629.1442
21.4 640.57278
21.5 650.23145
21.6 658.02283
21.7 663.92091
21.8 667.96967
21.9 670.27718
22 671.00683
22.1 670.36655
22.2 668.59702
22.3 665.95899
22.4 662.7204
22.5 659.14317
22.6 655.47048
22.7 651.91489
22.8 648.64842
22.9 645.79535
23 643.42887
23.1 641.57208
23.2 640.20349
23.3 639.26654
23.4 638.68182
23.5 638.36033
23.6 638.21553
23.7 638.17206
23.8 638.16922
23.9 638.15811
24 638.0926
24.1 637.91532
24.2 637.54171
24.3 636.84599
24.4 635.6532
24.5 633.74132
24.6 630.85528
24.7 626.73349
24.8 621.14471
24.9 613.93263
25 605.06431
25.1 594.67977
25.2 583.13992
25.3 571.07033
25.4 559.39568
25.5 549.35438
25.6 542.47487
25.7 540.4883
25.8 545.15822
25.9 558.03807
26 580.216
26.1 612.13908
26.2 653.58198
26.3 703.75179
26.4 761.4608
26.5 825.29564
26.6 893.74467
26.7 965.27936
26.8 1038.4022
26.9 1111.6758
27 1183.7438
27.1 1253.3498
27.2 1319.3571
27.3 1380.769
27.4 1436.7506
27.5 1486.6499
27.6 1530.0174
27.7 1566.6234
27.8 1596.4705
27.9 1619.7998
28 1637.088
28.1 1649.0319
28.2 1656.5171
28.3 1660.566
28.4 1662.2656
28.5 1662.672
28.6 1662.7
28.7 1663.0049
28.8 1663.8744
28.9 1665.1468
29 1666.1741
29.1 1665.8412
29.2 1662.6451
29.3 1654.8293
29.4 1640.5637
29.5 1618.1569
29.6 1586.2948
29.7 1544.3009
29.8 1492.4282
29.9 1432.1989
30 1366.8102
30.1 1301.5985
30.2 1244.4475
30.3 1205.781
30.4 1197.4742
30.5 1230.1983
30.6 1310.0956
30.7 1437.1356
30.8 1606.3584
30.9 1810.5246
31 2042.1986
31.1 2294.6865
31.2 2562.2011
31.3 2839.7022
31.4 3122.662
31.5 3406.8533
31.6 3688.1899
31.7 3962.625
31.8 4226.1068
31.9 4474.5925
32 4706.308
32.1 4914.8284
32.2 5096.7188
32.3 5249.2201
32.4 5370.5411
32.5 5460.1626
32.6 5519.1142
32.7 5550.1694
32.8 5557.8907
32.9 5548.4501
33 5529.1652
33.1 5507.7265
33.2 5491.1715
33.3 5484.7639
33.4 5491.0266
33.5 5509.2063
33.6 5535.3598
33.7 5563.093
33.8 5584.8204
33.9 5593.3326
34 5583.4833
34.1 5553.8755
34.2 5508.4774
34.3 5458.0491
34.4 5421.0513
34.5 5423.3398
34.6 5495.628
34.7 5668.062
34.8 5962.8868
34.9 6388.2713
35 6936.391
35.1 7586.077
35.2 8307.6702
35.3 9067.6281
35.4 9831.88
35.5 10568.056
35.6 11247.044
35.7 11844.215
35.8 12340.479
35.9 12723.187
36 12986.829
36.1 13133.41
36.2 13172.403
36.3 13120.156
36.4 12998.633
36.5 12833.481
36.6 12651.473
36.7 12477.6
36.8 12332.301
36.9 12229.413
37 12175.412
37.1 12170.106
37.2 12208.533
37.3 12283.383
37.4 12387.23
37.5 12514.05
37.6 12659.797
37.7 12822.179
37.8 12999.863
37.9 13191.493
38 13394.791
38.1 13605.989
38.2 13819.662
38.3 14028.959
38.4 14226.116
38.5 14403.12
38.6 14552.395
38.7 14667.382
38.8 14742.973
38.9 14775.742
39 14763.997
39.1 14707.649
39.2 14607.947
39.3 14467.109
39.4 14287.902
39.5 14073.216
39.6 13825.66
39.7 13547.239
39.8 13239.115
39.9 12901.49
40 12533.62
40.1 12133.969
40.2 11700.513
40.3 11231.179
40.4 10724.399
40.5 10179.742
40.6 9598.561
40.7 8984.5708
40.8 8344.3014
40.9 7687.3304
41 7026.2426
41.1 6376.261
41.2 5754.5039
41.3 5178.8292
41.4 4666.2464
41.5 4230.9846
41.6 3882.5546
41.7 3624.5168
41.8 3454.7776
41.9 3367.6077
42 3356.3438
42.1 3415.065
42.2 3538.2526
42.3 3718.9534
42.4 3946.9029
42.5 4207.811
42.6 4484.0638
42.7 4756.3644
42.8 5005.6888
42.9 5215.1442
43 5371.5655
43.1 5466.8193
43.2 5498.8236
43.3 5472.2662
43.4 5398.9211
43.5 5297.3203
43.6 5191.3329
43.7 5107.0785
43.8 5067.8795
43.9 5088.0235
44 5167.559
44.1 5290.6669
44.2 5428.3504
44.3 5543.8789
44.4 5598.9387
44.5 5559.8964
44.6 5405.7256
44.7 5141.791
44.8 4827.6255
44.9 4626.4759
45 4839.5361
45.1 5783.0834
45.2 7566.105
45.3 10126.372
45.4 13386.542
45.5 17301.385
45.6 21847.956
45.7 27011.899
45.8 32778.805
45.9 39129.242
46 46035.831
46.1 53461.507
46.2 61358.515
46.3 69667.98
46.4 78319.964
46.5 87233.991
46.6 96320.056
46.7 105480.15
46.8 114610.32
46.9 123603.34
47 132351.99
47.1 140752.91
47.2 148711.03
47.3 156144.33
47.4 162988.63
47.5 169201.96
47.6 174767.95
47.7 179697.32
47.8 184027.05
47.9 187816.43
48 191140.13
48.1 194078.55
48.2 196706.8
48.3 199083.84
48.4 201243.91
48.5 203191.59
48.6 204901.78
48.7 206324.05
48.8 207390.66
48.9 208026.48
49 208159.07
49.1 207727.52
49.2 206688.98
49.3 205022.69
49.4 202731.36
49.5 199840.6
49.6 196396.67
49.7 192463.57
49.8 188119.75
49.9 183455.09
50 178568.29
50.1 173564.84
50.2 168555.18
50.3 163652.92
50.4 158972.36
50.5 154625.01
50.6 150714.6
50.7 147330.78
50.8 144541.82
50.9 142387.81
51 140875.64
51.1 139977.71
51.2 139635.49
51.3 139768.34
51.4 140286.99
51.5 141110.48
51.6 142184.69
51.7 143500.42
51.8 145108.57
51.9 147129.52
52 149752.99
52.1 153224.94
52.2 157819.63
52.3 163799.2
52.4 171368.52
52.5 180637.25
52.6 191599.75
52.7 204137.61
52.8 218040.84
52.9 233039.49
53 248836.31
53.1 265134.36
53.2 281656.52
53.3 298157.01
53.4 314426.12
53.5 330290.77
53.6 345612.68
53.7 360285.86
53.8 374234.17
53.9 387409.08
54 399787.45
54.1 411369.11
54.2 422174
54.3 432238.86
54.4 441613.62
54.5 450357.54
54.6 458535.61
54.7 466215.18
54.8 473463.48
54.9 480346.12
55 486927
55.1 493269.76
55.2 499441.13
55.3 505516.06
55.4 511584.59
55.5 517760.12
55.6 524188.51
55.7 531056.89
55.8 538601.15
55.9 547110.39
56 556926.77
56.1 568438.89
56.2 582066.89
56.3 598237.72
56.4 617349.65
56.5 639726.6
56.6 665565.31
56.7 694881.44
56.8 727463.19
56.9 762842.43
57 800291.37
57.1 838849.28
57.2 877378.36
57.3 914642.83
57.4 949401.9
57.5 980505.72
57.6 1006983.5
57.7 1028115.1
57.8 1043479.6
57.9 1052976.7
58 1056819.8
58.1 1055501.7
58.2 1049733.3
58.3 1040362.1
58.4 1028273.8
58.5 1014288.8
58.6 999063.37
58.7 983012.73
58.8 966268.62
58.9 948683.8
59 929886.51
59.1 909379.58
59.2 886670.84
59.3 861417.21
59.4 833563.95
59.5 803462.61
59.6 771951.61
59.7 740381.55
59.8 710560.47
59.9 684588.58
60 664560.39
60.1 652154.94
60.2 648215.98
60.3 652491.36
60.4 663667.97
60.5 679695.65
60.6 698256.22
60.7 717212.12
60.8 734942
60.9 750549.22
61 763967.99
61.1 775996.8
61.2 788281.98
61.3 803267.38
61.4 824121.42
61.5 854648
61.6 899179.98
61.7 962447.79
61.8 1049417.4
61.9 1165105.8
62 1314399
62.1 1501894.7
62.2 1731776.8
62.3 2007702.8
62.4 2332675.8
62.5 2708879.2
62.6 3137458.5
62.7 3618252.1
62.8 4149482
62.9 4727429.8
63 5346136.5
63.1 5997178.7
63.2 6669583.6
63.3 7349952.5
63.4 8022855.3
63.5 8671538.4
63.6 9278956
63.7 9823957.6
63.8 10299622
63.9 10696562
64 11010313
64.1 11242002
64.2 11398316
64.3 11490675
64.4 11533679
64.5 11543103
64.6 11533867
64.7 11518408
64.8 11505745
64.9 11501268
65 11507058
65.1 11522499
65.2 11544989
65.3 11570679
65.4 11595280
65.5 11614942
65.6 11627186
65.7 11631789
65.8 11631523
65.9 11632629
66 11644960
66.1 11681718
66.2 11758762
66.3 11893471
66.4 12103265
66.5 12403936
66.6 12808095
66.7 13324033
66.8 13955216
66.9 14700452
67 15554567
67.1 16509348
67.2 17554493
67.3 18678422
67.4 19868863
67.5 21113233
67.6 22398835
67.7 23712936
67.8 25042775
67.9 26375538
68 27698352
68.1 28998342
68.2 30262753
68.3 31479202
68.4 32636017
68.5 33722688
68.6 34730362
68.7 35652336
68.8 36484471
68.9 37225445
69 37876783
69.1 38442626
69.2 38929230
69.3 39344212
69.4 39695637
69.5 39991002
69.6 40236265
69.7 40435032
69.8 40588024
69.9 40692947
70 40744854
70.1 40737048
70.2 40662561
70.3 40516171
70.4 40296901
70.5 40010859
70.6 39674243
70.7 39316193
70.8 38981009
70.9 38729046
71 38635331
71.1 38784952
71.2 39264721
71.3 40151850
71.4 41502038
71.5 43340440
71.6 45658322
71.7 48415920
71.8 51549642
71.9 54980840
72 58623882
72.1 62392494
72.2 66204228
72.3 69983397
72.4 73662885
72.5 77185164
72.6 80502703
72.7 83577896
72.8 86382547
72.9 88896933
73 91108478
73.1 93010097
73.2 94598272
73.3 95870999
73.4 96825756
73.5 97457689
73.6 97758246
73.7 97714468
73.8 97309181
73.9 96522270
74 95333161
74.1 93724595
74.2 91687672
74.3 89228078
74.4 86373345
74.5 83180899
74.6 79746504
74.7 76212300
74.8 72772671
74.9 69674360
75 67204770
75.1 65661236
75.2 65299177
75.3 66271526
75.4 68587172
75.5 72112092
75.6 76610244
75.7 81798692
75.8 87393113
75.9 93135284
76 98805564
76.1 1.0422637e+08
76.2 1.0926123e+08
76.3 1.1381196e+08
76.4 1.1781498e+08
76.5 1.2123723e+08
76.6 1.240719e+08
76.7 1.2633409e+08
76.8 1.2805657e+08
76.9 1.2928598e+08
77 1.3007934e+08
77.1 1.3050122e+08
77.2 1.3062118e+08
77.3 1.3051144e+08
77.4 1.3024432e+08
77.5 1.2988938e+08
77.6 1.2950993e+08
77.7 1.2915936e+08
77.8 1.2887737e+08
77.9 1.2868703e+08
78 1.2859305e+08
78.1 1.2858182e+08
78.2 1.2862336e+08
78.3 1.2867488e+08
78.4 1.2868559e+08
78.5 1.2860198e+08
78.6 1.2837302e+08
78.7 1.2795482e+08
78.8 1.273143e+08
78.9 1.2643165e+08
79 1.2530158e+08
79.1 1.2393336e+08
79.2 1.2234981e+08
79.3 1.2058538e+08
79.4 1.1868367e+08
79.5 1.1669453e+08
79.6 1.1467101e+08
79.7 1.1266635e+08
79.8 1.1073115e+08
79.9 1.0891079e+08
80 1.0724332e+08
80.1 1.0575777e+08
80.2 1.0447311e+08
80.3 1.0339779e+08
80.4 1.0253001e+08
80.5 1.0185864e+08
80.6 1.0136474e+08
80.7 1.0102358e+08
80.8 1.0080701e+08
80.9 1.0068594e+08
81 1.0063288e+08
81.1 1.0062434e+08
81.2 1.0064288e+08
81.3 1.0067894e+08
81.4 1.0073209e+08
81.5 1.0081198e+08
81.6 1.0093877e+08
81.7 1.0114324e+08
81.8 1.014665e+08
81.9 1.0195923e+08
82 1.0268034e+08
82.1 1.0369461e+08
82.2 1.0506883e+08
82.3 1.0686609e+08
82.4 1.0913791e+08
82.5 1.1191481e+08
82.6 1.1519631e+08
82.7 1.1894222e+08
82.8 1.2306713e+08
82.9 1.274396e+08
83 1.3188699e+08
83.1 1.3620539e+08
83.2 1.4017387e+08
83.3 1.4357106e+08
83.4 1.4619239e+08
83.5 1.4786599e+08
83.6 1.4846564e+08
83.7 1.4791972e+08
83.8 1.4621553e+08
83.9 1.4339895e+08
84 1.3957001e+08
84.1 1.3487503e+08
84.2 1.2949654e+08
84.3 1.2364178e+08
84.4 1.1753058e+08
84.5 1.1138342e+08
84.6 1.0540974e+08
84.7 99797091
84.8 94701238
84.9 90238011
85 86477960
85.1 83445056
85.2 81120350
85.3 79450435
85.4 78359236
85.5 77760707
85.6 77570026
85.7 77711632
85.8 78123569
85.9 78758460
86 79581934
86.1 80569463
86.2 81702467
86.3 82964424
86.4 84337517
86.5 85800189
86.6 87325776
86.7 88882237
86.8 90432841
86.9 91937597
87 93355151
87.1 94644901
87.2 95769122
87.3 96694953
87.4 97396143
87.5 97854538
87.6 98061275
87.7 98017697
87.8 97735986
87.9 97239472
88 96562565
88.1 95750164
88.2 94856349
88.3 93942140
88.4 93072106
88.5 92309764
88.6 91711989
88.7 91322997
88.8 91168902
88.9 91254007
89 91559865
89.1 92047609
89.2 92663329
89.3 93345522
89.4 94033265
89.5 94673703
89.6 95227702
89.7 95672951
89.8 96004254
89.9 96231171
90 96373507
90.1 96455449
90.2 96499259
90.3 96519464
90.4 96518290
90.5 96482786
90.6 96383754
90.7 96176359
90.8 95802168
90.9 95192440
91 94272532
91.1 92967333
91.2 91207563
91.3 88936634
91.4 86117573
91.5 82739451
91.6 78822720
91.7 74423018
91.8 69633183
91.9 64583401
92 59439403
92.1 54398205
92.2 49679805
92.3 45511476
92.4 42100184
92.5 39591910
92.6 38028298
92.7 37324904
92.8 37291267
92.9 37685025
93 38270144
93.1 38856071
93.2 39314602
93.3 39582346
93.4 39656904
93.5 39591109
93.6 39486107
93.7 39481690
93.8 39741137
93.9 40428779
94 41682384
94.1 43587915
94.2 46166324
94.3 49377077
94.4 53134422
94.5 57327733
94.6 61838845
94.7 66553651
94.8 71368398
94.9 76192281
95 80947849
95.1 85570289
95.2 90006256
95.3 94212608
95.4 98155276
95.5 1.0180836e+08
95.6 1.0515352e+08
95.7 1.0817963e+08
95.8 1.1088272e+08
95.9 1.1326612e+08
96 1.1534069e+08
96.1 1.171251e+08
96.2 1.1864592e+08
96.3 1.1993745e+08
96.4 1.2104116e+08
96.5 1.220045e+08
96.6 1.2287918e+08
96.7 1.2371879e+08
96.8 1.2457607e+08
96.9 1.254999e+08
97 1.2653231e+08
97.1 1.2770591e+08
97.2 1.2904175e+08
97.3 1.3054774e+08
97.4 1.3221765e+08
97.5 1.3403043e+08
97.6 1.3594984e+08
97.7 1.3792451e+08
97.8 1.398885e+08
97.9 1.4176281e+08
98 1.4345813e+08
98.1 1.4487924e+08
98.2 1.4593077e+08
98.3 1.4652427e+08
98.4 1.4658569e+08
98.5 1.4606258e+08
98.6 1.4492999e+08
98.7 1.4319453e+08
98.8 1.4089593e+08
98.9 1.3810627e+08
99 1.3492689e+08
99.1 1.3148355e+08
99.2 1.279202e+08
99.3 1.2439195e+08
99.4 1.2105736e+08
99.5 1.180703e+08
99.6 1.1557153e+08
99.7 1.1368017e+08
99.8 1.1248575e+08
99.9 1.1204172e+08
100 1.1236125e+08
100.1 1.1341625e+08
100.2 1.1513951e+08
100.3 1.1742929e+08
100.4 1.2015556e+08
100.5 1.2316663e+08
100.6 1.2629581e+08
100.7 1.2936791e+08
100.8 1.3220597e+08
100.9 1.3463865e+08
101 1.3650886e+08
101.1 1.3768385e+08
101.2 1.3806697e+08
101.3 1.3761065e+08
101.4 1.3633011e+08
101.5 1.3431629e+08
101.6 1.3174588e+08
101.7 1.2888485e+08
101.8 1.2608016e+08
101.9 1.2373348e+08
102 1.2225227e+08
102.1 1.2198147e+08
102.2 1.2313207e+08
102.3 1.2573351e+08
102.4 1.296317e+08
102.5 1.3453247e+08
102.6 1.4006932e+08
102.7 1.4586929e+08
102.8 1.5160117e+08
102.9 1.5700237e+08
103 1.6188839e+08
103.1 1.6615027e+08
103.2 1.6974502e+08
103.3 1.7268256e+08
103.4 1.750114e+08
103.5 1.7680472e+08
103.6 1.7814776e+08
103.7 1.7912704e+08
103.8 1.7982188e+08
103.9 1.8029828e+08
104 1.8060512e+08
104.1 1.8077255e+08
104.2 1.8081224e+08
104.3 1.8071903e+08
104.4 1.8047356e+08
104.5 1.8004517e+08
104.6 1.793949e+08
104.7 1.7847799e+08
104.8 1.7724594e+08
104.9 1.7564794e+08
105 1.7363202e+08
105.1 1.7114593e+08
105.2 1.6813808e+08
105.3 1.6455878e+08
105.4 1.6036196e+08
105.5 1.5550738e+08
105.6 1.4996367e+08
105.7 1.4371206e+08
105.8 1.367512e+08
105.9 1.2910334e+08
106 1.2082288e+08
106.1 1.1200845e+08
106.2 1.0282128e+08
106.3 93513443
106.4 84470324
106.5 76266711
106.6 69711968
106.7 65798202
106.8 65417721
106.9 68905301
107 75837452
107.1 85319853
107.2 96391612
107.3 1.0822468e+08
107.4 1.2015093e+08
107.5 1.316331e+08
107.6 1.4223625e+08
107.7 1.5161256e+08
107.8 1.5949692e+08
107.9 1.6570827e+08
108 1.7015189e+08
108.1 1.728194e+08
108.2 1.7378446e+08
108.3 1.7319332e+08
108.4 1.7125093e+08
108.5 1.6820354e+08
108.6 1.6431975e+08
108.7 1.5987177e+08
108.8 1.5511854e+08
108.9 1.5029184e+08
109 1.4558629e+08
109.1 1.411535e+08
109.2 1.3710032e+08
109.3 1.3349065e+08
109.4 1.3035036e+08
109.5 1.2767413e+08
109.6 1.2543335e+08
109.7 1.2358404e+08
109.8 1.2207389e+08
109.9 1.2084805e+08
110 1.1985332e+08
110.1 1.190408e+08
110.2 1.1836721e+08
110.3 1.1779524e+08
110.4 1.1729316e+08
110.5 1.1683392e+08
110.6 1.1639406e+08
110.7 1.1595237e+08
110.8 1.1548833e+08
110.9 1.1498042e+08
111 1.1440427e+08
111.1 1.1373082e+08
111.2 1.1292476e+08
111.3 1.1194374e+08
111.4 1.1073865e+08
111.5 1.0925542e+08
111.6 1.0743834e+08
111.7 1.0523499e+08
111.8 1.0260195e+08
111.9 99511206
112 95956278
112.1 91957959
112.2 87569626
112.3 82882508
112.4 78031616
112.5 73202733
112.6 68639572
112.7 64646814
112.8 61579068
112.9 59801156
113 59612924
113.1 61161895
113.2 64396822
113.3 69095774
113.4 74943421
113.5 81605953
113.6 88776318
113.7 96192045
113.8 1.0363777e+08
113.9 1.1094178e+08
114 1.1797108e+08
114.1 1.2462662e+08
114.2 1.308388e+08
114.3 1.3656328e+08
114.4 1.4177691e+08
114.5 1.4647381e+08
114.6 1.5066163e+08
114.7 1.5435823e+08
114.8 1.5758864e+08
114.9 1.6038266e+08
115 1.6277281e+08
115.1 1.6479286e+08
115.2 1.6647665e+08
115.3 1.6785732e+08
115.4 1.6896664e+08
115.5 1.6983462e+08
115.6 1.7048911e+08
115.7 1.7095559e+08
115.8 1.7125693e+08
115.9 1.7141321e+08
116 1.7144157e+08
116.1 1.7135622e+08
116.2 1.7116833e+08
116.3 1.7088615e+08
116.4 1.7051513e+08
116.5 1.700581e+08
116.6 1.6951563e+08
116.7 1.6888643e+08
116.8 1.6816792e+08
116.9 1.673569e+08
117 1.6645044e+08
117.1 1.654469e+08
117.2 1.6434713e+08
117.3 1.6315591e+08
117.4 1.6188344e+08
117.5 1.6054691e+08
117.6 1.5917188e+08
117.7 1.5779331e+08
117.8 1.5645585e+08
117.9 1.5521301e+08
118 1.54125e+08
118.1 1.5325496e+08
118.2 1.5266365e+08
118.3 1.5240312e+08
118.4 1.5251011e+08
118.5 1.5300037e+08
118.6 1.5386502e+08
118.7 1.5506979e+08
118.8 1.5655753e+08
118.9 1.5825357e+08
119 1.6007306e+08
119.1 1.6192907e+08
119.2 1.6374032e+08
119.3 1.6543752e+08
119.4 1.669679e+08
119.5 1.6829752e+08
119.6 1.694115e+08
119.7 1.7031238e+08
119.8 1.7101692e+08
119.9 1.7155178e+08
120 1.7194839e+08
120.1 1.7223751e+08
120.2 1.7244378e+08
120.3 1.7258066e+08
120.4 1.726461e+08
120.5 1.7261924e+08
120.6 1.7245847e+08
120.7 1.7210102e+08
120.8 1.714644e+08
120.9 1.7044986e+08
121 1.6894812e+08
121.1 1.6684763e+08
121.2 1.6404566e+08
121.3 1.604627e+08
121.4 1.5606034e+08
121.5 1.5086325e+08
121.6 1.4498507e+08
121.7 1.3865726e+08
121.8 1.3225668e+08
121.9 1.2632156e+08
122 1.2153401e+08
122.1 1.1863772e+08
122.2 1.182725e+08
122.3 1.2076648e+08
122.4 1.2599855e+08
122.5 1.33423e+08
122.6 1.4222728e+08
122.7 1.5151448e+08
122.8 1.6043526e+08
122.9 1.6825965e+08
123 1.7440855e+08
123.1 1.7846418e+08
123.2 1.8017003e+08
123.3 1.7942411e+08
123.4 1.7626697e+08
123.5 1.7086487e+08
123.6 1.6348889e+08
123.7 1.5449135e+08
123.8 1.4428124e+08
123.9 1.3330027e+08
124 1.2200129e+08
124.1 1.1082977e+08
124.2 1.0020815e+08
124.3 90521117
124.4 82098202
124.5 75190091
124.6 69938743
124.7 66351147
124.8 64295218
124.9 63531013
125 63768942
125.1 64729476
125.2 66183039
125.3 67965392
125.4 69975485
125.5 72164722
125.6 74523770
125.7 77069817
125.8 79835198
125.9 82857468
126 86170797
126.1 89798684
126.2 93748169
126.3 98005828
126.4 1.0253587e+08
126.5 1.0728057e+08
126.6 1.1216309e+08
126.7 1.1709265e+08
126.8 1.219716e+08
126.9 1.2670402e+08
127 1.3120469e+08
127.1 1.3540749e+08
127.2 1.3927188e+08
127.3 1.4278604e+08
127.4 1.4596591e+08
127.5 1.4884975e+08
127.6 1.5148906e+08
127.7 1.539374e+08
127.8 1.5623957e+08
127.9 1.5842338e+08
128 1.6049582e+08
128.1 1.6244409e+08
128.2 1.6424071e+08
128.3 1.6585118e+08
128.4 1.6724213e+08
128.5 1.6838844e+08
128.6 1.6927806e+08
128.7 1.6991438e+08
128.8 1.7031618e+08
128.9 1.7051562e+08
129 1.70555e+08
129.1 1.7048279e+08
129.2 1.7034945e+08
129.3 1.7020349e+08
129.4 1.7008805e+08
129.5 1.7003819e+08
129.6 1.7007925e+08
129.7 1.7022598e+08
129.8 1.7048287e+08
129.9 1.7084513e+08
130 1.7130042e+08
130.1 1.7183092e+08
130.2 1.7241553e+08
130.3 1.7303197e+08
130.4 1.7365864e+08
130.5 1.7427611e+08
130.6 1.7486822e+08
130.7 1.7542272e+08
130.8 1.759316e+08
130.9 1.7639097e+08
131 1.7680065e+08
131.1 1.7716345e+08
131.2 1.7748424e+08
131.3 1.7776894e+08
131.4 1.7802343e+08
131.5 1.7825258e+08
131.6 1.7845946e+08
131.7 1.7864484e+08
131.8 1.7880695e+08
131.9 1.7894162e+08
132 1.7904261e+08
132.1 1.791022e+08
132.2 1.7911183e+08
132.3 1.7906274e+08
132.4 1.7894654e+08
132.5 1.7875564e+08
132.6 1.7848352e+08
132.7 1.7812487e+08
132.8 1.7767567e+08
132.9 1.7713313e+08
133 1.7649575e+08
133.1 1.7576335e+08
133.2 1.7493717e+08
133.3 1.7402015e+08
133.4 1.7301713e+08
133.5 1.7193529e+08
133.6 1.7078444e+08
133.7 1.6957738e+08
133.8 1.6833015e+08
133.9 1.6706204e+08
134 1.6579546e+08
134.1 1.6455552e+08
134.2 1.6336927e+08
134.3 1.6226469e+08
134.4 1.6126936e+08
134.5 1.6040896e+08
134.6 1.5970566e+08
134.7 1.5917655e+08
134.8 1.5883221e+08
134.9 1.5867566e+08
135 1.5870157e+08
135.1 1.5889606e+08
135.2 1.5923679e+08
135.3 1.5969352e+08
135.4 1.6022895e+08
135.5 1.6079969e+08
135.6 1.6135749e+08
135.7 1.6185041e+08
135.8 1.6222418e+08
135.9 1.6242373e+08
136 1.6239499e+08
136.1 1.6208708e+08
136.2 1.6145509e+08
136.3 1.6046347e+08
136.4 1.5908993e+08
136.5 1.5732978e+08
136.6 1.5520014e+08
136.7 1.5274349e+08
136.8 1.5002964e+08
136.9 1.4715503e+08
137 1.4423856e+08
137.1 1.4141323e+08
137.2 1.3881386e+08
137.3 1.3656215e+08
137.4 1.3475152e+08
137.5 1.3343505e+08
137.6 1.3261942e+08
137.7 1.3226643e+08
137.8 1.323015e+08
137.9 1.3262667e+08
138 1.3313471e+08
138.1 1.337218e+08
138.2 1.342972e+08
138.3 1.3478979e+08
138.4 1.3515239e+08
138.5 1.3536478e+08
138.6 1.3543624e+08
138.7 1.3540775e+08
138.8 1.3535307e+08
138.9 1.3537727e+08
139 1.3561046e+08
139.1 1.3619463e+08
139.2 1.372626e+08
139.3 1.3891032e+08
139.4 1.4116676e+08
139.5 1.4396851e+08
139.6 1.4714569e+08
139.7 1.5042361e+08
139.8 1.534399e+08
139.9 1.5577357e+08
140 1.5698079e+08
140.1 1.5663319e+08
140.2 1.5435535e+08
140.3 1.4986018e+08
140.4 1.4298157e+08
140.5 1.3370556e+08
140.6 1.2220386e+08
140.7 1.0887925e+08
140.8 94444811
140.9 80078913
141 67694089
141.1 60093900
141.2 59918051
141.3 67160729
141.4 79184243
141.5 93232288
141.6 1.0748996e+08
141.7 1.2090515e+08
141.8 1.3289398e+08
141.9 1.4316296e+08
142 1.5161062e+08
142.1 1.582676e+08
142.2 1.6325458e+08
142.3 1.6674968e+08
142.4 1.6896215e+08
142.5 1.7011127e+08
142.6 1.7041031e+08
142.7 1.700551e+08
142.8 1.6921685e+08
142.9 1.6803871e+08
143 1.6663508e+08
143.1 1.6509315e+08
143.2 1.6347577e+08
143.3 1.6182514e+08
143.4 1.6016669e+08
143.5 1.5851298e+08
143.6 1.5686729e+08
143.7 1.5522679e+08
143.8 1.5358538e+08
143.9 1.5193604e+08
144 1.5027287e+08
144.1 1.4859268e+08
144.2 1.4689634e+08
144.3 1.4518965e+08
144.4 1.4348382e+08
144.5 1.4179545e+08
144.6 1.4014592e+08
144.7 1.3856012e+08
144.8 1.3706462e+08
144.9 1.3568519e+08
145 1.3444395e+08
145.1 1.3335648e+08
145.2 1.324292e+08
145.3 1.316576e+08
145.4 1.3102562e+08
145.5 1.305065e+08
145.6 1.3006503e+08
145.7 1.2966112e+08
145.8 1.2925395e+08
145.9 1.2880631e+08
146 1.2828838e+08
146.1 1.2768049e+08
146.2 1.2697446e+08
146.3 1.2617351e+08
146.4 1.2529075e+08
146.5 1.2434668e+08
146.6 1.2336603e+08
146.7 1.2237448e+08
146.8 1.2139577e+08
146.9 1.2044944e+08
147 1.1954964e+08
147.1 1.1870485e+08
147.2 1.1791856e+08
147.3 1.1719065e+08
147.4 1.1651912e+08
147.5 1.15902e+08
147.6 1.1533904e+08
147.7 1.1483312e+08
147.8 1.1439105e+08
147.9 1.1402375e+08
148 1.1374573e+08
148.1 1.1357368e+08
148.2 1.1352445e+08
148.3 1.1361244e+08
148.4 1.138469e+08
148.5 1.1422951e+08
148.6 1.1475284e+08
148.7 1.1539995e+08
148.8 1.1614539e+08
148.9 1.1695741e+08
149 1.1780091e+08
149.1 1.1864069e+08
149.2 1.1944444e+08
149.3 1.2018495e+08
149.4 1.2084146e+08
149.5 1.214e+08
149.6 1.2185287e+08
149.7 1.2219761e+08
149.8 1.2243555e+08
149.9 1.225703e+08
150 1.2260642e+08
150.1 1.2254821e+08
150.2 1.2239888e+08
150.3 1.2215987e+08
150.4 1.2183027e+08
150.5 1.2140621e+08
150.6 1.2087999e+08
150.7 1.2023892e+08
150.8 1.1946378e+08
150.9 1.1852695e+08
151 1.1739062e+08
151.1 1.1600533e+08
151.2 1.1430975e+08
151.3 1.1223207e+08
151.4 1.096943e+08
151.5 1.0661988e+08
151.6 1.0294592e+08
151.7 98640748
151.8 93728305
151.9 88320848
152 82661243
152.1 77172259
152.2 72495764
152.3 69470452
152.4 68962603
152.5 71535281
152.6 77169456
152.7 85302456
152.8 95110556
152.9 1.0576436e+08
153 1.1654878e+08
153.1 1.2689208e+08
153.2 1.3636108e+08
153.3 1.4464894e+08
153.4 1.5156282e+08
153.5 1.5701119e+08
153.6 1.6099018e+08
153.7 1.6356814e+08
153.8 1.6486892e+08
153.9 1.6505448e+08
154 1.6430816e+08
154.1 1.6281947e+08
154.2 1.6077137e+08
154.3 1.5833072e+08
154.4 1.5564195e+08
154.5 1.5282397e+08
154.6 1.4996988e+08
154.7 1.4714875e+08
154.8 1.4440889e+08
154.9 1.4178173e+08
155 1.3928583e+08
155.1 1.3693043e+08
155.2 1.3471842e+08
155.3 1.3264847e+08
155.4 1.3071658e+08
155.5 1.2891695e+08
155.6 1.2724259e+08
155.7 1.2568573e+08
155.8 1.2423823e+08
155.9 1.228922e+08
156 1.2164083e+08
156.1 1.2047947e+08
156.2 1.1940705e+08
156.3 1.1842753e+08
156.4 1.1755155e+08
156.5 1.1679786e+08
156.6 1.1619441e+08
156.7 1.1577864e+08
156.8 1.1559675e+08
156.9 1.1570145e+08
157 1.1614796e+08
157.1 1.1698834e+08
157.2 1.1826465e+08
157.3 1.2000175e+08
157.4 1.2220122e+08
157.5 1.2483752e+08
157.6 1.2785737e+08
157.7 1.3118264e+08
157.8 1.3471628e+08
157.9 1.3835014e+08
158 1.4197365e+08
158.1 1.4548205e+08
158.2 1.4878336e+08
158.3 1.5180348e+08
158.4 1.5448927e+08
158.5 1.5680957e+08
158.6 1.5875441e+08
158.7 1.6033277e+08
158.8 1.6156927e+08
158.9 1.6250028e+08
159 1.6316974e+08
159.1 1.6362521e+08
159.2 1.639142e+08
159.3 1.6408119e+08
159.4 1.6416528e+08
159.5 1.6419867e+08
159.6 1.6420579e+08
159.7 1.6420323e+08
159.8 1.6420016e+08
159.9 1.6419945e+08
160 1.6419903e+08
160.1 1.6419377e+08
160.2 1.6417734e+08
160.3 1.6414428e+08
160.4 1.6409188e+08
160.5 1.6402188e+08
160.6 1.6394197e+08
160.7 1.6386685e+08
160.8 1.6381898e+08
160.9 1.6382888e+08
161 1.639348e+08
161.1 1.6418173e+08
161.2 1.6461938e+08
161.3 1.6529881e+08
161.4 1.6626765e+08
161.5 1.6756358e+08
161.6 1.6920654e+08
161.7 1.7119001e+08
161.8 1.7347255e+08
161.9 1.7597064e+08
162 1.7855425e+08
162.1 1.8104597e+08
162.2 1.8322468e+08
162.3 1.8483383e+08
162.4 1.8559429e+08
162.5 1.8522161e+08
162.6 1.8344694e+08
162.7 1.8004138e+08
162.8 1.7484298e+08
162.9 1.6778647e+08
163 1.5893606e+08
163.1 1.48523e+08
163.2 1.3699068e+08
163.3 1.2504926e+08
163.4 1.1373085e+08
163.5 1.0439651e+08
163.6 98565099
163.7 97418682
163.8 1.0117091e+08
163.9 1.0891783e+08
164 1.1915395e+08
164.1 1.3037819e+08
164.2 1.4138651e+08
164.3 1.5131745e+08
164.4 1.5960928e+08
164.5 1.6594593e+08
164.6 1.7021085e+08
164.7 1.7244845e+08
164.8 1.728297e+08
164.9 1.7161919e+08
165 1.6914304e+08
165.1 1.6575764e+08
165.2 1.6182042e+08
165.3 1.5766385e+08
165.4 1.535743e+08
165.5 1.4977728e+08
165.6 1.4643006e+08
165.7 1.4362201e+08
165.8 1.4138168e+08
165.9 1.3968874e+08
166 1.3848817e+08
166.1 1.3770411e+08
166.2 1.3725159e+08
166.3 1.3704518e+08
166.4 1.3700459e+08
166.5 1.3705773e+08
166.6 1.3714181e+08
166.7 1.3720347e+08
166.8 1.3719816e+08
166.9 1.370895e+08
167 1.3684874e+08
167.1 1.3645443e+08
167.2 1.3589256e+08
167.3 1.3515695e+08
167.4 1.3424992e+08
167.5 1.3318302e+08
167.6 1.3197763e+08
167.7 1.3066522e+08
167.8 1.2928697e+08
167.9 1.278927e+08
168 1.26539e+08
168.1 1.2528651e+08
168.2 1.2419668e+08
168.3 1.2332815e+08
168.4 1.2273302e+08
168.5 1.2245357e+08
168.6 1.2251954e+08
168.7 1.2294626e+08
168.8 1.2373391e+08
168.9 1.2486769e+08
169 1.2631911e+08
169.1 1.2804798e+08
169.2 1.3000507e+08
169.3 1.3213504e+08
169.4 1.3437951e+08
169.5 1.3668005e+08
169.6 1.3898079e+08
169.7 1.4123076e+08
169.8 1.4338561e+08
169.9 1.4540891e+08
170 1.4727278e+08
170.1 1.4895809e+08
170.2 1.5045409e+08
170.3 1.5175768e+08
170.4 1.5287228e+08
170.5 1.5380655e+08
170.6 1.54573e+08
170.7 1.5518662e+08
170.8 1.5566373e+08
170.9 1.5602106e+08
171 1.5627523e+08
171.1 1.5644262e+08
171.2 1.5653969e+08
171.3 1.5658363e+08
171.4 1.5659327e+08
171.5 1.5658993e+08
171.6 1.5659806e+08
171.7 1.5664515e+08
171.8 1.5676071e+08
171.9 1.5697397e+08
172 1.5731016e+08
172.1 1.5778573e+08
172.2 1.58403e+08
172.3 1.5914518e+08
172.4 1.5997294e+08
172.5 1.6082363e+08
172.6 1.6161386e+08
172.7 1.6224549e+08
172.8 1.6261451e+08
172.9 1.6262144e+08
173 1.6218194e+08
173.1 1.6123576e+08
173.2 1.5975317e+08
173.3 1.5773785e+08
173.4 1.5522629e+08
173.5 1.5228403e+08
173.6 1.4899955e+08
173.7 1.4547668e+08
173.8 1.4182681e+08
173.9 1.3816139e+08
174 1.3458572e+08
174.1 1.3119419e+08
174.2 1.2806725e+08
174.3 1.2526995e+08
174.4 1.2285185e+08
174.5 1.2084796e+08
174.6 1.1928042e+08
174.7 1.1816043e+08
174.8 1.174902e+08
174.9 1.1726473e+08
175 1.174731e+08
175.1 1.1809937e+08
175.2 1.19123e+08
175.3 1.2051882e+08
175.4 1.2225678e+08
175.5 1.2430144e+08
175.6 1.2661146e+08
175.7 1.2913906e+08
175.8 1.3182956e+08
175.9 1.3462091e+08
176 1.3744319e+08
176.1 1.4021801e+08
176.2 1.4285765e+08
176.3 1.4526397e+08
176.4 1.4732727e+08
176.5 1.4892504e+08
176.6 1.4992128e+08
176.7 1.501666e+08
176.8 1.4949978e+08
176.9 1.4775138e+08
177 1.4474984e+08
177.1 1.4033039e+08
177.2 1.343466e+08
177.3 1.2668422e+08
177.4 1.1727629e+08
177.5 1.0611833e+08
177.6 93282654
177.7 78932096
177.8 63338734
177.9 46934171
178 30536945
178.1 16905031
178.2 17093528
178.3 30375912
178.4 45770993
178.5 60712974
178.6 74495572
178.7 86801480
178.8 97477019
178.9 1.0647478e+08
179 1.1382743e+08
179.1 1.1962778e+08
179.2 1.2401002e+08
179.3 1.2713192e+08
179.4 1.2915896e+08
179.5 1.3025178e+08
179.6 1.3055814e+08
179.7 1.3021022e+08
179.8 1.2932745e+08
179.9 1.2802456e+08
180 1.2642346e+08
180.1 1.2466698e+08
180.2 1.2293125e+08
180.3 1.2143272e+08
180.4 1.2042487e+08
180.5 1.2018011e+08
180.6 1.2095575e+08
180.7 1.2294877e+08
180.8 1.2625194e+08
180.9 1.3082661e+08
181 1.3650156e+08
181.1 1.4299634e+08
181.2 1.4995805e+08
181.3 1.5699985e+08
181.4 1.6373331e+08
181.5 1.6979241e+08
181.6 1.7484972e+08
181.7 1.7862665e+08
181.8 1.8089952e+08
181.9 1.8150256e+08
182 1.8032867e+08
182.1 1.7732862e+08
182.2 1.7250882e+08
182.3 1.6592848e+08
182.4 1.5769653e+08
182.5 1.4796943e+08
182.6 1.3695124e+08
182.7 1.2489841e+08
182.8 1.1213367e+08
182.9 99076205
183 86300521
183.1 74637152
183.2 65295345
183.3 59831639
183.4 59561409
183.5 64561647
183.6 73599635
183.7 85104318
183.8 97824218
183.9 1.1089509e+08
184 1.2372104e+08
184.1 1.3587049e+08
184.2 1.4701505e+08
184.3 1.5689885e+08
184.4 1.6532535e+08
184.5 1.7215355e+08
184.6 1.7729862e+08
184.7 1.8073391e+08
184.8 1.8249248e+08
184.9 1.8266691e+08
185 1.8140661e+08
185.1 1.7891221e+08
185.2 1.7542689e+08
185.3 1.7122462e+08
185.4 1.6659542e+08
185.5 1.6182822e+08
185.6 1.5719212e+08
185.7 1.5291796e+08
185.8 1.4918255e+08
185.9 1.460984e+08
186 1.437114e+08
186.1 1.4200692e+08
186.2 1.4092293e+08
186.3 1.4036674e+08
186.4 1.4023141e+08
186.5 1.4040886e+08
186.6 1.4079808e+08
186.7 1.4130851e+08
186.8 1.4185968e+08
186.9 1.423788e+08
187 1.4279763e+08
187.1 1.4305007e+08
187.2 1.4307113e+08
187.3 1.4279763e+08
187.4 1.4217072e+08
187.5 1.4113953e+08
187.6 1.3966568e+08
187.7 1.377275e+08
187.8 1.3532349e+08
187.9 1.3247428e+08
188 1.2922277e+08
188.1 1.2563251e+08
188.2 1.2178437e+08
188.3 1.1777227e+08
188.4 1.1369832e+08
188.5 1.096681e+08
188.6 1.057864e+08
188.7 1.0215367e+08
188.8 98863143
188.9 95998353
189 93630745
189.1 91817095
189.2 90596695
189.3 89988555
189.4 89989179
189.5 90571565
189.6 91685909
189.7 93262138
189.8 95213988
189.9 97444035
190 99849068
190.1 1.0232523e+08
190.2 1.0477255e+08
190.3 1.0709876e+08
190.4 1.0922218e+08
190.5 1.1107388e+08
190.6 1.1259913e+08
190.7 1.1375834e+08
190.8 1.1452757e+08
190.9 1.1489888e+08
191 1.1488054e+08
191.1 1.1449704e+08
191.2 1.1378887e+08
191.3 1.1281181e+08
191.4 1.1163541e+08
191.5 1.1034029e+08
191.6 1.0901416e+08
191.7 1.0774642e+08
191.8 1.0662162e+08
191.9 1.0571249e+08
192 1.0507324e+08
192.1 1.0473446e+08
192.2 1.0470025e+08
192.3 1.0494816e+08
192.4 1.0543183e+08
192.5 1.0608548e+08
192.6 1.0682946e+08
192.7 1.0757587e+08
192.8 1.082334e+08
192.9 1.087113e+08
193 1.089222e+08
193.1 1.0878408e+08
193.2 1.082217e+08
193.3 1.0716761e+08
193.4 1.0556325e+08
193.5 1.0336013e+08
193.6 1.0052118e+08
193.7 97022496
193.8 92855134
193.9 88027094
194 82565212
194.1 76516924
194.2 69951858
194.3 62963465
194.4 55671233
194.5 48224840
194.6 40813187
194.7 33684513
194.8 27189400
194.9 21856996
195 18436465
195.1 17563118
195.2 18989745
195.3 21684268
195.4 24700300
195.5 27467131
195.6 29677070
195.7 31169159
195.8 31868381
195.9 31758187
196 30869796
196.1 29281240
196.2 27124680
196.3 24603868
196.4 22024745
196.5 19831391
196.6 18589832
196.7 18792061
196.8 20526778
196.9 23436702
197 27019191
197.1 30853754
197.2 34647971
197.3 38215795
197.4 41451928
197.5 44313255
197.6 46804340
197.7 48963482
197.8 50847643
197.9 52516424
198 54016734
198.1 55370575
198.2 56568264
198.3 57568330
198.4 58303908
198.5 58694292
198.6 58659986
198.7 58140067
198.8 57111513
198.9 55611014
199 53759889
199.1 51790830
199.2 50068584
199.3 49082361
199.4 49373508
199.5 51383301
199.6 55290460
199.7 60962469
199.8 68047501
199.9 76109791
200 84724176
200.1 93518991
200.2 1.0218874e+08
200.3 1.1049441e+08
200.4 1.1825964e+08
200.5 1.2536528e+08
200.6 1.3174296e+08
200.7 1.3736758e+08
200.8 1.4224905e+08
200.9 1.4642371e+08
201 1.4994592e+08
201.1 1.5288037e+08
201.2 1.5529565e+08
201.3 1.5725924e+08
201.4 1.5883409e+08
201.5 1.6007676e+08
201.6 1.6103685e+08
201.7 1.6175747e+08
201.8 1.622765e+08
201.9 1.6262809e+08
202 1.6284419e+08
202.1 1.6295571e+08
202.2 1.6299303e+08
202.3 1.629856e+08
202.4 1.6296079e+08
202.5 1.629419e+08
202.6 1.6294581e+08
202.7 1.6298068e+08
202.8 1.6304425e+08
202.9 1.6312302e+08
203 1.6319244e+08
203.1 1.6321789e+08
203.2 1.6315589e+08
203.3 1.6295488e+08
203.4 1.6255515e+08
203.5 1.618875e+08
203.6 1.6087122e+08
203.7 1.5941175e+08
203.8 1.5739935e+08
203.9 1.5470973e+08
204 1.512076e+08
204.1 1.4675354e+08
204.2 1.4121392e+08
204.3 1.3447288e+08
204.4 1.2644503e+08
204.5 1.170871e+08
204.6 1.064069e+08
204.7 94468506
204.8 81393181
204.9 67356986
205 52588755
205.1 37382910
205.2 22214641
205.3 9168629.1
205.4 12991908
205.5 26821324
205.6 41052917
205.7 54782075
205.8 67774070
205.9 79924101
206 91185657
206.1 1.0154978e+08
206.2 1.1103424e+08
206.3 1.1967555e+08
206.4 1.2752233e+08
206.5 1.3462979e+08
206.6 1.4105527e+08
206.7 1.4685481e+08
206.8 1.5208081e+08
206.9 1.5678056e+08
207 1.6099569e+08
207.1 1.6476222e+08
207.2 1.6811118e+08
207.3 1.7106962e+08
207.4 1.7366178e+08
207.5 1.7591023e+08
207.6 1.778369e+08
207.7 1.7946392e+08
207.8 1.8081409e+08
207.9 1.8191111e+08
208 1.8277954e+08
208.1 1.8344461e+08
208.2 1.8393184e+08
208.3 1.8426669e+08
208.4 1.844741e+08
208.5 1.8457811e+08
208.6 1.8460144e+08
208.7 1.8456508e+08
208.8 1.8448802e+08
208.9 1.8438685e+08
209 1.8427554e+08
209.1 1.8416523e+08
209.2 1.8406414e+08
209.3 1.8397747e+08
209.4 1.8390756e+08
209.5 1.8385403e+08
209.6 1.838141e+08
209.7 1.8378295e+08
209.8 1.837542e+08
209.9 1.8372041e+08
210 1.8367353e+08
210.1 1.8360543e+08
210.2 1.8350833e+08
210.3 1.8337524e+08
210.4 1.8320047e+08
210.5 1.8298026e+08
210.6 1.8271344e+08
210.7 1.8240228e+08
210.8 1.8205317e+08
210.9 1.8167707e+08
211 1.8128936e+08
211.1 1.80909e+08
211.2 1.8055672e+08
211.3 1.8025266e+08
211.4 1.8001355e+08
211.5 1.7985012e+08
211.6 1.7976532e+08
211.7 1.7975353e+08
211.8 1.7980089e+08
211.9 1.7988621e+08
212 1.7998196e+08
212.1 1.800544e+08
212.2 1.8006262e+08
212.3 1.7995648e+08
212.4 1.7967405e+08
212.5 1.7913959e+08
212.6 1.7826316e+08
212.7 1.7694279e+08
212.8 1.7506953e+08
212.9 1.7253508e+08
213 1.6924106e+08
213.1 1.6510874e+08
213.2 1.600878e+08
213.3 1.541631e+08
213.4 1.473586e+08
213.5 1.3973819e+08
213.6 1.3140345e+08
213.7 1.2248871e+08
213.8 1.1315419e+08
213.9 1.0357784e+08
214 93946862
214.1 84449578
214.2 75268438
214.3 66574601
214.4 58524336
214.5 51257096
214.6 44894585
214.7 39539462
214.8 35271747
214.9 32141689
215 30161175
215.1 29301093
215.2 29502484
215.3 30699261
215.4 32838711
215.5 35887685
215.6 39824494
215.7 44624801
215.8 50249278
215.9 56636245
216 63699095
216.1 71327082
216.2 79388293
216.3 87734103
216.4 96204807
216.5 1.0463618e+08
216.6 1.1286667e+08
216.7 1.2074482e+08
216.8 1.2813631e+08
216.9 1.3492995e+08
217 1.4104211e+08
217.1 1.4641891e+08
217.2 1.510361e+08
217.3 1.5489656e+08
217.4 1.5802596e+08
217.5 1.6046727e+08
217.6 1.6227521e+08
217.7 1.635117e+08
217.8 1.6424308e+08
217.9 1.645398e+08
218 1.6447831e+08
218.1 1.6414454e+08
218.2 1.6363759e+08
218.3 1.6307177e+08
218.4 1.6257515e+08
218.5 1.6228305e+08
218.6 1.6232618e+08
218.7 1.6281458e+08
218.8 1.6382067e+08
218.9 1.6536534e+08
219 1.6741124e+08
219.1 1.6986523e+08
219.2 1.7258933e+08
219.3 1.7541727e+08
219.4 1.7817278e+08
219.5 1.8068633e+08
219.6 1.8280809e+08
219.7 1.844165e+08
219.8 1.8542281e+08
219.9 1.8577228e+08
220 1.8544314e+08
220.1 1.8444401e+08
220.2 1.8281049e+08
220.3 1.8060126e+08
220.4 1.7789394e+08
220.5 1.7478074e+08
220.6 1.7136409e+08
220.7 1.6775218e+08
220.8 1.6405458e+08
220.9 1.6037806e+08
221 1.5682268e+08
221.1 1.534785e+08
221.2 1.5042284e+08
221.3 1.4771829e+08
221.4 1.4541153e+08
221.5 1.4353281e+08
221.6 1.4209618e+08
221.7 1.4110011e+08
221.8 1.4052861e+08
221.9 1.4035245e+08
222 1.4053063e+08
222.1 1.4101174e+08
222.2 1.4173548e+08
222.3 1.4263403e+08
222.4 1.4363354e+08
222.5 1.4465583e+08
222.6 1.4562015e+08
222.7 1.464454e+08
222.8 1.4705276e+08
222.9 1.4736864e+08
223 1.4732824e+08
223.1 1.4687937e+08
223.2 1.4598654e+08
223.3 1.4463511e+08
223.4 1.4283517e+08
223.5 1.4062486e+08
223.6 1.380727e+08
223.7 1.352783e+08
223.8 1.3237087e+08
223.9 1.2950466e+08
224 1.268506e+08
224.1 1.2458363e+08
224.2 1.2286625e+08
224.3 1.2182996e+08
224.4 1.2155809e+08
224.5 1.2207422e+08
224.6 1.233395e+08
224.7 1.2525979e+08
224.8 1.2770055e+08
224.9 1.3050527e+08
225 1.3351338e+08
225.1 1.365744e+08
225.2 1.3955737e+08
225.3 1.4235543e+08
225.4 1.4488647e+08
225.5 1.4709106e+08
225.6 1.4892884e+08
225.7 1.5037414e+08
225.8 1.5141181e+08
225.9 1.5203349e+08
226 1.5223466e+08
226.1 1.5201253e+08
226.2 1.5136466e+08
226.3 1.5028829e+08
226.4 1.4878019e+08
226.5 1.4683701e+08
226.6 1.4445602e+08
226.7 1.4163623e+08
226.8 1.3837979e+08
226.9 1.3469378e+08
227 1.3059201e+08
227.1 1.2609704e+08
227.2 1.2124202e+08
227.3 1.1607216e+08
227.4 1.1064567e+08
227.5 1.0503377e+08
227.6 99319584
227.7 93595887
227.8 87961448
227.9 82516361
228 77356584
228.1 72568251
228.2 68222367
228.3 64370560
228.4 61042414
228.5 58244758
228.6 55962936
228.7 54163835
228.8 52800210
228.9 51815772
229 51150505
229.1 50745774
229.2 50548868
229.3 50516647
229.4 50618077
229.5 50835509
229.6 51164734
229.7 51613993
229.8 52202302
229.9 52957502
230 53914446
230.1 55113586
230.2 56600004
230.3 58422681
230.4 60633568
230.5 63285993
230.6 66431990
230.7 70118441
230.8 74382234
230.9 79244978
231 84707989
231.1 90748237
231.2 97315786
231.3 1.0433305e+08
231.4 1.1169597e+08
231.5 1.1927717e+08
231.6 1.2693088e+08
231.7 1.3449962e+08
231.8 1.4182222e+08
231.9 1.4874284e+08
232 1.5512037e+08
232.1 1.6083728e+08
232.2 1.6580719e+08
232.3 1.6997996e+08
232.4 1.7334369e+08
232.5 1.7592303e+08
232.6 1.7777397e+08
232.7 1.7897572e+08
232.8 1.7962108e+08
232.9 1.7980669e+08
233 1.7962502e+08
233.1 1.7915906e+08
233.2 1.784805e+08
233.3 1.7765104e+08
233.4 1.7672603e+08
233.5 1.7575915e+08
233.6 1.7480685e+08
233.7 1.7393133e+08
233.8 1.7320126e+08
233.9 1.7268969e+08
234 1.7246898e+08
234.1 1.7260317e+08
234.2 1.7313825e+08
234.3 1.7409157e+08
234.4 1.7544178e+08
234.5 1.7712073e+08
234.6 1.7900873e+08
234.7 1.8093406e+08
234.8 1.8267703e+08
234.9 1.8397841e+08
235 1.8455171e+08
235.1 1.840984e+08
235.2 1.8232541e+08
235.3 1.7896369e+08
235.4 1.7378684e+08
235.5 1.6662859e+08
235.6 1.5739787e+08
235.7 1.4609025e+08
235.8 1.3279486e+08
235.9 1.1769627e+08
236 1.0107181e+08
236.1 83286432
236.2 64792411
236.3 46162520
236.4 28316218
236.5 14406827
236.6 16756876
236.7 30050399
236.8 43861819
236.9 56412543
237 67283878
237.1 76365356
237.2 83689664
237.3 89381424
237.4 93627149
237.5 96649930
237.6 98686138
237.7 99964757
237.8 1.0069092e+08
237.9 1.010353e+08
238 1.0113055e+08
238.1 1.0107518e+08
238.2 1.0094428e+08
238.3 1.0080514e+08
238.4 1.0073521e+08
238.5 1.0083879e+08
238.6 1.0125827e+08
238.7 1.0217521e+08
238.8 1.0379732e+08
238.9 1.0633001e+08
239 1.0993678e+08
239.1 1.1469908e+08
239.2 1.2058878e+08
239.3 1.2746223e+08
239.4 1.3507574e+08
239.5 1.4311514e+08
239.6 1.5122992e+08
239.7 1.5906514e+08
239.8 1.662877e+08
239.9 1.7260594e+08
240 1.777829e+08
240.1 1.8164373e+08
240.2 1.8407792e+08
240.3 1.8503711e+08
240.4 1.8452935e+08
240.5 1.8261071e+08
240.6 1.7937545e+08
240.7 1.7494564e+08
240.8 1.6946129e+08
240.9 1.630717e+08
241 1.5592855e+08
241.1 1.4818102e+08
241.2 1.3997287e+08
241.3 1.314414e+08
241.4 1.2271768e+08
241.5 1.139278e+08
241.6 1.0519443e+08
241.7 96638257
241.8 88378847
241.9 80534538
242 73221215
242.1 66549817
242.2 60622772
242.3 55529835
242.4 51344341
242.5 48121346
242.6 45899002
242.7 44703077
242.8 44552051
242.9 45458386
243 47422849
243.1 50423067
243.2 54401300
243.3 59256520
243.4 64842867
243.5 70973733
243.6 77429952
243.7 83971211
243.8 90350598
243.9 96332449
244 1.0171327e+08
244.1 1.0634471e+08
244.2 1.1015637e+08
244.3 1.13175e+08
244.4 1.1553517e+08
244.5 1.1747535e+08
244.6 1.193135e+08
244.7 1.2139955e+08
244.8 1.2404941e+08
244.9 1.2747612e+08
245 1.3174065e+08
245.1 1.3674036e+08
245.2 1.4223732e+08
245.3 1.4791225e+08
245.4 1.5342402e+08
245.5 1.5845956e+08
245.6 1.6276731e+08
245.7 1.661745e+08
245.8 1.6859119e+08
245.9 1.7000511e+08
246 1.704706e+08
246.1 1.7009449e+08
246.2 1.6902074e+08
246.3 1.6741537e+08
246.4 1.6545247e+08
246.5 1.6330191e+08
246.6 1.6111902e+08
246.7 1.5903656e+08
246.8 1.5715901e+08
246.9 1.5555933e+08
247 1.5427827e+08
247.1 1.5332611e+08
247.2 1.5268649e+08
247.3 1.5232202e+08
247.4 1.5218084e+08
247.5 1.5220366e+08
247.6 1.5233044e+08
247.7 1.5250632e+08
247.8 1.5268614e+08
247.9 1.5283747e+08
248 1.5294197e+08
248.1 1.5299514e+08
248.2 1.5300472e+08
248.3 1.5298816e+08
248.4 1.5296948e+08
248.5 1.5297612e+08
248.6 1.5303585e+08
248.7 1.5317422e+08
248.8 1.5341239e+08
248.9 1.5376529e+08
249 1.542402e+08
249.1 1.5483553e+08
249.2 1.5554013e+08
249.3 1.5633308e+08
249.4 1.5718452e+08
249.5 1.5805743e+08
249.6 1.5891048e+08
249.7 1.5970182e+08
249.8 1.6039334e+08
249.9 1.6095491e+08
250 1.6136813e+08
250.1 1.6162926e+08
250.2 1.61751e+08
250.3 1.617631e+08
250.4 1.6171199e+08
250.5 1.6165941e+08
250.6 1.616801e+08
250.7 1.6185832e+08
250.8 1.6228278e+08
250.9 1.6303937e+08
251 1.6420116e+08
251.1 1.6581571e+08
251.2 1.6789086e+08
251.3 1.7038091e+08
251.4 1.7317655e+08
251.5 1.7610146e+08
251.6 1.7891815e+08
251.7 1.8134367e+08
251.8 1.8307386e+08
251.9 1.8381341e+08
252 1.8330788e+08
252.1 1.8137364e+08
252.2 1.7792208e+08
252.3 1.7297552e+08
252.4 1.6667311e+08
252.5 1.5926629e+08
252.6 1.5110402e+08
252.7 1.4260825e+08
252.8 1.3423982e+08
252.9 1.2645497e+08
253 1.1965427e+08
253.1 1.1412982e+08
253.2 1.1002335e+08
253.3 1.0731093e+08
253.4 1.0582353e+08
253.5 1.0529666e+08
253.6 1.0542928e+08
253.7 1.0593139e+08
253.8 1.0655084e+08
253.9 1.0708043e+08
254 1.0735304e+08
254.1 1.0723203e+08
254.2 1.06603e+08
254.3 1.0536953e+08
254.4 1.0345406e+08
254.5 1.0080304e+08
254.6 97395033
254.7 93249997
254.8 88438142
254.9 83087229
255 77387294
255.1 71591635
255.2 66011530
255.3 60999094
255.4 56909241
255.5 54033858
255.6 52511261
255.7 52318026
255.8 53198484
255.9 54783121
256 56685393
256.1 58564985
256.2 60150028
256.3 61233293
256.4 61658022
256.5 61302700
256.6 60069042
256.7 57874880
256.8 54652795
256.9 50355670
257 44972595
257.1 38566036
257.2 31367910
257.3 24074829
257.4 18775002
257.5 19673953
257.6 27688643
257.7 39549219
257.8 53205460
257.9 67714161
258 82481477
258.1 97014283
258.2 1.1085228e+08
258.3 1.2355687e+08
258.4 1.3472069e+08
258.5 1.4398544e+08
258.6 1.5106182e+08
258.7 1.5574777e+08
258.8 1.5794188e+08
258.9 1.576497e+08
259 1.5498177e+08
259.1 1.5014335e+08
259.2 1.434171e+08
259.3 1.3514099e+08
259.4 1.2568412e+08
259.5 1.1542345e+08
259.6 1.0472377e+08
259.7 93922412
259.8 83319676
259.9 73174631
260 63705641
260.1 55094124
260.2 47489330
260.3 41010692
260.4 35742734
260.5 31717899
260.6 28889672
260.7 27113606
260.8 26160807
260.9 25766473
261 25684938
261.1 25722790
261.2 25745788
261.3 25670809
261.4 25454010
261.5 25081298
261.6 24563564
261.7 23937766
261.8 23274560
261.9 22692138
262 22372189
262.1 22564945
262.2 23561024
262.3 25620196
262.4 28893747
262.5 33399564
262.6 39055545
262.7 45726319
262.8 53252422
262.9 61461693
263 70172599
263.1 79196270
263.2 88339990
263.3 97412529
263.4 1.0623079e+08
263.5 1.1462692e+08
263.6 1.2245502e+08
263.7 1.2959662e+08
263.8 1.3596454e+08
263.9 1.4150445e+08
264 1.4619434e+08
264.1 1.5004184e+08
264.2 1.5307971e+08
264.3 1.5536013e+08
264.4 1.5694825e+08
264.5 1.5791568e+08
264.6 1.5833459e+08
264.7 1.5827279e+08
264.8 1.5779029e+08
264.9 1.5693755e+08
265 1.5575533e+08
265.1 1.5427624e+08
265.2 1.5252752e+08
265.3 1.5053472e+08
265.4 1.4832574e+08
265.5 1.4593455e+08
265.6 1.4340425e+08
265.7 1.4078857e+08
265.8 1.3815184e+08
265.9 1.3556693e+08
266 1.3311139e+08
266.1 1.3086211e+08
266.2 1.2888885e+08
266.3 1.2724742e+08
266.4 1.2597301e+08
266.5 1.2507424e+08
266.6 1.2452842e+08
266.7 1.2427817e+08
266.8 1.2422976e+08
266.9 1.2425319e+08
267 1.2418423e+08
267.1 1.2382858e+08
267.2 1.2296833e+08
267.3 1.213711e+08
267.4 1.1880209e+08
267.5 1.1503974e+08
267.6 1.0989625e+08
267.7 1.0324498e+08
267.8 95060213
267.9 85481036
268 74926974
268.1 64323659
268.2 55500464
268.3 51444601
268.4 54906345
268.5 65636652
268.6 81045483
268.7 98668033
268.8 1.1679324e+08
268.9 1.3422009e+08
269 1.5004173e+08
269.1 1.6354746e+08
269.2 1.7418949e+08
269.3 1.8157754e+08
269.4 1.8548261e+08
269.5 1.8584134e+08
269.6 1.8275704e+08
269.7 1.7649632e+08
269.8 1.6748199e+08
269.9 1.5628439e+08
270 1.4361414e+08
270.1 1.3031847e+08
270.2 1.1737838e+08
270.3 1.0588812e+08
270.4 96967761
270.5 91541391
270.6 90003648
270.7 92014833
270.8 96667715
270.9 1.0288951e+08
271 1.0975271e+08
271.1 1.1658363e+08
271.2 1.2294596e+08
271.3 1.2858479e+08
271.4 1.3337134e+08
271.5 1.3725899e+08
271.6 1.4025102e+08
271.7 1.4237784e+08
271.8 1.4368169e+08
271.9 1.4420735e+08
272 1.4399745e+08
272.1 1.4309156e+08
272.2 1.4152797e+08
272.3 1.3934743e+08
272.4 1.3659783e+08
272.5 1.3333919e+08
272.6 1.2964826e+08
272.7 1.2562187e+08
272.8 1.2137872e+08
272.9 1.1705856e+08
273 1.1281815e+08
273.1 1.0882309e+08
273.2 1.0523514e+08
273.3 1.0219549e+08
273.4 99806453
273.5 98115748
273.6 97108431
273.7 96710059
273.8 96800878
273.9 97237008
274 97872717
274.1 98578644
274.2 99253242
274.3 99827066
274.4 1.0026119e+08
274.5 1.005416e+08
274.6 1.0067157e+08
274.7 1.0066345e+08
274.8 1.0053116e+08
274.9 1.0028388e+08
275 99921270
275.1 99430316
275.2 98783665
275.3 97939456
275.4 96842680
275.5 95428232
275.6 93625936
275.7 91367987
275.8 88599472
275.9 85293061
276 81469595
276.1 77227099
276.2 72781114
276.3 68516229
276.4 65034836
276.5 63152983
276.6 63752454
276.7 67462261
276.8 74374651
276.9 84058769
277 95802446
277.1 1.0882673e+08
277.2 1.2237883e+08
277.3 1.3574918e+08
277.4 1.4826691e+08
277.5 1.592989e+08
277.6 1.6825975e+08
277.7 1.7463264e+08
277.8 1.7799862e+08
277.9 1.7807079e+08
278 1.7472954e+08
278.1 1.6805524e+08
278.2 1.5835625e+08
278.3 1.4619258e+08
278.4 1.3239929e+08
278.5 1.1811351e+08
278.6 1.0479447e+08
278.7 94164197
278.8 87883031
278.9 86841900
279 90572746
279.1 97556120
279.2 1.0609168e+08
279.3 1.1485375e+08
279.4 1.2299035e+08
279.5 1.3003112e+08
279.6 1.3577274e+08
279.7 1.4018774e+08
279.8 1.4335855e+08
279.9 1.4543057e+08
280 1.4657886e+08
280.1 1.4698501e+08
280.2 1.4682182e+08
280.3 1.4624404e+08
280.4 1.4538368e+08
280.5 1.4434883e+08
280.6 1.4322465e+08
280.7 1.4207583e+08
280.8 1.409496e+08
280.9 1.398789e+08
281 1.3888529e+08
281.1 1.3798139e+08
281.2 1.3717295e+08
281.3 1.3646042e+08
281.4 1.3584029e+08
281.5 1.3530601e+08
281.6 1.3484891e+08
281.7 1.344588e+08
281.8 1.3412444e+08
281.9 1.3383389e+08
282 1.3357461e+08
282.1 1.3333347e+08
282.2 1.3309661e+08
282.3 1.3284908e+08
282.4 1.3257444e+08
282.5 1.3225414e+08
282.6 1.3186672e+08
282.7 1.3138682e+08
282.8 1.3078414e+08
282.9 1.3002222e+08
283 1.2905737e+08
283.1 1.2783776e+08
283.2 1.2630294e+08
283.3 1.243839e+08
283.4 1.2200378e+08
283.5 1.190794e+08
283.6 1.1552341e+08
283.7 1.1124725e+08
283.8 1.0616455e+08
283.9 1.0019509e+08
284 93269055
284.1 85331655
284.2 76348026
284.3 66308633
284.4 55235634
284.5 43192314
284.6 30305929
284.7 16885447
284.8 5619759.6
284.9 14367325
285 28865107
285.1 43639030
285.2 58121049
285.3 71963962
285.4 84870183
285.5 96583093
285.6 1.0689775e+08
285.7 1.1567328e+08
285.8 1.2284191e+08
285.9 1.2841242e+08
286 1.3246705e+08
286.1 1.3515222e+08
286.2 1.3666419e+08
286.3 1.3723141e+08
286.4 1.3709589e+08
286.5 1.3649543e+08
286.6 1.3564833e+08
286.7 1.3474165e+08
286.8 1.3392341e+08
286.9 1.3329872e+08
287 1.3292944e+08
287.1 1.3283662e+08
287.2 1.3300517e+08
287.3 1.3338992e+08
287.4 1.3392225e+08
287.5 1.3451687e+08
287.6 1.3507804e+08
287.7 1.3550499e+08
287.8 1.3569627e+08
287.9 1.3555308e+08
288 1.3498167e+08
288.1 1.3389505e+08
288.2 1.322144e+08
288.3 1.2987033e+08
288.4 1.2680435e+08
288.5 1.2297069e+08
288.6 1.1833837e+08
288.7 1.1289378e+08
288.8 1.0664331e+08
288.9 99616157
289 91867109
289.1 83479374
289.2 74567900
289.3 65284342
289.4 55826573
289.5 46459590
289.6 37563871
289.7 29743453
289.8 24005264
289.9 21674976
290 23203675
290.1 27332864
290.2 32499364
290.3 37749824
290.4 42602179
290.5 46816665
290.6 50276306
290.7 52931105
290.8 54770132
290.9 55806126
291 56066652
291.1 55589577
291.2 54422157
291.3 52623585
291.4 50271124
291.5 47470110
291.6 44368100
291.7 41172680
291.8 38169153
291.9 35724931
292 34251421
292.1 34093741
292.2 35381681
292.3 37963384
292.4 41487047
292.5 45540498
292.6 49744435
292.7 53784965
292.8 57414387
292.9 60442883
293 62730473
293.1 64181902
293.2 64745088
293.3 64413700
293.4 63234980
293.5 61324610
293.6 58890718
293.7 56267214
293.8 53947973
293.9 52590365
294 52926375
294.1 55544878
294.2 60655363
294.3 68037357
294.4 77193815
294.5 87534617
294.6 98480624
294.7 1.0949924e+08
294.8 1.2011186e+08
294.9 1.2989677e+08
295 1.3849531e+08
295.1 1.4562162e+08
295.2 1.5107404e+08
295.3 1.5474548e+08
295.4 1.5663052e+08
295.5 1.5682724e+08
295.6 1.5553244e+08
295.7 1.530295e+08
295.8 1.4966861e+08
295.9 1.4583982e+08
296 1.419399e+08
296.1 1.3833553e+08
296.2 1.3532721e+08
296.3 1.3312026e+08
296.4 1.3180977e+08
296.5 1.313837e+08
296.6 1.3174303e+08
296.7 1.3273226e+08
296.8 1.341714e+08
296.9 1.3588236e+08
297 1.3770638e+08
297.1 1.3951265e+08
297.2 1.4120031e+08
297.3 1.4269611e+08
297.4 1.4395005e+08
297.5 1.4493035e+08
297.6 1.456187e+08
297.7 1.4600628e+08
297.8 1.460906e+08
297.9 1.4587337e+08
298 1.453591e+08
298.1 1.4455464e+08
298.2 1.4346921e+08
298.3 1.4211507e+08
298.4 1.4050863e+08
298.5 1.3867171e+08
298.6 1.3663305e+08
298.7 1.3442958e+08
298.8 1.3210731e+08
298.9 1.2972139e+08
299 1.2733516e+08
299.1 1.2501775e+08
299.2 1.2284012e+08
299.3 1.2086983e+08
299.4 1.1916479e+08
299.5 1.1776706e+08
299.6 1.1669747e+08
299.7 1.1595212e+08
299.8 1.1550116e+08
299.9 1.1528995e+08
300 1.1524192e+08
300.1 1.1526249e+08
300.2 1.1524318e+08
300.3 1.1506558e+08
300.4 1.1460504e+08
300.5 1.1373429e+08
300.6 1.1232717e+08
300.7 1.1026285e+08
300.8 1.0743039e+08
300.9 1.037337e+08
301 99096630
301.1 93468087
301.2 86827296
301.3 79189772
301.4 70615854
301.5 61226395
301.6 51238084
301.7 41055110
301.8 31530745
301.9 24648482
302 23843035
302.1 30043989
302.2 40191610
302.3 51865643
302.4 63936927
302.5 75827506
302.6 87175675
302.7 97722780
302.8 1.0727569e+08
302.9 1.1569538e+08
303 1.2289455e+08
303.1 1.2883736e+08
303.2 1.3353841e+08
303.3 1.3705931e+08
303.4 1.3950274e+08
303.5 1.4100429e+08
303.6 1.4172306e+08
303.7 1.4183211e+08
303.8 1.4150997e+08
303.9 1.4093379e+08
304 1.4027444e+08
304.1 1.3969299e+08
304.2 1.3933753e+08
304.3 1.393392e+08
304.4 1.3980649e+08
304.5 1.4081784e+08
304.6 1.4241365e+08
304.7 1.4459002e+08
304.8 1.4729651e+08
304.9 1.5043976e+08
305 1.5389306e+08
305.1 1.5751025e+08
305.2 1.6114153e+08
305.3 1.6464824e+08
305.4 1.6791447e+08
305.5 1.7085419e+08
305.6 1.7341374e+08
305.7 1.7557009e+08
305.8 1.7732585e+08
305.9 1.7870234e+08
306 1.7973178e+08
306.1 1.8044959e+08
306.2 1.8088767e+08
306.3 1.8106909e+08
306.4 1.8100463e+08
306.5 1.8069118e+08
306.6 1.8011221e+08
306.7 1.7924005e+08
306.8 1.780398e+08
306.9 1.7647457e+08
307 1.7451153e+08
307.1 1.7212833e+08
307.2 1.6931918e+08
307.3 1.6609998e+08
307.4 1.6251176e+08
307.5 1.5862173e+08
307.6 1.5452134e+08
307.7 1.5032088e+08
307.8 1.461407e+08
307.9 1.4209943e+08
308 1.3830074e+08
308.1 1.3482055e+08
308.2 1.3169742e+08
308.3 1.2892826e+08
308.4 1.264708e+08
308.5 1.2425216e+08
308.6 1.2218197e+08
308.7 1.2016676e+08
308.8 1.1812323e+08
308.9 1.1598825e+08
309 1.137249e+08
309.1 1.1132444e+08
309.2 1.0880504e+08
309.3 1.0620805e+08
309.4 1.0359275e+08
309.5 1.0103031e+08
309.6 98597470
309.7 96370446
309.8 94419286
309.9 92803033
310 91565962
310.1 90735140
310.2 90319469
310.3 90310166
310.4 90682468
310.5 91398130
310.6 92408252
310.7 93656017
310.8 95079076
310.9 96611496
311 98185343
311.1 99732086
311.2 1.0118404e+08
311.3 1.0247607e+08
311.4 1.0354778e+08
311.5 1.0434632e+08
311.6 1.0483e+08
311.7 1.0497289e+08
311.8 1.047704e+08
311.9 1.0424581e+08
312 1.0345755e+08
312.1 1.0250608e+08
312.2 1.0153874e+08
312.3 1.0074953e+08
312.4 1.0036966e+08
312.5 1.0064516e+08
312.6 1.0180104e+08
312.7 1.0399766e+08
312.8 1.0729245e+08
312.9 1.1162124e+08
313 1.1680621e+08
313.1 1.2258629e+08
313.2 1.2865816e+08
313.3 1.3471643e+08
313.4 1.4048598e+08
313.5 1.4574405e+08
313.6 1.5033255e+08
313.7 1.5416171e+08
313.8 1.572068e+08
313.9 1.5949958e+08
314 1.6111622e+08
314.1 1.6216316e+08
314.2 1.627627e+08
314.3 1.6303967e+08
314.4 1.6311028e+08
314.5 1.6307391e+08
314.6 1.6300831e+08
314.7 1.6296794e+08
314.8 1.6298525e+08
314.9 1.6307394e+08
315 1.6323356e+08
315.1 1.634545e+08
315.2 1.637227e+08
315.3 1.6402357e+08
315.4 1.6434481e+08
315.5 1.6467801e+08
315.6 1.6501909e+08
315.7 1.6536778e+08
315.8 1.6572626e+08
315.9 1.6609751e+08
316 1.6648342e+08
316.1 1.6688321e+08
316.2 1.672923e+08
316.3 1.6770191e+08
316.4 1.6809957e+08
316.5 1.6847034e+08
316.6 1.6879882e+08
316.7 1.6907149e+08
316.8 1.6927914e+08
316.9 1.6941902e+08
317 1.694961e+08
317.1 1.6952331e+08
317.2 1.6952025e+08
317.3 1.6951019e+08
317.4 1.6951548e+08
317.5 1.695516e+08
317.6 1.6962042e+08
317.7 1.6970387e+08
317.8 1.6975889e+08
317.9 1.6971496e+08
318 1.6947493e+08
318.1 1.689193e+08
318.2 1.679136e+08
318.3 1.6631793e+08
318.4 1.6399748e+08
318.5 1.6083274e+08
318.6 1.5672848e+08
318.7 1.5162067e+08
318.8 1.4548102e+08
318.9 1.3831909e+08
319 1.30182e+08
319.1 1.2115217e+08
319.2 1.1134346e+08
319.3 1.0089631e+08
319.4 89972416
319.5 78749744
319.6 67418994
319.7 56183613
319.8 45268111
319.9 34947927
320 25642273
320.1 18195995
320.2 14406398
320.3 15740234
320.4 20276254
320.5 25657328
320.6 30875674
320.7 35568455
320.8 39604490
320.9 42947412
321 45607453
321.1 47621652
321.2 49044396
321.3 49942245
321.4 50390758
321.5 50472269
321.6 50274099
321.7 49886843
321.8 49402534
321.9 48912564
322 48505355
322.1 48263920
322.2 48263508
322.3 48569582
322.4 49236294
322.5 50305412
322.6 51805525
322.7 53751241
322.8 56142275
322.9 58962540
323 62179610
323.1 65744987
323.2 69595457
323.3 73655605
323.4 77841260
323.5 82063508
323.6 86232809
323.7 90262848
323.8 94073807
323.9 97594913
324 1.007662e+08
324.1 1.0353955e+08
324.2 1.0587908e+08
324.3 1.0776104e+08
324.4 1.0917324e+08
324.5 1.1011421e+08
324.6 1.1059204e+08
324.7 1.1062309e+08
324.8 1.102305e+08
324.9 1.0944279e+08
325 1.082924e+08
325.1 1.0681453e+08
325.2 1.0504625e+08
325.3 1.0302594e+08
325.4 1.0079319e+08
325.5 98389000
325.6 95856270
325.7 93240367
325.8 90589518
325.9 87954825
326 85389620
326.1 82948026
326.2 80682661
326.3 78641659
326.4 76865357
326.5 75383182
326.6 74211314
326.7 73351556
326.8 72791562
326.9 72506251
327 72459956
327.1 72608844
327.2 72903248
327.3 73289796
327.4 73713409
327.5 74119336
327.6 74455339
327.7 74674035
327.8 74735279
327.9 74608382
328 74273918
328.1 73724942
328.2 72967467
328.3 72020169
328.4 70913346
328.5 69687251
328.6 68389920
328.7 67074671
328.8 65797445
328.9 64614126
329 63577990
329.1 62737400
329.2 62133835
329.3 61800331
329.4 61760358
329.5 62027151
329.6 62603442
329.7 63481561
329.8 64643836
329.9 66063261
330 67704415
330.1 69524642
330.2 71475504
330.3 73504496
330.4 75557000
330.5 77578417
330.6 79516368
330.7 81322882
330.8 82956446
330.9 84383843
331 85581706
331.1 86537766
331.2 87251770
331.3 87736085
331.4 88015947
331.5 88129302
331.6 88126089
331.7 88066719
331.8 88019443
331.9 88056237
332 88246969
332.1 88651866
332.2 89312796
332.3 90244399
332.4 91426558
332.5 92799748
332.6 94264449
332.7 95685148
332.8 96898787
332.9 97727104
333 97992306
333.1 97535688
333.2 96239268
333.3 94050912
333.4 91013841
333.5 87301309
333.6 83255174
333.7 79419188
333.8 76538341
333.9 75468390
334 76951158
334.1 81331779
334.2 88429074
334.3 97662113
334.4 1.0828947e+08
334.5 1.1958852e+08
334.6 1.3093642e+08
334.7 1.4183037e+08
334.8 1.5188401e+08
334.9 1.6081737e+08
335 1.6844632e+08
335.1 1.7467229e+08
335.2 1.7947227e+08
335.3 1.8288862e+08
335.4 1.8501868e+08
335.5 1.8600406e+08
335.6 1.8601978e+08
335.7 1.8526339e+08
335.8 1.83944e+08
335.9 1.8227143e+08
336 1.8044566e+08
336.1 1.7864693e+08
336.2 1.7702724e+08
336.3 1.7570384e+08
336.4 1.7475572e+08
336.5 1.7422329e+08
336.6 1.7411138e+08
336.7 1.7439475e+08
336.8 1.7502503e+08
336.9 1.7593757e+08
337 1.7705742e+08
337.1 1.7830354e+08
337.2 1.7959131e+08
337.3 1.8083386e+08
337.4 1.8194279e+08
337.5 1.8282907e+08
337.6 1.8340468e+08
337.7 1.8358507e+08
337.8 1.8329239e+08
337.9 1.8245911e+08
338 1.8103151e+08
338.1 1.7897255e+08
338.2 1.7626384e+08
338.3 1.7290638e+08
338.4 1.6892033e+08
338.5 1.643437e+08
338.6 1.5923057e+08
338.7 1.5364916e+08
338.8 1.4768018e+08
338.9 1.4141582e+08
339 1.3495968e+08
339.1 1.2842747e+08
339.2 1.2194802e+08
339.3 1.1566383e+08
339.4 1.0972954e+08
339.5 1.0430675e+08
339.6 99553282
339.7 95606503
339.8 92562270
339.9 90454661
340 89243493
340.1 88815266
340.2 88997847
340.3 89583337
340.4 90350989
340.5 91083926
340.6 91577372
340.7 91639765
340.8 91090013
340.9 89754694
341 87468563
341.1 84080937
341.2 79469821
341.3 73565666
341.4 66388935
341.5 58113492
341.6 49190274
341.7 40616636
341.8 34432331
341.9 33674517
342 39679262
342.1 50467076
342.2 63597441
342.3 77549157
342.4 91436308
342.5 1.0470105e+08
342.6 1.1697371e+08
342.7 1.280137e+08
342.8 1.3768123e+08
342.9 1.4591971e+08
343 1.5274137e+08
343.1 1.5821352e+08
343.2 1.6244507e+08
343.3 1.655733e+08
343.4 1.6775145e+08
343.5 1.6913772e+08
343.6 1.6988585e+08
343.7 1.7013783e+08
343.8 1.7001864e+08
343.9 1.6963327e+08
344 1.6906563e+08
344.1 1.6837921e+08
344.2 1.6761902e+08
344.3 1.6681451e+08
344.4 1.6598292e+08
344.5 1.6513275e+08
344.6 1.6426711e+08
344.7 1.6338656e+08
344.8 1.6249146e+08
344.9 1.615837e+08
345 1.6066763e+08
345.1 1.5975053e+08
345.2 1.5884252e+08
345.3 1.5795621e+08
345.4 1.5710632e+08
345.5 1.5630946e+08
345.6 1.555841e+08
345.7 1.5495063e+08
345.8 1.5443141e+08
345.9 1.5405049e+08
346 1.5383286e+08
346.1 1.5380327e+08
346.2 1.5398468e+08
346.3 1.5439663e+08
346.4 1.5505375e+08
346.5 1.5596463e+08
346.6 1.5713113e+08
346.7 1.5854804e+08
346.8 1.6020308e+08
346.9 1.6207702e+08
347 1.6414382e+08
347.1 1.663707e+08
347.2 1.6871816e+08
347.3 1.7113995e+08
347.4 1.7358298e+08
347.5 1.7598745e+08
347.6 1.782872e+08
347.7 1.8041049e+08
347.8 1.8228139e+08
347.9 1.8382204e+08
348 1.8495585e+08
348.1 1.8561197e+08
348.2 1.8573085e+08
348.3 1.8527107e+08
348.4 1.8421676e+08
348.5 1.8258506e+08
348.6 1.804324e+08
348.7 1.7785796e+08
348.8 1.7500248e+08
348.9 1.7204095e+08
349 1.691681e+08
349.1 1.6657758e+08
349.2 1.6443787e+08
349.3 1.6286958e+08
349.4 1.6193004e+08
349.5 1.6160915e+08
349.6 1.6183735e+08
349.7 1.6250262e+08
349.8 1.6347124e+08
349.9 1.6460687e+08
350 1.6578466e+08
350.1 1.6689895e+08
350.2 1.6786547e+08
350.3 1.686193e+08
350.4 1.6911054e+08
350.5 1.6929906e+08
350.6 1.6914927e+08
350.7 1.6862584e+08
350.8 1.6769035e+08
350.9 1.662993e+08
351 1.6440334e+08
351.1 1.6194759e+08
351.2 1.5887305e+08
351.3 1.551189e+08
351.4 1.5062546e+08
351.5 1.453379e+08
351.6 1.3921035e+08
351.7 1.3221045e+08
351.8 1.2432429e+08
351.9 1.1556182e+08
352 1.0596301e+08
352.1 95605862
352.2 84618152
352.3 73198308
352.4 61657524
352.5 50512751
352.6 40690734
352.7 33853823
352.8 32177659
352.9 36281775
353 44296332
353.1 54119706
353.2 64495795
353.3 74760707
353.4 84550809
353.5 93658330
353.6 1.0196565e+08
353.7 1.0941293e+08
353.8 1.1597978e+08
353.9 1.2167318e+08
354 1.2651879e+08
354.1 1.3055424e+08
354.2 1.3382411e+08
354.3 1.3637614e+08
354.4 1.3825874e+08
354.5 1.3951918e+08
354.6 1.402026e+08
354.7 1.4035136e+08
354.8 1.4000457e+08
354.9 1.391979e+08
355 1.3796331e+08
355.1 1.3632904e+08
355.2 1.3431971e+08
355.3 1.3195679e+08
355.4 1.2925956e+08
355.5 1.2624659e+08
355.6 1.2293791e+08
355.7 1.1935762e+08
355.8 1.1553696e+08
355.9 1.1151739e+08
356 1.0735321e+08
356.1 1.0311321e+08
356.2 98880807
356.3 94751938
356.4 90830491
356.5 87221005
356.6 84019118
356.7 81300843
356.8 79112618
356.9 77464430
357 76328025
357.1 75640858
357.2 75314768
357.3 75247029
357.4 75331229
357.5 75466087
357.6 75561441
357.7 75541514
357.8 75346050
357.9 74930026
358 74262557
358.1 73325418
358.2 72111446
358.3 70622969
358.4 68870305
358.5 66870367
358.6 64645330
358.7 62221379
358.8 59627505
358.9 56894349
359 54053110
359.1 51134523
359.2 48167933
359.3 45180498
359.4 42196557
359.5 39237196
359.6 36320036
359.7 33459292
359.8 30666090
359.9 27949070
360 25315251
360.1 22771144
360.2 20324079
360.3 17983684
360.4 15763481
360.5 13682472
360.6 11766509
360.7 10048920
360.8 8569055.3
360.9 7366152.8
361 6465471.6
361.1 5859147.6
361.2 5497716.7
361.3 5312157.6
361.4 5263490.6
361.5 5395026.2
361.6 5855717.1
361.7 6853253.7
361.8 8548804.5
361.9 11005555
362 14224466
362.1 18188023
362.2 22876588
362.3 28269024
362.4 34339168
362.5 41052166
362.6 48361528
362.7 56207012
362.8 64513417
362.9 73190378
363 82133294
363.1 91225449
363.2 1.003413e+08
363.3 1.0935079e+08
363.4 1.1812434e+08
363.5 1.2653831e+08
363.6 1.3448038e+08
363.7 1.4185444e+08
363.8 1.4858473e+08
363.9 1.5461883e+08
364 1.5992922e+08
364.1 1.645134e+08
364.2 1.6839245e+08
364.3 1.7160814e+08
364.4 1.7421868e+08
364.5 1.7629366e+08
364.6 1.7790838e+08
364.7 1.7913823e+08
364.8 1.8005369e+08
364.9 1.807162e+08
365 1.8117536e+08
365.1 1.8146757e+08
365.2 1.8161573e+08
365.3 1.8163008e+08
365.4 1.8150944e+08
365.5 1.812428e+08
365.6 1.8081066e+08
365.7 1.8018614e+08
365.8 1.7933559e+08
365.9 1.7821893e+08
366 1.7678972e+08
366.1 1.7499522e+08
366.2 1.727769e+08
366.3 1.7007145e+08
366.4 1.6681272e+08
366.5 1.6293457e+08
366.6 1.583747e+08
366.7 1.5307912e+08
366.8 1.4700703e+08
366.9 1.4013556e+08
367 1.324641e+08
367.1 1.2401757e+08
367.2 1.148487e+08
367.3 1.0503909e+08
367.4 94699759
367.5 83972044
367.6 73031477
367.7 62099533
367.8 51474508
367.9 41606519
368 33261461
368.1 27748120
368.2 26604920
368.3 29988671
368.4 36330931
368.5 44085071
368.6 52383048
368.7 60801670
368.8 69134881
368.9 77279612
369 85181996
369.1 92810212
369.2 1.0013937e+08
369.3 1.0714244e+08
369.4 1.1378465e+08
369.5 1.2002047e+08
369.6 1.2579269e+08
369.7 1.3103347e+08
369.8 1.3566715e+08
369.9 1.3961465e+08
370 1.4279898e+08
370.1 1.4515125e+08
370.2 1.4661672e+08
370.3 1.4715999e+08
370.4 1.4676903e+08
370.5 1.4545731e+08
370.6 1.4326417e+08
370.7 1.4025328e+08
370.8 1.365094e+08
370.9 1.3213411e+08
371 1.2724065e+08
371.1 1.219487e+08
371.2 1.1637927e+08
371.3 1.1065037e+08
371.4 1.0487345e+08
371.5 99150835
371.6 93574277
371.7 88224312
371.8 83170416
371.9 78471661
372 74177639
372.1 70329413
372.2 66960283
372.3 64096208
372.4 61755786
372.5 59949824
372.6 58680607
372.7 57941121
372.8 57714555
372.9 57974385
373 58685277
373.1 59804854
373.2 61286218
373.3 63080965
373.4 65142341
373.5 67428149
373.6 69902993
373.7 72539486
373.8 75318107
373.9 78225612
374 81252124
374.1 84387347
374.2 87616612
374.3 90917549
374.4 94258132
374.5 97596535
374.6 1.0088288e+08
374.7 1.0406253e+08
374.8 1.0708047e+08
374.9 1.0988591e+08
375 1.124367e+08
375.1 1.147029e+08
375.2 1.1666934e+08
375.3 1.18337e+08
375.4 1.1972328e+08
375.5 1.2086122e+08
375.6 1.2179798e+08
375.7 1.2259249e+08
375.8 1.233124e+08
375.9 1.240303e+08
376 1.248189e+08
376.1 1.2574505e+08
376.2 1.2686249e+08
376.3 1.2820326e+08
376.4 1.2976829e+08
376.5 1.315179e+08
376.6 1.3336351e+08
376.7 1.3516198e+08
376.8 1.3671444e+08
376.9 1.3777108e+08
377 1.3804328e+08
377.1 1.37224e+08
377.2 1.3501644e+08
377.3 1.3117044e+08
377.4 1.255253e+08
377.5 1.1805796e+08
377.6 1.0893759e+08
377.7 98591807
377.8 87795170
377.9 77780986
378 70292613
378.1 67251815
378.2 69735698
378.3 77135380
378.4 87739160
378.5 99835510
378.6 1.1217564e+08
378.7 1.2395591e+08
378.8 1.3469594e+08
378.9 1.441385e+08
379 1.5218137e+08
379.1 1.5883071e+08
379.2 1.641671e+08
379.3 1.6831952e+08
379.4 1.7144482e+08
379.5 1.7371149e+08
379.6 1.7528685e+08
379.7 1.7632733e+08
379.8 1.769713e+08
379.9 1.7733408e+08
380 1.7750499e+08
380.1 1.7754603e+08
380.2 1.7749226e+08
380.3 1.7735381e+08
380.4 1.771195e+08
380.5 1.7676217e+08
380.6 1.7624565e+08
380.7 1.7553327e+08
380.8 1.7459748e+08
380.9 1.7342989e+08
381 1.7205037e+08
381.1 1.7051382e+08
381.2 1.6891213e+08
381.3 1.6736966e+08
381.4 1.6603066e+08
381.5 1.6503924e+08
381.6 1.6451495e+08
381.7 1.6452963e+08
381.8 1.6509219e+08
381.9 1.6614627e+08
382 1.6758168e+08
382.1 1.6925572e+08
382.2 1.7101802e+08
382.3 1.727322e+08
382.4 1.7429032e+08
382.5 1.756186e+08
382.6 1.7667514e+08
382.7 1.7744189e+08
382.8 1.7791304e+08
382.9 1.7808218e+08
383 1.7792981e+08
383.1 1.774128e+08
383.2 1.7645672e+08
383.3 1.7495192e+08
383.4 1.7275392e+08
383.5 1.6968878e+08
383.6 1.6556363e+08
383.7 1.6018259e+08
383.8 1.5336824e+08
383.9 1.4498869e+08
384 1.3499082e+08
384.1 1.2344186e+08
384.2 1.1058493e+08
384.3 96922804
384.4 83356563
384.5 71401138
384.6 63334797
384.7 61570496
384.8 66763123
384.9 77086399
385 89985232
385.1 1.035058e+08
385.2 1.1640141e+08
385.3 1.2791242e+08
385.4 1.3759674e+08
385.5 1.4523187e+08
385.6 1.5075687e+08
385.7 1.5423337e+08
385.8 1.5581553e+08
385.9 1.5572475e+08
386 1.5422761e+08
386.1 1.5161633e+08
386.2 1.4819164e+08
386.3 1.4424801e+08
386.4 1.4006096e+08
386.5 1.3587682e+08
386.6 1.3190478e+08
386.7 1.2831202e+08
386.8 1.2522209e+08
386.9 1.2271706e+08
387 1.2084326e+08
387.1 1.1961977e+08
387.2 1.1904819e+08
387.3 1.1912178e+08
387.4 1.1983217e+08
387.5 1.2117215e+08
387.6 1.2313415e+08
387.7 1.257044e+08
387.8 1.2885404e+08
387.9 1.3252878e+08
388 1.3663915e+08
388.1 1.4105327e+08
388.2 1.455934e+08
388.3 1.5003721e+08
388.4 1.5412378e+08
388.5 1.5756423e+08
388.6 1.6005611e+08
388.7 1.6130105e+08
388.8 1.6102459e+08
388.9 1.5899715e+08
389 1.5505493e+08
389.1 1.4911957e+08
389.2 1.4121572e+08
389.3 1.3148635e+08
389.4 1.2020719e+08
389.5 1.0780412e+08
389.6 94880808
389.7 82266499
389.8 71081163
389.9 62741418
390 58651259
390.1 59393107
390.2 64177522
390.3 71437644
390.4 79735213
390.5 88091215
390.6 95927828
390.7 1.0294014e+08
390.8 1.0899762e+08
390.9 1.1407954e+08
391 1.182329e+08
391.1 1.2154414e+08
391.2 1.2411934e+08
391.3 1.2607041e+08
391.4 1.275053e+08
391.5 1.2852142e+08
391.6 1.2920135e+08
391.7 1.2961046e+08
391.8 1.2979581e+08
391.9 1.297863e+08
392 1.2959356e+08
392.1 1.2921358e+08
392.2 1.2862879e+08
392.3 1.2781055e+08
392.4 1.2672191e+08
392.5 1.2532054e+08
392.6 1.2356178e+08
392.7 1.2140186e+08
392.8 1.1880118e+08
392.9 1.1572791e+08
393 1.121619e+08
393.1 1.0809941e+08
393.2 1.0355883e+08
393.3 98588273
393.4 93275463
393.5 87760880
393.6 82254129
393.7 77051469
393.8 72546635
393.9 69216788
394 67556787
394.1 67951664
394.2 70537064
394.3 75144650
394.4 81371710
394.5 88708377
394.6 96639423
394.7 1.0469522e+08
394.8 1.1246736e+08
394.9 1.1960896e+08
395 1.2583142e+08
395.1 1.309018e+08
395.2 1.3464201e+08
395.3 1.3692923e+08
395.4 1.3769708e+08
395.5 1.3693699e+08
395.6 1.3469951e+08
395.7 1.3109525e+08
395.8 1.2629562e+08
395.9 1.2053321e+08
396 1.1410146e+08
396.1 1.0735258e+08
396.2 1.0069084e+08
396.3 94555900
396.4 89388182
396.5 85570241
396.6 83350575
396.7 82778373
396.8 83688176
396.9 85749198
397 88551969
397.1 91689141
397.2 94805847
397.3 97619536
397.4 99920179
397.5 1.0156141e+08
397.6 1.0244922e+08
397.7 1.0253151e+08
397.8 1.0178975e+08
397.9 1.002328e+08
398 97892803
398.1 94822154
398.2 91091318
398.3 86786639
398.4 82007901
398.5 76865413
398.6 71476677
398.7 65962843
398.8 60445300
398.9 55042725
399 49868812
399.1 45030685
399.2 40627574
399.3 36748937
399.4 33470779
399.5 30849158
399.6 28911359
399.7 27648066
399.8 27012066
399.9 26927025
400 27303767
400.1 28056694
400.2 29114045
400.3 30420427
400.4 31933814
400.5 33620369
400.6 35449755
400.7 37392359
400.8 39418737
400.9 41500803
401 43613931
401.1 45739126
401.2 47864605
401.3 49986409
401.4 52107953
401.5 54238608
401.6 56391578
401.7 58581360
401.8 60821102
401.9 63120126
402 65481819
402.1 67902058
402.2 70368269
402.3 72859196
402.4 75345411
402.5 77790548
402.6 80153184
402.7 82389251
402.8 84454807
402.9 86308958
403 87916754
403.1 89251892
403.2 90299112
403.3 91056243
403.4 91535896
403.5 91766801
403.6 91794791
403.7 91683316
403.8 91513266
403.9 91381687
404 91398871
404.1 91683254
404.2 92353804
404.3 93520110
404.4 95271217
404.5 97665014
404.6 1.0072026e+08
404.7 1.0441289e+08
404.8 1.0867699e+08
404.9 1.1340974e+08
405 1.1847883e+08
405.1 1.2373075e+08
405.2 1.2899896e+08
405.3 1.3411128e+08
405.4 1.3889657e+08
405.5 1.431906e+08
405.6 1.468416e+08
405.7 1.4971535e+08
405.8 1.517e+08
405.9 1.5271058e+08
406 1.5269284e+08
406.1 1.5162643e+08
406.2 1.4952691e+08
406.3 1.4644642e+08
406.4 1.4247275e+08
406.5 1.3772677e+08
406.6 1.3235811e+08
406.7 1.2653931e+08
406.8 1.2045864e+08
406.9 1.1431177e+08
407 1.082926e+08
407.1 1.0258337e+08
407.2 97344284
407.3 92703396
407.4 88747826
407.5 85518111
407.6 83007531
407.7 81167463
407.8 79918179
407.9 79162762
408 78800997
408.1 78740446
408.2 78903147
408.3 79227756
408.4 79667942
408.5 80188371
408.6 80759770
408.7 81354379
408.8 81942730
408.9 82492196
409 82967198
409.1 83330576
409.2 83545437
409.3 83576892
409.4 83393436
409.5 82968146
409.6 82280352
409.7 81318825
409.8 80087788
409.9 78617131
410 76977950
410.1 75303466
410.2 73812730
410.3 72828823
410.4 72774656
410.5 74123985
410.6 77298732
410.7 82544763
410.8 89852618
410.9 98964326
411 1.0944359e+08
411.1 1.207586e+08
411.2 1.3234739e+08
411.3 1.4366254e+08
411.4 1.5420221e+08
411.5 1.6353376e+08
411.6 1.7131214e+08
411.7 1.7729314e+08
411.8 1.8134072e+08
411.9 1.8342754e+08
412 1.8362892e+08
412.1 1.8211072e+08
412.2 1.7911238e+08
412.3 1.7492678e+08
412.4 1.6987833e+08
412.5 1.6430095e+08
412.6 1.585171e+08
412.7 1.5281914e+08
412.8 1.4745396e+08
412.9 1.4261217e+08
413 1.3842258e+08
413.1 1.3495252e+08
413.2 1.3221363e+08
413.3 1.3017168e+08
413.4 1.2875839e+08
413.5 1.278831e+08
413.6 1.2744256e+08
413.7 1.2732841e+08
413.8 1.274326e+08
413.9 1.2765163e+08
414 1.2789067e+08
414.1 1.2806808e+08
414.2 1.2812058e+08
414.3 1.2800846e+08
414.4 1.2772034e+08
414.5 1.272765e+08
414.6 1.267304e+08
414.7 1.26168e+08
414.8 1.2570522e+08
414.9 1.254835e+08
415 1.2566378e+08
415.1 1.2641814e+08
415.2 1.2791826e+08
415.3 1.3031923e+08
415.4 1.3373836e+08
415.5 1.3823017e+08
415.6 1.4376091e+08
415.7 1.5018749e+08
415.8 1.5724533e+08
415.9 1.64548e+08
416 1.7159957e+08
416.1 1.7781898e+08
416.2 1.8257488e+08
416.3 1.8522879e+08
416.4 1.8518374e+08
416.5 1.8193443e+08
416.6 1.7511454e+08
416.7 1.6453606e+08
416.8 1.5021601e+08
416.9 1.3238713e+08
417 1.1149093e+08
417.1 88154969
417.2 63163133
417.3 37465302
417.4 12933122
417.5 16042992
417.6 38650420
417.7 59868008
417.8 78622257
417.9 94566492
418 1.0759695e+08
418.1 1.177923e+08
418.2 1.2537902e+08
418.3 1.306953e+08
418.4 1.3415143e+08
418.5 1.361887e+08
418.6 1.3723946e+08
418.7 1.3769192e+08
418.8 1.3786303e+08
418.9 1.3798238e+08
419 1.381889e+08
419.1 1.3853921e+08
419.2 1.3902475e+08
419.3 1.3959275e+08
419.4 1.4016681e+08
419.5 1.4066381e+08
419.6 1.4100574e+08
419.7 1.4112686e+08
419.8 1.4097682e+08
419.9 1.4052128e+08
420 1.3974078e+08
420.1 1.3862891e+08
420.2 1.3718999e+08
420.3 1.3543652e+08
420.4 1.3338651e+08
420.5 1.3106078e+08
420.6 1.284801e+08
420.7 1.2566247e+08
420.8 1.2262068e+08
420.9 1.1936022e+08
421 1.1587792e+08
421.1 1.1216136e+08
421.2 1.0818943e+08
421.3 1.0393405e+08
421.4 99363366
421.5 94446563
421.6 89160816
421.7 83500906
421.8 77492672
421.9 71212194
422 64813645
422.1 58569247
422.2 52920286
422.3 48515242
422.4 46152416
422.5 46510423
422.6 49760822
422.7 55471568
422.8 62906361
422.9 71341245
423 80189008
423.1 89001630
423.2 97441129
423.3 1.0525326e+08
423.4 1.1224947e+08
423.5 1.182951e+08
423.6 1.2330116e+08
423.7 1.2721856e+08
423.8 1.3003411e+08
423.9 1.3176853e+08
424 1.324767e+08
424.1 1.3225031e+08
424.2 1.3122267e+08
424.3 1.2957433e+08
424.4 1.2753713e+08
424.5 1.2539287e+08
424.6 1.234616e+08
424.7 1.2207498e+08
424.8 1.2153407e+08
424.9 1.2205856e+08
425 1.2374288e+08
425.1 1.2653712e+08
425.2 1.3026155e+08
425.3 1.3464833e+08
425.4 1.3939382e+08
425.5 1.4420535e+08
425.6 1.4883352e+08
425.7 1.530887e+08
425.8 1.5684462e+08
425.9 1.6003325e+08
426 1.6263495e+08
426.1 1.646667e+08
426.2 1.6617067e+08
426.3 1.6720421e+08
426.4 1.6783189e+08
426.5 1.6811971e+08
426.6 1.6813133e+08
426.7 1.6792586e+08
426.8 1.675568e+08
426.9 1.670718e+08
427 1.665127e+08
427.1 1.6591577e+08
427.2 1.6531189e+08
427.3 1.6472671e+08
427.4 1.6418073e+08
427.5 1.6368935e+08
427.6 1.6326302e+08
427.7 1.6290748e+08
427.8 1.6262409e+08
427.9 1.6241033e+08
428 1.6226031e+08
428.1 1.6216541e+08
428.2 1.621149e+08
428.3 1.6209654e+08
428.4 1.6209718e+08
428.5 1.6210343e+08
428.6 1.6210225e+08
428.7 1.6208163e+08
428.8 1.6203131e+08
428.9 1.6194357e+08
429 1.6181389e+08
429.1 1.6164165e+08
429.2 1.6143051e+08
429.3 1.6118864e+08
429.4 1.6092846e+08
429.5 1.6066615e+08
429.6 1.6042067e+08
429.7 1.6021267e+08
429.8 1.6006319e+08
429.9 1.5999251e+08
430 1.600192e+08
430.1 1.6015961e+08
430.2 1.6042758e+08
430.3 1.6083466e+08
430.4 1.6139025e+08
430.5 1.6210184e+08
430.6 1.629748e+08
430.7 1.6401183e+08
430.8 1.6521183e+08
430.9 1.6656849e+08
431 1.6806864e+08
431.1 1.6969089e+08
431.2 1.714047e+08
431.3 1.7317034e+08
431.4 1.7493981e+08
431.5 1.7665876e+08
431.6 1.7826938e+08
431.7 1.7971387e+08
431.8 1.8093829e+08
431.9 1.8189631e+08
432 1.8255256e+08
432.1 1.8288519e+08
432.2 1.8288749e+08
432.3 1.8256828e+08
432.4 1.819511e+08
432.5 1.810723e+08
432.6 1.7997817e+08
432.7 1.7872142e+08
432.8 1.7735744e+08
432.9 1.7594063e+08
433 1.7452119e+08
433.1 1.7314269e+08
433.2 1.7184053e+08
433.3 1.7064127e+08
433.4 1.6956277e+08
433.5 1.6861493e+08
433.6 1.6780084e+08
433.7 1.6711811e+08
433.8 1.6656016e+08
433.9 1.6611751e+08
434 1.6577885e+08
434.1 1.6553203e+08
434.2 1.6536479e+08
434.3 1.6526539e+08
434.4 1.6522303e+08
434.5 1.6522803e+08
434.6 1.6527193e+08
434.7 1.6534738e+08
434.8 1.6544788e+08
434.9 1.6556752e+08
435 1.6570067e+08
435.1 1.6584166e+08
435.2 1.659846e+08
435.3 1.6612324e+08
435.4 1.6625097e+08
435.5 1.6636096e+08
435.6 1.6644634e+08
435.7 1.6650043e+08
435.8 1.6651699e+08
435.9 1.6649037e+08
436 1.6641552e+08
436.1 1.6628791e+08
436.2 1.6610327e+08
436.3 1.6585732e+08
436.4 1.6554551e+08
436.5 1.6516303e+08
436.6 1.6470507e+08
436.7 1.6416762e+08
436.8 1.6354863e+08
436.9 1.6284969e+08
437 1.6207787e+08
437.1 1.612475e+08
437.2 1.6038162e+08
437.3 1.5951275e+08
437.4 1.5868268e+08
437.5 1.5794122e+08
437.6 1.5734381e+08
437.7 1.5694808e+08
437.8 1.5680961e+08
437.9 1.5697728e+08
438 1.574885e+08
438.1 1.5836492e+08
438.2 1.5960914e+08
438.3 1.6120275e+08
438.4 1.6310604e+08
438.5 1.6525952e+08
438.6 1.6758697e+08
438.7 1.6999981e+08
438.8 1.7240222e+08
438.9 1.7469662e+08
439 1.767889e+08
439.1 1.7859316e+08
439.2 1.8003555e+08
439.3 1.8105724e+08
439.4 1.8161639e+08
439.5 1.816892e+08
439.6 1.8127035e+08
439.7 1.8037274e+08
439.8 1.7902688e+08
439.9 1.7727988e+08
440 1.7519404e+08
440.1 1.7284496e+08
440.2 1.7031897e+08
440.3 1.6770979e+08
440.4 1.6511425e+08
440.5 1.6262723e+08
440.6 1.6033606e+08
440.7 1.58315e+08
440.8 1.5662031e+08
440.9 1.5528685e+08
441 1.5432665e+08
441.1 1.5372961e+08
441.2 1.5346629e+08
441.3 1.5349214e+08
441.4 1.5375248e+08
441.5 1.5418736e+08
441.6 1.5473593e+08
441.7 1.553398e+08
441.8 1.559454e+08
441.9 1.5650533e+08
442 1.5697912e+08
442.1 1.5733332e+08
442.2 1.5754152e+08
442.3 1.5758413e+08
442.4 1.5744837e+08
442.5 1.5712838e+08
442.6 1.5662554e+08
442.7 1.5594904e+08
442.8 1.5511646e+08
442.9 1.5415442e+08
443 1.5309904e+08
443.1 1.5199585e+08
443.2 1.5089919e+08
443.3 1.4987063e+08
443.4 1.4897627e+08
443.5 1.4828291e+08
443.6 1.4785286e+08
443.7 1.4773777e+08
443.8 1.479715e+08
443.9 1.4856272e+08
444 1.4948753e+08
444.1 1.5068317e+08
444.2 1.5204322e+08
444.3 1.5341552e+08
444.4 1.5460344e+08
444.5 1.5537142e+08
444.6 1.5545525e+08
444.7 1.5457724e+08
444.8 1.5246582e+08
444.9 1.4887813e+08
445 1.4362383e+08
445.1 1.3658736e+08
445.2 1.2774614e+08
445.3 1.1718292e+08
445.4 1.050915e+08
445.5 91778471
445.6 77668282
445.7 63330351
445.8 49575977
445.9 37737686
446 30178475
446.1 29577707
446.2 35225135
446.3 43740471
446.4 52818282
446.5 61417700
446.6 69094289
446.7 75669858
446.8 81098877
446.9 85409372
447 88672640
447.1 90985420
447.2 92458279
447.3 93207607
447.4 93349992
447.5 92998391
447.6 92259726
447.7 91233667
447.8 90012353
447.9 88680744
448 87317214
448.1 85993899
448.2 84776320
448.3 83721947
448.4 82877643
448.5 82276364
448.6 81933907
448.7 81846702
448.8 81991565
448.9 82327858
449 82801888
449.1 83352805
449.2 83918975
449.3 84443856
449.4 84880626
449.5 85195198
449.6 85367581
449.7 85391761
449.8 85274478
449.9 85033282
450 84694292
450.1 84289988
450.2 83857299
450.3 83436108
450.4 83068236
450.5 82796815
450.6 82665931
450.7 82720336
450.8 83005033
450.9 83564520
451 84441520
451.1 85675103
451.2 87298215
451.3 89334749
451.4 91796426
451.5 94679887
451.6 97964369
451.7 1.0161038e+08
451.8 1.0555964e+08
451.9 1.0973643e+08
452 1.1405049e+08
452.1 1.1840115e+08
452.2 1.226827e+08
452.3 1.2679057e+08
452.4 1.3062786e+08
452.5 1.3411166e+08
452.6 1.3717867e+08
452.7 1.3978927e+08
452.8 1.4192969e+08
452.9 1.4361181e+08
453 1.4487049e+08
453.1 1.4575865e+08
453.2 1.4634082e+08
453.3 1.4668588e+08
453.4 1.4686023e+08
453.5 1.4692218e+08
453.6 1.4691845e+08
453.7 1.4688286e+08
453.8 1.4683717e+08
453.9 1.4679327e+08
454 1.4675616e+08
454.1 1.4672677e+08
454.2 1.4670421e+08
454.3 1.4668719e+08
454.4 1.4667449e+08
454.5 1.4666502e+08
454.6 1.466575e+08
454.7 1.4665018e+08
454.8 1.4664084e+08
454.9 1.466269e+08
455 1.4660569e+08
455.1 1.4657468e+08
455.2 1.4653145e+08
455.3 1.4647344e+08
455.4 1.4639741e+08
455.5 1.4629883e+08
455.6 1.4617137e+08
455.7 1.4600669e+08
455.8 1.4579466e+08
455.9 1.4552397e+08
456 1.4518301e+08
456.1 1.4476083e+08
456.2 1.442478e+08
456.3 1.4363594e+08
456.4 1.4291862e+08
456.5 1.4208968e+08
456.6 1.4114232e+08
456.7 1.4006758e+08
456.8 1.3885306e+08
456.9 1.3748188e+08
457 1.3593224e+08
457.1 1.3417775e+08
457.2 1.3218858e+08
457.3 1.2993371e+08
457.4 1.2738422e+08
457.5 1.2451764e+08
457.6 1.2132329e+08
457.7 1.1780833e+08
457.8 1.1400403e+08
457.9 1.0997162e+08
458 1.0580656e+08
458.1 1.0163983e+08
458.2 97634465
458.3 93975336
458.4 90850828
458.5 88427145
458.6 86819415
458.7 86067637
458.8 86126441
458.9 86873269
459 88131936
459.1 89702775
459.2 91390248
459.3 93022726
459.4 94463410
459.5 95613973
459.6 96413292
459.7 96833302
459.8 96873498
459.9 96554981
460 95914642
460.1 94999755
460.2 93863213
460.3 92559494
460.4 91141498
460.5 89658349
460.6 88154215
460.7 86668182
460.8 85235069
460.9 83886951
461 82655057
461.1 81571539
461.2 80670646
461.3 79988846
461.4 79563653
461.5 79431196
461.6 79622865
461.7 80161718
461.8 81059412
461.9 82314369
462 83911539
462.1 85823719
462.2 88013978
462.3 90438575
462.4 93049747
462.5 95797954
462.6 98633381
462.7 1.015067e+08
462.8 1.0436926e+08
462.9 1.0717286e+08
463 1.0986933e+08
463.1 1.1240999e+08
463.2 1.1474514e+08
463.3 1.168236e+08
463.4 1.1859232e+08
463.5 1.1999628e+08
463.6 1.2097855e+08
463.7 1.2148093e+08
463.8 1.214451e+08
463.9 1.2081465e+08
464 1.1953809e+08
464.1 1.175732e+08
464.2 1.1489295e+08
464.3 1.1149368e+08
464.4 1.0740619e+08
464.5 1.0271078e+08
464.6 97557821
464.7 92194338
464.8 86994785
464.9 82485037
465 79330622
465.1 78241777
465.2 79772412
465.3 84095746
465.4 90920301
465.5 99599094
465.6 1.0931179e+08
465.7 1.1919822e+08
465.8 1.2842205e+08
465.9 1.3619559e+08
466 1.4179474e+08
466.1 1.4457712e+08
466.2 1.4400617e+08
466.3 1.3967905e+08
466.4 1.3135415e+08
466.5 1.1897428e+08
466.6 1.0268234e+08
466.7 82829590
466.8 59988411
466.9 35063211
467 11459582
467.1 22967613
467.2 49501149
467.3 75745759
467.4 1.002986e+08
467.5 1.223796e+08
467.6 1.4143873e+08
467.7 1.5712621e+08
467.8 1.6928958e+08
467.9 1.7796526e+08
468 1.8335998e+08
468.1 1.8582256e+08
468.2 1.8580851e+08
468.3 1.8384051e+08
468.4 1.8046798e+08
468.5 1.7622897e+08
468.6 1.7161737e+08
468.7 1.6705763e+08
468.8 1.6288894e+08
468.9 1.5935937e+08
469 1.5662888e+08
469.1 1.5477872e+08
469.2 1.5382334e+08
469.3 1.5372121e+08
469.4 1.5438186e+08
469.5 1.556692e+08
469.6 1.5740247e+08
469.7 1.5935812e+08
469.8 1.6127523e+08
469.9 1.6286656e+08
470 1.6383534e+08
470.1 1.6389664e+08
470.2 1.6280067e+08
470.3 1.6035531e+08
470.4 1.5644468e+08
470.5 1.5104155e+08
470.6 1.4421211e+08
470.7 1.3611275e+08
470.8 1.2697957e+08
470.9 1.1711222e+08
471 1.0685419e+08
471.1 96571952
471.2 86634885
471.3 77397620
471.4 69185575
471.5 62283567
471.6 56926718
471.7 53292862
471.8 51496831
471.9 51588374
472 53554638
472.1 57324347
472.2 62768850
472.3 69698390
472.4 77856614
472.5 86917832
472.6 96490366
472.7 1.0612768e+08
472.8 1.1534779e+08
472.9 1.236603e+08
473 1.3059926e+08
473.1 1.357591e+08
473.2 1.3882982e+08
473.3 1.3962813e+08
473.4 1.3812144e+08
473.5 1.3444334e+08
473.6 1.2890038e+08
473.7 1.2197089e+08
473.8 1.1429545e+08
473.9 1.0665349e+08
474 99909931
474.1 94906004
474.2 92282553
474.3 92292080
474.4 94726074
474.5 99029294
474.6 1.045163e+08
474.7 1.1055133e+08
474.8 1.166346e+08
474.9 1.2241652e+08
475 1.2767779e+08
475.1 1.3230014e+08
475.2 1.3623831e+08
475.3 1.3949686e+08
475.4 1.4211194e+08
475.5 1.4413754e+08
475.6 1.4563549e+08
475.7 1.4666829e+08
475.8 1.472944e+08
475.9 1.4756531e+08
476 1.4752414e+08
476.1 1.4720534e+08
476.2 1.466352e+08
476.3 1.4583291e+08
476.4 1.44812e+08
476.5 1.435817e+08
476.6 1.4214831e+08
476.7 1.4051624e+08
476.8 1.3868876e+08
476.9 1.3666859e+08
477 1.3445824e+08
477.1 1.3206047e+08
477.2 1.2947885e+08
477.3 1.267186e+08
477.4 1.2378763e+08
477.5 1.2069791e+08
477.6 1.1746681e+08
477.7 1.1411858e+08
477.8 1.1068562e+08
477.9 1.072095e+08
478 1.0374155e+08
478.1 1.0034292e+08
478.2 97083876
478.3 94042201
478.4 91300426
478.5 88941795
478.6 87044876
478.7 85677030
478.8 84887341
478.9 84700032
479 85109637
479.1 86079101
479.2 87541396
479.3 89404489
479.4 91558818
479.5 93886086
479.6 96268213
479.7 98595503
479.8 1.0077331e+08
479.9 1.0272683e+08
480 1.0440377e+08
480.1 1.0577504e+08
480.2 1.0683373e+08
480.3 1.0759273e+08
480.4 1.0808155e+08
480.5 1.0834274e+08
480.6 1.0842821e+08
480.7 1.0839548e+08
480.8 1.0830407e+08
480.9 1.0821184e+08
481 1.0817138e+08
481.1 1.0822661e+08
481.2 1.0841002e+08
481.3 1.0874081e+08
481.4 1.0922446e+08
481.5 1.0985381e+08
481.6 1.106116e+08
481.7 1.1147394e+08
481.8 1.1241413e+08
481.9 1.1340624e+08
482 1.1442768e+08
482.1 1.1546074e+08
482.2 1.1649265e+08
482.3 1.1751478e+08
482.4 1.185209e+08
482.5 1.1950528e+08
482.6 1.2046081e+08
482.7 1.2137775e+08
482.8 1.2224319e+08
482.9 1.230415e+08
483 1.2375567e+08
483.1 1.2436951e+08
483.2 1.2487026e+08
483.3 1.252513e+08
483.4 1.2551445e+08
483.5 1.2567135e+08
483.6 1.2574358e+08
483.7 1.2576125e+08
483.8 1.2576021e+08
483.9 1.2577802e+08
484 1.2584946e+08
484.1 1.2600204e+08
484.2 1.2625249e+08
484.3 1.2660463e+08
484.4 1.2704905e+08
484.5 1.2756461e+08
484.6 1.2812147e+08
484.7 1.2868515e+08
484.8 1.2922106e+08
484.9 1.2969902e+08
485 1.3009729e+08
485.1 1.3040596e+08
485.2 1.306295e+08
485.3 1.3078832e+08
485.4 1.3091952e+08
485.5 1.310764e+08
485.6 1.3132683e+08
485.7 1.3175003e+08
485.8 1.324315e+08
485.9 1.3345609e+08
486 1.3489914e+08
486.1 1.3681659e+08
486.2 1.3923522e+08
486.3 1.4214472e+08
486.4 1.4549321e+08
486.5 1.4918744e+08
486.6 1.5309786e+08
486.7 1.5706808e+08
486.8 1.6092742e+08
486.9 1.6450493e+08
487 1.6764341e+08
487.1 1.7021197e+08
487.2 1.7211621e+08
487.3 1.733051e+08
487.4 1.7377433e+08
487.5 1.735658e+08
487.6 1.727635e+08
487.7 1.7148616e+08
487.8 1.6987722e+08
487.9 1.6809302e+08
488 1.6629016e+08
488.1 1.6461323e+08
488.2 1.6318421e+08
488.3 1.6209469e+08
488.4 1.6140187e+08
488.5 1.6112871e+08
488.6 1.6126794e+08
488.7 1.6178901e+08
488.8 1.6264669e+08
488.9 1.6378969e+08
489 1.6516816e+08
489.1 1.6673886e+08
489.2 1.6846754e+08
489.3 1.7032812e+08
489.4 1.7229909e+08
489.5 1.7435747e+08
489.6 1.7647162e+08
489.7 1.7859391e+08
489.8 1.8065492e+08
489.9 1.8256026e+08
490 1.8419084e+08
490.1 1.8540691e+08
490.2 1.8605518e+08
490.3 1.8597829e+08
490.4 1.8502526e+08
490.5 1.8306177e+08
490.6 1.7997926e+08
490.7 1.7570193e+08
490.8 1.701915e+08
490.9 1.6344941e+08
491 1.5551677e+08
491.1 1.4647261e+08
491.2 1.3643085e+08
491.3 1.2553712e+08
491.4 1.1396635e+08
491.5 1.0192285e+08
491.6 89645383
491.7 77421681
491.8 65620897
491.9 54758037
492 45601169
492.1 39254266
492.2 36876155
492.3 38747575
492.4 43833177
492.5 50690916
492.6 58248325
492.7 65863905
492.8 73174809
492.9 79978456
493 86165992
493.1 91686454
493.2 96526545
493.3 1.0069826e+08
493.4 1.0423066e+08
493.5 1.0716415e+08
493.6 1.0954632e+08
493.7 1.114291e+08
493.8 1.1286681e+08
493.9 1.1391506e+08
494 1.1463e+08
494.1 1.1506795e+08
494.2 1.1528496e+08
494.3 1.1533624e+08
494.4 1.1527533e+08
494.5 1.1515299e+08
494.6 1.1501585e+08
494.7 1.1490503e+08
494.8 1.1485485e+08
494.9 1.1489194e+08
495 1.150347e+08
495.1 1.1529331e+08
495.2 1.1567029e+08
495.3 1.1616125e+08
495.4 1.1675599e+08
495.5 1.1743955e+08
495.6 1.1819322e+08
495.7 1.1899538e+08
495.8 1.1982219e+08
495.9 1.2064825e+08
496 1.2144725e+08
496.1 1.2219272e+08
496.2 1.2285906e+08
496.3 1.2342268e+08
496.4 1.2386349e+08
496.5 1.2416638e+08
496.6 1.2432284e+08
496.7 1.2433242e+08
496.8 1.24204e+08
496.9 1.2395666e+08
497 1.2362023e+08
497.1 1.2323521e+08
497.2 1.2285221e+08
497.3 1.2253076e+08
497.4 1.2233741e+08
497.5 1.2234324e+08
497.6 1.2262058e+08
497.7 1.2323918e+08
497.8 1.2426185e+08
497.9 1.2573985e+08
498 1.2770842e+08
498.1 1.3018268e+08
498.2 1.3315446e+08
498.3 1.3659026e+08
498.4 1.4043069e+08
498.5 1.445914e+08
498.6 1.4896564e+08
498.7 1.5342832e+08
498.8 1.578415e+08
498.9 1.6206115e+08
499 1.6594486e+08
499.1 1.6936024e+08
499.2 1.7219374e+08
499.3 1.7435933e+08
499.4 1.7580678e+08
499.5 1.7652906e+08
499.6 1.7656831e+08
499.7 1.7601953e+08
499.8 1.7503102e+08
499.9 1.7379965e+08
500 1.7255906e+08
500.1 1.7155907e+08
500.2 1.7103554e+08
500.3 1.7117375e+08
500.4 1.7207158e+08
500.5 1.737124e+08
500.6 1.7595652e+08
500.7 1.7855529e+08
500.8 1.8118461e+08
500.9 1.8348939e+08
501 1.8512892e+08
501.1 1.8581495e+08
501.2 1.8533782e+08
501.3 1.8357934e+08
501.4 1.8051315e+08
501.5 1.7619543e+08
501.6 1.7074905e+08
501.7 1.6434456e+08
501.8 1.5718101e+08
501.9 1.4946887e+08
502 1.414162e+08
502.1 1.3321876e+08
502.2 1.2505387e+08
502.3 1.1707754e+08
502.4 1.0942406e+08
502.5 1.0220743e+08
502.6 95523709
502.7 89453729
502.8 84065618
502.9 79416527
503 75553191
503.1 72511050
503.2 70312008
503.3 68961370
503.4 68444911
503.5 68727150
503.6 69751539
503.7 71442556
503.8 73709063
503.9 76448095
504 79548431
504.1 82893777
504.2 86365712
504.3 89846711
504.4 93223501
504.5 96390855
504.6 99255723
504.7 1.017414e+08
504.8 1.037913e+08
504.9 1.0537189e+08
505 1.0647434e+08
505.1 1.0711442e+08
505.2 1.0733076e+08
505.3 1.0718107e+08
505.4 1.0673693e+08
505.5 1.0607731e+08
505.6 1.0528169e+08
505.7 1.0442347e+08
505.8 1.0356465e+08
505.9 1.0275249e+08
506 1.0201852e+08
506.1 1.0137989e+08
506.2 1.008422e+08
506.3 1.0040309e+08
506.4 1.0005558e+08
506.5 99790442
506.6 99597503
506.7 99466050
506.8 99384809
506.9 99342000
507 99325784
507.1 99325155
507.2 99331034
507.3 99337205
507.4 99340688
507.5 99341300
507.6 99340405
507.7 99339054
507.8 99335921
507.9 99325466
508 99296682
508.1 99232596
508.2 99110499
508.3 98902711
508.4 98577626
508.5 98100774
508.6 97435763
508.7 96545032
508.8 95390488
508.9 93934140
509 92138876
509.1 89969517
509.2 87394245
509.3 84386424
509.4 80926815
509.5 77006097
509.6 72627581
509.7 67809981
509.8 62590094
509.9 57025314
510 51196018
510.1 45208224
510.2 39197563
510.3 33336815
510.4 27851082
510.5 23044765
510.6 19329345
510.7 17173425
510.8 16832331
510.9 18045331
511 20216305
511.1 22818259
511.2 25529076
511.3 28182425
511.4 30699575
511.5 33043897
511.6 35194947
511.7 37135171
511.8 38844636
511.9 40300805
512 41481184
512.1 42367152
512.2 42947732
512.3 43222511
512.4 43203290
512.5 42914357
512.6 42391490
512.7 41679935
512.8 40831640
512.9 39902039
513 38946625
513.1 38017505
513.2 37160099
513.3 36410181
513.4 35791505
513.5 35314368
513.6 34975431
513.7 34759062
513.8 34640228
513.9 34588684
514 34574008
514.1 34570855
514.2 34563766
514.3 34550785
514.4 34545184
514.5 34574603
514.6 34677196
514.7 34894900
514.8 35264870
514.9 35811050
515 36538272
515.1 37430678
515.2 38454676
515.3 39564988
515.4 40711461
515.5 41844487
515.6 42917853
515.7 43888957
515.8 44717175
515.9 45361681
516 45780008
516.1 45928389
516.2 45764417
516.3 45252152
516.4 44369550
516.5 43118136
516.6 41535112
516.7 39708356
516.8 37794321
516.9 36035830
517 34768261
517.1 34388961
517.2 35265268
517.3 37607014
517.4 41397016
517.5 46435416
517.6 52439971
517.7 59122755
517.8 66223314
517.9 73515084
518 80802272
518.1 87915607
518.2 94709660
518.3 1.0106198e+08
518.4 1.0687358e+08
518.5 1.1207001e+08
518.6 1.1660253e+08
518.7 1.2044862e+08
518.8 1.2361165e+08
518.9 1.2611936e+08
519 1.2802119e+08
519.1 1.2938464e+08
519.2 1.3029086e+08
519.3 1.3082997e+08
519.4 1.310964e+08
519.5 1.3118456e+08
519.6 1.3118505e+08
519.7 1.3118152e+08
519.8 1.3124819e+08
519.9 1.3144796e+08
520 1.3183112e+08
520.1 1.3243458e+08
520.2 1.3328163e+08
520.3 1.3438223e+08
520.4 1.3573389e+08
520.5 1.3732293e+08
520.6 1.3912629e+08
520.7 1.4111345e+08
520.8 1.4324859e+08
520.9 1.4549263e+08
521 1.4780517e+08
521.1 1.5014616e+08
521.2 1.5247735e+08
521.3 1.5476337e+08
521.4 1.5697257e+08
521.5 1.590776e+08
521.6 1.6105571e+08
521.7 1.6288889e+08
521.8 1.6456376e+08
521.9 1.6607144e+08
522 1.6740713e+08
522.1 1.6856972e+08
522.2 1.6956133e+08
522.3 1.7038675e+08
522.4 1.7105295e+08
522.5 1.7156855e+08
522.6 1.7194328e+08
522.7 1.7218756e+08
522.8 1.7231198e+08
522.9 1.7232684e+08
523 1.7224182e+08
523.1 1.7206553e+08
523.2 1.7180532e+08
523.3 1.714671e+08
523.4 1.7105539e+08
523.5 1.7057362e+08
523.6 1.7002455e+08
523.7 1.6941104e+08
523.8 1.6873693e+08
523.9 1.6800795e+08
524 1.6723258e+08
524.1 1.6642268e+08
524.2 1.6559351e+08
524.3 1.6476316e+08
524.4 1.6395121e+08
524.5 1.6317649e+08
524.6 1.6245449e+08
524.7 1.6179452e+08
524.8 1.6119732e+08
524.9 1.606536e+08
525 1.6014377e+08
525.1 1.5963901e+08
525.2 1.5910336e+08
525.3 1.5849629e+08
525.4 1.5777539e+08
525.5 1.5689854e+08
525.6 1.5582548e+08
525.7 1.5451858e+08
525.8 1.5294317e+08
525.9 1.5106744e+08
526 1.4886234e+08
526.1 1.4630162e+08
526.2 1.4336214e+08
526.3 1.4002447e+08
526.4 1.3627382e+08
526.5 1.3210111e+08
526.6 1.2750422e+08
526.7 1.2248928e+08
526.8 1.1707204e+08
526.9 1.1127935e+08
527 1.0515098e+08
527.1 98741964
527.2 92125796
527.3 85399113
527.4 78688230
527.5 72157976
527.6 66022189
527.7 60552499
527.8 56075931
527.9 52943708
528 51454990
528.1 51751450
528.2 53749440
528.3 57169156
528.4 61634989
528.5 66771357
528.6 72253943
528.7 77823095
528.8 83278964
528.9 88471325
529 93289304
529.1 97652158
529.2 1.0150087e+08
529.3 1.0479025e+08
529.4 1.0748146e+08
529.5 1.0953542e+08
529.6 1.1090773e+08
529.7 1.1154574e+08
529.8 1.1138834e+08
529.9 1.1036852e+08
530 1.0841853e+08
530.1 1.0547707e+08
530.2 1.0149785e+08
530.3 96459119
530.4 90374404
530.5 83305651
530.6 75382232
530.7 66833130
530.8 58047431
530.9 49689218
531 42878248
531.1 39255503
531.2 40292871
531.3 45967965
531.4 54893877
531.5 65602483
531.6 77070768
531.7 88641472
531.8 99878406
531.9 1.1047956e+08
532 1.2023391e+08
532.1 1.2900066e+08
532.2 1.3669854e+08
532.3 1.4329903e+08
532.4 1.4882035e+08
532.5 1.5332066e+08
532.6 1.5688987e+08
532.7 1.5964006e+08
532.8 1.6169508e+08
532.9 1.6318014e+08
533 1.642128e+08
533.1 1.6489636e+08
533.2 1.6531698e+08
533.3 1.6554484e+08
533.4 1.6563919e+08
533.5 1.6565645e+08
533.6 1.6565935e+08
533.7 1.6572497e+08
533.8 1.659486e+08
533.9 1.6644081e+08
534 1.6731548e+08
534.1 1.6866872e+08
534.2 1.7055149e+08
534.3 1.729421e+08
534.4 1.7572671e+08
534.5 1.7869458e+08
534.6 1.8155116e+08
534.7 1.8394635e+08
534.8 1.855119e+08
534.9 1.8590035e+08
535 1.8481918e+08
535.1 1.8205622e+08
535.2 1.7749446e+08
535.3 1.7111661e+08
535.4 1.6300046e+08
535.5 1.533072e+08
535.6 1.4226485e+08
535.7 1.3014904e+08
535.8 1.1726309e+08
535.9 1.0391912e+08
536 90421459
536.1 77053553
536.2 64068904
536.3 51687274
536.4 40098385
536.5 29480999
536.6 20069285
536.7 12423190
536.8 8480927.5
536.9 10453946
537 15079014
537.1 19870731
537.2 24240974
537.3 28071434
537.4 31360086
537.5 34137907
537.6 36443288
537.7 38312814
537.8 39778257
537.9 40866558
538 41601401
538.1 42005539
538.2 42103170
538.3 41921822
538.4 41493292
538.5 40853403
538.6 40040527
538.7 39093048
538.8 38046155
538.9 36928470
539 35759095
539.1 34545644
539.2 33283756
539.3 31958474
539.4 30547837
539.5 29029158
539.6 27388824
539.7 25637294
539.8 23832147
539.9 22112491
540 20742096
540.1 20130915
540.2 20754676
540.3 22935515
540.4 26677106
540.5 31743695
540.6 37831535
540.7 44657643
540.8 51973927
540.9 59558500
541 67207635
541.1 74732943
541.2 81962822
541.3 88746318
541.4 94957835
541.5 1.0050147e+08
541.6 1.0531402e+08
541.7 1.093661e+08
541.8 1.1266084e+08
541.9 1.1523028e+08
542 1.1712957e+08
542.1 1.1842977e+08
542.2 1.1920998e+08
542.3 1.1955014e+08
542.4 1.1952533e+08
542.5 1.1920246e+08
542.6 1.1863948e+08
542.7 1.1788654e+08
542.8 1.1698846e+08
542.9 1.1598721e+08
543 1.1492366e+08
543.1 1.1383797e+08
543.2 1.127689e+08
543.3 1.117522e+08
543.4 1.1081889e+08
543.5 1.0999373e+08
543.6 1.0929443e+08
543.7 1.0873149e+08
543.8 1.0830872e+08
543.9 1.0802401e+08
544 1.0787039e+08
544.1 1.0783695e+08
544.2 1.0790975e+08
544.3 1.0807248e+08
544.4 1.0830713e+08
544.5 1.0859453e+08
544.6 1.0891482e+08
544.7 1.0924796e+08
544.8 1.0957402e+08
544.9 1.0987342e+08
545 1.1012691e+08
545.1 1.1031525e+08
545.2 1.1041874e+08
545.3 1.1041641e+08
545.4 1.1028506e+08
545.5 1.0999818e+08
545.6 1.0952492e+08
545.7 1.0882907e+08
545.8 1.0786832e+08
545.9 1.0659387e+08
546 1.0495046e+08
546.1 1.0287711e+08
546.2 1.0030872e+08
546.3 97178652
546.4 93422735
546.5 88984915
546.6 83825219
546.7 77931015
546.8 71333694
546.9 64135285
547 56554616
547.1 49012204
547.2 42278924
547.3 37644781
547.4 36721464
547.5 40349954
547.6 47822883
547.7 57765737
547.8 69053036
547.9 80939667
548 92935316
548.1 1.0470094e+08
548.2 1.1599215e+08
548.3 1.2663021e+08
548.4 1.3648635e+08
548.5 1.454721e+08
548.6 1.5353245e+08
548.7 1.6064028e+08
548.8 1.6679153e+08
548.9 1.7200115e+08
549 1.7629963e+08
549.1 1.7973023e+08
549.2 1.8234696e+08
549.3 1.842131e+08
549.4 1.854002e+08
549.5 1.8598742e+08
549.6 1.8606071e+08
549.7 1.8571189e+08
549.8 1.8503696e+08
549.9 1.8413371e+08
550 1.8309837e+08
550.1 1.8202149e+08
550.2 1.8098332e+08
550.3 1.800494e+08
550.4 1.7926701e+08
550.5 1.7866322e+08
550.6 1.7824502e+08
550.7 1.7800155e+08
550.8 1.7790811e+08
550.9 1.7793105e+08
551 1.7803291e+08
551.1 1.7817682e+08
551.2 1.7832978e+08
551.3 1.7846471e+08
551.4 1.7856131e+08
551.5 1.7860623e+08
551.6 1.7859274e+08
551.7 1.7852037e+08
551.8 1.7839461e+08
551.9 1.7822666e+08
552 1.7803313e+08
552.1 1.7783553e+08
552.2 1.7765931e+08
552.3 1.7753236e+08
552.4 1.774829e+08
552.5 1.7753691e+08
552.6 1.7771524e+08
552.7 1.7803075e+08
552.8 1.7848583e+08
552.9 1.7907067e+08
553 1.7976269e+08
553.1 1.8052724e+08
553.2 1.8131971e+08
553.3 1.8208897e+08
553.4 1.827818e+08
553.5 1.8334789e+08
553.6 1.8374488e+08
553.7 1.8394283e+08
553.8 1.8392746e+08
553.9 1.8370182e+08
554 1.8328585e+08
554.1 1.8271396e+08
554.2 1.8203079e+08
554.3 1.8128577e+08
554.4 1.8052737e+08
554.5 1.7979777e+08
554.6 1.7912907e+08
554.7 1.7854118e+08
554.8 1.780419e+08
554.9 1.7762863e+08
555 1.7729129e+08
555.1 1.7701592e+08
555.2 1.7678821e+08
555.3 1.7659671e+08
555.4 1.7643536e+08
555.5 1.7630521e+08
555.6 1.7621506e+08
555.7 1.7618076e+08
555.8 1.762228e+08
555.9 1.7636193e+08
556 1.7661276e+08
556.1 1.769756e+08
556.2 1.7742749e+08
556.3 1.7791362e+08
556.4 1.7834097e+08
556.5 1.7857556e+08
556.6 1.7844456e+08
556.7 1.7774341e+08
556.8 1.7624761e+08
556.9 1.7372782e+08
557 1.6996671e+08
557.1 1.6477591e+08
557.2 1.5801144e+08
557.3 1.4958649e+08
557.4 1.3948062e+08
557.5 1.277449e+08
557.6 1.1450279e+08
557.7 99946988
557.8 84333012
557.9 67971472
558 51224603
558.1 34531004
558.2 18633323
558.3 7966538.9
558.4 16593496
558.5 29769631
558.6 42208295
558.7 53311699
558.8 62901003
558.9 70925168
559 77410114
559.1 82438774
559.2 86136452
559.3 88656954
559.4 90169015
559.5 90843508
559.6 90842074
559.7 90307730
559.8 89357771
559.9 88079117
560 86526046
560.1 84720187
560.2 82652589
560.3 80287678
560.4 77568997
560.5 74426707
560.6 70787080
560.7 66584669
560.8 61778786
560.9 56377967
561 50480518
561.1 44348419
561.2 38544919
561.3 34142228
561.4 32747959
561.5 35655066
561.6 42668422
561.7 52577270
561.8 64227964
561.9 76802317
562 89716543
562.1 1.0251712e+08
562.2 1.1482671e+08
562.3 1.2632224e+08
562.4 1.367292e+08
562.5 1.458236e+08
562.6 1.5343721e+08
562.7 1.5946381e+08
562.8 1.6386505e+08
562.9 1.6667508e+08
563 1.6800283e+08
563.1 1.6803109e+08
563.2 1.6701083e+08
563.3 1.652494e+08
563.4 1.6309122e+08
563.5 1.6089062e+08
563.6 1.5897844e+08
563.7 1.5762681e+08
563.8 1.570195e+08
563.9 1.5723554e+08
564 1.5825118e+08
564.1 1.5995904e+08
564.2 1.621981e+08
564.3 1.6478549e+08
564.4 1.6754295e+08
564.5 1.7031439e+08
564.6 1.7297421e+08
564.7 1.7542861e+08
564.8 1.7761229e+08
564.9 1.7948302e+08
565 1.8101589e+08
565.1 1.8219835e+08
565.2 1.8302653e+08
565.3 1.8350314e+08
565.4 1.8363655e+08
565.5 1.8344082e+08
565.6 1.8293623e+08
565.7 1.8214971e+08
565.8 1.8111489e+08
565.9 1.7987144e+08
566 1.7846364e+08
566.1 1.7693833e+08
566.2 1.7534243e+08
566.3 1.7372045e+08
566.4 1.7211229e+08
566.5 1.7055176e+08
566.6 1.6906578e+08
566.7 1.6767441e+08
566.8 1.663915e+08
566.9 1.6522574e+08
567 1.6418188e+08
567.1 1.6326192e+08
567.2 1.6246613e+08
567.3 1.617938e+08
567.4 1.6124356e+08
567.5 1.6081348e+08
567.6 1.6050066e+08
567.7 1.6030066e+08
567.8 1.6020665e+08
567.9 1.6020872e+08
568 1.6029339e+08
568.1 1.6044363e+08
568.2 1.6063947e+08
568.3 1.6085928e+08
568.4 1.610814e+08
568.5 1.6128605e+08
568.6 1.6145708e+08
568.7 1.6158335e+08
568.8 1.6165945e+08
568.9 1.616857e+08
569 1.6166748e+08
569.1 1.6161394e+08
569.2 1.615365e+08
569.3 1.6144718e+08
569.4 1.6135722e+08
569.5 1.6127611e+08
569.6 1.6121112e+08
569.7 1.6116752e+08
569.8 1.6114928e+08
569.9 1.6116015e+08
570 1.6120505e+08
570.1 1.6129135e+08
570.2 1.6142996e+08
570.3 1.6163587e+08
570.4 1.6192794e+08
570.5 1.6232789e+08
570.6 1.6285826e+08
570.7 1.6353945e+08
570.8 1.6438616e+08
570.9 1.6540341e+08
571 1.6658282e+08
571.1 1.6789968e+08
571.2 1.6931136e+08
571.3 1.7075764e+08
571.4 1.7216292e+08
571.5 1.7344055e+08
571.6 1.7449867e+08
571.7 1.7524712e+08
571.8 1.756049e+08
571.9 1.7550717e+08
572 1.7491153e+08
572.1 1.7380274e+08
572.2 1.7219566e+08
572.3 1.7013613e+08
572.4 1.6769947e+08
572.5 1.6498697e+08
572.6 1.6212004e+08
572.7 1.5923276e+08
572.8 1.5646287e+08
572.9 1.5394208e+08
573 1.5178636e+08
573.1 1.5008716e+08
573.2 1.4890444e+08
573.3 1.4826236e+08
573.4 1.4814773e+08
573.5 1.485111e+08
573.6 1.4926993e+08
573.7 1.5031281e+08
573.8 1.515042e+08
573.9 1.5268939e+08
574 1.5369961e+08
574.1 1.5435812e+08
574.2 1.5448777e+08
574.3 1.5392088e+08
574.4 1.5251192e+08
574.5 1.5015303e+08
574.6 1.4679219e+08
574.7 1.4245289e+08
574.8 1.372536e+08
574.9 1.3142448e+08
575 1.2531638e+08
575.1 1.1939441e+08
575.2 1.1420457e+08
575.3 1.1030113e+08
575.4 1.0813534e+08
575.5 1.0793568e+08
575.6 1.0963929e+08
575.7 1.1291866e+08
575.8 1.1728784e+08
575.9 1.2222717e+08
576 1.2727571e+08
576.1 1.3207728e+08
576.2 1.3639032e+08
576.3 1.4007681e+08
576.4 1.4308245e+08
576.5 1.4541494e+08
576.6 1.4712458e+08
576.7 1.4828885e+08
576.8 1.4900156e+08
576.9 1.4936637e+08
577 1.4949333e+08
577.1 1.4949719e+08
577.2 1.4949564e+08
577.3 1.4960595e+08
577.4 1.4993891e+08
577.5 1.5059008e+08
577.6 1.5162933e+08
577.7 1.5309091e+08
577.8 1.5496673e+08
577.9 1.5720502e+08
578 1.5971559e+08
578.1 1.6238063e+08
578.2 1.6506913e+08
578.3 1.6765207e+08
578.4 1.7001581e+08
578.5 1.7207195e+08
578.6 1.7376299e+08
578.7 1.7506371e+08
578.8 1.7597902e+08
578.9 1.7653927e+08
579 1.7679399e+08
579.1 1.7680512e+08
579.2 1.7664035e+08
579.3 1.7636725e+08
579.4 1.7604846e+08
579.5 1.7573817e+08
579.6 1.7547984e+08
579.7 1.753051e+08
579.8 1.7523374e+08
579.9 1.7527444e+08
580 1.7542626e+08
580.1 1.7568041e+08
580.2 1.7602226e+08
580.3 1.7643341e+08
580.4 1.7689357e+08
580.5 1.773822e+08
580.6 1.7787983e+08
580.7 1.7836911e+08
580.8 1.7883536e+08
580.9 1.7926701e+08
581 1.7965555e+08
581.1 1.7999551e+08
581.2 1.8028412e+08
581.3 1.8052099e+08
581.4 1.8070773e+08
581.5 1.808475e+08
581.6 1.8094462e+08
581.7 1.8100415e+08
581.8 1.8103144e+08
581.9 1.8103174e+08
582 1.8100977e+08
582.1 1.809693e+08
582.2 1.8091283e+08
582.3 1.8084131e+08
582.4 1.8075397e+08
582.5 1.8064825e+08
582.6 1.8051984e+08
582.7 1.8036284e+08
582.8 1.8016989e+08
582.9 1.7993239e+08
583 1.7964061e+08
583.1 1.7928382e+08
583.2 1.7885035e+08
583.3 1.7832755e+08
583.4 1.7770184e+08
583.5 1.7695858e+08
583.6 1.7608204e+08
583.7 1.7505521e+08
583.8 1.7385974e+08
583.9 1.7247578e+08
584 1.7088199e+08
584.1 1.6905579e+08
584.2 1.6697385e+08
584.3 1.6461307e+08
584.4 1.6195194e+08
584.5 1.5897242e+08
584.6 1.5566207e+08
584.7 1.5201657e+08
584.8 1.4804254e+08
584.9 1.4376068e+08
585 1.3920977e+08
585.1 1.3445172e+08
585.2 1.2957837e+08
585.3 1.2472038e+08
585.4 1.2005726e+08
585.5 1.1582641e+08
585.6 1.1232517e+08
585.7 1.0989635e+08
585.8 1.0888711e+08
585.9 1.0957781e+08
586 1.1209683e+08
586.1 1.1635487e+08
586.2 1.2202949e+08
586.3 1.2860377e+08
586.4 1.354366e+08
586.5 1.4183886e+08
586.6 1.4714102e+08
586.7 1.5074868e+08
586.8 1.5218657e+08
586.9 1.5113097e+08
587 1.474299e+08
587.1 1.4111024e+08
587.2 1.3237285e+08
587.3 1.2157879e+08
587.4 1.092326e+08
587.5 95971658
587.6 82574466
587.7 70001132
587.8 59456546
587.9 52349872
588 49814960
588.1 51826709
588.2 57101726
588.3 64072789
588.4 71588357
588.5 78971409
588.6 85870625
588.7 92130388
588.8 97708965
588.9 1.0262982e+08
589 1.0695226e+08
589.1 1.107532e+08
589.2 1.1411591e+08
589.3 1.1712309e+08
589.4 1.198531e+08
589.5 1.2237822e+08
589.6 1.2476427e+08
589.7 1.2707107e+08
589.8 1.2935304e+08
589.9 1.3165981e+08
590 1.340363e+08
590.1 1.3652214e+08
590.2 1.3915042e+08
590.3 1.4194573e+08
590.4 1.4492181e+08
590.5 1.4807913e+08
590.6 1.5140289e+08
590.7 1.5486207e+08
590.8 1.5840983e+08
590.9 1.6198563e+08
591 1.6551897e+08
591.1 1.689345e+08
591.2 1.7215773e+08
591.3 1.7512089e+08
591.4 1.7776788e+08
591.5 1.8005799e+08
591.6 1.8196787e+08
591.7 1.8349171e+08
591.8 1.8463971e+08
591.9 1.854353e+08
592 1.859114e+08
592.1 1.8610643e+08
592.2 1.8606034e+08
592.3 1.8581117e+08
592.4 1.853924e+08
592.5 1.8483108e+08
592.6 1.8414694e+08
592.7 1.833522e+08
592.8 1.8245208e+08
592.9 1.8144578e+08
593 1.8032764e+08
593.1 1.7908844e+08
593.2 1.7771639e+08
593.3 1.7619775e+08
593.4 1.7451664e+08
593.5 1.7265396e+08
593.6 1.7058514e+08
593.7 1.6827677e+08
593.8 1.6568267e+08
593.9 1.6273994e+08
594 1.5936649e+08
594.1 1.5546142e+08
594.2 1.5090969e+08
594.3 1.4559245e+08
594.4 1.3940332e+08
594.5 1.3227055e+08
594.6 1.2418492e+08
594.7 1.1523327e+08
594.8 1.0563958e+08
594.9 95816459
595 86427330
595.1 78437766
595.2 73066858
595.3 71470154
595.4 74158195
595.5 80668728
595.6 89901337
595.7 1.0067903e+08
595.8 1.1204577e+08
595.9 1.2331134e+08
596 1.3400512e+08
596.1 1.4382191e+08
596.2 1.5257985e+08
596.3 1.6018998e+08
596.4 1.6663377e+08
596.5 1.7194543e+08
596.6 1.7619745e+08
596.7 1.7948849e+08
596.8 1.8193313e+08
596.9 1.8365336e+08
597 1.8477171e+08
597.1 1.8540589e+08
597.2 1.8566489e+08
597.3 1.856463e+08
597.4 1.8543471e+08
597.5 1.8510105e+08
597.6 1.8470259e+08
597.7 1.8428353e+08
597.8 1.8387592e+08
597.9 1.835009e+08
598 1.8317007e+08
598.1 1.8288692e+08
598.2 1.8264833e+08
598.3 1.82446e+08
598.4 1.8226775e+08
598.5 1.8209876e+08
598.6 1.8192257e+08
598.7 1.8172188e+08
598.8 1.8147915e+08
598.9 1.8117715e+08
599 1.8079936e+08
599.1 1.8033064e+08
599.2 1.7975812e+08
599.3 1.7907258e+08
599.4 1.7827016e+08
599.5 1.7735442e+08
599.6 1.763382e+08
599.7 1.7524492e+08
599.8 1.7410855e+08
599.9 1.729718e+08
600 1.7188236e+08
600.1 1.7088742e+08
600.2 1.7002738e+08
600.3 1.6932994e+08
600.4 1.6880611e+08
600.5 1.68449e+08
600.6 1.6823584e+08
600.7 1.681325e+08
600.8 1.6809953e+08
600.9 1.6809796e+08
601 1.6809382e+08
601.1 1.680603e+08
601.2 1.6797745e+08
601.3 1.6782962e+08
601.4 1.6760146e+08
601.5 1.6727333e+08
601.6 1.6681731e+08
601.7 1.6619476e+08
601.8 1.6535603e+08
601.9 1.6424293e+08
602 1.6279351e+08
602.1 1.6094895e+08
602.2 1.5866146e+08
602.3 1.5590237e+08
602.4 1.5266921e+08
602.5 1.4899093e+08
602.6 1.449305e+08
602.7 1.4058433e+08
602.8 1.3607839e+08
602.9 1.3156104e+08
603 1.2719296e+08
603.1 1.2313494e+08
603.2 1.1953438e+08
603.3 1.1651202e+08
603.4 1.1415009e+08
603.5 1.1248334e+08
603.6 1.1149398e+08
603.7 1.1111081e+08
603.8 1.1121238e+08
603.9 1.1163352e+08
604 1.1217475e+08
604.1 1.1261395e+08
604.2 1.1272037e+08
604.3 1.12271e+08
604.4 1.1106945e+08
604.5 1.0896765e+08
604.6 1.0589081e+08
604.7 1.0186664e+08
604.8 97059775
604.9 91811128
605 86675460
605.1 82431671
605.2 80008039
605.3 80257255
605.4 83627467
605.5 89963061
605.6 98613015
605.7 1.0871553e+08
605.8 1.1943007e+08
605.9 1.3004596e+08
606 1.4001024e+08
606.1 1.4892301e+08
606.2 1.5652361e+08
606.3 1.6267476e+08
606.4 1.6734572e+08
606.5 1.7059421e+08
606.6 1.7254685e+08
606.7 1.7337887e+08
606.8 1.7329391e+08
606.9 1.7250518e+08
607 1.7121907e+08
607.1 1.6962231e+08
607.2 1.6787316e+08
607.3 1.6609685e+08
607.4 1.6438496e+08
607.5 1.6279795e+08
607.6 1.6136989e+08
607.7 1.6011429e+08
607.8 1.590301e+08
607.9 1.5810704e+08
608 1.5733005e+08
608.1 1.5668241e+08
608.2 1.5614781e+08
608.3 1.5571144e+08
608.4 1.5536042e+08
608.5 1.5508374e+08
608.6 1.5487201e+08
608.7 1.5471714e+08
608.8 1.546121e+08
608.9 1.5455069e+08
609 1.5452748e+08
609.1 1.5453775e+08
609.2 1.5457749e+08
609.3 1.5464339e+08
609.4 1.547327e+08
609.5 1.5484313e+08
609.6 1.549725e+08
609.7 1.5511841e+08
609.8 1.5527766e+08
609.9 1.5544587e+08
610 1.5561702e+08
610.1 1.5578351e+08
610.2 1.5593654e+08
610.3 1.5606736e+08
610.4 1.5616923e+08
610.5 1.5624013e+08
610.6 1.562858e+08
610.7 1.5632276e+08
610.8 1.5638042e+08
610.9 1.565015e+08
611 1.5674017e+08
611.1 1.5715745e+08
611.2 1.5781419e+08
611.3 1.5876245e+08
611.4 1.6003676e+08
611.5 1.6164692e+08
611.6 1.6357387e+08
611.7 1.6576924e+08
611.8 1.6815869e+08
611.9 1.7064793e+08
612 1.7313037e+08
612.1 1.754949e+08
612.2 1.7763293e+08
612.3 1.7944417e+08
612.4 1.8084086e+08
612.5 1.8175058e+08
612.6 1.8211794e+08
612.7 1.8190534e+08
612.8 1.810931e+08
612.9 1.7967912e+08
613 1.7767826e+08
613.1 1.7512146e+08
613.2 1.7205464e+08
613.3 1.6853743e+08
613.4 1.6464149e+08
613.5 1.6044866e+08
613.6 1.5604863e+08
613.7 1.5153629e+08
613.8 1.4700875e+08
613.9 1.4256223e+08
614 1.3828902e+08
614.1 1.3427495e+08
614.2 1.3059747e+08
614.3 1.2732489e+08
614.4 1.2451651e+08
614.5 1.2222353e+08
614.6 1.2049009e+08
614.7 1.1935386e+08
614.8 1.188455e+08
614.9 1.1898702e+08
615 1.1978926e+08
615.1 1.2124953e+08
615.2 1.233501e+08
615.3 1.260583e+08
615.4 1.293278e+08
615.5 1.3310053e+08
615.6 1.3730816e+08
615.7 1.4187237e+08
615.8 1.4670419e+08
615.9 1.517027e+08
616 1.5675456e+08
616.1 1.6173521e+08
616.2 1.6651247e+08
616.3 1.7095252e+08
616.4 1.749277e+08
616.5 1.7832503e+08
616.6 1.8105431e+08
616.7 1.830547e+08
616.8 1.8429899e+08
616.9 1.847951e+08
617 1.845848e+08
617.1 1.8373972e+08
617.2 1.8235531e+08
617.3 1.8054331e+08
617.4 1.7842337e+08
617.5 1.7611487e+08
617.6 1.7372932e+08
617.7 1.7136428e+08
617.8 1.6909909e+08
617.9 1.6699272e+08
618 1.6508374e+08
618.1 1.6339207e+08
618.2 1.6192222e+08
618.3 1.6066728e+08
618.4 1.5961317e+08
618.5 1.5874258e+08
618.6 1.5803827e+08
618.7 1.5748544e+08
618.8 1.5707302e+08
618.9 1.5679399e+08
619 1.5664481e+08
619.1 1.5662413e+08
619.2 1.567311e+08
619.3 1.5696358e+08
619.4 1.5731661e+08
619.5 1.577813e+08
619.6 1.5834444e+08
619.7 1.5898878e+08
619.8 1.5969396e+08
619.9 1.6043781e+08
620 1.611979e+08
620.1 1.619529e+08
620.2 1.6268382e+08
620.3 1.6337471e+08
620.4 1.6401308e+08
620.5 1.6458982e+08
620.6 1.6509886e+08
620.7 1.6553668e+08
620.8 1.659016e+08
620.9 1.6619314e+08
621 1.6641143e+08
621.1 1.6655668e+08
621.2 1.6662887e+08
621.3 1.6662747e+08
621.4 1.6655147e+08
621.5 1.6639939e+08
621.6 1.6616956e+08
621.7 1.6586037e+08
621.8 1.654707e+08
621.9 1.6500026e+08
622 1.6445006e+08
622.1 1.6382265e+08
622.2 1.6312236e+08
622.3 1.6235534e+08
622.4 1.6152945e+08
622.5 1.6065389e+08
622.6 1.5973877e+08
622.7 1.5879455e+08
622.8 1.5783143e+08
622.9 1.5685885e+08
623 1.5588499e+08
623.1 1.5491651e+08
623.2 1.5395839e+08
623.3 1.5301389e+08
623.4 1.5208474e+08
623.5 1.5117139e+08
623.6 1.5027344e+08
623.7 1.493902e+08
623.8 1.4852141e+08
623.9 1.4766795e+08
624 1.4683273e+08
624.1 1.4602144e+08
624.2 1.4524304e+08
624.3 1.4451005e+08
624.4 1.4383821e+08
624.5 1.4324561e+08
624.6 1.4275122e+08
624.7 1.4237295e+08
624.8 1.421254e+08
624.9 1.4201774e+08
625 1.42052e+08
625.1 1.4222212e+08
625.2 1.4251393e+08
625.3 1.4290612e+08
625.4 1.4337195e+08
625.5 1.4388156e+08
625.6 1.4440433e+08
625.7 1.4491121e+08
625.8 1.4537654e+08
625.9 1.4577951e+08
626 1.4610495e+08
626.1 1.4634389e+08
626.2 1.4649357e+08
626.3 1.4655728e+08
626.4 1.4654387e+08
626.5 1.464669e+08
626.6 1.4634354e+08
626.7 1.4619297e+08
626.8 1.4603471e+08
626.9 1.4588668e+08
627 1.4576348e+08
627.1 1.4567506e+08
627.2 1.4562583e+08
627.3 1.4561453e+08
627.4 1.4563467e+08
627.5 1.4567549e+08
627.6 1.4572326e+08
627.7 1.4576267e+08
627.8 1.4577817e+08
627.9 1.4575513e+08
628 1.456807e+08
628.1 1.4554443e+08
628.2 1.4533856e+08
628.3 1.4505805e+08
628.4 1.4470052e+08
628.5 1.4426583e+08
628.6 1.4375569e+08
628.7 1.4317307e+08
628.8 1.4252158e+08
628.9 1.4180483e+08
629 1.4102582e+08
629.1 1.4018636e+08
629.2 1.3928674e+08
629.3 1.383254e+08
629.4 1.3729898e+08
629.5 1.3620239e+08
629.6 1.3502927e+08
629.7 1.3377253e+08
629.8 1.3242506e+08
629.9 1.3098051e+08
630 1.2943424e+08
630.1 1.2778404e+08
630.2 1.260309e+08
630.3 1.2417954e+08
630.4 1.2223868e+08
630.5 1.2022108e+08
630.6 1.1814313e+08
630.7 1.160243e+08
630.8 1.1388619e+08
630.9 1.1175144e+08
631 1.0964263e+08
631.1 1.0758112e+08
631.2 1.0558615e+08
631.3 1.0367416e+08
631.4 1.0185844e+08
631.5 1.0014911e+08
631.6 98553526
631.7 97076952
631.8 95723499
631.9 94497303
632 93403844
632.1 92451333
632.2 91652100
632.3 91023876
632.4 90590835
632.5 90384235
632.6 90442451
632.7 90810155
632.8 91536447
632.9 92671836
633 94264150
633.1 96353720
633.2 98968444
633.3 1.0211944e+08
633.4 1.05798e+08
633.5 1.0997419e+08
633.6 1.1459739e+08
633.7 1.1959824e+08
633.8 1.2489188e+08
633.9 1.3038184e+08
634 1.3596425e+08
634.1 1.4153206e+08
634.2 1.4697917e+08
634.3 1.5220431e+08
634.4 1.5711456e+08
634.5 1.6162852e+08
634.6 1.6567889e+08
634.7 1.6921438e+08
634.8 1.7220087e+08
634.9 1.7462185e+08
635 1.7647793e+08
635.1 1.777858e+08
635.2 1.7857652e+08
635.3 1.7889347e+08
635.4 1.7879008e+08
635.5 1.7832742e+08
635.6 1.7757196e+08
635.7 1.7659324e+08
635.8 1.7546191e+08
635.9 1.7424773e+08
636 1.7301792e+08
636.1 1.7183553e+08
636.2 1.7075799e+08
636.3 1.6983579e+08
636.4 1.6911126e+08
636.5 1.6861748e+08
636.6 1.6837736e+08
636.7 1.6840287e+08
636.8 1.6869461e+08
636.9 1.6924165e+08
637 1.7002184e+08
637.1 1.7100264e+08
637.2 1.7214238e+08
637.3 1.7339228e+08
637.4 1.7469883e+08
637.5 1.7600674e+08
637.6 1.7726214e+08
637.7 1.7841588e+08
637.8 1.7942658e+08
637.9 1.8026333e+08
638 1.8090753e+08
638.1 1.8135393e+08
638.2 1.8161053e+08
638.3 1.8169752e+08
638.4 1.8164531e+08
638.5 1.8149186e+08
638.6 1.8127949e+08
638.7 1.8105165e+08
638.8 1.8084974e+08
638.9 1.8071021e+08
639 1.8066223e+08
639.1 1.8072596e+08
639.2 1.8091149e+08
639.3 1.8121852e+08
639.4 1.8163673e+08
639.5 1.8214686e+08
639.6 1.8272239e+08
639.7 1.8333174e+08
639.8 1.839408e+08
639.9 1.8451565e+08
640 1.8502528e+08
640.1 1.8544398e+08
640.2 1.8575343e+08
640.3 1.8594401e+08
640.4 1.8601548e+08
640.5 1.8597685e+08
640.6 1.8584548e+08
640.7 1.8564545e+08
640.8 1.8540539e+08
640.9 1.8515591e+08
641 1.8492678e+08
641.1 1.8474412e+08
641.2 1.8462771e+08
641.3 1.8458865e+08
641.4 1.8462763e+08
641.5 1.8473371e+08
641.6 1.8488407e+08
641.7 1.8504466e+08
641.8 1.8517172e+08
641.9 1.8521449e+08
642 1.851186e+08
642.1 1.8483029e+08
642.2 1.8430097e+08
642.3 1.8349186e+08
642.4 1.8237829e+08
642.5 1.8095329e+08
642.6 1.7922994e+08
642.7 1.7724243e+08
642.8 1.7504529e+08
642.9 1.7271085e+08
643 1.703248e+08
643.1 1.6798014e+08
643.2 1.6576986e+08
643.3 1.6377908e+08
643.4 1.620776e+08
643.5 1.6071382e+08
643.6 1.5971107e+08
643.7 1.5906674e+08
643.8 1.5875432e+08
643.9 1.5872788e+08
644 1.5892787e+08
644.1 1.5928736e+08
644.2 1.5973765e+08
644.3 1.602128e+08
644.4 1.6065269e+08
644.5 1.6100483e+08
644.6 1.6122502e+08
644.7 1.6127742e+08
644.8 1.6113423e+08
644.9 1.6077531e+08
645 1.6018801e+08
645.1 1.5936712e+08
645.2 1.5831523e+08
645.3 1.5704307e+08
645.4 1.5557008e+08
645.5 1.5392495e+08
645.6 1.5214599e+08
645.7 1.5028149e+08
645.8 1.4838975e+08
645.9 1.4653881e+08
646 1.4480555e+08
646.1 1.432738e+08
646.2 1.4203105e+08
646.3 1.4116338e+08
646.4 1.4074862e+08
646.5 1.4084803e+08
646.6 1.4149795e+08
646.7 1.4270284e+08
646.8 1.4443144e+08
646.9 1.4661752e+08
647 1.4916498e+08
647.1 1.5195684e+08
647.2 1.5486601e+08
647.3 1.5776624e+08
647.4 1.6054154e+08
647.5 1.63093e+08
647.6 1.6534283e+08
647.7 1.6723553e+08
647.8 1.6873697e+08
647.9 1.6983181e+08
648 1.7052009e+08
648.1 1.708135e+08
648.2 1.7073174e+08
648.3 1.7029942e+08
648.4 1.6954351e+08
648.5 1.6849139e+08
648.6 1.6716956e+08
648.7 1.6560286e+08
648.8 1.6381406e+08
648.9 1.6182371e+08
649 1.5965019e+08
649.1 1.5730986e+08
649.2 1.5481726e+08
649.3 1.5218532e+08
649.4 1.4942571e+08
649.5 1.4654929e+08
649.6 1.4356681e+08
649.7 1.4048987e+08
649.8 1.3733214e+08
649.9 1.3411079e+08
650 1.3084799e+08
650.1 1.275723e+08
650.2 1.2431958e+08
650.3 1.2113342e+08
650.4 1.1806457e+08
650.5 1.1516972e+08
650.6 1.1250931e+08
650.7 1.1014492e+08
650.8 1.0813623e+08
650.9 1.0653817e+08
651 1.0539833e+08
651.1 1.0475499e+08
651.2 1.046358e+08
651.3 1.0505699e+08
651.4 1.0602295e+08
651.5 1.0752598e+08
651.6 1.0954572e+08
651.7 1.1204837e+08
651.8 1.1498537e+08
651.9 1.1829176e+08
652 1.2188435e+08
652.1 1.2566005e+08
652.2 1.2949476e+08
652.3 1.3324329e+08
652.4 1.3674084e+08
652.5 1.398065e+08
652.6 1.4224927e+08
652.7 1.4387697e+08
652.8 1.4450819e+08
652.9 1.4398719e+08
653 1.4220146e+08
653.1 1.3910126e+08
653.2 1.3472029e+08
653.3 1.2919636e+08
653.4 1.2279081e+08
653.5 1.1590373e+08
653.6 1.0907918e+08
653.7 1.0298654e+08
653.8 98355222
653.9 95842131
654 95852755
654.1 98407406
654.2 1.0315293e+08
654.3 1.0951169e+08
654.4 1.1685931e+08
654.5 1.2464376e+08
654.6 1.3243311e+08
654.7 1.3991769e+08
654.8 1.4689248e+08
654.9 1.5323446e+08
655 1.5888116e+08
655.1 1.6381248e+08
655.2 1.6803616e+08
655.3 1.7157657e+08
655.4 1.7446654e+08
655.5 1.7674161e+08
655.6 1.7843636e+08
655.7 1.7958251e+08
655.8 1.8020823e+08
655.9 1.8033864e+08
656 1.7999711e+08
656.1 1.7920724e+08
656.2 1.7799534e+08
656.3 1.7639324e+08
656.4 1.7444123e+08
656.5 1.7219078e+08
656.6 1.6970666e+08
656.7 1.6706778e+08
656.8 1.6436632e+08
656.9 1.6170431e+08
657 1.5918746e+08
657.1 1.5691634e+08
657.2 1.5497552e+08
657.3 1.5342247e+08
657.4 1.5227816e+08
657.5 1.5152149e+08
657.6 1.5108903e+08
657.7 1.508803e+08
657.8 1.5076755e+08
657.9 1.5060827e+08
658 1.5025807e+08
658.1 1.4958233e+08
658.2 1.4846538e+08
658.3 1.4681655e+08
658.4 1.445733e+08
658.5 1.4170141e+08
658.6 1.381931e+08
658.7 1.3406333e+08
658.8 1.2934505e+08
658.9 1.2408396e+08
659 1.1833327e+08
659.1 1.1214895e+08
659.2 1.0558583e+08
659.3 98694852
659.4 91521608
659.5 84106348
659.6 76485414
659.7 68694227
659.8 60772044
659.9 52769223
660 44759139
660.1 36860671
660.2 29288172
660.3 22476755
660.4 17376269
660.5 15639341
660.6 18020998
660.7 22995709
660.8 28951250
660.9 35075042
661 40984525
661.1 46478684
661.2 51443035
661.3 55813880
661.4 59563364
661.5 62691869
661.6 65222861
661.7 67198399
661.8 68674768
661.9 69718206
662 70400940
662.1 70797808
662.2 70983759
662.3 71032393
662.4 71015658
662.5 71004659
662.6 71071427
662.7 71291422
662.8 71746424
662.9 72527352
663 73736393
663.1 75487511
663.2 77904159
663.3 81112882
663.4 85231857
663.5 90354392
663.6 96528803
663.7 1.037374e+08
663.8 1.1187787e+08
663.9 1.2075002e+08
664 1.3005029e+08
664.1 1.3937552e+08
664.2 1.4823719e+08
664.3 1.5608629e+08
664.4 1.6234844e+08
664.5 1.6646703e+08
664.6 1.6795099e+08
664.7 1.6642234e+08
664.8 1.6165812e+08
664.9 1.5362194e+08
665 1.4248191e+08
665.1 1.2861492e+08
665.2 1.1260243e+08
665.3 95231638
665.4 77534535
665.5 60936704
665.6 47619088
665.7 40721856
665.8 42196397
665.9 49725749
666 59582429
666.1 69534236
666.2 78596084
666.3 86402427
666.4 92885329
666.5 98124181
666.6 1.0226737e+08
666.7 1.0548618e+08
666.8 1.0794594e+08
666.9 1.0978859e+08
667 1.1112386e+08
667.1 1.120273e+08
667.2 1.1254379e+08
667.3 1.1269501e+08
667.4 1.1248946e+08
667.5 1.1193371e+08
667.6 1.1104381e+08
667.7 1.098558e+08
667.8 1.0843428e+08
667.9 1.0687789e+08
668 1.0532009e+08
668.1 1.0392365e+08
668.2 1.0286734e+08
668.3 1.0232469e+08
668.4 1.0243747e+08
668.5 1.0328964e+08
668.6 1.0488946e+08
668.7 1.0716606e+08
668.8 1.099814e+08
668.9 1.1315342e+08
669 1.1648313e+08
669.1 1.1977934e+08
669.2 1.2287721e+08
669.3 1.2564975e+08
669.4 1.280129e+08
669.5 1.2992533e+08
669.6 1.3138461e+08
669.7 1.3242101e+08
669.8 1.3308999e+08
669.9 1.3346444e+08
670 1.3362725e+08
670.1 1.3366495e+08
670.2 1.3366229e+08
670.3 1.336981e+08
670.4 1.3384193e+08
670.5 1.3415134e+08
670.6 1.3466963e+08
670.7 1.3542391e+08
670.8 1.3642386e+08
670.9 1.3766117e+08
671 1.3911034e+08
671.1 1.4073057e+08
671.2 1.4246898e+08
671.3 1.442646e+08
671.4 1.460529e+08
671.5 1.4777017e+08
671.6 1.4935762e+08
671.7 1.507647e+08
671.8 1.5195162e+08
671.9 1.5289095e+08
672 1.5356844e+08
672.1 1.5398301e+08
672.2 1.5414616e+08
672.3 1.5408092e+08
672.4 1.5382048e+08
672.5 1.5340672e+08
672.6 1.5288861e+08
672.7 1.5232066e+08
672.8 1.5176124e+08
672.9 1.5127079e+08
673 1.5090967e+08
673.1 1.5073567e+08
673.2 1.508012e+08
673.3 1.511503e+08
673.4 1.5181574e+08
673.5 1.5281662e+08
673.6 1.5415678e+08
673.7 1.5582421e+08
673.8 1.5779165e+08
673.9 1.6001809e+08
674 1.6245116e+08
674.1 1.6502996e+08
674.2 1.6768816e+08
674.3 1.7035711e+08
674.4 1.7296885e+08
674.5 1.7545876e+08
674.6 1.7776803e+08
674.7 1.7984554e+08
674.8 1.8164944e+08
674.9 1.8314808e+08
675 1.8432051e+08
675.1 1.8515633e+08
675.2 1.8565516e+08
675.3 1.8582567e+08
675.4 1.8568426e+08
675.5 1.8525361e+08
675.6 1.8456117e+08
675.7 1.8363767e+08
675.8 1.8251573e+08
675.9 1.8122864e+08
676 1.7980931e+08
676.1 1.7828938e+08
676.2 1.766985e+08
676.3 1.7506366e+08
676.4 1.7340862e+08
676.5 1.7175343e+08
676.6 1.7011387e+08
676.7 1.6850109e+08
676.8 1.6692119e+08
676.9 1.6537497e+08
677 1.6385786e+08
677.1 1.6235999e+08
677.2 1.6086654e+08
677.3 1.5935833e+08
677.4 1.5781268e+08
677.5 1.5620449e+08
677.6 1.5450762e+08
677.7 1.526965e+08
677.8 1.5074807e+08
677.9 1.4864407e+08
678 1.4637381e+08
678.1 1.4393726e+08
678.2 1.4134872e+08
678.3 1.3864039e+08
678.4 1.3586572e+08
678.5 1.3310154e+08
678.6 1.304479e+08
678.7 1.2802439e+08
678.8 1.2596191e+08
678.9 1.2438961e+08
679 1.2341813e+08
679.1 1.231222e+08
679.2 1.2352669e+08
679.3 1.2460025e+08
679.4 1.262585e+08
679.5 1.2837563e+08
679.6 1.3080085e+08
679.7 1.3337535e+08
679.8 1.3594624e+08
679.9 1.3837564e+08
680 1.4054477e+08
680.1 1.4235388e+08
680.2 1.437191e+08
680.3 1.4456774e+08
680.4 1.44833e+08
680.5 1.4444905e+08
680.6 1.4334715e+08
680.7 1.4145329e+08
680.8 1.386877e+08
680.9 1.3496651e+08
681 1.302059e+08
681.1 1.2432913e+08
681.2 1.1727708e+08
681.3 1.0902373e+08
681.4 99599452
681.5 89128302
681.6 77894091
681.7 66467988
681.8 55958112
681.9 48377333
682 46478794
682.1 51695160
682.2 62526679
682.3 76457338
682.4 91606805
682.5 1.0677351e+08
682.6 1.2116008e+08
682.7 1.3420977e+08
682.8 1.4553417e+08
682.9 1.5488293e+08
683 1.6212838e+08
683.1 1.6725339e+08
683.2 1.7033733e+08
683.3 1.7153917e+08
683.4 1.7107806e+08
683.5 1.6921304e+08
683.6 1.6622324e+08
683.7 1.6239019e+08
683.8 1.5798324e+08
683.9 1.5324873e+08
684 1.4840299e+08
684.1 1.4362894e+08
684.2 1.3907563e+08
684.3 1.3486003e+08
684.4 1.3107011e+08
684.5 1.2776866e+08
684.6 1.249971e+08
684.7 1.2277893e+08
684.8 1.2112277e+08
684.9 1.2002482e+08
685 1.1947096e+08
685.1 1.1943859e+08
685.2 1.1989831e+08
685.3 1.2081553e+08
685.4 1.2215193e+08
685.5 1.2386678e+08
685.6 1.2591814e+08
685.7 1.2826365e+08
685.8 1.3086111e+08
685.9 1.3366868e+08
686 1.3664469e+08
686.1 1.397472e+08
686.2 1.4293333e+08
686.3 1.461586e+08
686.4 1.4937642e+08
686.5 1.5253819e+08
686.6 1.5559403e+08
686.7 1.5849436e+08
686.8 1.6119214e+08
686.9 1.6364558e+08
687 1.6582071e+08
687.1 1.6769348e+08
687.2 1.6925077e+08
687.3 1.7049021e+08
687.4 1.7141852e+08
687.5 1.7204885e+08
687.6 1.7239716e+08
687.7 1.7247832e+08
687.8 1.7230224e+08
687.9 1.7187049e+08
688 1.7117376e+08
688.1 1.7019025e+08
688.2 1.688852e+08
688.3 1.6721148e+08
688.4 1.651114e+08
688.5 1.6251946e+08
688.6 1.5936628e+08
688.7 1.5558327e+08
688.8 1.5110826e+08
688.9 1.4589182e+08
689 1.3990436e+08
689.1 1.3314416e+08
689.2 1.256468e+08
689.3 1.1749708e+08
689.4 1.0884505e+08
689.5 99928860
689.6 91106913
689.7 82898620
689.8 76017197
689.9 71339606
690 69719706
690.1 71637007
690.2 76937776
690.3 84945396
690.4 94796311
690.5 1.0568829e+08
690.6 1.1696255e+08
690.7 1.2809727e+08
690.8 1.3867956e+08
690.9 1.4838186e+08
691 1.5694746e+08
691.1 1.6418342e+08
691.2 1.6995802e+08
691.3 1.7420032e+08
691.4 1.7690008e+08
691.5 1.7810685e+08
691.6 1.7792714e+08
691.7 1.7651951e+08
691.8 1.7408697e+08
691.9 1.7086687e+08
692 1.6711822e+08
692.1 1.6310677e+08
692.2 1.5908835e+08
692.3 1.5529177e+08
692.4 1.5190272e+08
692.5 1.4905135e+08
692.6 1.4680545e+08
692.7 1.4517126e+08
692.8 1.4410162e+08
692.9 1.4350985e+08
693 1.4328652e+08
693.1 1.4331577e+08
693.2 1.4348889e+08
693.3 1.4371395e+08
693.4 1.4392126e+08
693.5 1.4406527e+08
693.6 1.4412368e+08
693.7 1.4409474e+08
693.8 1.4399337e+08
693.9 1.4384677e+08
694 1.4368989e+08
694.1 1.4356106e+08
694.2 1.4349806e+08
694.3 1.4353477e+08
694.4 1.4369856e+08
694.5 1.4400854e+08
694.6 1.4447464e+08
694.7 1.4509778e+08
694.8 1.4587067e+08
694.9 1.4677942e+08
695 1.4780553e+08
695.1 1.4892808e+08
695.2 1.5012571e+08
695.3 1.5137836e+08
695.4 1.5266854e+08
695.5 1.5398206e+08
695.6 1.5530837e+08
695.7 1.5664051e+08
695.8 1.5797491e+08
695.9 1.5931093e+08
696 1.6065046e+08
696.1 1.6199742e+08
696.2 1.6335727e+08
696.3 1.6473642e+08
696.4 1.6614153e+08
696.5 1.6757868e+08
696.6 1.6905236e+08
696.7 1.705642e+08
696.8 1.7211169e+08
696.9 1.7368662e+08
697 1.7527378e+08
697.1 1.7684966e+08
697.2 1.783817e+08
697.3 1.7982803e+08
697.4 1.8113804e+08
697.5 1.8225397e+08
697.6 1.8311335e+08
697.7 1.8365258e+08
697.8 1.8381116e+08
697.9 1.8353648e+08
698 1.8278869e+08
698.1 1.8154503e+08
698.2 1.7980333e+08
698.3 1.7758403e+08
698.4 1.7493046e+08
698.5 1.7190724e+08
698.6 1.6859691e+08
698.7 1.6509498e+08
698.8 1.6150411e+08
698.9 1.5792783e+08
699 1.5446454e+08
699.1 1.5120226e+08
699.2 1.4821456e+08
699.3 1.455577e+08
699.4 1.4326914e+08
699.5 1.4136736e+08
699.6 1.398528e+08
699.7 1.3871001e+08
699.8 1.3791077e+08
699.9 1.3741807e+08
700 1.371905e+08
700.1 1.3718664e+08
700.2 1.3736881e+08
700.3 1.3770581e+08
700.4 1.381743e+08
700.5 1.3875884e+08
700.6 1.3945077e+08
700.7 1.4024635e+08
700.8 1.4114464e+08
700.9 1.4214551e+08
701 1.4324812e+08
701.1 1.4445005e+08
701.2 1.4574702e+08
701.3 1.4713307e+08
701.4 1.4860101e+08
701.5 1.5014294e+08
701.6 1.5175071e+08
701.7 1.5341618e+08
701.8 1.5513133e+08
701.9 1.5688821e+08
702 1.5867876e+08
702.1 1.6049467e+08
702.2 1.6232715e+08
702.3 1.6416685e+08
702.4 1.6600369e+08
702.5 1.6782684e+08
702.6 1.6962466e+08
702.7 1.7138474e+08
702.8 1.7309396e+08
702.9 1.7473863e+08
703 1.7630477e+08
703.1 1.7777854e+08
703.2 1.7914672e+08
703.3 1.8039747e+08
703.4 1.8152103e+08
703.5 1.8251049e+08
703.6 1.8336248e+08
703.7 1.8407756e+08
703.8 1.846604e+08
703.9 1.8511954e+08
704 1.8546682e+08
704.1 1.8571654e+08
704.2 1.858845e+08
704.3 1.8598707e+08
704.4 1.8604029e+08
704.5 1.8605936e+08
704.6 1.8605807e+08
704.7 1.8604849e+08
704.8 1.8604042e+08
704.9 1.8604064e+08
705 1.860518e+08
705.1 1.8607108e+08
705.2 1.8608872e+08
705.3 1.8608674e+08
705.4 1.860382e+08
705.5 1.8590732e+08
705.6 1.8565071e+08
705.7 1.8521969e+08
705.8 1.8456359e+08
705.9 1.8363385e+08
706 1.8238842e+08
706.1 1.8079606e+08
706.2 1.7884017e+08
706.3 1.7652166e+08
706.4 1.7386065e+08
706.5 1.7089679e+08
706.6 1.6768807e+08
706.7 1.6430824e+08
706.8 1.6084296e+08
706.9 1.5738514e+08
707 1.5402981e+08
707.1 1.5086907e+08
707.2 1.4798771e+08
707.3 1.4545968e+08
707.4 1.4334565e+08
707.5 1.416915e+08
707.6 1.4052733e+08
707.7 1.3986669e+08
707.8 1.3970548e+08
707.9 1.4002082e+08
708 1.4076992e+08
708.1 1.4188979e+08
708.2 1.4329841e+08
708.3 1.4489795e+08
708.4 1.4658031e+08
708.5 1.4823471e+08
708.6 1.4975672e+08
708.7 1.5105769e+08
708.8 1.5207343e+08
708.9 1.5277079e+08
709 1.5315105e+08
709.1 1.5324909e+08
709.2 1.5312808e+08
709.3 1.5286984e+08
709.4 1.5256207e+08
709.5 1.5228426e+08
709.6 1.5209485e+08
709.7 1.5202178e+08
709.8 1.5205815e+08
709.9 1.5216316e+08
710 1.5226751e+08
710.1 1.5228119e+08
710.2 1.5210193e+08
710.3 1.5162257e+08
710.4 1.5073671e+08
710.5 1.4934281e+08
710.6 1.4734717e+08
710.7 1.4466687e+08
710.8 1.4123315e+08
710.9 1.369959e+08
711 1.3192929e+08
711.1 1.2603853e+08
711.2 1.1936749e+08
711.3 1.1200726e+08
711.4 1.0410572e+08
711.5 95878939
711.6 87624538
711.7 79735728
711.8 72708090
711.9 67117133
712 63529128
712.1 62328003
712.2 63537745
712.3 66795412
712.4 71509584
712.5 77061314
712.6 82923746
712.7 88694534
712.8 94084022
712.9 98890949
713 1.0297887e+08
713.1 1.0625669e+08
713.2 1.0866341e+08
713.3 1.1015649e+08
713.4 1.1070341e+08
713.5 1.1027608e+08
713.6 1.0884799e+08
713.7 1.0639381e+08
713.8 1.028913e+08
713.9 98324982
714 92691430
714.1 86005629
714.2 78308598
714.3 69677053
714.4 60238303
714.5 50200017
714.6 39925181
714.7 30154068
714.8 22664063
714.9 20988604
715 26573242
715.1 36177429
715.2 47217774
715.3 58601088
715.4 69831328
715.5 80637589
715.6 90852564
715.7 1.0036868e+08
715.8 1.0911948e+08
715.9 1.1706995e+08
716 1.2421044e+08
716.1 1.3055188e+08
716.2 1.3612187e+08
716.3 1.4096112e+08
716.4 1.4512018e+08
716.5 1.4865647e+08
716.6 1.5163153e+08
716.7 1.5410852e+08
716.8 1.5614983e+08
716.9 1.5781501e+08
717 1.5915888e+08
717.1 1.6022983e+08
717.2 1.6106861e+08
717.3 1.6170723e+08
717.4 1.6216841e+08
717.5 1.6246538e+08
717.6 1.626021e+08
717.7 1.6257396e+08
717.8 1.6236895e+08
717.9 1.6196929e+08
718 1.6135367e+08
718.1 1.6049982e+08
718.2 1.5938762e+08
718.3 1.5800238e+08
718.4 1.5633835e+08
718.5 1.5440192e+08
718.6 1.5221436e+08
718.7 1.4981361e+08
718.8 1.4725479e+08
718.9 1.4460889e+08
719 1.4195951e+08
719.1 1.3939742e+08
719.2 1.3701327e+08
719.3 1.3488899e+08
719.4 1.3308905e+08
719.5 1.3165295e+08
719.6 1.3059031e+08
719.7 1.2987961e+08
719.8 1.2947072e+08
719.9 1.2929068e+08
720 1.2925129e+08
720.1 1.2925726e+08
720.2 1.2921331e+08
720.3 1.2902985e+08
720.4 1.2862667e+08
720.5 1.2793524e+08
720.6 1.2690008e+08
720.7 1.2548e+08
720.8 1.2365007e+08
720.9 1.2140498e+08
721 1.1876442e+08
721.1 1.1578078e+08
721.2 1.1254889e+08
721.3 1.0921697e+08
721.4 1.0599631e+08
721.5 1.03165e+08
721.6 1.0105833e+08
721.7 1.0003753e+08
721.8 1.0043295e+08
721.9 1.0247206e+08
722 1.0621872e+08
722.1 1.1155215e+08
722.2 1.1819376e+08
722.3 1.2576416e+08
722.4 1.3384469e+08
722.5 1.4202708e+08
722.6 1.4994752e+08
722.7 1.5730762e+08
722.8 1.6388587e+08
722.9 1.6954184e+08
723 1.742141e+08
723.1 1.7791245e+08
723.2 1.8070516e+08
723.3 1.8270266e+08
723.4 1.8403954e+08
723.5 1.848573e+08
723.6 1.852898e+08
723.7 1.8545316e+08
723.8 1.8544038e+08
723.9 1.8532049e+08
724 1.8514097e+08
724.1 1.8493192e+08
724.2 1.8471076e+08
724.3 1.8448637e+08
724.4 1.8426225e+08
724.5 1.8403854e+08
724.6 1.8381319e+08
724.7 1.8358243e+08
724.8 1.8334091e+08
724.9 1.8308158e+08
725 1.8279554e+08
725.1 1.8247168e+08
725.2 1.8209636e+08
725.3 1.8165282e+08
725.4 1.8112063e+08
725.5 1.8047506e+08
725.6 1.796864e+08
725.7 1.7871946e+08
725.8 1.7753322e+08
725.9 1.760808e+08
726 1.7430986e+08
726.1 1.7216357e+08
726.2 1.6958228e+08
726.3 1.6650594e+08
726.4 1.6287739e+08
726.5 1.5864638e+08
726.6 1.5377416e+08
726.7 1.4823846e+08
726.8 1.4203842e+08
726.9 1.3519931e+08
727 1.2777663e+08
727.1 1.1985962e+08
727.2 1.1157448e+08
727.3 1.0308767e+08
727.4 94610268
727.5 86403874
727.6 78787147
727.7 72138036
727.8 66878594
727.9 63421805
728 62070812
728.1 62908858
728.2 65762354
728.3 70274434
728.4 76028050
728.5 82638135
728.6 89789066
728.7 97235698
728.8 1.0479033e+08
728.9 1.1230806e+08
729 1.1967499e+08
729.1 1.2679992e+08
729.2 1.3360905e+08
729.3 1.4004263e+08
729.4 1.460531e+08
729.5 1.5160396e+08
729.6 1.5666917e+08
729.7 1.6123278e+08
729.8 1.6528863e+08
729.9 1.6884013e+08
730 1.7189996e+08
730.1 1.7448955e+08
730.2 1.7663857e+08
730.3 1.7838391e+08
730.4 1.7976853e+08
730.5 1.8083982e+08
730.6 1.8164765e+08
730.7 1.8224211e+08
730.8 1.8267119e+08
730.9 1.8297836e+08
731 1.8320059e+08
731.1 1.8336668e+08
731.2 1.8349621e+08
731.3 1.8359888e+08
731.4 1.8367418e+08
731.5 1.8371106e+08
731.6 1.8368711e+08
731.7 1.8356702e+08
731.8 1.8330022e+08
731.9 1.8281761e+08
732 1.8202804e+08
732.1 1.8081499e+08
732.2 1.7903465e+08
732.3 1.7651626e+08
732.4 1.7306571e+08
732.5 1.6847313e+08
732.6 1.6252485e+08
732.7 1.5501958e+08
732.8 1.4578866e+08
732.9 1.3472026e+08
733 1.2178856e+08
733.1 1.0709249e+08
733.2 90919422
733.3 73881384
733.4 57276538
733.5 44070541
733.6 39979484
733.7 48227400
733.8 64097890
733.9 82669500
734 1.0151536e+08
734.1 1.1941788e+08
734.2 1.3566539e+08
734.3 1.4981125e+08
734.4 1.6158949e+08
734.5 1.7088031e+08
734.6 1.7769108e+08
734.7 1.8214118e+08
734.8 1.8444675e+08
734.9 1.8490424e+08
735 1.8387238e+08
735.1 1.8175226e+08
735.2 1.7896525e+08
735.3 1.7592826e+08
735.4 1.7302666e+08
735.5 1.7058644e+08
735.6 1.6884903e+08
735.7 1.6795385e+08
735.8 1.6793327e+08
735.9 1.6872205e+08
736 1.7017934e+08
736.1 1.7211777e+08
736.2 1.7433311e+08
736.3 1.7662948e+08
736.4 1.7883745e+08
736.5 1.8082458e+08
736.6 1.8249964e+08
736.7 1.8381188e+08
736.8 1.8474703e+08
736.9 1.8532131e+08
737 1.8557443e+08
737.1 1.8556235e+08
737.2 1.8535029e+08
737.3 1.8500642e+08
737.4 1.8459633e+08
737.5 1.8417853e+08
737.6 1.8380101e+08
737.7 1.8349888e+08
737.8 1.832931e+08
737.9 1.8319023e+08
738 1.8318314e+08
738.1 1.8325262e+08
738.2 1.8336973e+08
738.3 1.8349871e+08
738.4 1.8360031e+08
738.5 1.8363529e+08
738.6 1.8356775e+08
738.7 1.8336824e+08
738.8 1.8301612e+08
738.9 1.8250127e+08
739 1.8182471e+08
739.1 1.8099823e+08
739.2 1.8004299e+08
739.3 1.7898728e+08
739.4 1.7786366e+08
739.5 1.7670581e+08
739.6 1.7554561e+08
739.7 1.7441074e+08
739.8 1.7332312e+08
739.9 1.7229847e+08
740 1.7134687e+08
740.1 1.7047433e+08
740.2 1.6968482e+08
740.3 1.6898256e+08
740.4 1.6837395e+08
740.5 1.6786885e+08
740.6 1.6748086e+08
740.7 1.6722626e+08
740.8 1.6712181e+08
740.9 1.6718132e+08
741 1.6741144e+08
741.1 1.6780711e+08
741.2 1.6834741e+08
741.3 1.6899241e+08
741.4 1.6968191e+08
741.5 1.7033639e+08
741.6 1.7086072e+08
741.7 1.7115039e+08
741.8 1.7109997e+08
741.9 1.7061301e+08
742 1.696124e+08
742.1 1.680499e+08
742.2 1.6591365e+08
742.3 1.6323255e+08
742.4 1.6007661e+08
742.5 1.5655307e+08
742.6 1.5279835e+08
742.7 1.4896669e+08
742.8 1.4521691e+08
742.9 1.4169886e+08
743 1.3854144e+08
743.1 1.3584395e+08
743.2 1.3367155e+08
743.3 1.3205543e+08
743.4 1.3099682e+08
743.5 1.3047357e+08
743.6 1.3044777e+08
743.7 1.3087283e+08
743.8 1.3169908e+08
743.9 1.3287752e+08
744 1.3436175e+08
744.1 1.3610851e+08
744.2 1.3807728e+08
744.3 1.402294e+08
744.4 1.4252715e+08
744.5 1.4493287e+08
744.6 1.4740827e+08
744.7 1.4991401e+08
744.8 1.5240947e+08
744.9 1.548526e+08
745 1.5719993e+08
745.1 1.5940678e+08
745.2 1.614275e+08
745.3 1.6321603e+08
745.4 1.6472674e+08
745.5 1.6591559e+08
745.6 1.6674162e+08
745.7 1.6716879e+08
745.8 1.67168e+08
745.9 1.6671913e+08
746 1.65813e+08
746.1 1.6445287e+08
746.2 1.6265541e+08
746.3 1.6045091e+08
746.4 1.5788256e+08
746.5 1.5500493e+08
746.6 1.5188152e+08
746.7 1.4858172e+08
746.8 1.4517721e+08
746.9 1.4173827e+08
747 1.3833011e+08
747.1 1.3500968e+08
747.2 1.3182302e+08
747.3 1.2880352e+08
747.4 1.2597106e+08
747.5 1.2333209e+08
747.6 1.208807e+08
747.7 1.1860032e+08
747.8 1.1646615e+08
747.9 1.1444789e+08
748 1.1251274e+08
748.1 1.1062834e+08
748.2 1.087656e+08
748.3 1.0690131e+08
748.4 1.0502055e+08
748.5 1.0311883e+08
748.6 1.0120411e+08
748.7 99298718
748.8 97440993
748.9 95686633
749 94109154
749.1 92798860
749.2 91859437
749.3 91401331
749.4 91531612
749.5 92341054
749.6 93890525
749.7 96199791
749.8 99241657
749.9 1.029429e+08
750 1.0719133e+08
750.1 1.1184692e+08
750.2 1.167541e+08
750.3 1.2175349e+08
750.4 1.2669158e+08
750.5 1.3142807e+08
750.6 1.3584069e+08
750.7 1.3982798e+08
750.8 1.4330996e+08
750.9 1.462272e+08
751 1.4853845e+08
751.1 1.5021731e+08
751.2 1.512481e+08
751.3 1.5162166e+08
751.4 1.5133129e+08
751.5 1.5036958e+08
751.6 1.4872662e+08
751.7 1.4638997e+08
751.8 1.4334696e+08
751.9 1.3958928e+08
752 1.3511982e+08
752.1 1.2996115e+08
752.2 1.2416456e+08
752.3 1.1781825e+08
752.4 1.1105296e+08
752.5 1.0404294e+08
752.6 97000838
752.7 90164982
752.8 83779127
752.9 78065873
753 73197734
753.1 69272617
753.2 66301766
753.3 64215334
753.4 62883378
753.5 62142923
753.6 61820533
753.7 61744980
753.8 61751361
753.9 61681731
754 61387150
754.1 60733676
754.2 59612134
754.3 57949691
754.4 55720570
754.5 52953435
754.6 49733747
754.7 46200222
754.8 42535126
754.9 38948155
755 35653261
755.1 32838210
755.2 30630294
755.3 29069722
755.4 28107930
755.5 27639448
755.6 27554760
755.7 27789054
755.8 28348190
755.9 29306065
756 30776094
756.1 32866608
756.2 35637822
756.3 39078559
756.4 43108795
756.5 47599419
756.6 52396198
756.7 57339814
756.8 62279827
756.9 67083378
757 71640037
757.1 75863872
757.2 79693455
757.3 83090338
757.4 86036466
757.5 88530974
757.6 90586801
757.7 92227496
757.8 93484507
757.9 94395156
758 95001363
758.1 95349095
758.2 95488384
758.3 95473668
758.4 95364124
758.5 95223580
758.6 95119619
758.7 95121520
758.8 95296887
758.9 95707089
759 96402002
759.1 97414866
759.2 98758249
759.3 1.0042197e+08
759.4 1.023735e+08
759.5 1.0456073e+08
759.6 1.0691669e+08
759.7 1.0936526e+08
759.8 1.1182718e+08
759.9 1.1422557e+08
760 1.1649053e+08
760.1 1.1856263e+08
760.2 1.203953e+08
760.3 1.2195601e+08
760.4 1.2322661e+08
760.5 1.2420285e+08
760.6 1.2489322e+08
760.7 1.2531735e+08
760.8 1.2550406e+08
760.9 1.2548917e+08
761 1.2531322e+08
761.1 1.2501908e+08
761.2 1.2464973e+08
761.3 1.2424608e+08
761.4 1.2384523e+08
761.5 1.2347899e+08
761.6 1.2317301e+08
761.7 1.2294647e+08
761.8 1.228124e+08
761.9 1.2277856e+08
762 1.2284875e+08
762.1 1.2302442e+08
762.2 1.2330623e+08
762.3 1.2369555e+08
762.4 1.241955e+08
762.5 1.2481153e+08
762.6 1.2555146e+08
762.7 1.2642499e+08
762.8 1.2744276e+08
762.9 1.2861523e+08
763 1.2995129e+08
763.1 1.3145708e+08
763.2 1.3313498e+08
763.3 1.3498288e+08
763.4 1.3699396e+08
763.5 1.3915679e+08
763.6 1.4145584e+08
763.7 1.438723e+08
763.8 1.4638503e+08
763.9 1.4897161e+08
764 1.5160927e+08
764.1 1.5427568e+08
764.2 1.5694947e+08
764.3 1.5961042e+08
764.4 1.6223938e+08
764.5 1.6481793e+08
764.6 1.6732782e+08
764.7 1.6975042e+08
764.8 1.7206624e+08
764.9 1.742547e+08
765 1.7629428e+08
765.1 1.7816323e+08
765.2 1.7984071e+08
765.3 1.813085e+08
765.4 1.8255299e+08
765.5 1.8356718e+08
765.6 1.8435244e+08
765.7 1.8491952e+08
765.8 1.8528859e+08
765.9 1.8548792e+08
766 1.8555148e+08
766.1 1.8551546e+08
766.2 1.8541445e+08
766.3 1.8527772e+08
766.4 1.8512644e+08
766.5 1.8497208e+08
766.6 1.8481625e+08
766.7 1.8465171e+08
766.8 1.8446427e+08
766.9 1.8423491e+08
767 1.8394179e+08
767.1 1.8356191e+08
767.2 1.8307212e+08
767.3 1.8244968e+08
767.4 1.8167242e+08
767.5 1.8071865e+08
767.6 1.7956697e+08
767.7 1.7819607e+08
767.8 1.7658467e+08
767.9 1.7471149e+08
768 1.7255539e+08
768.1 1.7009563e+08
768.2 1.673124e+08
768.3 1.6418739e+08
768.4 1.6070475e+08
768.5 1.5685219e+08
768.6 1.526224e+08
768.7 1.4801463e+08
768.8 1.4303647e+08
768.9 1.377057e+08
769 1.320521e+08
769.1 1.2611903e+08
769.2 1.1996473e+08
769.3 1.1366301e+08
769.4 1.0730327e+08
769.5 1.009895e+08
769.6 94838083
769.7 88973983
769.8 83525067
769.9 78614256
770 74349683
770.1 70813777
770.2 68053352
770.3 66073575
770.4 64838457
770.5 64278541
770.6 64303792
770.7 64817867
770.8 65730155
770.9 66963656
771 68458755
771.1 70174135
771.2 72086449
771.3 74190005
771.4 76497050
771.5 79038499
771.6 81864187
771.7 85041263
771.8 88649281
771.9 92771092
772 97479875
772.1 1.0282416e+08
772.2 1.0881392e+08
772.3 1.1541089e+08
772.4 1.2252534e+08
772.5 1.3001978e+08
772.6 1.3771827e+08
772.7 1.4541939e+08
772.8 1.5291051e+08
772.9 1.5998154e+08
773 1.6643696e+08
773.1 1.7210526e+08
773.2 1.7684572e+08
773.3 1.8055238e+08
773.4 1.8315564e+08
773.5 1.8462184e+08
773.6 1.8495127e+08
773.7 1.8417522e+08
773.8 1.8235227e+08
773.9 1.7956445e+08
774 1.7591326e+08
774.1 1.7151593e+08
774.2 1.6650186e+08
774.3 1.6100942e+08
774.4 1.5518303e+08
774.5 1.4917051e+08
774.6 1.4312073e+08
774.7 1.3718138e+08
774.8 1.3149684e+08
774.9 1.2620582e+08
775 1.2143864e+08
775.1 1.1731366e+08
775.2 1.1393288e+08
775.3 1.1137659e+08
775.4 1.0969778e+08
775.5 1.0891706e+08
775.6 1.0901955e+08
775.7 1.0995458e+08
775.8 1.1163853e+08
775.9 1.1396039e+08
776 1.1678898e+08
776.1 1.1998068e+08
776.2 1.2338692e+08
776.3 1.268609e+08
776.4 1.3026352e+08
776.5 1.334685e+08
776.6 1.363668e+08
776.7 1.3887034e+08
776.8 1.4091483e+08
776.9 1.4246162e+08
777 1.4349832e+08
777.1 1.44038e+08
777.2 1.4411681e+08
777.3 1.4379017e+08
777.4 1.4312755e+08
777.5 1.4220636e+08
777.6 1.4110539e+08
777.7 1.3989859e+08
777.8 1.3864983e+08
777.9 1.3740953e+08
778 1.3621351e+08
778.1 1.3508443e+08
778.2 1.3403573e+08
778.3 1.3307766e+08
778.4 1.322248e+08
778.5 1.31504e+08
778.6 1.3096197e+08
778.7 1.3067101e+08
778.8 1.307313e+08
778.9 1.3126816e+08
779 1.3242237e+08
779.1 1.3433284e+08
779.2 1.3711277e+08
779.3 1.4082259e+08
779.4 1.4544549e+08
779.5 1.5087127e+08
779.6 1.5689214e+08
779.7 1.6321087e+08
779.8 1.6945871e+08
779.9 1.7521956e+08
780 1.8005696e+08
780.1 1.8354177e+08
780.2 1.8527899e+08
780.3 1.8493279e+08
780.4 1.8224861e+08
780.5 1.770715e+08
780.6 1.6935947e+08
780.7 1.5919136e+08
780.8 1.4676904e+08
780.9 1.3241527e+08
781 1.165705e+08
781.1 99796139
781.2 82800228
781.3 66521178
781.4 52335314
781.5 42371498
781.6 39074726
781.7 42630216
781.8 50215017
781.9 59031408
782 67525327
782.1 74964370
782.2 81030781
782.3 85621547
782.4 88754468
782.5 90519889
782.6 91052928
782.7 90515949
782.8 89086828
782.9 86950788
783 84294510
783.1 81301537
783.2 78148153
783.3 74999015
783.4 72001982
783.5 69281970
783.6 66934245
783.7 65018332
783.8 63554296
783.9 62523044
784 61871379
784.1 61521051
784.2 61379853
784.3 61352489
784.4 61349541
784.5 61293736
784.6 61123575
784.7 60794765
784.8 60280033
784.9 59567828
785 58660297
785.1 57570798
785.2 56321189
785.3 54939071
785.4 53455215
785.5 51901378
785.6 50308740
785.7 48707130
785.8 47125133
785.9 45590991
786 44134015
786.1 42786026
786.2 41582177
786.3 40560488
786.4 39759641
786.5 39215040
786.6 38953853
786.7 38990425
786.8 39323678
786.9 39937634
787 40805042
787.1 41892944
787.2 43168388
787.3 44602612
787.4 46172680
787.5 47860382
787.6 49648930
787.7 51518539
787.8 53442147
787.9 55382438
788 57290853
788.1 59108763
788.2 60770405
788.3 62206949
788.4 63350975
788.5 64140799
788.6 64524362
788.7 64462629
788.8 63932721
788.9 62931158
789 61477767
789.1 59620845
789.2 57444134
789.3 55075770
789.4 52698119
789.5 50554553
789.6 48944182
789.7 48190797
789.8 48577313
789.9 50262142
790 53223418
790.1 57267359
790.2 62087409
790.3 67331589
790.4 72650900
790.5 77726881
790.6 82286706
790.7 86112821
790.8 89050173
790.9 91011307
791 91978459
791.1 92001610
791.2 91191862
791.3 89710158
791.4 87751970
791.5 85529164
791.6 83250700
791.7 81104282
791.8 79241389
791.9 77768112
792 76743499
792.1 76185524
792.2 76082860
792.3 76409136
792.4 77136102
792.5 78242975
792.6 79720651
792.7 81570833
792.8 83801091
792.9 86417444
793 89416346
793.1 92777805
793.2 96461030
793.3 1.0040328e+08
793.4 1.045219e+08
793.5 1.0871902e+08
793.6 1.1288787e+08
793.7 1.1691983e+08
793.8 1.2071134e+08
793.9 1.2417002e+08
794 1.2721945e+08
794.1 1.2980263e+08
794.2 1.3188375e+08
794.3 1.3344857e+08
794.4 1.3450336e+08
794.5 1.3507279e+08
794.6 1.3519668e+08
794.7 1.3492625e+08
794.8 1.3431963e+08
794.9 1.3343731e+08
795 1.3233756e+08
795.1 1.3107235e+08
795.2 1.296841e+08
795.3 1.2820388e+08
795.4 1.2665118e+08
795.5 1.2503571e+08
795.6 1.2336075e+08
795.7 1.2162776e+08
795.8 1.1984123e+08
795.9 1.18013e+08
796 1.1616486e+08
796.1 1.1432922e+08
796.2 1.125473e+08
796.3 1.1086533e+08
796.4 1.0932944e+08
796.5 1.0797998e+08
796.6 1.0684649e+08
796.7 1.0594412e+08
796.8 1.0527211e+08
796.9 1.0481459e+08
797 1.0454345e+08
797.1 1.0442252e+08
797.2 1.0441251e+08
797.3 1.0447554e+08
797.4 1.0457879e+08
797.5 1.0469684e+08
797.6 1.0481251e+08
797.7 1.0491649e+08
797.8 1.0500595e+08
797.9 1.0508276e+08
798 1.0515152e+08
798.1 1.0521773e+08
798.2 1.0528642e+08
798.3 1.0536115e+08
798.4 1.054434e+08
798.5 1.0553236e+08
798.6 1.0562491e+08
798.7 1.0571574e+08
798.8 1.057976e+08
798.9 1.0586153e+08
799 1.0589713e+08
799.1 1.0589281e+08
799.2 1.0583606e+08
799.3 1.0571366e+08
799.4 1.0551195e+08
799.5 1.05217e+08
799.6 1.0481489e+08
799.7 1.0429192e+08
799.8 1.0363487e+08
799.9 1.0283137e+08
800 1.0187023e+08
800.1 1.00742e+08
800.2 99439438
800.3 97958150
800.4 96297111
800.5 94459163
800.6 92451356
800.7 90285116
800.8 87976210
800.9 85544524
801 83013678
801.1 80410515
801.2 77764532
801.3 75107241
801.4 72471493
801.5 69890711
801.6 67397986
801.7 65024979
801.8 62800600
801.9 60749527
802 58890698
802.1 57236071
802.2 55789980
802.3 54549448
802.4 53505671
802.5 52646665
802.6 51960785
802.7 51440554
802.8 51086075
802.9 50907264
803 50924216
803.1 51165306
803.2 51663031
803.3 52448176
803.4 53543435
803.5 54957955
803.6 56684134
803.7 58697340
803.8 60958436
803.9 63418283
804 66023223
804.1 68720696
804.2 71464607
804.3 74220418
804.4 76970166
804.5 79717560
804.6 82492937
804.7 85357246
804.8 88403389
804.9 91752534
805 95542897
805.1 99909587
805.2 1.0495679e+08
805.3 1.1072692e+08
805.4 1.1717399e+08
805.5 1.241478e+08
805.6 1.3139291e+08
805.7 1.3856188e+08
805.8 1.4523979e+08
805.9 1.5097569e+08
806 1.5531742e+08
806.1 1.578463e+08
806.2 1.5820949e+08
806.3 1.5614751e+08
806.4 1.5151541e+08
806.5 1.4429662e+08
806.6 1.3460986e+08
806.7 1.2271165e+08
806.8 1.09e+08
806.9 94031711
807 78579464
807.1 63784052
807.2 51478616
807.3 44448864
807.4 45050074
807.5 52246051
807.6 62764723
807.7 74039586
807.8 84598878
807.9 93596720
808 1.0051287e+08
808.1 1.0502384e+08
808.2 1.069578e+08
808.3 1.0628935e+08
808.4 1.0315744e+08
808.5 97901692
808.6 91119331
808.7 83743455
808.8 77114181
808.9 72912349
809 72699359
809.1 77097990
809.2 85429856
809.3 96275030
809.4 1.0819888e+08
809.5 1.2007207e+08
809.6 1.3109946e+08
809.7 1.4076528e+08
809.8 1.4877592e+08
809.9 1.5501451e+08
810 1.5950395e+08
810.1 1.6237446e+08
810.2 1.6383332e+08
810.3 1.6413641e+08
810.4 1.6356181e+08
810.5 1.6238639e+08
810.6 1.6086627e+08
810.7 1.5922232e+08
810.8 1.5763122e+08
810.9 1.5622229e+08
811 1.5507978e+08
811.1 1.5424947e+08
811.2 1.537479e+08
811.3 1.5357244e+08
811.4 1.5371057e+08
811.5 1.5414704e+08
811.6 1.5486837e+08
811.7 1.5586449e+08
811.8 1.571281e+08
811.9 1.5865207e+08
812 1.6042612e+08
812.1 1.6243311e+08
812.2 1.6464588e+08
812.3 1.6702491e+08
812.4 1.6951694e+08
812.5 1.7205446e+08
812.6 1.7455589e+08
812.7 1.7692599e+08
812.8 1.7905649e+08
812.9 1.8082658e+08
813 1.8210339e+08
813.1 1.827426e+08
813.2 1.8258949e+08
813.3 1.8148075e+08
813.4 1.7924754e+08
813.5 1.7572008e+08
813.6 1.7073405e+08
813.7 1.6413892e+08
813.8 1.5580793e+08
813.9 1.4564937e+08
814 1.3361829e+08
814.1 1.1972766e+08
814.2 1.040578e+08
814.3 86763022
814.4 68075272
814.5 48307174
814.6 27877822
814.7 7887950.4
814.8 14758686
814.9 34622422
815 53741806
815.1 71483906
815.2 87449616
815.3 1.0132897e+08
815.4 1.1289643e+08
815.5 1.2201502e+08
815.6 1.2863839e+08
815.7 1.32809e+08
815.8 1.3465228e+08
815.9 1.343673e+08
816 1.3221462e+08
816.1 1.2850217e+08
816.2 1.2357021e+08
816.3 1.1777587e+08
816.4 1.1147822e+08
816.5 1.0502384e+08
816.6 98733024
816.7 92886519
816.8 87712863
816.9 83377545
817 79976276
817.1 77535390
817.2 76021285
817.3 75357813
817.4 75447292
817.5 76189479
817.6 77494350
817.7 79287308
817.8 81508001
817.9 84105199
818 87030305
818.1 90231591
818.2 93650419
818.3 97219972
818.4 1.0086631e+08
818.5 1.0451122e+08
818.6 1.0807613e+08
818.7 1.1148629e+08
818.8 1.1467469e+08
818.9 1.1758533e+08
819 1.2017557e+08
819.1 1.2241752e+08
819.2 1.2429862e+08
819.3 1.2582141e+08
819.4 1.270027e+08
819.5 1.278721e+08
819.6 1.2846998e+08
819.7 1.288448e+08
819.8 1.2904973e+08
819.9 1.2913877e+08
820 1.2916249e+08
820.1 1.2916388e+08
820.2 1.2917502e+08
820.3 1.2921492e+08
820.4 1.2928933e+08
820.5 1.2939227e+08
820.6 1.2950943e+08
820.7 1.2962239e+08
820.8 1.2971326e+08
820.9 1.2976861e+08
821 1.2978234e+08
821.1 1.2975696e+08
821.2 1.2970352e+08
821.3 1.2964022e+08
821.4 1.2959029e+08
821.5 1.2957949e+08
821.6 1.2963375e+08
821.7 1.2977706e+08
821.8 1.3002994e+08
821.9 1.3040837e+08
822 1.3092314e+08
822.1 1.3157955e+08
822.2 1.3237736e+08
822.3 1.3331078e+08
822.4 1.3436871e+08
822.5 1.3553497e+08
822.6 1.3678868e+08
822.7 1.3810464e+08
822.8 1.394539e+08
822.9 1.408043e+08
823 1.42121e+08
823.1 1.4336715e+08
823.2 1.4450445e+08
823.3 1.4549388e+08
823.4 1.4629632e+08
823.5 1.4687345e+08
823.6 1.4718857e+08
823.7 1.4720772e+08
823.8 1.4690075e+08
823.9 1.4624264e+08
824 1.4521474e+08
824.1 1.4380622e+08
824.2 1.4201533e+08
824.3 1.3985079e+08
824.4 1.3733287e+08
824.5 1.3449443e+08
824.6 1.313815e+08
824.7 1.2805336e+08
824.8 1.2458193e+08
824.9 1.2105007e+08
825 1.1754871e+08
825.1 1.1417247e+08
825.2 1.1101389e+08
825.3 1.0815659e+08
825.4 1.0566816e+08
825.5 1.035939e+08
825.6 1.0195274e+08
825.7 1.0073608e+08
825.8 99909762
825.9 99418224
826 99189158
826.1 99136989
826.2 99163978
826.3 99158816
826.4 98993696
826.5 98521651
826.6 97576339
826.7 95976266
826.8 93534965
826.9 90078125
827 85468616
827.1 79641550
827.2 72655256
827.3 64772990
827.4 56606842
827.5 49360961
827.6 45050284
827.7 45930119
827.8 52661664
827.9 63810306
828 77462961
828.1 92175646
828.2 1.0697196e+08
828.3 1.2117759e+08
828.4 1.3431625e+08
828.5 1.4605897e+08
828.6 1.561988e+08
828.7 1.6463516e+08
828.8 1.713604e+08
828.9 1.7644564e+08
829 1.8002521e+08
829.1 1.8228024e+08
829.2 1.8342236e+08
829.3 1.8367823e+08
829.4 1.8327603e+08
829.5 1.8243413e+08
829.6 1.8135235e+08
829.7 1.802057e+08
829.8 1.791403e+08
829.9 1.7827125e+08
830 1.7768198e+08
830.1 1.7742467e+08
830.2 1.7752152e+08
830.3 1.779664e+08
830.4 1.7872681e+08
830.5 1.7974597e+08
830.6 1.8094499e+08
830.7 1.822251e+08
830.8 1.8347013e+08
830.9 1.8454937e+08
831 1.8532098e+08
831.1 1.8563632e+08
831.2 1.8534527e+08
831.3 1.8430284e+08
831.4 1.8237699e+08
831.5 1.7945754e+08
831.6 1.7546566e+08
831.7 1.703632e+08
831.8 1.6416094e+08
831.9 1.5692458e+08
832 1.4877742e+08
832.1 1.3989878e+08
832.2 1.3051777e+08
832.3 1.2090213e+08
832.4 1.113426e+08
832.5 1.0213329e+08
832.6 93548793
832.7 85819418
832.8 79106841
832.9 73484799
833 68931077
833.1 65336046
833.2 62527678
833.3 60305793
833.4 58474801
833.5 56866957
833.6 55354090
833.7 53850599
833.8 52312259
833.9 50734745
834 49154231
834.1 47650496
834.2 46350797
834.3 45430014
834.4 45099848
834.5 45580195
834.6 47053762
834.7 49619779
834.8 53270327
834.9 57900006
835 63337780
835.1 69381503
835.2 75823394
835.3 82464847
835.4 89123738
835.5 95637610
835.6 1.0186496e+08
835.7 1.0768575e+08
835.8 1.1300157e+08
835.9 1.177356e+08
836 1.218323e+08
836.1 1.2525674e+08
836.2 1.2799337e+08
836.3 1.3004419e+08
836.4 1.3142642e+08
836.5 1.3216953e+08
836.6 1.3231223e+08
836.7 1.318995e+08
836.8 1.309803e+08
836.9 1.2960625e+08
837 1.2783166e+08
837.1 1.257147e+08
837.2 1.2331956e+08
837.3 1.2071871e+08
837.4 1.179944e+08
837.5 1.1523844e+08
837.6 1.1254933e+08
837.7 1.1002666e+08
837.8 1.0776331e+08
837.9 1.058364e+08
838 1.0429875e+08
838.1 1.031719e+08
838.2 1.0244153e+08
838.3 1.0205494e+08
838.4 1.0192034e+08
838.5 1.0190735e+08
838.6 1.0184945e+08
838.7 1.0154946e+08
838.8 1.0078958e+08
838.9 99347394
839 97018302
839.1 93644374
839.2 89148878
839.3 83576488
839.4 77140598
839.5 70280581
839.6 63725573
839.7 58523647
839.8 55898372
839.9 56767599
840 61178931
840.1 68330793
840.2 77129730
840.3 86624522
840.4 96124898
840.5 1.0517058e+08
840.6 1.134734e+08
840.7 1.2086863e+08
840.8 1.2727894e+08
840.9 1.3268754e+08
841 1.3711784e+08
841.1 1.4061805e+08
841.2 1.4324965e+08
841.3 1.4507934e+08
841.4 1.4617416e+08
841.5 1.4659923e+08
841.6 1.4641783e+08
841.7 1.4569315e+08
841.8 1.4449103e+08
841.9 1.4288302e+08
842 1.4094883e+08
842.1 1.3877736e+08
842.2 1.3646574e+08
842.3 1.3411565e+08
842.4 1.3182727e+08
842.5 1.296912e+08
842.6 1.2777988e+08
842.7 1.2614038e+08
842.8 1.2479042e+08
842.9 1.2371919e+08
843 1.2289292e+08
843.1 1.222642e+08
843.2 1.2178276e+08
843.3 1.2140519e+08
843.4 1.2110162e+08
843.5 1.2085811e+08
843.6 1.2067493e+08
843.7 1.2056166e+08
843.8 1.2053088e+08
843.9 1.2059244e+08
844 1.2074991e+08
844.1 1.2100018e+08
844.2 1.213361e+08
844.3 1.2175085e+08
844.4 1.222423e+08
844.5 1.2281561e+08
844.6 1.2348261e+08
844.7 1.2425811e+08
844.8 1.2515364e+08
844.9 1.261707e+08
845 1.2729515e+08
845.1 1.2849417e+08
845.2 1.2971642e+08
845.3 1.3089475e+08
845.4 1.3195042e+08
845.5 1.3279767e+08
845.6 1.3334757e+08
845.7 1.3351068e+08
845.8 1.3319851e+08
845.9 1.3232424e+08
846 1.308031e+08
846.1 1.2855313e+08
846.2 1.2549683e+08
846.3 1.2156425e+08
846.4 1.1669792e+08
846.5 1.1086013e+08
846.6 1.0404339e+08
846.7 96285538
846.8 87692645
846.9 78476231
847 69017491
847.1 59978644
847.2 52464125
847.3 48080335
847.4 48386795
847.5 53689698
847.6 62819185
847.7 74220583
847.8 86671689
847.9 99333890
848 1.1163e+08
848.1 1.2314995e+08
848.2 1.3359919e+08
848.3 1.4277272e+08
848.4 1.5054183e+08
848.5 1.5684636e+08
848.6 1.6168882e+08
848.7 1.6512851e+08
848.8 1.6727478e+08
848.9 1.6827899e+08
849 1.6832495e+08
849.1 1.6761811e+08
849.2 1.6637359e+08
849.3 1.6480362e+08
849.4 1.631053e+08
849.5 1.6144956e+08
849.6 1.5997264e+08
849.7 1.5877106e+08
849.8 1.5790069e+08
849.9 1.5737995e+08
850 1.5719621e+08
850.1 1.5731413e+08
850.2 1.5768435e+08
850.3 1.582513e+08
850.4 1.5895924e+08
850.5 1.5975615e+08
850.6 1.6059572e+08
850.7 1.6143762e+08
850.8 1.622468e+08
850.9 1.6299216e+08
851 1.6364518e+08
851.1 1.6417874e+08
851.2 1.6456656e+08
851.3 1.6478313e+08
851.4 1.6480443e+08
851.5 1.6460907e+08
851.6 1.6417982e+08
851.7 1.6350536e+08
851.8 1.6258178e+08
851.9 1.6141383e+08
852 1.600155e+08
852.1 1.5841003e+08
852.2 1.5662904e+08
852.3 1.5471113e+08
852.4 1.5269984e+08
852.5 1.5064132e+08
852.6 1.485819e+08
852.7 1.4656574e+08
852.8 1.4463295e+08
852.9 1.4281799e+08
853 1.4114875e+08
853.1 1.3964604e+08
853.2 1.3832355e+08
853.3 1.3718811e+08
853.4 1.3624012e+08
853.5 1.3547415e+08
853.6 1.3487949e+08
853.7 1.3444074e+08
853.8 1.341384e+08
853.9 1.3394955e+08
854 1.3384862e+08
854.1 1.3380834e+08
854.2 1.3380083e+08
854.3 1.3379896e+08
854.4 1.3377773e+08
854.5 1.3371569e+08
854.6 1.3359634e+08
854.7 1.3340914e+08
854.8 1.3315025e+08
854.9 1.3282273e+08
855 1.3243619e+08
855.1 1.3200582e+08
855.2 1.3155104e+08
855.3 1.3109363e+08
855.4 1.3065574e+08
855.5 1.3025782e+08
855.6 1.2991671e+08
855.7 1.2964404e+08
855.8 1.2944495e+08
855.9 1.2931738e+08
856 1.2925173e+08
856.1 1.2923095e+08
856.2 1.2923113e+08
856.3 1.2922238e+08
856.4 1.2917005e+08
856.5 1.2903634e+08
856.6 1.2878204e+08
856.7 1.2836865e+08
856.8 1.2776055e+08
856.9 1.2692736e+08
857 1.258462e+08
857.1 1.2450387e+08
857.2 1.2289879e+08
857.3 1.2104246e+08
857.4 1.1896049e+08
857.5 1.1669288e+08
857.6 1.1429368e+08
857.7 1.1182976e+08
857.8 1.0937882e+08
857.9 1.0702656e+08
858 1.0486305e+08
858.1 1.0297841e+08
858.2 1.0145809e+08
858.3 1.0037794e+08
858.4 99799687
858.5 99767303
858.6 1.0030477e+08
858.7 1.0141558e+08
858.8 1.0308394e+08
858.9 1.0527725e+08
859 1.0794949e+08
859.1 1.1104466e+08
859.2 1.1449997e+08
859.3 1.1824852e+08
859.4 1.2222122e+08
859.5 1.2634818e+08
859.6 1.3055966e+08
859.7 1.3478673e+08
859.8 1.3896177e+08
859.9 1.4301903e+08
860 1.4689525e+08
860.1 1.505304e+08
860.2 1.5386861e+08
860.3 1.5685932e+08
860.4 1.5945842e+08
860.5 1.6162959e+08
860.6 1.6334554e+08
860.7 1.6458919e+08
860.8 1.6535465e+08
860.9 1.6564794e+08
861 1.6548732e+08
861.1 1.6490335e+08
861.2 1.6393842e+08
861.3 1.6264598e+08
861.4 1.6108944e+08
861.5 1.5934066e+08
861.6 1.5747826e+08
861.7 1.5558561e+08
861.8 1.5374857e+08
861.9 1.520529e+08
862 1.5058135e+08
862.1 1.4941036e+08
862.2 1.4860658e+08
862.3 1.4822333e+08
862.4 1.4829733e+08
862.5 1.488462e+08
862.6 1.4986707e+08
862.7 1.5133659e+08
862.8 1.5321247e+08
862.9 1.5543631e+08
863 1.579375e+08
863.1 1.6063754e+08
863.2 1.634545e+08
863.3 1.6630709e+08
863.4 1.691182e+08
863.5 1.7181773e+08
863.6 1.7434462e+08
863.7 1.7664827e+08
863.8 1.7868928e+08
863.9 1.8043965e+08
864 1.8188258e+08
864.1 1.8301178e+08
864.2 1.838305e+08
864.3 1.8435024e+08
864.4 1.8458912e+08
864.5 1.8457016e+08
864.6 1.8431927e+08
864.7 1.8386331e+08
864.8 1.8322804e+08
864.9 1.8243635e+08
865 1.8150664e+08
865.1 1.8045161e+08
865.2 1.7927746e+08
865.3 1.7798357e+08
865.4 1.7656266e+08
865.5 1.7500142e+08
865.6 1.7328154e+08
865.7 1.7138105e+08
865.8 1.6927599e+08
865.9 1.6694214e+08
866 1.6435696e+08
866.1 1.6150147e+08
866.2 1.5836216e+08
866.3 1.5493267e+08
866.4 1.5121539e+08
866.5 1.4722266e+08
866.6 1.4297759e+08
866.7 1.3851448e+08
866.8 1.3387863e+08
866.9 1.2912561e+08
867 1.2431993e+08
867.1 1.1953311e+08
867.2 1.1484127e+08
867.3 1.1032215e+08
867.4 1.0605184e+08
867.5 1.0210111e+08
867.6 98531743
867.7 95393045
867.8 92718853
867.9 90525515
868 88811169
868.1 87556552
868.2 86727299
868.3 86277417
868.4 86153445
868.5 86298697
868.6 86657094
868.7 87176251
868.8 87809628
868.9 88517769
869 89268709
869.1 90037694
869.2 90806414
869.3 91561899
869.4 92295245
869.5 93000317
869.6 93672503
869.7 94307617
869.8 94900941
869.9 95446407
870 95935849
870.1 96358257
870.2 96698947
870.3 96938571
870.4 97051941
870.5 97006693
870.6 96761913
870.7 96266947
870.8 95460731
870.9 94272070
871 92621373
871.1 90424406
871.2 87598653
871.3 84072942
871.4 79801167
871.5 74781384
871.6 69082528
871.7 62882733
871.8 56525087
871.9 50592498
872 45968404
872.1 43740868
872.2 44741849
872.3 48967857
872.4 55625884
872.5 63706137
872.6 72368610
872.7 81016757
872.8 89252941
872.9 96822849
873 1.0357143e+08
873.1 1.0940918e+08
873.2 1.1428551e+08
873.3 1.1816789e+08
873.4 1.2102639e+08
873.5 1.2282368e+08
873.6 1.235105e+08
873.7 1.2302598e+08
873.8 1.2130227e+08
873.9 1.182724e+08
874 1.1388015e+08
874.1 1.0809096e+08
874.2 1.0090258e+08
874.3 92355035
874.4 82539911
874.5 71611316
874.6 59805699
874.7 47493795
874.8 35347940
874.9 24945718
875 20302778
875.1 25064976
875.2 35357342
875.3 47229493
875.4 59161813
875.5 70519032
875.6 80959471
875.7 90268963
875.8 98308034
875.9 1.0499229e+08
876 1.1028376e+08
876.1 1.1418604e+08
876.2 1.1674067e+08
876.3 1.1802396e+08
876.4 1.1814406e+08
876.5 1.1723851e+08
876.6 1.1547261e+08
876.7 1.1303889e+08
876.8 1.1015769e+08
876.9 1.0707829e+08
877 1.04079e+08
877.1 1.0146325e+08
877.2 99547669
877.3 98638031
877.4 98993149
877.5 1.0078375e+08
877.6 1.0406041e+08
877.7 1.0874353e+08
877.8 1.1463819e+08
877.9 1.2146488e+08
878 1.2889323e+08
878.1 1.3657055e+08
878.2 1.4414281e+08
878.3 1.5126988e+08
878.4 1.5763761e+08
878.5 1.6296846e+08
878.6 1.6703159e+08
878.7 1.6965224e+08
878.8 1.7071974e+08
878.9 1.7019364e+08
879 1.6810699e+08
879.1 1.6456668e+08
879.2 1.5975047e+08
879.3 1.5390068e+08
879.4 1.4731478e+08
879.5 1.4033247e+08
879.6 1.3331882e+08
879.7 1.2664255e+08
879.8 1.2064868e+08
879.9 1.156265e+08
880 1.1177725e+08
880.1 1.0918968e+08
880.2 1.0783333e+08
880.3 1.0757416e+08
880.4 1.0820836e+08
880.5 1.0950262e+08
880.6 1.1122909e+08
880.7 1.1318851e+08
880.8 1.1522098e+08
880.9 1.1720741e+08
881 1.1906547e+08
881.1 1.2074297e+08
881.2 1.2221107e+08
881.3 1.2345804e+08
881.4 1.2448432e+08
881.5 1.2529887e+08
881.6 1.2591656e+08
881.7 1.2635649e+08
881.8 1.2664084e+08
881.9 1.2679401e+08
882 1.2684197e+08
882.1 1.2681142e+08
882.2 1.26729e+08
882.3 1.2662025e+08
882.4 1.265085e+08
882.5 1.2641371e+08
882.6 1.2635144e+08
882.7 1.263319e+08
882.8 1.2635941e+08
882.9 1.2643232e+08
883 1.2654336e+08
883.1 1.2668062e+08
883.2 1.26829e+08
883.3 1.2697209e+08
883.4 1.2709428e+08
883.5 1.2718303e+08
883.6 1.2723096e+08
883.7 1.2723775e+08
883.8 1.2721139e+08
883.9 1.2716885e+08
884 1.2713571e+08
884.1 1.2714473e+08
884.2 1.2723323e+08
884.3 1.2743933e+08
884.4 1.2779734e+08
884.5 1.2833296e+08
884.6 1.2905877e+08
884.7 1.299712e+08
884.8 1.3104934e+08
884.9 1.3225613e+08
885 1.3354171e+08
885.1 1.3484827e+08
885.2 1.3611559e+08
885.3 1.372861e+08
885.4 1.3830892e+08
885.5 1.3914234e+08
885.6 1.3975495e+08
885.7 1.4012567e+08
885.8 1.4024333e+08
885.9 1.4010632e+08
886 1.397225e+08
886.1 1.3910939e+08
886.2 1.3829436e+08
886.3 1.3731424e+08
886.4 1.3621411e+08
886.5 1.3504492e+08
886.6 1.3386028e+08
886.7 1.3271265e+08
886.8 1.3164984e+08
886.9 1.3071204e+08
887 1.299301e+08
887.1 1.2932489e+08
887.2 1.2890773e+08
887.3 1.2868152e+08
887.4 1.2864229e+08
887.5 1.2878092e+08
887.6 1.2908482e+08
887.7 1.2953949e+08
887.8 1.3012991e+08
887.9 1.3084159e+08
888 1.3166125e+08
888.1 1.3257692e+08
888.2 1.3357745e+08
888.3 1.3465139e+08
888.4 1.3578511e+08
888.5 1.3696062e+08
888.6 1.3815292e+08
888.7 1.3932755e+08
888.8 1.4043861e+08
888.9 1.4142758e+08
889 1.4222355e+08
889.1 1.4274504e+08
889.2 1.4290363e+08
889.3 1.4260927e+08
889.4 1.4177707e+08
889.5 1.4033497e+08
889.6 1.382315e+08
889.7 1.3544284e+08
889.8 1.319782e+08
889.9 1.278829e+08
890 1.232385e+08
890.1 1.1816e+08
890.2 1.1279023e+08
890.3 1.0729203e+08
890.4 1.0183924e+08
890.5 96607372
890.6 91765015
890.7 87466735
890.8 83847875
890.9 81021175
891 79074745
891.1 78070748
891.2 78044357
891.3 79003033
891.4 80926597
891.5 83768651
891.6 87459475
891.7 91910014
891.8 97016230
891.9 1.0266312e+08
892 1.0872803e+08
892.1 1.1508331e+08
892.2 1.2159844e+08
892.3 1.281422e+08
892.4 1.3458523e+08
892.5 1.4080337e+08
892.6 1.4668186e+08
892.7 1.5212037e+08
892.8 1.5703834e+08
892.9 1.6137988e+08
893 1.651173e+08
893.1 1.682524e+08
893.2 1.7081473e+08
893.3 1.7285684e+08
893.4 1.74447e+08
893.5 1.756605e+08
893.6 1.7657122e+08
893.7 1.772449e+08
893.8 1.7773518e+08
893.9 1.780828e+08
894 1.7831758e+08
894.1 1.7846203e+08
894.2 1.7853558e+08
894.3 1.7855813e+08
894.4 1.785522e+08
894.5 1.7854328e+08
894.6 1.7855844e+08
894.7 1.7862371e+08
894.8 1.7876068e+08
894.9 1.7898335e+08
895 1.7929551e+08
895.1 1.7968949e+08
895.2 1.8014617e+08
895.3 1.806364e+08
895.4 1.8112337e+08
895.5 1.8156577e+08
895.6 1.8192102e+08
895.7 1.821485e+08
895.8 1.8221237e+08
895.9 1.8208377e+08
896 1.8174243e+08
896.1 1.811776e+08
896.2 1.8038831e+08
896.3 1.79383e+08
896.4 1.7817864e+08
896.5 1.7679932e+08
896.6 1.7527447e+08
896.7 1.736369e+08
896.8 1.7192069e+08
896.9 1.7015919e+08
897 1.6838333e+08
897.1 1.6662023e+08
897.2 1.6489241e+08
897.3 1.6321748e+08
897.4 1.616084e+08
897.5 1.6007407e+08
897.6 1.5862029e+08
897.7 1.5725086e+08
897.8 1.5596853e+08
897.9 1.5477596e+08
898 1.536763e+08
898.1 1.5267348e+08
898.2 1.5177215e+08
898.3 1.5097738e+08
898.4 1.5029399e+08
898.5 1.4972583e+08
898.6 1.4927507e+08
898.7 1.489415e+08
898.8 1.4872215e+08
898.9 1.4861125e+08
899 1.4860045e+08
899.1 1.4867954e+08
899.2 1.4883726e+08
899.3 1.4906241e+08
899.4 1.4934483e+08
899.5 1.4967625e+08
899.6 1.5005082e+08
899.7 1.5046528e+08
899.8 1.5091861e+08
899.9 1.5141135e+08
900 1.5194448e+08
900.1 1.5251798e+08
900.2 1.5312925e+08
900.3 1.5377144e+08
900.4 1.5443182e+08
900.5 1.5509039e+08
900.6 1.5571868e+08
900.7 1.5627904e+08
900.8 1.5672433e+08
900.9 1.5699816e+08
901 1.5703557e+08
901.1 1.5676436e+08
901.2 1.5610692e+08
901.3 1.5498256e+08
901.4 1.5331038e+08
901.5 1.5101261e+08
901.6 1.4801825e+08
901.7 1.4426699e+08
901.8 1.3971307e+08
901.9 1.3432891e+08
902 1.2810819e+08
902.1 1.2106801e+08
902.2 1.1324997e+08
902.3 1.0471994e+08
902.4 95566489
902.5 85898222
902.6 75840379
902.7 65531544
902.8 55121969
902.9 44776814
903 34693514
903.1 25165655
903.2 16833296
903.3 11644071
903.4 12896562
903.5 18671104
903.6 25577332
903.7 32485059
903.8 39062160
903.9 45196587
904 50854066
904.1 56035029
904.2 60757702
904.3 65049500
904.4 68941550
904.5 72464715
904.6 75646579
904.7 78509319
904.8 81068500
904.9 83332846
905 85304994
905.1 86983155
905.2 88363482
905.3 89442884
905.4 90221932
905.5 90707510
905.6 90914873
905.7 90868865
905.8 90604156
905.9 90164497
906 89601086
906.1 88970251
906.2 88330713
906.3 87740673
906.4 87254991
906.5 86922619
906.6 86784414
906.7 86871398
906.8 87203447
906.9 87788432
907 88621789
907.1 89686557
907.2 90953921
907.3 92384304
907.4 93929000
907.5 95532309
907.6 97134046
907.7 98672249
907.8 1.0008589e+08
907.9 1.0131739e+08
908 1.0231479e+08
908.1 1.0303344e+08
908.2 1.0343734e+08
908.3 1.0350002e+08
908.4 1.0320532e+08
908.5 1.0254818e+08
908.6 1.0153579e+08
908.7 1.0018926e+08
908.8 98546214
908.9 96664020
909 94623654
909.1 92533095
909.2 90528627
909.3 88771176
909.4 87434147
909.5 86679670
909.6 86623412
909.7 87293887
909.8 88597855
909.9 90303826
910 92049295
910.1 93368566
910.2 93733302
910.3 92598928
910.4 89453582
910.5 83869634
910.6 75561141
910.7 64459766
910.8 50861713
910.9 35912647
911 23973502
911.1 26863878
911.2 43771693
911.3 64779920
911.4 86187327
911.5 1.0635216e+08
911.6 1.2418352e+08
911.7 1.3887996e+08
911.8 1.4989406e+08
911.9 1.5693589e+08
912 1.5997212e+08
912.1 1.5920964e+08
912.2 1.5506284e+08
912.3 1.4810819e+08
912.4 1.3903167e+08
912.5 1.2857553e+08
912.6 1.1748908e+08
912.7 1.0648652e+08
912.8 96210826
912.9 87199628
913 79847841
913.1 74368353
913.2 70766397
913.3 68852778
913.4 68305589
913.5 68756544
913.6 69863310
913.7 71346818
913.8 72997193
913.9 74662516
914 76232480
914.1 77623445
914.2 78767200
914.3 79603560
914.4 80076138
914.5 80130421
914.6 79713420
914.7 78774248
914.8 77265203
914.9 75143028
915 72370168
915.1 68915945
915.2 64757734
915.3 59882352
915.4 54288221
915.5 47989508
915.6 41025355
915.7 33483543
915.8 25572853
915.9 17900049
916 12652575
916.1 14548879
916.2 22601037
916.3 32980555
916.4 44323543
916.5 56150818
916.6 68200478
916.7 80272639
916.8 92188422
916.9 1.0377936e+08
917 1.1488691e+08
917.1 1.2536591e+08
917.2 1.3508955e+08
917.3 1.439545e+08
917.4 1.5188559e+08
917.5 1.5883911e+08
917.6 1.6480451e+08
917.7 1.6980393e+08
917.8 1.7388959e+08
917.9 1.7713899e+08
918 1.7964839e+08
918.1 1.8152514e+08
918.2 1.8287956e+08
918.3 1.8381736e+08
918.4 1.8443298e+08
918.5 1.8480454e+08
918.6 1.8499022e+08
918.7 1.8502604e+08
918.8 1.8492438e+08
918.9 1.8467287e+08
919 1.8423348e+08
919.1 1.8354166e+08
919.2 1.8250618e+08
919.3 1.8101046e+08
919.4 1.7891626e+08
919.5 1.7607072e+08
919.6 1.7231715e+08
919.7 1.6750947e+08
919.8 1.6152928e+08
919.9 1.5430387e+08
920 1.4582317e+08
920.1 1.3615325e+08
920.2 1.2544472e+08
920.3 1.1393527e+08
920.4 1.0194718e+08
920.5 89882170
920.6 78217267
920.7 67503575
920.8 58359830
920.9 51424787
921 47201542
921.1 45795560
921.2 46774739
921.3 49371835
921.4 52829987
921.5 56590375
921.6 60304947
921.7 63783464
921.8 66939493
921.9 69751611
922 72238309
922.1 74442119
922.2 76419412
922.3 78233658
922.4 79950877
922.5 81636547
922.6 83353456
922.7 85160097
922.8 87109181
922.9 89245917
923 91605813
923.1 94211880
923.2 97071332
923.3 1.0017202e+08
923.4 1.0347901e+08
923.5 1.0693167e+08
923.6 1.1044184e+08
923.7 1.1389329e+08
923.8 1.1714304e+08
923.9 1.2002452e+08
924 1.22353e+08
924.1 1.2393327e+08
924.2 1.2456944e+08
924.3 1.2407683e+08
924.4 1.2229545e+08
924.5 1.191047e+08
924.6 1.1443855e+08
924.7 1.0830113e+08
924.8 1.0078286e+08
924.9 92078752
925 82512875
925.1 72576959
925.2 62992959
925.3 54791415
925.4 49296475
925.5 47713145
925.6 50285957
925.7 56048183
925.8 63601696
925.9 71806822
926 79917483
926.1 87488422
926.2 94272977
926.3 1.0015337e+08
926.4 1.050963e+08
926.5 1.091236e+08
926.6 1.1229188e+08
926.7 1.146777e+08
926.8 1.1636673e+08
926.9 1.1744593e+08
927 1.1799807e+08
927.1 1.1809834e+08
927.2 1.1781237e+08
927.3 1.1719562e+08
927.4 1.1629369e+08
927.5 1.1514343e+08
927.6 1.137745e+08
927.7 1.1221152e+08
927.8 1.1047641e+08
927.9 1.0859111e+08
928 1.0658021e+08
928.1 1.044737e+08
928.2 1.0230913e+08
928.3 1.0013315e+08
928.4 98001765
928.5 95978963
928.6 94133268
928.7 92532260
928.8 91235441
928.9 90286486
929 89706431
929.1 89489434
929.2 89602354
929.3 89988411
929.4 90574151
929.5 91278214
929.6 92020219
929.7 92728407
929.8 93345277
929.9 93830983
930 94164673
930.1 94344170
930.2 94384458
930.3 94315429
930.4 94179253
930.5 94027654
930.6 93919258
930.7 93917078
930.8 94086117
930.9 94491014
931 95193619
931.1 96250441
931.2 97709959
931.3 99609883
931.4 1.0197458e+08
931.5 1.0481287e+08
931.6 1.0811648e+08
931.7 1.1185932e+08
931.8 1.1599761e+08
931.9 1.2047086e+08
932 1.2520367e+08
932.1 1.3010801e+08
932.2 1.3508608e+08
932.3 1.4003342e+08
932.4 1.4484237e+08
932.5 1.4940563e+08
932.6 1.5362e+08
932.7 1.5739022e+08
932.8 1.6063277e+08
932.9 1.6327967e+08
933 1.6528202e+08
933.1 1.6661319e+08
933.2 1.672714e+08
933.3 1.6728149e+08
933.4 1.6669554e+08
933.5 1.6559214e+08
933.6 1.6407399e+08
933.7 1.6226386e+08
933.8 1.6029874e+08
933.9 1.5832243e+08
934 1.5647694e+08
934.1 1.5489333e+08
934.2 1.5368288e+08
934.3 1.5292958e+08
934.4 1.5268492e+08
934.5 1.5296569e+08
934.6 1.5375502e+08
934.7 1.5500629e+08
934.8 1.5664931e+08
934.9 1.5859768e+08
935 1.6075649e+08
935.1 1.6302977e+08
935.2 1.65327e+08
935.3 1.6756851e+08
935.4 1.6968936e+08
935.5 1.7164155e+08
935.6 1.7339433e+08
935.7 1.7493289e+08
935.8 1.7625548e+08
935.9 1.7736979e+08
936 1.7828923e+08
936.1 1.7902982e+08
936.2 1.7960827e+08
936.3 1.8004134e+08
936.4 1.8034622e+08
936.5 1.8054143e+08
936.6 1.8064743e+08
936.7 1.8068614e+08
936.8 1.8067892e+08
936.9 1.8064253e+08
937 1.8058343e+08
937.1 1.8049065e+08
937.2 1.8032853e+08
937.3 1.8003036e+08
937.4 1.7949435e+08
937.5 1.7858324e+08
937.6 1.7712825e+08
937.7 1.7493766e+08
937.8 1.7180957e+08
937.9 1.6754786e+08
938 1.6197979e+08
938.1 1.5497365e+08
938.2 1.4645449e+08
938.3 1.3641652e+08
938.4 1.2493122e+08
938.5 1.1215094e+08
938.6 98309807
938.7 83726228
938.8 68818389
938.9 54162729
939 40683294
939.1 30189278
939.2 25974652
939.3 29759638
939.4 38244603
939.5 48085062
939.6 57779012
939.7 66718864
939.8 74651713
939.9 81484883
940 87210870
940.1 91873197
940.2 95548014
940.3 98332687
940.4 1.0033797e+08
940.5 1.0168229e+08
940.6 1.0248736e+08
940.7 1.0287475e+08
940.8 1.0296304e+08
940.9 1.0286542e+08
941 1.0268766e+08
941.1 1.0252634e+08
941.2 1.0246733e+08
941.3 1.0258471e+08
941.4 1.0293997e+08
941.5 1.0358165e+08
941.6 1.0454542e+08
941.7 1.058545e+08
941.8 1.0752046e+08
941.9 1.0954418e+08
942 1.1191702e+08
942.1 1.1462195e+08
942.2 1.176347e+08
942.3 1.2092476e+08
942.4 1.2445634e+08
942.5 1.281891e+08
942.6 1.3207892e+08
942.7 1.3607853e+08
942.8 1.4013819e+08
942.9 1.4420635e+08
943 1.4823051e+08
943.1 1.5215811e+08
943.2 1.5593762e+08
943.3 1.5951992e+08
943.4 1.6285972e+08
943.5 1.6591728e+08
943.6 1.6866015e+08
943.7 1.7106486e+08
943.8 1.7311835e+08
943.9 1.7481906e+08
944 1.7617731e+08
944.1 1.7721503e+08
944.2 1.779646e+08
944.3 1.7846709e+08
944.4 1.7876981e+08
944.5 1.7892354e+08
944.6 1.789796e+08
944.7 1.7898683e+08
944.8 1.7898882e+08
944.9 1.7902114e+08
945 1.7910895e+08
945.1 1.7926503e+08
945.2 1.7948849e+08
945.3 1.7976452e+08
945.4 1.800655e+08
945.5 1.8035356e+08
945.6 1.8058461e+08
945.7 1.8071325e+08
945.8 1.8069819e+08
945.9 1.8050716e+08
946 1.8012096e+08
946.1 1.7953598e+08
946.2 1.7876508e+08
946.3 1.7783695e+08
946.4 1.7679412e+08
946.5 1.7569002e+08
946.6 1.7458533e+08
946.7 1.7354395e+08
946.8 1.7262882e+08
946.9 1.7189757e+08
947 1.7139838e+08
947.1 1.7116611e+08
947.2 1.7121907e+08
947.3 1.7155678e+08
947.4 1.7215914e+08
947.5 1.7298722e+08
947.6 1.7398573e+08
947.7 1.7508714e+08
947.8 1.7621677e+08
947.9 1.7729859e+08
948 1.7826083e+08
948.1 1.7904105e+08
948.2 1.7958987e+08
948.3 1.7987324e+08
948.4 1.7987284e+08
948.5 1.7958467e+08
948.6 1.7901601e+08
948.7 1.7818104e+08
948.8 1.770959e+08
948.9 1.7577375e+08
949 1.7422066e+08
949.1 1.7243301e+08
949.2 1.7039675e+08
949.3 1.6808876e+08
949.4 1.6548002e+08
949.5 1.6254013e+08
949.6 1.5924257e+08
949.7 1.5557003e+08
949.8 1.5151916e+08
949.9 1.471044e+08
950 1.423606e+08
950.1 1.3734432e+08
950.2 1.321341e+08
950.3 1.2682955e+08
950.4 1.2154969e+08
950.5 1.1643042e+08
950.6 1.1162108e+08
950.7 1.0727996e+08
950.8 1.0356827e+08
950.9 1.0064252e+08
951 98645288
951.1 97695312
951.2 97878623
951.3 99242505
951.4 1.0179351e+08
951.5 1.0549909e+08
951.6 1.10291e+08
951.7 1.1606825e+08
951.8 1.2269824e+08
951.9 1.3001594e+08
952 1.3782235e+08
952.1 1.458839e+08
952.2 1.5393426e+08
952.3 1.6167981e+08
952.4 1.6880924e+08
952.5 1.75007e+08
952.6 1.7996995e+08
952.7 1.8342571e+08
952.8 1.8515126e+08
952.9 1.8498989e+08
953 1.8286474e+08
953.1 1.7878752e+08
953.2 1.7286151e+08
953.3 1.6527832e+08
953.4 1.5630874e+08
953.5 1.4628841e+08
953.6 1.3559936e+08
953.7 1.2464866e+08
953.8 1.1384485e+08
953.9 1.0357276e+08
954 94166807
954.1 85883418
954.2 78876034
954.3 73179528
954.4 68713518
954.5 65310041
954.6 62760571
954.7 60867595
954.8 59484975
954.9 58538401
955 58025093
955.1 57995913
955.2 58524503
955.3 59669876
955.4 61441678
955.5 63778206
955.6 66543377
955.7 69541966
955.8 72547289
955.9 75334838
956 77717345
956.1 79578478
956.2 80902258
956.3 81793444
956.4 82481342
956.5 83297505
956.6 84620239
956.7 86790563
956.8 90024162
956.9 94356809
957 99647933
957.1 1.0563405e+08
957.2 1.1200054e+08
957.3 1.1844284e+08
957.4 1.2470441e+08
957.5 1.3059268e+08
957.6 1.3597954e+08
957.7 1.4079296e+08
957.8 1.4500506e+08
957.9 1.486197e+08
958 1.5166149e+08
958.1 1.5416713e+08
958.2 1.5617919e+08
958.3 1.5774217e+08
958.4 1.5890033e+08
958.5 1.5969695e+08
958.6 1.6017426e+08
958.7 1.6037382e+08
958.8 1.6033687e+08
958.9 1.6010453e+08
959 1.5971761e+08
959.1 1.592161e+08
959.2 1.5863839e+08
959.3 1.5802026e+08
959.4 1.5739383e+08
959.5 1.5678652e+08
959.6 1.5622036e+08
959.7 1.5571139e+08
959.8 1.5526964e+08
959.9 1.5489936e+08
960 1.5459964e+08
960.1 1.5436545e+08
960.2 1.5418875e+08
960.3 1.5405982e+08
960.4 1.5396855e+08
960.5 1.5390554e+08
960.6 1.5386304e+08
960.7 1.5383543e+08
960.8 1.5381938e+08
960.9 1.5381349e+08
961 1.5381754e+08
961.1 1.5383139e+08
961.2 1.5385364e+08
961.3 1.5388021e+08
961.4 1.5390316e+08
961.5 1.5390985e+08
961.6 1.5388258e+08
961.7 1.5379902e+08
961.8 1.5363309e+08
961.9 1.5335658e+08
962 1.5294095e+08
962.1 1.5235954e+08
962.2 1.5158958e+08
962.3 1.5061416e+08
962.4 1.4942387e+08
962.5 1.4801796e+08
962.6 1.4640504e+08
962.7 1.4460315e+08
962.8 1.4263916e+08
962.9 1.4054757e+08
963 1.3836855e+08
963.1 1.361456e+08
963.2 1.3392283e+08
963.3 1.3174218e+08
963.4 1.2964097e+08
963.5 1.2764985e+08
963.6 1.2579154e+08
963.7 1.2408019e+08
963.8 1.2252161e+08
963.9 1.2111393e+08
964 1.1984865e+08
964.1 1.1871188e+08
964.2 1.1768548e+08
964.3 1.1674812e+08
964.4 1.158761e+08
964.5 1.1504419e+08
964.6 1.1422639e+08
964.7 1.1339686e+08
964.8 1.1253121e+08
964.9 1.1160819e+08
965 1.1061174e+08
965.1 1.0953356e+08
965.2 1.083756e+08
965.3 1.0715235e+08
965.4 1.0589212e+08
965.5 1.0463683e+08
965.6 1.0343953e+08
965.7 1.0235943e+08
965.8 1.0145455e+08
965.9 1.0077265e+08
966 1.00342e+08
966.1 1.0016386e+08
966.2 1.0020839e+08
966.3 1.0041511e+08
966.4 1.0069839e+08
966.5 1.0095692e+08
966.6 1.0108647e+08
966.7 1.0099479e+08
966.8 1.006182e+08
966.9 99939729
967 99008596
967.1 97959710
967.2 97029364
967.3 96558772
967.4 96972261
967.5 98717241
967.6 1.0216706e+08
967.7 1.0751531e+08
967.8 1.1470793e+08
967.9 1.234421e+08
968 1.3321976e+08
968.1 1.4342133e+08
968.2 1.533728e+08
968.3 1.6239773e+08
968.4 1.698571e+08
968.5 1.7518165e+08
968.6 1.7789979e+08
968.7 1.7766175e+08
968.8 1.7425887e+08
968.9 1.6763704e+08
969 1.5790349e+08
969.1 1.4532765e+08
969.2 1.3033964e+08
969.3 1.1353502e+08
969.4 95705020
969.5 77937400
969.6 61881319
969.7 50224569
969.8 46427604
969.9 51443190
970 62051961
970.1 74731862
970.2 87481972
970.3 99327243
970.4 1.0980384e+08
970.5 1.1871065e+08
970.6 1.2599493e+08
970.7 1.3169423e+08
970.8 1.3590292e+08
970.9 1.3875099e+08
971 1.4038969e+08
971.1 1.4098163e+08
971.2 1.4069408e+08
971.3 1.3969445e+08
971.4 1.3814724e+08
971.5 1.3621201e+08
971.6 1.3404177e+08
971.7 1.3178153e+08
971.8 1.2956699e+08
971.9 1.2752306e+08
972 1.2576258e+08
972.1 1.2438528e+08
972.2 1.2347704e+08
972.3 1.2310962e+08
972.4 1.2334069e+08
972.5 1.2421378e+08
972.6 1.2575784e+08
972.7 1.2798581e+08
972.8 1.3089217e+08
972.9 1.3444928e+08
973 1.3860318e+08
973.1 1.4326955e+08
973.2 1.4833089e+08
973.3 1.5363589e+08
973.4 1.5900177e+08
973.5 1.6422003e+08
973.6 1.690655e+08
973.7 1.7330824e+08
973.8 1.7672735e+08
973.9 1.7912541e+08
974 1.8034216e+08
974.1 1.8026588e+08
974.2 1.7884133e+08
974.3 1.7607326e+08
974.4 1.7202527e+08
974.5 1.6681405e+08
974.6 1.6059999e+08
974.7 1.5357512e+08
974.8 1.4594987e+08
974.9 1.3794006e+08
975 1.2975525e+08
975.1 1.215896e+08
975.2 1.1361549e+08
975.3 1.0598024e+08
975.4 98805417
975.5 92188247
975.6 86204086
975.7 80909184
975.8 76342813
975.9 72528334
976 69473152
976.1 67168050
976.2 65586772
976.3 64686668
976.4 64410862
976.5 64691703
976.6 65454814
976.7 66622909
976.8 68118820
976.9 69867629
977 71798102
977.1 73843780
977.2 75944024
977.3 78045143
977.4 80101596
977.5 82077086
977.6 83945357
977.7 85690471
977.8 87306413
977.9 88795965
978 90168876
978.1 91439454
978.2 92623768
978.3 93736722
978.4 94789236
978.5 95785788
978.6 96722499
978.7 97585915
978.8 98352529
978.9 98989053
979 99453340
979.1 99695825
979.2 99661273
979.3 99290651
979.4 98522934
979.5 97296748
979.6 95551890
979.7 93230889
979.8 90280966
979.9 86656930
980 82325804
980.1 77274392
980.2 71521820
980.3 65140867
980.4 58295589
980.5 51309777
980.6 44787719
980.7 39778152
980.8 37764244
980.9 39954537
981 46260434
981.1 55550130
981.2 66621926
981.3 78582268
981.4 90799951
981.5 1.0280928e+08
981.6 1.1425211e+08
981.7 1.2485162e+08
981.8 1.344027e+08
981.9 1.4276893e+08
982 1.4988079e+08
982.1 1.5573226e+08
982.2 1.6037457e+08
982.3 1.6390695e+08
982.4 1.66465e+08
982.5 1.6820758e+08
982.6 1.6930354e+08
982.7 1.699194e+08
982.8 1.7020894e+08
982.9 1.703053e+08
983 1.7031593e+08
983.1 1.7032027e+08
983.2 1.7036978e+08
983.3 1.7048982e+08
983.4 1.7068277e+08
983.5 1.7093171e+08
983.6 1.7120413e+08
983.7 1.7145523e+08
983.8 1.7163054e+08
983.9 1.7166764e+08
984 1.7149703e+08
984.1 1.7104211e+08
984.2 1.7021856e+08
984.3 1.6893328e+08
984.4 1.6708329e+08
984.5 1.6455489e+08
984.6 1.6122369e+08
984.7 1.5695581e+08
984.8 1.5161097e+08
984.9 1.4504785e+08
985 1.3713203e+08
985.1 1.2774675e+08
985.2 1.1680614e+08
985.3 1.0427035e+08
985.4 90161558
985.5 74580162
985.6 57723252
985.7 39923641
985.8 21867150
985.9 8350862.1
986 19821338
986.1 37474350
986.2 54743546
986.3 70805190
986.4 85255821
986.5 97845493
986.6 1.0844482e+08
986.7 1.1703543e+08
986.8 1.2369939e+08
986.9 1.2860398e+08
987 1.31982e+08
987.1 1.3410892e+08
987.2 1.3527851e+08
987.3 1.3577876e+08
987.4 1.3587016e+08
987.5 1.357684e+08
987.6 1.3563343e+08
987.7 1.3556588e+08
987.8 1.3561093e+08
987.9 1.3576808e+08
988 1.3600465e+08
988.1 1.3627046e+08
988.2 1.3651156e+08
988.3 1.3668173e+08
988.4 1.3675105e+08
988.5 1.3671175e+08
988.6 1.3658122e+08
988.7 1.3640247e+08
988.8 1.3624194e+08
988.9 1.3618454e+08
989 1.3632561e+08
989.1 1.3676013e+08
989.2 1.375698e+08
989.3 1.3880948e+08
989.4 1.4049527e+08
989.5 1.425964e+08
989.6 1.4503274e+08
989.7 1.4767842e+08
989.8 1.5037083e+08
989.9 1.5292321e+08
990 1.5513878e+08
990.1 1.5682468e+08
990.2 1.5780424e+08
990.3 1.5792697e+08
990.4 1.5707586e+08
990.5 1.5517196e+08
990.6 1.5217652e+08
990.7 1.4809099e+08
990.8 1.4295509e+08
990.9 1.3684368e+08
991 1.2986253e+08
991.1 1.2214354e+08
991.2 1.1383987e+08
991.3 1.0512104e+08
991.4 96168530
991.5 87171908
991.6 78325604
991.7 69826235
991.8 61869864
991.9 54647744
992 48337728
992.1 43087263
992.2 38985291
992.3 36028586
992.4 34101759
992.5 32993308
992.6 32448107
992.7 32229193
992.8 32161012
992.9 32146496
993 32165066
993.1 32259768
993.2 32517357
993.3 33042202
993.4 33926145
993.5 35220560
993.6 36919399
993.7 38958687
993.8 41230352
993.9 43602942
994 45941924
994.1 48125637
994.2 50055943
994.3 51663989
994.4 52911820
994.5 53790528
994.6 54315658
994.7 54520686
994.8 54449513
994.9 54148918
995 53661779
995.1 53021656
995.2 52249090
995.3 51349792
995.4 50314817
995.5 49122815
995.6 47744442
995.7 46149019
995.8 44313583
995.9 42234593
996 39942870
996.1 37522661
996.2 35135051
996.3 33041691
996.4 31611717
996.5 31273981
996.6 32385096
996.7 35075666
996.8 39214275
996.9 44512014
997 50647461
997.1 57333051
997.2 64331473
997.3 71451318
997.4 78538466
997.5 85468634
997.6 92141922
997.7 98478949
997.8 1.0441806e+08
997.9 1.0991318e+08
998 1.1493216e+08
998.1 1.1945526e+08
998.2 1.2347402e+08
998.3 1.2699007e+08
998.4 1.300142e+08
998.5 1.3256541e+08
998.6 1.346701e+08
998.7 1.3636114e+08
998.8 1.376771e+08
998.9 1.3866122e+08
999 1.3936036e+08
999.1 1.3982382e+08
999.2 1.4010187e+08
999.3 1.4024423e+08
999.4 1.4029838e+08
999.5 1.4030788e+08
999.6 1.4031076e+08
999.7 1.4033815e+08
999.8 1.4041334e+08
999.9 1.4055127e+08
1000 1.4075863e+08

