0.1 0.99017286
0.2 0.98535549
0.3 0.9841263
0.4 0.98509628
0.5 0.98703242
0.6 0.98895547
0.7 0.99021119
0.8 0.99051786
0.9 0.98999234
1 0.98915399
1.1 0.98890563
1.2 0.99051152
1.3 0.99544935
1.4 1.0052546
1.5 1.0213147
1.6 1.0446527
1.7 1.0757483
1.8 1.1144425
1.9 1.1599505
2 1.2109716
2.1 1.2658641
2.2 1.3228406
2.3 1.3801534
2.4 1.4362515
2.5 1.4899015
2.6 1.540278
2.7 1.5870308
2.8 1.630335
2.9 1.6709348
3 1.7101782
3.1 1.7500332
3.2 1.7930647
3.3 1.842341
3.4 1.9012431
3.5 1.9731705
3.6 2.0611708
3.7 2.1675651
3.8 2.2936539
3.9 2.4395763
4 2.6026245
4.1 2.782264
4.2 2.9759434
4.3 3.1807194
4.4 3.3935228
4.5 3.611399
4.6 3.8317127
4.7 4.0523179
4.8 4.2716896
4.9 4.4890151
5 4.7042371
5.1 4.9180429
5.2 5.1317977
5.3 5.3474256
5.4 5.5672542
5.5 5.7938537
5.6 6.0299139
5.7 6.2782144
5.8 6.5417378
5.9 6.8239643
6 7.129343
6.1 7.4638758
6.2 7.8356763
6.3 8.2553012
6.4 8.7356234
6.5 9.2910835
6.6 9.9363102
6.7 10.684331
6.8 11.544782
6.9 12.522568
7 13.61725
7.1 14.823231
7.2 16.130529
7.3 17.525876
7.4 18.993867
7.5 20.517976
7.6 22.081346
7.7 23.667334
7.8 25.259878
7.9 26.843736
8 28.40469
8.1 29.944811
8.2 31.436619
8.3 32.870398
8.4 34.238876
8.5 35.537611
8.6 36.765251
8.7 37.923571
8.8 39.017221
8.9 40.053138
9 41.039643
9.1 41.985268
9.2 42.897437
9.3 43.781131
9.4 44.637754
9.5 45.464352
9.6 46.253394
9.7 46.993202
9.8 47.669072
9.9 48.264994
10 48.765768
10.1 49.159215
10.2 49.438144
10.3 49.601776
10.4 49.6564
10.5 49.615187
10.6 49.497277
10.7 49.32633
10.8 49.128872
10.9 48.932695
11 48.765533
11.1 48.65407
11.2 48.623197
11.3 48.695383
11.4 48.890001
11.5 49.22256
11.6 49.703952
11.7 50.339941
11.8 51.131145
11.9 52.073694
12 53.160565
12.1 54.383414
12.2 55.734552
12.3 57.208731
12.4 58.804389
12.5 60.52419
12.6 62.374775
12.7 64.365811
12.8 66.508495
12.9 68.813743
13 71.290291
13.1 73.942912
13.2 76.770922
13.3 79.767042
13.4 82.916659
13.5 86.197469
13.6 89.579448
13.7 93.025107
13.8 96.490001
13.9 99.923462
14 103.26956
14.1 106.4683
14.2 109.45712
14.3 112.1727
14.4 114.5532
14.5 116.54095
14.6 118.08593
14.7 119.15002
14.8 119.71248
14.9 119.77686
15 119.37972
15.1 118.60129
15.2 117.57784
15.3 116.51443
15.4 115.69514
15.5 115.48496
15.6 116.31512
15.7 118.64452
15.8 122.89748
15.9 129.39339
16 138.19476
16.1 149.34806
16.2 162.70728
16.3 178.02938
16.4 195.01682
16.5 213.35026
16.6 232.70991
16.7 252.78844
16.8 273.29883
16.9 293.97926
17 314.59655
17.1 334.94827
17.2 354.86359
17.3 374.20263
17.4 392.85416
17.5 410.73197
17.6 427.77039
17.7 443.91993
17.8 459.14397
17.9 473.41744
18 486.72788
18.1 499.07878
18.2 510.49466
18.3 521.02666
18.4 530.75747
18.5 539.80477
18.6 548.322
18.7 556.49652
18.8 564.54473
18.9 572.70454
19 581.22569
19.1 590.35852
19.2 600.34245
19.3 611.39514
19.4 623.70354
19.5 637.41764
19.6 652.64702
19.7 669.4602
19.8 687.88592
19.9 707.91556
20 729.50626
20.1 752.58392
20.2 777.04613
20.3 802.7645
20.4 829.58645
20.5 857.33589
20.6 885.81292
20.7 914.79207
20.8 944.01964
20.9 973.21039
21 1002.0447
21.1 1030.1673
21.2 1057.1893
21.3 1082.6951
21.4 1106.2549
21.5 1127.4459
21.6 1145.8797
21.7 1161.239
21.8 1173.3187
21.9 1182.0712
22 1187.651
22.1 1190.4517
22.2 1191.1327
22.3 1190.6248
22.4 1190.1123
22.5 1190.9843
22.6 1194.7559
22.7 1202.9629
22.8 1217.0418
22.9 1238.2112
23 1267.377
23.1 1305.0753
23.2 1351.4611
23.3 1406.3372
23.4 1469.208
23.5 1539.3434
23.6 1615.8394
23.7 1697.6695
23.8 1783.7265
23.9 1872.8582
24 1963.8998
24.1 2055.7068
24.2 2147.1885
24.3 2237.3434
24.4 2325.2928
24.5 2410.3133
24.6 2491.865
24.7 2569.6137
24.8 2643.4458
24.9 2713.473
25 2780.0244
25.1 2843.6239
25.2 2904.9511
25.3 2964.7847
25.4 3023.931
25.5 3083.1397
25.6 3143.015
25.7 3203.9282
25.8 3265.9402
25.9 3328.7437
26 3391.6276
26.1 3453.4718
26.2 3512.7722
26.3 3567.6981
26.4 3616.1852
26.5 3656.0661
26.6 3685.2442
26.7 3701.9209
26.8 3704.8853
26.9 3693.8804
27 3670.0554
27.1 3636.5014
27.2 3598.8381
27.3 3565.7485
27.4 3549.2475
27.5 3564.3252
27.6 3627.5713
27.7 3754.673
27.8 3957.3778
27.9 4241.1665
28 4604.683
28.1 5040.9181
28.2 5539.247
28.3 6087.3855
28.4 6672.8247
28.5 7283.7364
28.6 7909.5053
28.7 8541.039
28.8 9170.9485
28.9 9793.6398
29 10405.326
29.1 11003.951
29.2 11589.016
29.3 12161.299
29.4 12722.473
29.5 13274.65
29.6 13819.873
29.7 14359.645
29.8 14894.526
29.9 15423.892
30 15945.886
30.1 16457.578
30.2 16955.324
30.3 17435.255
30.4 17893.847
30.5 18328.467
30.6 18737.841
30.7 19122.394
30.8 19484.432
30.9 19828.169
31 20159.635
31.1 20486.481
31.2 20817.733
31.3 21163.525
31.4 21534.831
31.5 21943.225
31.6 22400.656
31.7 22919.242
31.8 23511.057
31.9 24187.888
32 24969.2
32.1 25859.242
32.2 26867.14
32.3 28000.081
32.4 29262.869
32.5 30657.648
32.6 32183.922
32.7 33838.936
32.8 35618.378
32.9 37517.235
33 39530.503
33.1 41653.459
33.2 43881.241
33.3 46207.702
33.4 48623.693
33.5 51115.158
33.6 53661.49
33.7 56234.556
33.8 58798.682
33.9 61311.628
34 63726.452
34.1 65994.007
34.2 68065.789
34.3 69896.88
34.4 71448.764
34.5 72691.882
34.6 73607.8
34.7 74190.924
34.8 74449.655
34.9 74406.904
35 74099.824
35.1 73578.623
35.2 72904.348
35.3 72145.532
35.4 71373.744
35.5 70658.227
35.6 70060
35.7 69626.082
35.8 69384.654
35.9 69342.132
36 69483.078
36.1 69773.65
36.2 70168.861
36.3 70623.306
36.4 71104.186
36.5 71604.669
36.6 72154.74
36.7 72826.142
36.8 73728.016
36.9 74991.096
37 76741.363
37.1 79068.492
37.2 81998.096
37.3 85476.625
37.4 89372.877
37.5 93493.423
37.6 97605.189
37.7 101458.47
37.8 104806.29
37.9 107418.85
38 109093.33
38.1 109660.35
38.2 108987.95
38.3 106984.18
38.4 103598.77
38.5 98824.489
38.6 92698.342
38.7 85302.998
38.8 76768.862
38.9 67277.702
39 57070.253
39.1 46464.679
39.2 35907.549
39.3 26131.132
39.4 18634.879
39.5 16198.761
39.6 19556.106
39.7 25342.718
39.8 31094.945
39.9 35817.792
40 39107.349
40.1 40822.354
40.2 40983.778
40.3 39738.487
40.4 37343.808
40.5 34167.017
40.6 30707.52
40.7 27645.635
40.8 25862.041
40.9 26233.225
41 29143.32
41.1 34301.8
41.2 41138.149
41.3 49150.028
41.4 57962.434
41.5 67275.715
41.6 76814.881
41.7 86300.779
41.8 95438.248
41.9 103914.54
42 111403.47
42.1 117572.53
42.2 122092.04
42.3 124645.84
42.4 124944.75
42.5 122745.35
42.6 117879.67
42.7 110309.65
42.8 100238.7
42.9 88363.364
43 76457.637
43.1 68474.358
43.2 70699.79
43.3 86978.738
43.4 115306.43
43.5 152280.84
43.6 195727.24
43.7 244412.08
43.8 297532.85
43.9 354453.43
44 414583.84
44.1 477325.64
44.2 542047.77
44.3 608077.65
44.4 674701.35
44.5 741169.65
44.6 806708.59
44.7 870533.63
44.8 931866.86
44.9 989956.63
45 1044099.1
45.1 1093660.8
45.2 1138102
45.3 1176998.7
45.4 1210063.8
45.5 1237164.7
45.6 1258337
45.7 1273792.5
45.8 1283920.1
45.9 1289278.5
46 1290580
46.1 1288664.8
46.2 1284465.7
46.3 1278965.8
46.4 1273151.1
46.5 1267960.9
46.6 1264242.1
46.7 1262711.6
46.8 1263929.5
46.9 1268287.2
47 1276008.3
47.1 1287160.8
47.2 1301675.4
47.3 1319366.1
47.4 1339949
47.5 1363057.7
47.6 1388256
47.7 1415049.7
47.8 1442899.5
47.9 1471239.3
48 1499497.7
48.1 1527125.5
48.2 1553624.6
48.3 1578576.6
48.4 1601664.9
48.5 1622689.9
48.6 1641572.5
48.7 1658346.8
48.8 1673143.4
48.9 1686165
49 1697659.8
49.1 1707894.5
49.2 1717132.5
49.3 1725618.3
49.4 1733569.6
49.5 1741178.4
49.6 1748617.1
49.7 1756048.9
49.8 1763637.8
49.9 1771557.4
50 1779994.9
50.1 1789150.8
50.2 1799235.5
50.3 1810463.1
50.4 1823044.7
50.5 1837180.8
50.6 1853054.8
50.7 1870826
50.8 1890622.4
50.9 1912533.6
51 1936602.3
51.1 1962815.2
51.2 1991094
51.3 2021284.1
51.4 2053143.9
51.5 2086332.9
51.6 2120401.3
51.7 2154781.5
51.8 2188785.4
51.9 2221609.8
52 2252352.4
52.1 2280041.6
52.2 2303681.3
52.3 2322310.2
52.4 2335076.6
52.5 2341326.1
52.6 2340702.9
52.7 2333262.5
52.8 2319597.2
52.9 2300971.4
53 2279464.7
53.1 2258111.4
53.2 2241011.6
53.3 2233371.2
53.4 2241399.8
53.5 2271995.5
53.6 2332180.6
53.7 2428355.8
53.8 2565565.8
53.9 2747014.3
54 2973963.4
54.1 3245967.6
54.2 3561261.8
54.3 3917130.6
54.4 4310165.5
54.5 4736400.1
54.6 5191357.4
54.7 5670053.1
54.8 6166990.3
54.9 6676170.8
55 7191135.5
55.1 7705044.3
55.2 8210795.7
55.3 8701187.6
55.4 9169116.9
55.5 9607813
55.6 10011096
55.7 10373652
55.8 10691297
55.9 10961230
56 11182231
56.1 11354787
56.2 11481132
56.3 11565170
56.4 11612283
56.5 11629023
56.6 11622702
56.7 11600918
56.8 11571059
56.9 11539834
57 11512896
57.1 11494605
57.2 11487962
57.3 11494740
57.4 11515767
57.5 11551325
57.6 11601576
57.7 11666941
57.8 11748356
57.9 11847342
58 11965894
58.1 12106190
58.2 12270184
58.3 12459158
58.4 12673294
58.5 12911364
58.6 13170543
58.7 13446393
58.8 13732994
58.9 14023196
59 14308972
59.1 14581820
59.2 14833210
59.3 15055025
59.4 15239997
59.5 15382090
59.6 15476832
59.7 15521549
59.8 15515497
59.9 15459861
60 15357635
60.1 15213374
60.2 15032860
60.3 14822726
60.4 14590095
60.5 14342291
60.6 14086703
60.7 13830820
60.8 13582457
60.9 13350144
61 13143602
61.1 12974166
61.2 12855005
61.3 12800926
61.4 12827597
61.5 12950128
61.6 13181129
61.7 13528625
61.8 13994331
61.9 14572748
62 15251301
62.1 16011390
62.2 16830059
62.3 17681945
62.4 18541276
62.5 19383836
62.6 20188920
62.7 20941362
62.8 21633758
62.9 22268982
63 22863040
63.1 23448161
63.2 24075742
63.3 24818294
63.4 25769017
63.5 27037440
63.6 28740333
63.7 30963855
63.8 33813483
63.9 37354951
64 41626471
64.1 46641020
64.2 52390601
64.3 58850216
64.4 65980525
64.5 73729201
64.6 82031485
64.7 90810483
64.8 99977705
64.9 1.0943411e+08
65 1.1907185e+08
65.1 1.2877667e+08
65.2 1.3843098e+08
65.3 1.4791742e+08
65.4 1.5712263e+08
65.5 1.6594124e+08
65.6 1.7427952e+08
65.7 1.8205877e+08
65.8 1.8921794e+08
65.9 1.9571554e+08
66 2.0153041e+08
66.1 2.066615e+08
66.2 2.1112637e+08
66.3 2.1495879e+08
66.4 2.1820533e+08
66.5 2.2092145e+08
66.6 2.2316746e+08
66.7 2.250046e+08
66.8 2.264917e+08
66.9 2.2768264e+08
67 2.2862457e+08
67.1 2.2935691e+08
67.2 2.299109e+08
67.3 2.3030944e+08
67.4 2.3056702e+08
67.5 2.3068961e+08
67.6 2.3067433e+08
67.7 2.3050887e+08
67.8 2.3017081e+08
67.9 2.2962685e+08
68 2.2883206e+08
68.1 2.2772949e+08
68.2 2.262503e+08
68.3 2.2431458e+08
68.4 2.2183315e+08
68.5 2.187105e+08
68.6 2.1484878e+08
68.7 2.1015301e+08
68.8 2.0453712e+08
68.9 1.9793076e+08
69 1.9028636e+08
69.1 1.8158625e+08
69.2 1.7184929e+08
69.3 1.611367e+08
69.4 1.4955692e+08
69.5 1.3726955e+08
69.6 1.2448875e+08
69.7 1.1148729e+08
69.8 98602990
69.9 86249691
70 74932583
70.1 65257185
70.2 57891980
70.3 53408831
70.4 51988135
70.5 53220840
70.6 56278321
70.7 60283382
70.8 64542780
70.9 68586562
71 72122794
71.1 74982538
71.2 77077521
71.3 78371434
71.4 78861194
71.5 78564905
71.6 77514256
71.7 75749993
71.8 73319588
71.9 70276645
72 66681810
72.1 62605219
72.2 58130867
72.3 53363706
72.4 48440981
72.5 43550023
72.6 38954277
72.7 35023157
72.8 32238187
72.9 31107654
73 31948489
73.1 34695541
73.2 38971206
73.3 44316900
73.4 50344677
73.5 56769361
73.6 63389668
73.7 70062776
73.8 76684914
73.9 83178384
74 89483084
74.1 95550833
74.2 1.0134142e+08
74.3 1.0681977e+08
74.4 1.1195384e+08
74.5 1.1671311e+08
74.6 1.2106758e+08
74.7 1.2498718e+08
74.8 1.2844164e+08
74.9 1.3140072e+08
75 1.3383492e+08
75.1 1.3571669e+08
75.2 1.3702233e+08
75.3 1.377347e+08
75.4 1.3784728e+08
75.5 1.3736977e+08
75.6 1.3633583e+08
75.7 1.3481318e+08
75.8 1.3291582e+08
75.9 1.3081718e+08
76 1.2876107e+08
76.1 1.2706457e+08
76.2 1.2610435e+08
76.3 1.2627768e+08
76.4 1.2793643e+08
76.5 1.3130737e+08
76.6 1.3642796e+08
76.7 1.4312617e+08
76.8 1.5105228e+08
76.9 1.5974557e+08
77 1.6870946e+08
77.1 1.7747577e+08
77.2 1.8565022e+08
77.3 1.92939e+08
77.4 1.9915882e+08
77.5 2.0423392e+08
77.6 2.0818322e+08
77.7 2.1110078e+08
77.8 2.1313264e+08
77.9 2.1445303e+08
78 2.1524217e+08
78.1 2.156675e+08
78.2 2.1586956e+08
78.3 2.1595306e+08
78.4 2.1598293e+08
78.5 2.1598497e+08
78.6 2.1595026e+08
78.7 2.1584221e+08
78.8 2.1560547e+08
78.9 2.151757e+08
79 2.1448979e+08
79.1 2.1349587e+08
79.2 2.1216312e+08
79.3 2.104907e+08
79.4 2.0851564e+08
79.5 2.0631873e+08
79.6 2.0402713e+08
79.7 2.0181196e+08
79.8 1.9987862e+08
79.9 1.9844784e+08
80 1.9772654e+08
80.1 1.978705e+08
80.2 1.9894426e+08
80.3 2.0088686e+08
80.4 2.0349259e+08
80.5 2.0641251e+08
80.6 2.0917735e+08
80.7 2.1123765e+08
80.8 2.1201491e+08
80.9 2.1095844e+08
81 2.0760418e+08
81.1 2.0163386e+08
81.2 1.9293432e+08
81.3 1.8165903e+08
81.4 1.6829637e+08
81.5 1.5375044e+08
81.6 1.3943002e+08
81.7 1.2728717e+08
81.8 1.196078e+08
81.9 1.1826918e+08
82 1.2369464e+08
82.1 1.3458608e+08
82.2 1.4878566e+08
82.3 1.6423127e+08
82.4 1.7935563e+08
82.5 1.9310491e+08
82.6 2.0484526e+08
82.7 2.1426682e+08
82.8 2.2130613e+08
82.9 2.2608365e+08
83 2.2885097e+08
83.1 2.2994404e+08
83.2 2.2974129e+08
83.3 2.286265e+08
83.4 2.2695746e+08
83.5 2.2504162e+08
83.6 2.2312026e+08
83.7 2.2136174e+08
83.8 2.1986363e+08
83.9 2.1866229e+08
84 2.1774738e+08
84.1 2.1707833e+08
84.2 2.1660008e+08
84.3 2.1625613e+08
84.4 2.1599786e+08
84.5 2.1578983e+08
84.6 2.1561158e+08
84.7 2.1545631e+08
84.8 2.1532751e+08
84.9 2.1523402e+08
85 2.1518427e+08
85.1 2.1518047e+08
85.2 2.15213e+08
85.3 2.1525599e+08
85.4 2.1526423e+08
85.5 2.1517203e+08
85.6 2.1489433e+08
85.7 2.1433006e+08
85.8 2.1336784e+08
85.9 2.1189371e+08
86 2.0980025e+08
86.1 2.0699656e+08
86.2 2.0341798e+08
86.3 1.9903465e+08
86.4 1.9385756e+08
86.5 1.8794135e+08
86.6 1.813831e+08
86.7 1.7431704e+08
86.8 1.6690556e+08
86.9 1.5932773e+08
87 1.5176674e+08
87.1 1.443977e+08
87.2 1.3737752e+08
87.3 1.3083755e+08
87.4 1.2487962e+08
87.5 1.1957502e+08
87.6 1.1496602e+08
87.7 1.1106882e+08
87.8 1.0787717e+08
87.9 1.0536603e+08
88 1.03495e+08
88.1 1.0221141e+08
88.2 1.0145334e+08
88.3 1.0115247e+08
88.4 1.0123693e+08
88.5 1.0163407e+08
88.6 1.0227287e+08
88.7 1.0308604e+08
88.8 1.0401165e+08
88.9 1.0499423e+08
89 1.0598557e+08
89.1 1.0694502e+08
89.2 1.0783964e+08
89.3 1.0864416e+08
89.4 1.0934077e+08
89.5 1.0991882e+08
89.6 1.1037443e+08
89.7 1.1070998e+08
89.8 1.1093332e+08
89.9 1.1105681e+08
90 1.1109595e+08
90.1 1.1106774e+08
90.2 1.109886e+08
90.3 1.1087209e+08
90.4 1.1072642e+08
90.5 1.105522e+08
90.6 1.1034037e+08
90.7 1.100709e+08
90.8 1.0971223e+08
90.9 1.0922164e+08
91 1.0854657e+08
91.1 1.0762671e+08
91.2 1.0639667e+08
91.3 1.0478922e+08
91.4 1.027387e+08
91.5 1.0018479e+08
91.6 97076502
91.7 93376528
91.8 89065970
91.9 84149645
92 78662073
92.1 72674542
92.2 66303985
92.3 59725063
92.4 53187408
92.5 47038875
92.6 41746913
92.7 37881806
92.8 35984262
92.9 36295193
93 38570214
93.1 42223080
93.2 46622326
93.3 51260476
93.4 55778690
93.5 59936971
93.6 63580631
93.7 66615598
93.8 68992035
93.9 70693584
94 71730098
94.1 72132470
94.2 71948710
94.3 71240775
94.4 70081823
94.5 68553705
94.6 66744563
94.7 64746459
94.8 62652941
94.9 60556471
95 58545588
95.1 56701695
95.2 55095412
95.3 53782594
95.4 52800357
95.5 52163730
95.6 51863658
95.7 51866928
95.8 52118150
95.9 52543431
96 53055011
96.1 53556138
96.2 53945613
96.3 54121783
96.4 53985942
96.5 53445250
96.6 52415336
96.7 50822718
96.8 48607227
96.9 45724677
97 42150308
97.1 37884244
97.2 32962262
97.3 27481579
97.4 21674554
97.5 16153551
97.6 12660464
97.7 14089144
97.8 20087513
97.9 28261458
98 37435486
98.1 47133020
98.2 57101651
98.3 67167284
98.4 77189107
98.5 87044558
98.6 96624442
98.7 1.0583184e+08
98.8 1.1458246e+08
98.9 1.2280541e+08
99 1.304439e+08
99.1 1.3745555e+08
99.2 1.4381227e+08
99.3 1.494995e+08
99.4 1.5451511e+08
99.5 1.5886776e+08
99.6 1.6257527e+08
99.7 1.6566283e+08
99.8 1.6816166e+08
99.9 1.7010797e+08
100 1.7154266e+08
100.1 1.7251164e+08
100.2 1.7306677e+08
100.3 1.7326733e+08
100.4 1.7318164e+08
100.5 1.7288849e+08
100.6 1.7247795e+08
100.7 1.7205092e+08
100.8 1.7171709e+08
100.9 1.7159081e+08
101 1.7178477e+08
101.1 1.7240194e+08
101.2 1.7352648e+08
101.3 1.7521493e+08
101.4 1.7748939e+08
101.5 1.803339e+08
101.6 1.8369497e+08
101.7 1.8748624e+08
101.8 1.9159643e+08
101.9 1.9589925e+08
102 2.0026383e+08
102.1 2.045644e+08
102.2 2.0868825e+08
102.3 2.1254145e+08
102.4 2.1605236e+08
102.5 2.1917274e+08
102.6 2.2187712e+08
102.7 2.2416059e+08
102.8 2.2603563e+08
102.9 2.2752832e+08
103 2.2867448e+08
103.1 2.2951603e+08
103.2 2.3009777e+08
103.3 2.3046478e+08
103.4 2.3066053e+08
103.5 2.3072555e+08
103.6 2.3069665e+08
103.7 2.3060647e+08
103.8 2.3048334e+08
103.9 2.3035116e+08
104 2.302293e+08
104.1 2.3013252e+08
104.2 2.3007088e+08
104.3 2.3004964e+08
104.4 2.3006939e+08
104.5 2.3012642e+08
104.6 2.3021331e+08
104.7 2.3031978e+08
104.8 2.3043372e+08
104.9 2.3054212e+08
105 2.3063189e+08
105.1 2.3069041e+08
105.2 2.3070573e+08
105.3 2.3066672e+08
105.4 2.3056325e+08
105.5 2.3038668e+08
105.6 2.3013094e+08
105.7 2.2979411e+08
105.8 2.2938034e+08
105.9 2.2890171e+08
106 2.2837951e+08
106.1 2.2784437e+08
106.2 2.2733502e+08
106.3 2.2689532e+08
106.4 2.2656992e+08
106.5 2.2639882e+08
106.6 2.264115e+08
106.7 2.2662145e+08
106.8 2.2702179e+08
106.9 2.2758268e+08
107 2.2825112e+08
107.1 2.28953e+08
107.2 2.2959753e+08
107.3 2.3008341e+08
107.4 2.3030618e+08
107.5 2.3016607e+08
107.6 2.2957554e+08
107.7 2.2846612e+08
107.8 2.2679382e+08
107.9 2.2454288e+08
108 2.217276e+08
108.1 2.1839201e+08
108.2 2.1460754e+08
108.3 2.1046861e+08
108.4 2.0608654e+08
108.5 2.0158204e+08
108.6 1.9707703e+08
108.7 1.9268629e+08
108.8 1.8850995e+08
108.9 1.846274e+08
109 1.8109348e+08
109.1 1.7793704e+08
109.2 1.7516203e+08
109.3 1.7275059e+08
109.4 1.7066735e+08
109.5 1.6886421e+08
109.6 1.6728475e+08
109.7 1.6586785e+08
109.8 1.6455017e+08
109.9 1.6326772e+08
110 1.6195665e+08
110.1 1.6055371e+08
110.2 1.589967e+08
110.3 1.5722539e+08
110.4 1.5518297e+08
110.5 1.5281821e+08
110.6 1.5008839e+08
110.7 1.469627e+08
110.8 1.4342598e+08
110.9 1.3948255e+08
111 1.351597e+08
111.1 1.3051069e+08
111.2 1.2561678e+08
111.3 1.2058816e+08
111.4 1.1556296e+08
111.5 1.1070395e+08
111.6 1.0619167e+08
111.7 1.0221301e+08
111.8 98944641
111.9 96532231
112 95068903
112.1 94578774
112.2 95011453
112.3 96250025
112.4 98129886
112.5 1.0046218e+08
112.6 1.0305558e+08
112.7 1.0573276e+08
112.8 1.0834061e+08
112.9 1.107554e+08
113 1.1288436e+08
113.1 1.1466519e+08
113.2 1.1606486e+08
113.3 1.170782e+08
113.4 1.1772696e+08
113.5 1.180594e+08
113.6 1.1815032e+08
113.7 1.1810087e+08
113.8 1.1803743e+08
113.9 1.1810803e+08
114 1.1847495e+08
114.1 1.1930243e+08
114.2 1.207397e+08
114.3 1.2290125e+08
114.4 1.2584855e+08
114.5 1.2957766e+08
114.6 1.3401656e+08
114.7 1.3903251e+08
114.8 1.4444728e+08
114.9 1.5005625e+08
115 1.5564718e+08
115.1 1.6101621e+08
115.2 1.6597916e+08
115.3 1.7037832e+08
115.4 1.740847e+08
115.5 1.7699693e+08
115.6 1.7903764e+08
115.7 1.8014856e+08
115.8 1.802854e+08
115.9 1.7941356e+08
116 1.7750558e+08
116.1 1.7454101e+08
116.2 1.7050908e+08
116.3 1.6541417e+08
116.4 1.5928385e+08
116.5 1.5217845e+08
116.6 1.4420102e+08
116.7 1.3550573e+08
116.8 1.2630272e+08
116.9 1.1685696e+08
117 1.0747879e+08
117.1 98503658
117.2 90259413
117.3 83021980
117.4 76965889
117.5 72124657
117.6 68380637
117.7 65495215
117.8 63169260
117.9 61107878
118 59066602
118.1 56871597
118.2 54419291
118.3 51664991
118.4 48608332
118.5 45280153
118.6 41732673
118.7 38033185
118.8 34260599
118.9 30503811
119 26860796
119.1 23437240
119.2 20343207
119.3 17685557
119.4 15553417
119.5 13997071
119.6 13011091
119.7 12543129
119.8 12537604
119.9 12989424
120 13967389
120.1 15587952
120.2 17957934
120.3 21128525
120.4 25085222
120.5 29762441
120.6 35061642
120.7 40863623
120.8 47035461
120.9 53434868
121 59913936
121.1 66323190
121.2 72516199
121.3 78354653
121.4 83713632
121.5 88486705
121.6 92590484
121.7 95968317
121.8 98592877
121.9 1.0046754e+08
122 1.0162656e+08
122.1 1.0213414e+08
122.2 1.0208245e+08
122.3 1.0158872e+08
122.4 1.0079109e+08
122.5 99843078
122.6 98906148
122.7 98140116
122.8 97691691
122.9 97682294
123 98197295
123.1 99279258
123.2 1.0092719e+08
123.3 1.0310219e+08
123.4 1.0573807e+08
123.5 1.0875413e+08
123.6 1.1206727e+08
123.7 1.1560148e+08
123.8 1.1929364e+08
123.9 1.2309593e+08
124 1.2697542e+08
124.1 1.3091195e+08
124.2 1.3489522e+08
124.3 1.3892189e+08
124.4 1.4299298e+08
124.5 1.4711195e+08
124.6 1.512832e+08
124.7 1.5551081e+08
124.8 1.5979732e+08
124.9 1.6414227e+08
125 1.6854057e+08
125.1 1.7298062e+08
125.2 1.7744252e+08
125.3 1.8189649e+08
125.4 1.8630181e+08
125.5 1.9060662e+08
125.6 1.9474856e+08
125.7 1.9865644e+08
125.8 2.0225297e+08
125.9 2.0545836e+08
126 2.0819479e+08
126.1 2.1039153e+08
126.2 2.1199048e+08
126.3 2.1295194e+08
126.4 2.1326032e+08
126.5 2.1292925e+08
126.6 2.1200575e+08
126.7 2.1057268e+08
126.8 2.0874868e+08
126.9 2.0668483e+08
127 2.0455711e+08
127.1 2.0255446e+08
127.2 2.0086267e+08
127.3 1.9964558e+08
127.4 1.9902646e+08
127.5 1.9907295e+08
127.6 1.9978926e+08
127.7 2.0111742e+08
127.8 2.0294768e+08
127.9 2.0513544e+08
128 2.0752111e+08
128.1 2.0994911e+08
128.2 2.122833e+08
128.3 2.1441718e+08
128.4 2.162788e+08
128.5 2.1783075e+08
128.6 2.1906638e+08
128.7 2.2000343e+08
128.8 2.2067631e+08
128.9 2.2112812e+08
129 2.2140343e+08
129.1 2.2154235e+08
129.2 2.2157655e+08
129.3 2.2152726e+08
129.4 2.2140515e+08
129.5 2.2121191e+08
129.6 2.2094289e+08
129.7 2.2059043e+08
129.8 2.2014727e+08
129.9 2.1960959e+08
130 2.1897936e+08
130.1 2.1826567e+08
130.2 2.1748518e+08
130.3 2.1666132e+08
130.4 2.1582283e+08
130.5 2.1500143e+08
130.6 2.1422916e+08
130.7 2.1353547e+08
130.8 2.1294452e+08
130.9 2.1247265e+08
131 2.1212646e+08
131.1 2.1190145e+08
131.2 2.1178139e+08
131.3 2.117384e+08
131.4 2.1173389e+08
131.5 2.1172023e+08
131.6 2.1164329e+08
131.7 2.1144567e+08
131.8 2.1107056e+08
131.9 2.1046593e+08
132 2.0958882e+08
132.1 2.0840927e+08
132.2 2.0691351e+08
132.3 2.0510605e+08
132.4 2.0301031e+08
132.5 2.0066778e+08
132.6 1.981356e+08
132.7 1.954829e+08
132.8 1.9278616e+08
132.9 1.9012425e+08
133 1.8757345e+08
133.1 1.8520318e+08
133.2 1.830726e+08
133.3 1.8122838e+08
133.4 1.7970359e+08
133.5 1.785177e+08
133.6 1.7767722e+08
133.7 1.771769e+08
133.8 1.7700111e+08
133.9 1.7712528e+08
134 1.7751712e+08
134.1 1.7813782e+08
134.2 1.7894307e+08
134.3 1.7988394e+08
134.4 1.8090778e+08
134.5 1.8195915e+08
134.6 1.8298074e+08
134.7 1.8391442e+08
134.8 1.8470246e+08
134.9 1.8528877e+08
135 1.8562046e+08
135.1 1.8564947e+08
135.2 1.8533452e+08
135.3 1.846432e+08
135.4 1.8355431e+08
135.5 1.8206023e+08
135.6 1.8016939e+08
135.7 1.7790823e+08
135.8 1.753227e+08
135.9 1.7247854e+08
136 1.6945997e+08
136.1 1.6636631e+08
136.2 1.6330632e+08
136.3 1.6039024e+08
136.4 1.5772039e+08
136.5 1.5538124e+08
136.6 1.5343089e+08
136.7 1.5189536e+08
136.8 1.5076712e+08
136.9 1.5000795e+08
137 1.4955566e+08
137.1 1.4933299e+08
137.2 1.4925707e+08
137.3 1.49248e+08
137.4 1.4923543e+08
137.5 1.4916295e+08
137.6 1.4899027e+08
137.7 1.4869364e+08
137.8 1.4826478e+08
137.9 1.4770888e+08
138 1.4704185e+08
138.1 1.462872e+08
138.2 1.4547256e+08
138.3 1.4462624e+08
138.4 1.4377376e+08
138.5 1.4293468e+08
138.6 1.4211986e+08
138.7 1.4132928e+08
138.8 1.4055054e+08
138.9 1.3975823e+08
139 1.3891393e+08
139.1 1.3796694e+08
139.2 1.3685545e+08
139.3 1.3550793e+08
139.4 1.3384463e+08
139.5 1.3177913e+08
139.6 1.2921984e+08
139.7 1.2607178e+08
139.8 1.2223883e+08
139.9 1.1762701e+08
140 1.1214927e+08
140.1 1.0573266e+08
140.2 98329014
140.3 89931378
140.4 80600902
140.5 70515060
140.6 60063712
140.7 50052600
140.8 42087525
140.9 38801482
141 42302990
141.1 51724089
141.2 64615498
141.3 79081811
141.4 93954816
141.5 1.0847226e+08
141.6 1.2208533e+08
141.7 1.34378e+08
141.8 1.4503812e+08
141.9 1.5384963e+08
142 1.6069226e+08
142.1 1.6554255e+08
142.2 1.684733e+08
142.3 1.696497e+08
142.4 1.6932107e+08
142.5 1.6780722e+08
142.6 1.6547843e+08
142.7 1.6272861e+08
142.8 1.5994226e+08
142.9 1.5745821e+08
143 1.5553538e+08
143.1 1.5432823e+08
143.2 1.5387853e+08
143.3 1.5412616e+08
143.4 1.5493536e+08
143.5 1.5612897e+08
143.6 1.5752161e+08
143.7 1.5894602e+08
143.8 1.6027002e+08
143.9 1.6140454e+08
144 1.6230476e+08
144.1 1.629663e+08
144.2 1.6341849e+08
144.3 1.6371582e+08
144.4 1.6392877e+08
144.5 1.6413456e+08
144.6 1.6440838e+08
144.7 1.6481531e+08
144.8 1.6540312e+08
144.9 1.6619571e+08
145 1.6718761e+08
145.1 1.6833977e+08
145.2 1.6957773e+08
145.3 1.7079347e+08
145.4 1.7185194e+08
145.5 1.7260286e+08
145.6 1.7289706e+08
145.7 1.7260551e+08
145.8 1.7163812e+08
145.9 1.6995924e+08
146 1.6759714e+08
146.1 1.6464572e+08
146.2 1.6125821e+08
146.3 1.576339e+08
146.4 1.5399987e+08
146.5 1.5059024e+08
146.6 1.4762547e+08
146.7 1.452941e+08
146.8 1.4373894e+08
146.9 1.4304897e+08
147 1.4325769e+08
147.1 1.4434743e+08
147.2 1.4625806e+08
147.3 1.4889807e+08
147.4 1.5215601e+08
147.5 1.5591055e+08
147.6 1.6003851e+08
147.7 1.6442057e+08
147.8 1.6894497e+08
147.9 1.7350959e+08
148 1.7802288e+08
148.1 1.8240404e+08
148.2 1.8658277e+08
148.3 1.904989e+08
148.4 1.9410201e+08
148.5 1.9735116e+08
148.6 2.0021491e+08
148.7 2.0267132e+08
148.8 2.0470807e+08
148.9 2.0632223e+08
149 2.075197e+08
149.1 2.0831386e+08
149.2 2.0872347e+08
149.3 2.0876984e+08
149.4 2.084735e+08
149.5 2.0785074e+08
149.6 2.0691089e+08
149.7 2.0565472e+08
149.8 2.0407478e+08
149.9 2.0215798e+08
150 1.9989028e+08
150.1 1.9726307e+08
150.2 1.9428026e+08
150.3 1.9096492e+08
150.4 1.8736419e+08
150.5 1.8355125e+08
150.6 1.7962388e+08
150.7 1.7569916e+08
150.8 1.7190484e+08
150.9 1.6836843e+08
151 1.6520533e+08
151.1 1.6250799e+08
151.2 1.6033764e+08
151.3 1.5872013e+08
151.4 1.5764631e+08
151.5 1.570767e+08
151.6 1.569492e+08
151.7 1.5718825e+08
151.8 1.5771372e+08
151.9 1.5844847e+08
152 1.5932365e+08
152.1 1.6028167e+08
152.2 1.6127721e+08
152.3 1.6227648e+08
152.4 1.6325558e+08
152.5 1.6419825e+08
152.6 1.6509368e+08
152.7 1.659344e+08
152.8 1.6671471e+08
152.9 1.674295e+08
153 1.6807354e+08
153.1 1.686411e+08
153.2 1.6912589e+08
153.3 1.6952104e+08
153.4 1.6981922e+08
153.5 1.7001257e+08
153.6 1.7009272e+08
153.7 1.7005053e+08
153.8 1.6987588e+08
153.9 1.6955739e+08
154 1.6908218e+08
154.1 1.6843564e+08
154.2 1.6760122e+08
154.3 1.6656025e+08
154.4 1.6529164e+08
154.5 1.6377151e+08
154.6 1.6197262e+08
154.7 1.5986381e+08
154.8 1.5740921e+08
154.9 1.5456765e+08
155 1.5129207e+08
155.1 1.4752933e+08
155.2 1.4322047e+08
155.3 1.3830143e+08
155.4 1.3270465e+08
155.5 1.263614e+08
155.6 1.1920526e+08
155.7 1.1117672e+08
155.8 1.0222954e+08
155.9 92339622
156 81518270
156.1 69835250
156.2 57466578
156.3 44817609
156.4 32910006
156.5 24608285
156.6 25269216
156.7 34878619
156.8 48336141
156.9 62848380
157 77206803
157.1 90709334
157.2 1.028396e+08
157.3 1.1318398e+08
157.4 1.2141721e+08
157.5 1.2730859e+08
157.6 1.3073231e+08
157.7 1.3167499e+08
157.8 1.3023718e+08
157.9 1.2662785e+08
158 1.2115209e+08
158.1 1.1419352e+08
158.2 1.0619321e+08
158.3 97626658
158.4 88979346
158.5 80720020
158.6 73269102
158.7 66960777
158.8 62003816
158.9 58458840
159 56257509
159.1 55274813
159.2 55431937
159.3 56782962
159.4 59541495
159.5 64025986
159.6 70540219
159.7 79246200
159.8 90090247
159.9 1.0279715e+08
160 1.1690399e+08
160.1 1.318032e+08
160.2 1.4678384e+08
160.3 1.6107364e+08
160.4 1.7388671e+08
160.5 1.8447782e+08
160.6 1.9220048e+08
160.7 1.9656186e+08
160.8 1.9726687e+08
160.9 1.9424414e+08
161 1.876494e+08
161.1 1.7784604e+08
161.2 1.6536635e+08
161.3 1.5086046e+08
161.4 1.3504149e+08
161.5 1.1863502e+08
161.6 1.0233932e+08
161.7 86800284
161.8 72600742
161.9 60258232
162 50212230
162.1 42763815
162.2 37940237
162.3 35365747
162.4 34333552
162.5 34092084
162.6 34099338
162.7 34109013
162.8 34151914
162.9 34486416
163 35524392
163.1 37707491
163.2 41349519
163.3 46531573
163.4 53113524
163.5 60818920
163.6 69315537
163.7 78261797
163.8 87328142
163.9 96208249
164 1.0462855e+08
164.1 1.123588e+08
164.2 1.1922337e+08
164.3 1.2511169e+08
164.4 1.2998589e+08
164.5 1.3388372e+08
164.6 1.3691547e+08
164.7 1.3925407e+08
164.8 1.4111845e+08
164.9 1.4275123e+08
165 1.4439294e+08
165.1 1.4625608e+08
165.2 1.4850309e+08
165.3 1.5123213e+08
165.4 1.5447284e+08
165.5 1.5819213e+08
165.6 1.6230759e+08
165.7 1.6670457e+08
165.8 1.712535e+08
165.9 1.7582471e+08
166 1.8029935e+08
166.1 1.8457634e+08
166.2 1.8857565e+08
166.3 1.9223872e+08
166.4 1.955267e+08
166.5 1.9841735e+08
166.6 2.0090113e+08
166.7 2.0297709e+08
166.8 2.0464882e+08
166.9 2.0592095e+08
167 2.0679621e+08
167.1 2.0727328e+08
167.2 2.0734537e+08
167.3 2.069995e+08
167.4 2.0621641e+08
167.5 2.0497092e+08
167.6 2.0323271e+08
167.7 2.0096729e+08
167.8 1.9813724e+08
167.9 1.9470362e+08
168 1.9062761e+08
168.1 1.8587238e+08
168.2 1.8040543e+08
168.3 1.7420126e+08
168.4 1.6724457e+08
168.5 1.5953388e+08
168.6 1.5108537e+08
168.7 1.4193682e+08
168.8 1.3215103e+08
168.9 1.2181873e+08
169 1.1106033e+08
169.1 1.0002688e+08
169.2 88900614
169.3 77896419
169.4 67266747
169.5 57313281
169.6 48408071
169.7 41016745
169.8 35678904
169.9 32840559
170 32521059
170.1 34161999
170.2 36925393
170.3 40062925
170.4 43036844
170.5 45483049
170.6 47150239
170.7 47858695
170.8 47479788
170.9 45929078
171 43166643
171.1 39200118
171.2 34087479
171.3 27938322
171.4 20915877
171.5 13258839
171.6 5570766
171.7 5171677.3
171.8 13116493
171.9 21476362
172 29588371
172.1 37226557
172.2 44238770
172.3 50514188
172.4 55975529
172.5 60574663
172.6 64288676
172.7 67115998
172.8 69072682
172.9 70188986
173 70506343
173.1 70074814
173.2 68951075
173.3 67197049
173.4 64879346
173.5 62069792
173.6 58847481
173.7 55303011
173.8 51545817
173.9 47715697
174 43999182
174.1 40648763
174.2 37994858
174.3 36425068
174.4 36298632
174.5 37810248
174.6 40904354
174.7 45321307
174.8 50717413
174.9 56757559
175 63153013
175.1 69666974
175.2 76110121
175.3 82335743
175.4 88236315
175.5 93740675
175.6 98810487
175.7 1.0343516e+08
175.8 1.0762506e+08
175.9 1.1140347e+08
176 1.1479823e+08
176.1 1.1783422e+08
176.2 1.2052758e+08
176.3 1.2288234e+08
176.4 1.2488973e+08
176.5 1.2652985e+08
176.6 1.2777526e+08
176.7 1.2859587e+08
176.8 1.2896462e+08
176.9 1.2886336e+08
177 1.282888e+08
177.1 1.2725813e+08
177.2 1.258142e+08
177.3 1.2402994e+08
177.4 1.2201131e+08
177.5 1.1989808e+08
177.6 1.1786103e+08
177.7 1.1609393e+08
177.8 1.1479914e+08
177.9 1.1416673e+08
178 1.1434949e+08
178.1 1.1543907e+08
178.2 1.1745013e+08
178.3 1.2031765e+08
178.4 1.2390822e+08
178.5 1.2804129e+08
178.6 1.3251404e+08
178.7 1.3712426e+08
178.8 1.4168792e+08
178.9 1.4605052e+08
179 1.5009257e+08
179.1 1.5373041e+08
179.2 1.5691335e+08
179.3 1.5961829e+08
179.4 1.6184269e+08
179.5 1.6359668e+08
179.6 1.6489507e+08
179.7 1.6574996e+08
179.8 1.661645e+08
179.9 1.6612846e+08
180 1.6561618e+08
180.1 1.645873e+08
180.2 1.6299077e+08
180.3 1.6077279e+08
180.4 1.57889e+08
180.5 1.5432156e+08
180.6 1.5010157e+08
180.7 1.4533682e+08
180.8 1.4024343e+08
180.9 1.3517678e+08
181 1.3065e+08
181.1 1.2731832e+08
181.2 1.2590001e+08
181.3 1.2702054e+08
181.4 1.3102114e+08
181.5 1.3783123e+08
181.6 1.4698258e+08
181.7 1.5774234e+08
181.8 1.6927561e+08
181.9 1.8077124e+08
182 1.9151673e+08
182.1 2.009351e+08
182.2 2.0859916e+08
182.3 2.142326e+08
182.4 2.1770255e+08
182.5 2.1900582e+08
182.6 2.1825017e+08
182.7 2.156323e+08
182.8 2.1141399e+08
182.9 2.0589843e+08
183 1.9940799e+08
183.1 1.922651e+08
183.2 1.8477662e+08
183.3 1.7722241e+08
183.4 1.6984774e+08
183.5 1.6285895e+08
183.6 1.5642192e+08
183.7 1.5066224e+08
183.8 1.4566656e+08
183.9 1.4148458e+08
184 1.3813153e+08
184.1 1.3559121e+08
184.2 1.3381964e+08
184.3 1.3274957e+08
184.4 1.3229584e+08
184.5 1.3236111e+08
184.6 1.3284182e+08
184.7 1.3363369e+08
184.8 1.3463654e+08
184.9 1.3575819e+08
185 1.3691716e+08
185.1 1.3804453e+08
185.2 1.3908482e+08
185.3 1.399962e+08
185.4 1.4075006e+08
185.5 1.4133029e+08
185.6 1.4173207e+08
185.7 1.4196034e+08
185.8 1.4202801e+08
185.9 1.419538e+08
186 1.4175988e+08
186.1 1.4146959e+08
186.2 1.4110532e+08
186.3 1.4068703e+08
186.4 1.4023157e+08
186.5 1.3975279e+08
186.6 1.3926246e+08
186.7 1.3877162e+08
186.8 1.3829203e+08
186.9 1.3783732e+08
187 1.3742363e+08
187.1 1.3706967e+08
187.2 1.3679619e+08
187.3 1.3662518e+08
187.4 1.3657891e+08
187.5 1.3667894e+08
187.6 1.3694542e+08
187.7 1.3739653e+08
187.8 1.3804814e+08
187.9 1.3891371e+08
188 1.4000416e+08
188.1 1.4132791e+08
188.2 1.4289072e+08
188.3 1.4469553e+08
188.4 1.4674204e+08
188.5 1.4902618e+08
188.6 1.5153939e+08
188.7 1.5426795e+08
188.8 1.5719229e+08
188.9 1.6028667e+08
189 1.6351924e+08
189.1 1.6685262e+08
189.2 1.7024502e+08
189.3 1.7365186e+08
189.4 1.770278e+08
189.5 1.8032887e+08
189.6 1.8351469e+08
189.7 1.8655027e+08
189.8 1.8940752e+08
189.9 1.92066e+08
190 1.9451318e+08
190.1 1.9674394e+08
190.2 1.9875965e+08
190.3 2.0056681e+08
190.4 2.0217552e+08
190.5 2.0359796e+08
190.6 2.0484704e+08
190.7 2.059352e+08
190.8 2.0687361e+08
190.9 2.0767156e+08
191 2.0833607e+08
191.1 2.0887156e+08
191.2 2.0927946e+08
191.3 2.0955769e+08
191.4 2.0969992e+08
191.5 2.0969463e+08
191.6 2.0952407e+08
191.7 2.0916339e+08
191.8 2.0858004e+08
191.9 2.0773384e+08
192 2.0657781e+08
192.1 2.0506002e+08
192.2 2.0312631e+08
192.3 2.0072383e+08
192.4 1.97805e+08
192.5 1.9433153e+08
192.6 1.9027807e+08
192.7 1.8563494e+08
192.8 1.8040976e+08
192.9 1.746276e+08
193 1.6832979e+08
193.1 1.6157136e+08
193.2 1.5441748e+08
193.3 1.4693919e+08
193.4 1.3920893e+08
193.5 1.3129608e+08
193.6 1.2326313e+08
193.7 1.1516241e+08
193.8 1.0703383e+08
193.9 98903479
194 90783274
194.1 82671486
194.2 74554239
194.3 66408087
194.4 58204123
194.5 49914919
194.6 41528022
194.7 33077886
194.8 24740795
194.9 17191639
195 12921980
195.1 15940440
195.2 24272923
195.3 34752415
195.4 46330780
195.5 58658913
195.6 71560831
195.7 84899623
195.8 98537225
195.9 1.1232132e+08
196 1.260825e+08
196.1 1.3963658e+08
196.2 1.5279005e+08
196.3 1.6534768e+08
196.4 1.7712131e+08
196.5 1.8793916e+08
196.6 1.9765477e+08
196.7 2.0615483e+08
196.8 2.1336526e+08
196.9 2.1925512e+08
197 2.2383803e+08
197.1 2.2717114e+08
197.2 2.2935167e+08
197.3 2.3051152e+08
197.4 2.3081009e+08
197.5 2.3042588e+08
197.6 2.2954723e+08
197.7 2.2836258e+08
197.8 2.2705074e+08
197.9 2.2577165e+08
198 2.2465823e+08
198.1 2.2381005e+08
198.2 2.2328958e+08
198.3 2.2312146e+08
198.4 2.2329517e+08
198.5 2.2377062e+08
198.6 2.2448616e+08
198.7 2.2536771e+08
198.8 2.2633773e+08
198.9 2.2732283e+08
199 2.2825911e+08
199.1 2.2909479e+08
199.2 2.2979026e+08
199.3 2.303162e+08
199.4 2.3065079e+08
199.5 2.3077685e+08
199.6 2.3068005e+08
199.7 2.3034843e+08
199.8 2.2977336e+08
199.9 2.2895141e+08
200 2.2788664e+08
200.1 2.2659252e+08
200.2 2.250929e+08
200.3 2.2342187e+08
200.4 2.2162223e+08
200.5 2.1974293e+08
200.6 2.1783564e+08
200.7 2.1595088e+08
200.8 2.1413432e+08
200.9 2.1242349e+08
201 2.1084525e+08
201.1 2.0941448e+08
201.2 2.0813383e+08
201.3 2.0699466e+08
201.4 2.0597898e+08
201.5 2.0506211e+08
201.6 2.0421578e+08
201.7 2.034114e+08
201.8 2.0262317e+08
201.9 2.018307e+08
202 2.0102113e+08
202.1 2.0019025e+08
202.2 1.9934278e+08
202.3 1.9849147e+08
202.4 1.9765516e+08
202.5 1.9685597e+08
202.6 1.9611605e+08
202.7 1.9545431e+08
202.8 1.9488394e+08
202.9 1.9441104e+08
203 1.9403455e+08
203.1 1.9374737e+08
203.2 1.9353819e+08
203.3 1.9339346e+08
203.4 1.9329916e+08
203.5 1.9324195e+08
203.6 1.9320995e+08
203.7 1.9319299e+08
203.8 1.9318268e+08
203.9 1.9317236e+08
204 1.9315708e+08
204.1 1.9313354e+08
204.2 1.9310007e+08
204.3 1.9305655e+08
204.4 1.9300438e+08
204.5 1.9294632e+08
204.6 1.9288641e+08
204.7 1.9282983e+08
204.8 1.9278287e+08
204.9 1.927528e+08
205 1.9274795e+08
205.1 1.9277771e+08
205.2 1.9285262e+08
205.3 1.9298441e+08
205.4 1.93186e+08
205.5 1.934712e+08
205.6 1.9385423e+08
205.7 1.9434864e+08
205.8 1.9496598e+08
205.9 1.9571388e+08
206 1.9659406e+08
206.1 1.9760041e+08
206.2 1.9871756e+08
206.3 1.9992034e+08
206.4 2.0117439e+08
206.5 2.0243799e+08
206.6 2.0366497e+08
206.7 2.0480829e+08
206.8 2.0582394e+08
206.9 2.0667441e+08
207 2.0733147e+08
207.1 2.0777792e+08
207.2 2.0800824e+08
207.3 2.0802825e+08
207.4 2.078541e+08
207.5 2.0751092e+08
207.6 2.070315e+08
207.7 2.0645516e+08
207.8 2.0582707e+08
207.9 2.0519785e+08
208 2.0462336e+08
208.1 2.0416434e+08
208.2 2.0388541e+08
208.3 2.038532e+08
208.4 2.0413303e+08
208.5 2.0478409e+08
208.6 2.0585327e+08
208.7 2.0736795e+08
208.8 2.093288e+08
208.9 2.1170355e+08
209 2.1442305e+08
209.1 2.1738039e+08
209.2 2.2043373e+08
209.3 2.2341251e+08
209.4 2.2612659e+08
209.5 2.2837731e+08
209.6 2.2996941e+08
209.7 2.3072298e+08
209.8 2.3048447e+08
209.9 2.2913641e+08
210 2.2660515e+08
210.1 2.2286652e+08
210.2 2.1794882e+08
210.3 2.1193314e+08
210.4 2.049507e+08
210.5 1.9717722e+08
210.6 1.8882444e+08
210.7 1.8012915e+08
210.8 1.7134006e+08
210.9 1.6270336e+08
211 1.5444743e+08
211.1 1.4676811e+08
211.2 1.3981567e+08
211.3 1.3368539e+08
211.4 1.2841351e+08
211.5 1.2397983e+08
211.6 1.20317e+08
211.7 1.1732485e+08
211.8 1.1488713e+08
211.9 1.1288755e+08
212 1.1122258e+08
212.1 1.0981e+08
212.2 1.085929e+08
212.3 1.0753981e+08
212.4 1.0664191e+08
212.5 1.0590824e+08
212.6 1.053599e+08
212.7 1.0502392e+08
212.8 1.0492743e+08
212.9 1.0509278e+08
213 1.0553392e+08
213.1 1.0625423e+08
213.2 1.0724573e+08
213.3 1.0848945e+08
213.4 1.0995649e+08
213.5 1.1160942e+08
213.6 1.1340369e+08
213.7 1.1528893e+08
213.8 1.1721009e+08
213.9 1.191086e+08
214 1.2092369e+08
214.1 1.2259382e+08
214.2 1.2405844e+08
214.3 1.2525974e+08
214.4 1.2614435e+08
214.5 1.2666479e+08
214.6 1.2678042e+08
214.7 1.2645791e+08
214.8 1.2567113e+08
214.9 1.2440058e+08
215 1.2263243e+08
215.1 1.2035732e+08
215.2 1.1756913e+08
215.3 1.1426378e+08
215.4 1.1043825e+08
215.5 1.0608983e+08
215.6 1.0121565e+08
215.7 95812666
215.8 89877888
215.9 83409192
216 76406680
216.1 68874975
216.2 60827163
216.3 52292167
216.4 43330683
216.5 34076725
216.6 24873213
216.7 16828427
216.8 13668772
216.9 18942389
217 28700991
217.1 39998030
217.2 51934877
217.3 64160673
217.4 76473671
217.5 88722492
217.6 1.0077725e+08
217.7 1.1252058e+08
217.8 1.2384535e+08
217.9 1.3465493e+08
218 1.4486445e+08
218.1 1.5440229e+08
218.2 1.6321161e+08
218.3 1.7125154e+08
218.4 1.78498e+08
218.5 1.8494389e+08
218.6 1.9059877e+08
218.7 1.9548763e+08
218.8 1.9964916e+08
218.9 2.0313324e+08
219 2.0599806e+08
219.1 2.0830691e+08
219.2 2.1012487e+08
219.3 2.1151568e+08
219.4 2.1253898e+08
219.5 2.1324795e+08
219.6 2.1368763e+08
219.7 2.138938e+08
219.8 2.138925e+08
219.9 2.1370007e+08
220 2.1332367e+08
220.1 2.1276213e+08
220.2 2.1200702e+08
220.3 2.1104382e+08
220.4 2.0985311e+08
220.5 2.0841165e+08
220.6 2.0669332e+08
220.7 2.0466996e+08
220.8 2.0231206e+08
220.9 1.9958952e+08
221 1.9647244e+08
221.1 1.9293233e+08
221.2 1.8894379e+08
221.3 1.8448691e+08
221.4 1.795506e+08
221.5 1.7413693e+08
221.6 1.6826653e+08
221.7 1.6198483e+08
221.8 1.5536878e+08
221.9 1.4853326e+08
222 1.4163595e+08
222.1 1.3487862e+08
222.2 1.2850232e+08
222.3 1.2277321e+08
222.4 1.1795661e+08
222.5 1.1427988e+08
222.6 1.1189052e+08
222.7 1.1082273e+08
222.8 1.1098643e+08
222.9 1.1218512e+08
223 1.1415549e+08
223.1 1.1661349e+08
223.2 1.192929e+08
223.3 1.2196981e+08
223.4 1.2447346e+08
223.5 1.2668682e+08
223.6 1.2854122e+08
223.7 1.3000816e+08
223.8 1.3109049e+08
223.9 1.3181424e+08
224 1.3222188e+08
224.1 1.3236722e+08
224.2 1.3231194e+08
224.3 1.3212354e+08
224.4 1.3187426e+08
224.5 1.3164046e+08
224.6 1.3150187e+08
224.7 1.3154007e+08
224.8 1.3183592e+08
224.9 1.3246545e+08
225 1.334945e+08
225.1 1.3497247e+08
225.2 1.3692619e+08
225.3 1.3935489e+08
225.4 1.4222757e+08
225.5 1.4548344e+08
225.6 1.4903583e+08
225.7 1.5277902e+08
225.8 1.5659724e+08
225.9 1.6037458e+08
226 1.6400456e+08
226.1 1.6739824e+08
226.2 1.7049009e+08
226.3 1.7324103e+08
226.4 1.7563857e+08
226.5 1.7769432e+08
226.6 1.7943928e+08
226.7 1.8091774e+08
226.8 1.8218056e+08
226.9 1.8327863e+08
227 1.8425722e+08
227.1 1.8515167e+08
227.2 1.8598483e+08
227.3 1.8676611e+08
227.4 1.8749221e+08
227.5 1.8814906e+08
227.6 1.8871478e+08
227.7 1.8916325e+08
227.8 1.8946783e+08
227.9 1.8960516e+08
228 1.8955854e+08
228.1 1.8932074e+08
228.2 1.8889596e+08
228.3 1.8830083e+08
228.4 1.8756402e+08
228.5 1.8672468e+08
228.6 1.8582939e+08
228.7 1.8492815e+08
228.8 1.8406957e+08
228.9 1.832961e+08
229 1.8263985e+08
229.1 1.8211971e+08
229.2 1.817402e+08
229.3 1.8149215e+08
229.4 1.8135468e+08
229.5 1.8129822e+08
229.6 1.8128743e+08
229.7 1.8128386e+08
229.8 1.8124772e+08
229.9 1.811389e+08
230 1.8091757e+08
230.1 1.8054461e+08
230.2 1.7998242e+08
230.3 1.7919615e+08
230.4 1.7815549e+08
230.5 1.7683675e+08
230.6 1.7522485e+08
230.7 1.7331496e+08
230.8 1.7111345e+08
230.9 1.6863805e+08
231 1.6591723e+08
231.1 1.6298894e+08
231.2 1.5989886e+08
231.3 1.5669842e+08
231.4 1.5344273e+08
231.5 1.5018857e+08
231.6 1.4699241e+08
231.7 1.4390856e+08
231.8 1.4098747e+08
231.9 1.3827407e+08
232 1.3580639e+08
232.1 1.3361429e+08
232.2 1.3171869e+08
232.3 1.3013123e+08
232.4 1.2885449e+08
232.5 1.2788295e+08
232.6 1.272044e+08
232.7 1.2680183e+08
232.8 1.2665553e+08
232.9 1.2674513e+08
233 1.2705131e+08
233.1 1.275571e+08
233.2 1.2824846e+08
233.3 1.2911435e+08
233.4 1.3014617e+08
233.5 1.3133677e+08
233.6 1.3267931e+08
233.7 1.3416592e+08
233.8 1.3578668e+08
233.9 1.3752875e+08
234 1.3937598e+08
234.1 1.4130887e+08
234.2 1.4330494e+08
234.3 1.4533941e+08
234.4 1.4738601e+08
234.5 1.4941776e+08
234.6 1.5140759e+08
234.7 1.5332875e+08
234.8 1.5515477e+08
234.9 1.5685924e+08
235 1.584153e+08
235.1 1.5979517e+08
235.2 1.6096964e+08
235.3 1.6190802e+08
235.4 1.6257826e+08
235.5 1.6294764e+08
235.6 1.6298372e+08
235.7 1.6265564e+08
235.8 1.6193573e+08
235.9 1.6080107e+08
236 1.592352e+08
236.1 1.5722967e+08
236.2 1.5478537e+08
236.3 1.5191363e+08
236.4 1.4863697e+08
236.5 1.4498938e+08
236.6 1.4101611e+08
236.7 1.3677298e+08
236.8 1.3232507e+08
236.9 1.2774492e+08
237 1.2311035e+08
237.1 1.185018e+08
237.2 1.1399963e+08
237.3 1.0968133e+08
237.4 1.0561896e+08
237.5 1.0187686e+08
237.6 98509906
237.7 95562194
237.8 93066130
237.9 91041770
238 89496068
238.1 88421690
238.2 87795106
238.3 87573740
238.4 87692236
238.5 88058081
238.6 88547093
238.7 88999442
238.8 89216927
238.9 88962350
239 87961771
239.1 85910485
239.2 82483478
239.3 77350937
239.4 70198993
239.5 60755266
239.6 48817941
239.7 34286683
239.8 17199519
239.9 2721365.6
240 23997400
240.1 47164537
240.2 71325682
240.3 95763603
240.4 1.1971993e+08
240.5 1.4244512e+08
240.6 1.6325395e+08
240.7 1.8157589e+08
240.8 1.9699399e+08
240.9 2.0926832e+08
241 2.1834221e+08
241.1 2.2433218e+08
241.2 2.2750408e+08
241.3 2.2823943e+08
241.4 2.2699648e+08
241.5 2.2427026e+08
241.6 2.2055507e+08
241.7 2.1631235e+08
241.8 2.1194552e+08
241.9 2.0778283e+08
242 2.0406846e+08
242.1 2.0096139e+08
242.2 1.9854106e+08
242.3 1.9681817e+08
242.4 1.9574869e+08
242.5 1.9524914e+08
242.6 1.9521136e+08
242.7 1.9551581e+08
242.8 1.9604267e+08
242.9 1.9668061e+08
243 1.9733337e+08
243.1 1.9792426e+08
243.2 1.9839868e+08
243.3 1.9872484e+08
243.4 1.9889252e+08
243.5 1.9891039e+08
243.6 1.9880167e+08
243.7 1.9859906e+08
243.8 1.9833917e+08
243.9 1.9805735e+08
244 1.9778353e+08
244.1 1.9753959e+08
244.2 1.9733842e+08
244.3 1.9718457e+08
244.4 1.9707597e+08
244.5 1.9700622e+08
244.6 1.9696679e+08
244.7 1.969487e+08
244.8 1.9694352e+08
244.9 1.9694363e+08
245 1.9694205e+08
245.1 1.9693212e+08
245.2 1.9690717e+08
245.3 1.9686054e+08
245.4 1.9678572e+08
245.5 1.9667689e+08
245.6 1.9652937e+08
245.7 1.9634017e+08
245.8 1.961082e+08
245.9 1.9583441e+08
246 1.9552161e+08
246.1 1.9517418e+08
246.2 1.9479763e+08
246.3 1.9439815e+08
246.4 1.9398216e+08
246.5 1.9355589e+08
246.6 1.9312504e+08
246.7 1.9269442e+08
246.8 1.9226767e+08
246.9 1.9184695e+08
247 1.9143272e+08
247.1 1.9102344e+08
247.2 1.9061549e+08
247.3 1.9020305e+08
247.4 1.897782e+08
247.5 1.8933126e+08
247.6 1.8885124e+08
247.7 1.8832676e+08
247.8 1.8774723e+08
247.9 1.871045e+08
248 1.8639499e+08
248.1 1.8562235e+08
248.2 1.8480066e+08
248.3 1.839579e+08
248.4 1.8313957e+08
248.5 1.8241161e+08
248.6 1.818619e+08
248.7 1.8159909e+08
248.8 1.8174737e+08
248.9 1.8243635e+08
249 1.8378547e+08
249.1 1.8588451e+08
249.2 1.8877262e+08
249.3 1.9242009e+08
249.4 1.9671677e+08
249.5 2.0146974e+08
249.6 2.064106e+08
249.7 2.112104e+08
249.8 2.154995e+08
249.9 2.1888901e+08
250 2.2099186e+08
250.1 2.21442e+08
250.2 2.1991145e+08
250.3 2.1612507e+08
250.4 2.0987343e+08
250.5 2.0102389e+08
250.6 1.8953008e+08
250.7 1.7543984e+08
250.8 1.5890179e+08
250.9 1.4017169e+08
251 1.196221e+08
251.1 97766945
251.2 75340726
251.3 53592153
251.4 35520367
251.5 29273566
251.6 39608665
251.7 56767582
251.8 74716226
251.9 91560715
252 1.0659097e+08
252.1 1.1951271e+08
252.2 1.3024396e+08
252.3 1.3884082e+08
252.4 1.4545699e+08
252.5 1.5031312e+08
252.6 1.5367039e+08
252.7 1.5580722e+08
252.8 1.5700015e+08
252.9 1.5750958e+08
253 1.5757054e+08
253.1 1.5738809e+08
253.2 1.5713614e+08
253.3 1.5695816e+08
253.4 1.5696843e+08
253.5 1.5725271e+08
253.6 1.578682e+08
253.7 1.5884325e+08
253.8 1.6017774e+08
253.9 1.6184492e+08
254 1.6379536e+08
254.1 1.6596256e+08
254.2 1.6826967e+08
254.3 1.7063631e+08
254.4 1.7298465e+08
254.5 1.7524405e+08
254.6 1.773542e+08
254.7 1.7926673e+08
254.8 1.8094556e+08
254.9 1.8236637e+08
255 1.8351555e+08
255.1 1.8438888e+08
255.2 1.8499021e+08
255.3 1.8533022e+08
255.4 1.8542529e+08
255.5 1.8529658e+08
255.6 1.8496503e+08
255.7 1.8446001e+08
255.8 1.8381335e+08
255.9 1.8305878e+08
256 1.8223128e+08
256.1 1.8136642e+08
256.2 1.8049971e+08
256.3 1.7966589e+08
256.4 1.7889831e+08
256.5 1.7822818e+08
256.6 1.7768379e+08
256.7 1.7728976e+08
256.8 1.7706613e+08
256.9 1.770276e+08
257 1.771828e+08
257.1 1.7753382e+08
257.2 1.7807598e+08
257.3 1.7879807e+08
257.4 1.7968297e+08
257.5 1.8070865e+08
257.6 1.8184954e+08
257.7 1.8307808e+08
257.8 1.843663e+08
257.9 1.8568724e+08
258 1.8701609e+08
258.1 1.8833087e+08
258.2 1.8961271e+08
258.3 1.9084557e+08
258.4 1.9201559e+08
258.5 1.9311009e+08
258.6 1.9411632e+08
258.7 1.9502015e+08
258.8 1.9580472e+08
258.9 1.9644925e+08
259 1.9692797e+08
259.1 1.9720936e+08
259.2 1.9725565e+08
259.3 1.9702265e+08
259.4 1.9645999e+08
259.5 1.9551177e+08
259.6 1.9411771e+08
259.7 1.922147e+08
259.8 1.89739e+08
259.9 1.8662893e+08
260 1.828281e+08
260.1 1.7828916e+08
260.2 1.7297796e+08
260.3 1.6687798e+08
260.4 1.5999489e+08
260.5 1.52361e+08
260.6 1.4403936e+08
260.7 1.351272e+08
260.8 1.2575855e+08
260.9 1.1610575e+08
261 1.0637961e+08
261.1 96827763
261.2 87730190
261.3 79389320
261.4 72110348
261.5 66165901
261.6 61743568
261.7 58889563
261.8 57480062
261.9 57247779
262 57855111
262.1 58973316
262.2 60333995
262.3 61746756
262.4 63094211
262.5 64316946
262.6 65396416
262.7 66339386
262.8 67165165
262.9 67895887
263 68549761
263.1 69137171
263.2 69659413
263.3 70109832
263.4 70477011
263.5 70749607
263.6 70922388
263.7 71003040
263.8 71019237
263.9 71025334
264 71107717
264.1 71387306
264.2 72017163
264.3 73173074
264.4 75036069
264.5 77768666
264.6 81490187
264.7 86258458
264.8 92063240
264.9 98831766
265 1.064423e+08
265.1 1.1474025e+08
265.2 1.2355276e+08
265.3 1.3270017e+08
265.4 1.4200413e+08
265.5 1.5129315e+08
265.6 1.6040635e+08
265.7 1.6919609e+08
265.8 1.7752985e+08
265.9 1.8529182e+08
266 1.9238424e+08
266.1 1.9872875e+08
266.2 2.0426759e+08
266.3 2.0896484e+08
266.4 2.1280737e+08
266.5 2.1580558e+08
266.6 2.1799348e+08
266.7 2.1942818e+08
266.8 2.2018833e+08
266.9 2.2037159e+08
267 2.2009094e+08
267.1 2.1946991e+08
267.2 2.1863689e+08
267.3 2.1771872e+08
267.4 2.1683403e+08
267.5 2.1608674e+08
267.6 2.1556035e+08
267.7 2.1531364e+08
267.8 2.1537818e+08
267.9 2.1575808e+08
268 2.1643202e+08
268.1 2.1735736e+08
268.2 2.1847584e+08
268.3 2.1972023e+08
268.4 2.2102112e+08
268.5 2.2231321e+08
268.6 2.2354046e+08
268.7 2.2465965e+08
268.8 2.2564221e+08
268.9 2.2647427e+08
269 2.2715527e+08
269.1 2.2769539e+08
269.2 2.2811237e+08
269.3 2.284283e+08
269.4 2.2866659e+08
269.5 2.288497e+08
269.6 2.2899755e+08
269.7 2.2912674e+08
269.8 2.2925034e+08
269.9 2.293781e+08
270 2.2951675e+08
270.1 2.296703e+08
270.2 2.2984e+08
270.3 2.3002399e+08
270.4 2.302166e+08
270.5 2.3040735e+08
270.6 2.3057978e+08
270.7 2.3071046e+08
270.8 2.3076843e+08
270.9 2.3071534e+08
271 2.3050664e+08
271.1 2.3009376e+08
271.2 2.2942739e+08
271.3 2.284614e+08
271.4 2.2715713e+08
271.5 2.2548736e+08
271.6 2.234396e+08
271.7 2.2101823e+08
271.8 2.1824536e+08
271.9 2.1516026e+08
272 2.1181768e+08
272.1 2.0828532e+08
272.2 2.0464066e+08
272.3 2.0096779e+08
272.4 1.9735423e+08
272.5 1.9388811e+08
272.6 1.9065562e+08
272.7 1.8773885e+08
272.8 1.8521365e+08
272.9 1.8314747e+08
273 1.8159703e+08
273.1 1.8060566e+08
273.2 1.8020045e+08
273.3 1.8038957e+08
273.4 1.8115993e+08
273.5 1.8247585e+08
273.6 1.8427914e+08
273.7 1.864909e+08
273.8 1.8901524e+08
273.9 1.9174473e+08
274 1.9456744e+08
274.1 1.9737493e+08
274.2 2.0007044e+08
274.3 2.0257639e+08
274.4 2.0484006e+08
274.5 2.0683607e+08
274.6 2.0856476e+08
274.7 2.1004569e+08
274.8 2.1130642e+08
274.9 2.1236828e+08
275 2.1323145e+08
275.1 2.1386302e+08
275.2 2.1419098e+08
275.3 2.1410624e+08
275.4 2.1347239e+08
275.5 2.1214126e+08
275.6 2.0997107e+08
275.7 2.0684379e+08
275.8 2.0267903e+08
275.9 1.9744307e+08
276 1.9115274e+08
276.1 1.838746e+08
276.2 1.7572054e+08
276.3 1.6684094e+08
276.4 1.5741648e+08
276.5 1.4764938e+08
276.6 1.3775486e+08
276.7 1.2795293e+08
276.8 1.1846085e+08
276.9 1.0948583e+08
277 1.0121804e+08
277.1 93823372
277.2 87436156
277.3 82152485
277.4 78025708
277.5 75066283
277.6 73247531
277.7 72516793
277.8 72808827
277.9 74056994
278 76198735
278.1 79174473
278.2 82921680
278.3 87367147
278.4 92420367
278.5 97969883
278.6 1.0388321e+08
278.7 1.1001008e+08
278.8 1.1618819e+08
278.9 1.2225077e+08
279 1.2803511e+08
279.1 1.3339143e+08
279.2 1.3819163e+08
279.3 1.4233737e+08
279.4 1.4576719e+08
279.5 1.4846228e+08
279.6 1.5045082e+08
279.7 1.5181066e+08
279.8 1.5266997e+08
279.9 1.5320561e+08
280 1.5363788e+08
280.1 1.542206e+08
280.2 1.5522489e+08
280.3 1.5691579e+08
280.4 1.5952303e+08
280.5 1.6320956e+08
280.6 1.6804429e+08
280.7 1.7398545e+08
280.8 1.8087848e+08
280.9 1.8846811e+08
281 1.9642093e+08
281.1 2.0435347e+08
281.2 2.1186155e+08
281.3 2.1854832e+08
281.4 2.2404943e+08
281.5 2.2805452e+08
281.6 2.3032435e+08
281.7 2.3070298e+08
281.8 2.2912467e+08
281.9 2.2561514e+08
282 2.2028771e+08
282.1 2.1333459e+08
282.2 2.0501453e+08
282.3 1.9563765e+08
282.4 1.8554874e+08
282.5 1.7510986e+08
282.6 1.6468296e+08
282.7 1.5461298e+08
282.8 1.4521156e+08
282.9 1.3674175e+08
283 1.2940426e+08
283.1 1.2332696e+08
283.2 1.1855973e+08
283.3 1.1507681e+08
283.4 1.1278726e+08
283.5 1.1155149e+08
283.6 1.1120025e+08
283.7 1.1155163e+08
283.8 1.1242409e+08
283.9 1.1364476e+08
284 1.1505476e+08
284.1 1.165129e+08
284.2 1.178993e+08
284.3 1.1911927e+08
284.4 1.2010721e+08
284.5 1.2082988e+08
284.6 1.2128831e+08
284.7 1.2151762e+08
284.8 1.2158454e+08
284.9 1.2158237e+08
285 1.2162352e+08
285.1 1.2182998e+08
285.2 1.2232215e+08
285.3 1.2320713e+08
285.4 1.2456784e+08
285.5 1.2645457e+08
285.6 1.2888058e+08
285.7 1.3182237e+08
285.8 1.3522454e+08
285.9 1.3900784e+08
286 1.4307879e+08
286.1 1.4733907e+08
286.2 1.516936e+08
286.3 1.5605642e+08
286.4 1.6035462e+08
286.5 1.6453019e+08
286.6 1.6854042e+08
286.7 1.7235726e+08
286.8 1.7596587e+08
286.9 1.7936285e+08
287 1.8255423e+08
287.1 1.8555331e+08
287.2 1.8837856e+08
287.3 1.9105152e+08
287.4 1.9359469e+08
287.5 1.9602963e+08
287.6 1.9837514e+08
287.7 2.0064566e+08
287.8 2.028501e+08
287.9 2.0499098e+08
288 2.0706422e+08
288.1 2.0905956e+08
288.2 2.1096153e+08
288.3 2.1275118e+08
288.4 2.1440819e+08
288.5 2.1591329e+08
288.6 2.1725056e+08
288.7 2.1840938e+08
288.8 2.1938561e+08
288.9 2.201819e+08
289 2.2080707e+08
289.1 2.2127471e+08
289.2 2.2160152e+08
289.3 2.2180569e+08
289.4 2.2190588e+08
289.5 2.2192105e+08
289.6 2.2187112e+08
289.7 2.2177808e+08
289.8 2.2166718e+08
289.9 2.215673e+08
290 2.2150986e+08
290.1 2.2152603e+08
290.2 2.2164196e+08
290.3 2.2187272e+08
290.4 2.2221583e+08
290.5 2.2264568e+08
290.6 2.2311033e+08
290.7 2.2353148e+08
290.8 2.2380817e+08
290.9 2.2382372e+08
291 2.2345489e+08
291.1 2.2258194e+08
291.2 2.2109816e+08
291.3 2.1891776e+08
291.4 2.1598152e+08
291.5 2.1225995e+08
291.6 2.0775416e+08
291.7 2.024948e+08
291.8 1.9653963e+08
291.9 1.8997012e+08
292 1.8288747e+08
292.1 1.7540825e+08
292.2 1.6765981e+08
292.3 1.5977558e+08
292.4 1.5189008e+08
292.5 1.44134e+08
292.6 1.3662928e+08
292.7 1.2948451e+08
292.8 1.2279106e+08
292.9 1.1662029e+08
293 1.1102223e+08
293.1 1.0602612e+08
293.2 1.0164257e+08
293.3 97867308
293.4 94685635
293.5 92076994
293.6 90018758
293.7 88488762
293.8 87466410
293.9 86932576
294 86868822
294.1 87256583
294.2 88076920
294.3 89311206
294.4 90942848
294.5 92959840
294.6 95357702
294.7 98142193
294.8 1.0133106e+08
294.9 1.0495405e+08
295 1.0905052e+08
295.1 1.136642e+08
295.2 1.1883518e+08
295.3 1.2459002e+08
295.4 1.3093143e+08
295.5 1.3782946e+08
295.6 1.4521629e+08
295.7 1.5298576e+08
295.8 1.6099812e+08
295.9 1.6908923e+08
296 1.7708285e+08
296.1 1.8480417e+08
296.2 1.9209276e+08
296.3 1.9881349e+08
296.4 2.0486434e+08
296.5 2.1018064e+08
296.6 2.1473566e+08
296.7 2.1853809e+08
296.8 2.2162695e+08
296.9 2.2406487e+08
297 2.2593045e+08
297.1 2.2731059e+08
297.2 2.2829323e+08
297.3 2.2896105e+08
297.4 2.293863e+08
297.5 2.2962681e+08
297.6 2.2972323e+08
297.7 2.2969719e+08
297.8 2.2955031e+08
297.9 2.2926377e+08
298 2.2879836e+08
298.1 2.2809482e+08
298.2 2.2707457e+08
298.3 2.2564104e+08
298.4 2.2368167e+08
298.5 2.2107091e+08
298.6 2.1767458e+08
298.7 2.1335564e+08
298.8 2.0798161e+08
298.9 2.0143372e+08
299 1.9361777e+08
299.1 1.8447708e+08
299.2 1.7400779e+08
299.3 1.6227786e+08
299.4 1.49452e+08
299.5 1.3582693e+08
299.6 1.2188396e+08
299.7 1.0836709e+08
299.8 96379893
299.9 87425496
300 83155939
300.1 84615611
300.2 91504183
300.3 1.024122e+08
300.4 1.1568698e+08
300.5 1.2997087e+08
300.6 1.4429344e+08
300.7 1.5799761e+08
300.8 1.7065485e+08
300.9 1.8200367e+08
301 1.9190806e+08
301.1 2.0032795e+08
301.2 2.0729626e+08
301.3 2.1289968e+08
301.4 2.1726207e+08
301.5 2.2053011e+08
301.6 2.2286101e+08
301.7 2.2441256e+08
301.8 2.2533541e+08
301.9 2.2576745e+08
302 2.2583017e+08
302.1 2.2562674e+08
302.2 2.2524139e+08
302.3 2.2473992e+08
302.4 2.2417092e+08
302.5 2.235675e+08
302.6 2.229493e+08
302.7 2.2232464e+08
302.8 2.2169261e+08
302.9 2.2104524e+08
303 2.2036944e+08
303.1 2.1964905e+08
303.2 2.1886679e+08
303.3 2.1800621e+08
303.4 2.1705376e+08
303.5 2.1600081e+08
303.6 2.1484567e+08
303.7 2.1359534e+08
303.8 2.1226692e+08
303.9 2.1088806e+08
304 2.0949647e+08
304.1 2.0813793e+08
304.2 2.0686276e+08
304.3 2.0572097e+08
304.4 2.0475659e+08
304.5 2.0400202e+08
304.6 2.034734e+08
304.7 2.0316782e+08
304.8 2.0306296e+08
304.9 2.0311878e+08
305 2.0328087e+08
305.1 2.0348428e+08
305.2 2.0365711e+08
305.3 2.0372297e+08
305.4 2.0360239e+08
305.5 2.0321321e+08
305.6 2.0247064e+08
305.7 2.0128746e+08
305.8 1.9957494e+08
305.9 1.9724481e+08
306 1.9421229e+08
306.1 1.9040004e+08
306.2 1.8574271e+08
306.3 1.8019157e+08
306.4 1.7371894e+08
306.5 1.6632182e+08
306.6 1.5802459e+08
306.7 1.4888046e+08
306.8 1.389716e+08
306.9 1.2840802e+08
307 1.1732541e+08
307.1 1.0588231e+08
307.2 94257180
307.3 82646588
307.4 71265764
307.5 60354350
307.6 50191402
307.7 41125230
307.8 33617046
307.9 28251275
308 25544546
308.1 25461031
308.2 27221435
308.3 29822583
308.4 32508307
308.5 34822033
308.6 36507528
308.7 37424100
308.8 37496850
308.9 36689731
309 34990956
309.1 32404922
309.2 28947656
309.3 24644260
309.4 19527586
309.5 13638197
309.6 7030023.6
309.7 785318.48
309.8 8277130.2
309.9 16757690
310 25747502
310.1 35168073
310.2 44942048
310.3 54988031
310.4 65219821
310.5 75546336
310.6 85871920
310.7 96097041
310.8 1.0611944e+08
310.9 1.1583581e+08
311 1.2514397e+08
311.1 1.3394558e+08
311.2 1.4214922e+08
311.3 1.4967379e+08
311.4 1.5645198e+08
311.5 1.6243357e+08
311.6 1.675884e+08
311.7 1.7190858e+08
311.8 1.7540981e+08
311.9 1.7813153e+08
312 1.8013573e+08
312.1 1.8150437e+08
312.2 1.8233544e+08
312.3 1.8273788e+08
312.4 1.8282569e+08
312.5 1.8271166e+08
312.6 1.8250132e+08
312.7 1.8228767e+08
312.8 1.8214725e+08
312.9 1.8213782e+08
313 1.8229795e+08
313.1 1.8264826e+08
313.2 1.8319395e+08
313.3 1.8392816e+08
313.4 1.8483544e+08
313.5 1.8589493e+08
313.6 1.8708267e+08
313.7 1.8837314e+08
313.8 1.8973984e+08
313.9 1.9115522e+08
314 1.9259027e+08
314.1 1.9401404e+08
314.2 1.9539342e+08
314.3 1.9669319e+08
314.4 1.9787654e+08
314.5 1.989057e+08
314.6 1.9974281e+08
314.7 2.0035062e+08
314.8 2.0069293e+08
314.9 2.007348e+08
315 2.004424e+08
315.1 1.9978277e+08
315.2 1.9872354e+08
315.3 1.9723301e+08
315.4 1.9528059e+08
315.5 1.92838e+08
315.6 1.8988114e+08
315.7 1.8639275e+08
315.8 1.8236559e+08
315.9 1.7780598e+08
316 1.7273735e+08
316.1 1.6720332e+08
316.2 1.6127011e+08
316.3 1.5502772e+08
316.4 1.4858977e+08
316.5 1.420916e+08
316.6 1.3568642e+08
316.7 1.2953926e+08
316.8 1.2381837e+08
316.9 1.1868421e+08
317 1.1427628e+08
317.1 1.1069939e+08
317.2 1.0801162e+08
317.3 1.0621699e+08
317.4 1.0526539e+08
317.5 1.0506008e+08
317.6 1.0547115e+08
317.7 1.0635131e+08
317.8 1.0755071e+08
317.9 1.0892858e+08
318 1.1036096e+08
318.1 1.1174496e+08
318.2 1.1300044e+08
318.3 1.1407016e+08
318.4 1.1491884e+08
318.5 1.1553179e+08
318.6 1.1591308e+08
318.7 1.1608345e+08
318.8 1.1607775e+08
318.9 1.1594207e+08
319 1.1573057e+08
319.1 1.1550205e+08
319.2 1.1531646e+08
319.3 1.1523163e+08
319.4 1.1530019e+08
319.5 1.1556709e+08
319.6 1.1606762e+08
319.7 1.1682626e+08
319.8 1.1785619e+08
319.9 1.1915963e+08
320 1.2072883e+08
320.1 1.2254763e+08
320.2 1.2459342e+08
320.3 1.2683916e+08
320.4 1.2925544e+08
320.5 1.3181211e+08
320.6 1.3447966e+08
320.7 1.3722992e+08
320.8 1.4003646e+08
320.9 1.4287437e+08
321 1.4571985e+08
321.1 1.4854957e+08
321.2 1.5134003e+08
321.3 1.5406704e+08
321.4 1.5670549e+08
321.5 1.592294e+08
321.6 1.6161244e+08
321.7 1.6382878e+08
321.8 1.6585429e+08
321.9 1.676679e+08
322 1.6925314e+08
322.1 1.7059953e+08
322.2 1.7170384e+08
322.3 1.7257091e+08
322.4 1.7321409e+08
322.5 1.7365502e+08
322.6 1.7392279e+08
322.7 1.7405246e+08
322.8 1.740829e+08
322.9 1.7405426e+08
323 1.7400524e+08
323.1 1.7397035e+08
323.2 1.7397783e+08
323.3 1.7404804e+08
323.4 1.7419287e+08
323.5 1.7441591e+08
323.6 1.7471341e+08
323.7 1.7507565e+08
323.8 1.7548869e+08
323.9 1.7593609e+08
324 1.764005e+08
324.1 1.7686511e+08
324.2 1.7731477e+08
324.3 1.7773692e+08
324.4 1.7812227e+08
324.5 1.7846526e+08
324.6 1.7876434e+08
324.7 1.7902202e+08
324.8 1.7924462e+08
324.9 1.7944187e+08
325 1.796261e+08
325.1 1.7981128e+08
325.2 1.8001182e+08
325.3 1.8024125e+08
325.4 1.8051086e+08
325.5 1.8082852e+08
325.6 1.8119764e+08
325.7 1.8161654e+08
325.8 1.8207814e+08
325.9 1.8257003e+08
326 1.8307492e+08
326.1 1.8357136e+08
326.2 1.8403463e+08
326.3 1.8443786e+08
326.4 1.8475315e+08
326.5 1.8495279e+08
326.6 1.8501052e+08
326.7 1.8490286e+08
326.8 1.846103e+08
326.9 1.841186e+08
327 1.8341972e+08
327.1 1.825125e+08
327.2 1.8140286e+08
327.3 1.8010331e+08
327.4 1.7863179e+08
327.5 1.7700996e+08
327.6 1.7526088e+08
327.7 1.7340671e+08
327.8 1.7146657e+08
327.9 1.6945515e+08
328 1.6738235e+08
328.1 1.6525414e+08
328.2 1.6307469e+08
328.3 1.6084947e+08
328.4 1.5858877e+08
328.5 1.5631117e+08
328.6 1.540461e+08
328.7 1.5183496e+08
328.8 1.4973016e+08
328.9 1.4779188e+08
329 1.4608257e+08
329.1 1.446597e+08
329.2 1.4356759e+08
329.3 1.4282968e+08
329.4 1.4244227e+08
329.5 1.4237102e+08
329.6 1.4255051e+08
329.7 1.4288667e+08
329.8 1.4326155e+08
329.9 1.4353919e+08
330 1.4357201e+08
330.1 1.4320692e+08
330.2 1.4229124e+08
330.3 1.4067826e+08
330.4 1.382331e+08
330.5 1.3483891e+08
330.6 1.3040391e+08
330.7 1.2486945e+08
330.8 1.1821932e+08
330.9 1.1049112e+08
331 1.0179112e+08
331.1 92316289
331.2 82390186
331.3 72524320
331.4 63515027
331.5 56542933
331.6 53074519
331.7 54217573
331.8 59882535
331.9 68928904
332 80038735
332.1 92197895
332.2 1.0472047e+08
332.3 1.1715023e+08
332.4 1.291777e+08
332.5 1.4058852e+08
332.6 1.5123325e+08
332.7 1.6100939e+08
332.8 1.6985006e+08
332.9 1.7771659e+08
333 1.8459324e+08
333.1 1.9048327e+08
333.2 1.9540587e+08
333.3 1.9939353e+08
333.4 2.0248976e+08
333.5 2.0474697e+08
333.6 2.0622438e+08
333.7 2.0698597e+08
333.8 2.070985e+08
333.9 2.0662947e+08
334 2.0564522e+08
334.1 2.0420917e+08
334.2 2.0238021e+08
334.3 2.002114e+08
334.4 1.9774895e+08
334.5 1.9503157e+08
334.6 1.9209018e+08
334.7 1.8894802e+08
334.8 1.8562116e+08
334.9 1.8211935e+08
335 1.7844717e+08
335.1 1.7460548e+08
335.2 1.7059304e+08
335.3 1.6640828e+08
335.4 1.6205114e+08
335.5 1.5752499e+08
335.6 1.5283849e+08
335.7 1.4800761e+08
335.8 1.4305776e+08
335.9 1.380261e+08
336 1.3296438e+08
336.1 1.2794226e+08
336.2 1.2305113e+08
336.3 1.1840846e+08
336.4 1.1416165e+08
336.5 1.104901e+08
336.6 1.0760282e+08
336.7 1.0572823e+08
336.8 1.0509359e+08
336.9 1.0589426e+08
337 1.0825937e+08
337.1 1.1222434e+08
337.2 1.1772023e+08
337.3 1.2458217e+08
337.4 1.3257088e+08
337.5 1.4139863e+08
337.6 1.5075303e+08
337.7 1.6031658e+08
337.8 1.6978236e+08
337.9 1.7886723e+08
338 1.8732326e+08
338.1 1.9494762e+08
338.2 2.015904e+08
338.3 2.0715963e+08
338.4 2.1162291e+08
338.5 2.1500524e+08
338.6 2.1738315e+08
338.7 2.1887576e+08
338.8 2.196336e+08
338.9 2.1982644e+08
339 2.1963125e+08
339.1 2.1922122e+08
339.2 2.187566e+08
339.3 2.1837739e+08
339.4 2.1819786e+08
339.5 2.1830239e+08
339.6 2.1874209e+08
339.7 2.1953198e+08
339.8 2.2064854e+08
339.9 2.2202793e+08
340 2.2356564e+08
340.1 2.2511805e+08
340.2 2.265068e+08
340.3 2.2752635e+08
340.4 2.279548e+08
340.5 2.2756767e+08
340.6 2.2615407e+08
340.7 2.235341e+08
340.8 2.195764e+08
340.9 2.1421431e+08
341 2.0745945e+08
341.1 1.9941124e+08
341.2 1.9026151e+08
341.3 1.8029336e+08
341.4 1.6987358e+08
341.5 1.5943783e+08
341.6 1.4946656e+08
341.7 1.4044905e+08
341.8 1.328333e+08
341.9 1.2696409e+08
342 1.2302205e+08
342.1 1.209867e+08
342.2 1.2064438e+08
342.3 1.216413e+08
342.4 1.2355877e+08
342.5 1.2598113e+08
342.6 1.2853957e+08
342.7 1.3093089e+08
342.8 1.3291869e+08
342.9 1.3432545e+08
343 1.3502165e+08
343.1 1.349152e+08
343.2 1.3394294e+08
343.3 1.3206463e+08
343.4 1.2925937e+08
343.5 1.2552421e+08
343.6 1.2087435e+08
343.7 1.1534449e+08
343.8 1.0899059e+08
343.9 1.0189157e+08
344 94150537
344.1 85894982
344.2 77276280
344.3 68468670
344.4 59669048
344.5 51100031
344.6 43021048
344.7 35754976
344.8 29735225
344.9 25540354
345 23764346
345.1 24592782
345.2 27570954
345.3 32010964
345.4 37405407
345.5 43479312
345.6 50100230
345.7 57199531
345.8 64727868
345.9 72634771
346 80861927
346.1 89343248
346.2 98007700
346.3 1.0678267e+08
346.4 1.1559681e+08
346.5 1.2438208e+08
346.6 1.3307489e+08
346.7 1.4161662e+08
346.8 1.4995359e+08
346.9 1.5803689e+08
347 1.6582197e+08
347.1 1.7326835e+08
347.2 1.8033933e+08
347.3 1.8700185e+08
347.4 1.9322654e+08
347.5 1.9898787e+08
347.6 2.0426448e+08
347.7 2.0903964e+08
347.8 2.1330186e+08
347.9 2.1704558e+08
348 2.2027192e+08
348.1 2.2298939e+08
348.2 2.252145e+08
348.3 2.2697215e+08
348.4 2.2829571e+08
348.5 2.2922663e+08
348.6 2.298136e+08
348.7 2.3011114e+08
348.8 2.3017771e+08
348.9 2.3007343e+08
349 2.2985741e+08
349.1 2.2958504e+08
349.2 2.2930524e+08
349.3 2.2905801e+08
349.4 2.2887223e+08
349.5 2.2876415e+08
349.6 2.2873633e+08
349.7 2.2877735e+08
349.8 2.2886233e+08
349.9 2.28954e+08
350 2.2900468e+08
350.1 2.2895874e+08
350.2 2.287556e+08
350.3 2.2833296e+08
350.4 2.2763014e+08
350.5 2.2659126e+08
350.6 2.2516791e+08
350.7 2.2332146e+08
350.8 2.210247e+08
350.9 2.1826297e+08
351 2.1503508e+08
351.1 2.1135418e+08
351.2 2.0724899e+08
351.3 2.0276573e+08
351.4 1.9797103e+08
351.5 1.9295575e+08
351.6 1.8783935e+08
351.7 1.8277389e+08
351.8 1.779459e+08
351.9 1.7357362e+08
352 1.6989652e+08
352.1 1.6715474e+08
352.2 1.6555838e+08
352.3 1.6525092e+08
352.4 1.6627615e+08
352.5 1.6855958e+08
352.6 1.7191191e+08
352.7 1.7605422e+08
352.8 1.8065703e+08
352.9 1.8538244e+08
353 1.8992069e+08
353.1 1.940162e+08
353.2 1.9748232e+08
353.3 2.0020573e+08
353.4 2.0214295e+08
353.5 2.0331132e+08
353.6 2.037766e+08
353.7 2.0363922e+08
353.8 2.0302054e+08
353.9 2.020501e+08
354 2.0085468e+08
354.1 1.9954955e+08
354.2 1.9823209e+08
354.3 1.9697798e+08
354.4 1.9583974e+08
354.5 1.9484761e+08
354.6 1.9401234e+08
354.7 1.9332934e+08
354.8 1.9278388e+08
354.9 1.9235652e+08
355 1.9202838e+08
355.1 1.9178572e+08
355.2 1.9162349e+08
355.3 1.915477e+08
355.4 1.9157633e+08
355.5 1.9173884e+08
355.6 1.9207411e+08
355.7 1.9262676e+08
355.8 1.9344189e+08
355.9 1.9455836e+08
356 1.960011e+08
356.1 1.9777341e+08
356.2 1.998504e+08
356.3 2.0217507e+08
356.4 2.0465807e+08
356.5 2.071817e+08
356.6 2.0960791e+08
356.7 2.1178885e+08
356.8 2.1357868e+08
356.9 2.1484451e+08
357 2.1547541e+08
357.1 2.1538838e+08
357.2 2.1453129e+08
357.3 2.1288319e+08
357.4 2.1045272e+08
357.5 2.0727548e+08
357.6 2.0341137e+08
357.7 1.9894216e+08
357.8 1.9396972e+08
357.9 1.886144e+08
358 1.8301324e+08
358.1 1.773169e+08
358.2 1.7168455e+08
358.3 1.6627619e+08
358.4 1.6124228e+08
358.5 1.567118e+08
358.6 1.5278052e+08
358.7 1.4950212e+08
358.8 1.4688449e+08
358.9 1.4489236e+08
359 1.4345609e+08
359.1 1.4248423e+08
359.2 1.4187728e+08
359.3 1.4153977e+08
359.4 1.4138914e+08
359.5 1.4136071e+08
359.6 1.4140926e+08
359.7 1.4150784e+08
359.8 1.4164496e+08
359.9 1.4182083e+08
360 1.4204337e+08
360.1 1.4232431e+08
360.2 1.4267565e+08
360.3 1.4310664e+08
360.4 1.4362145e+08
360.5 1.4421766e+08
360.6 1.4488574e+08
360.7 1.456096e+08
360.8 1.4636811e+08
360.9 1.4713726e+08
361 1.4789262e+08
361.1 1.4861156e+08
361.2 1.4927473e+08
361.3 1.4986673e+08
361.4 1.5037601e+08
361.5 1.5079413e+08
361.6 1.5111499e+08
361.7 1.5133423e+08
361.8 1.5144911e+08
361.9 1.514587e+08
362 1.5136454e+08
362.1 1.5117121e+08
362.2 1.5088672e+08
362.3 1.5052261e+08
362.4 1.5009366e+08
362.5 1.4961733e+08
362.6 1.4911311e+08
362.7 1.4860195e+08
362.8 1.48106e+08
362.9 1.4764856e+08
363 1.4725435e+08
363.1 1.469498e+08
363.2 1.4676308e+08
363.3 1.467236e+08
363.4 1.468607e+08
363.5 1.4720141e+08
363.6 1.4776734e+08
363.7 1.4857114e+08
363.8 1.4961305e+08
363.9 1.5087831e+08
364 1.5233605e+08
364.1 1.5394012e+08
364.2 1.5563185e+08
364.3 1.5734452e+08
364.4 1.5900895e+08
364.5 1.6055945e+08
364.6 1.6193946e+08
364.7 1.631063e+08
364.8 1.6403467e+08
364.9 1.6471861e+08
365 1.6517179e+08
365.1 1.6542638e+08
365.2 1.6553039e+08
365.3 1.6554401e+08
365.4 1.6553503e+08
365.5 1.6557397e+08
365.6 1.6572919e+08
365.7 1.6606237e+08
365.8 1.666249e+08
365.9 1.6745535e+08
366 1.6857808e+08
366.1 1.7000326e+08
366.2 1.7172789e+08
366.3 1.7373767e+08
366.4 1.760094e+08
366.5 1.7851359e+08
366.6 1.812169e+08
366.7 1.8408419e+08
366.8 1.8708016e+08
366.9 1.9017025e+08
367 1.9332105e+08
367.1 1.9650011e+08
367.2 1.9967532e+08
367.3 2.0281403e+08
367.4 2.0588201e+08
367.5 2.0884264e+08
367.6 2.1165641e+08
367.7 2.1428112e+08
367.8 2.1667286e+08
367.9 2.18788e+08
368 2.2058604e+08
368.1 2.2203325e+08
368.2 2.2310673e+08
368.3 2.2379835e+08
368.4 2.2411805e+08
368.5 2.2409594e+08
368.6 2.2378269e+08
368.7 2.2324784e+08
368.8 2.2257583e+08
368.9 2.2185982e+08
369 2.2119364e+08
369.1 2.206622e+08
369.2 2.2033138e+08
369.3 2.2023821e+08
369.4 2.2038246e+08
369.5 2.2072092e+08
369.6 2.2116507e+08
369.7 2.2158337e+08
369.8 2.2180832e+08
369.9 2.2164908e+08
370 2.2090958e+08
370.1 2.1941236e+08
370.2 2.1702762e+08
370.3 2.1370629e+08
370.4 2.0951438e+08
370.5 2.0466353e+08
370.6 1.9952862e+08
370.7 1.9463942e+08
370.8 1.9063046e+08
370.9 1.8813884e+08
371 1.8766087e+08
371.1 1.8941116e+08
371.2 1.9324751e+08
371.3 1.9870131e+08
371.4 2.0509625e+08
371.5 2.1169793e+08
371.6 2.1784097e+08
371.7 2.230096e+08
371.8 2.2687272e+08
371.9 2.2928514e+08
372 2.302673e+08
372.1 2.2997348e+08
372.2 2.2865507e+08
372.3 2.2662344e+08
372.4 2.2421498e+08
372.5 2.2175983e+08
372.6 2.1955498e+08
372.7 2.1784243e+08
372.8 2.167927e+08
372.9 2.1649448e+08
373 2.1695076e+08
373.1 2.1808155e+08
373.2 2.1973276e+08
373.3 2.216902e+08
373.4 2.2369746e+08
373.5 2.2547648e+08
373.6 2.2674954e+08
373.7 2.2726162e+08
373.8 2.2680189e+08
373.9 2.2522281e+08
374 2.2245516e+08
374.1 2.1851768e+08
374.2 2.1351981e+08
374.3 2.0765687e+08
374.4 2.0119762e+08
374.5 1.9446438e+08
374.6 1.878069e+08
374.7 1.8157143e+08
374.8 1.7606779e+08
374.9 1.7153843e+08
375 1.6813493e+08
375.1 1.6590715e+08
375.2 1.6480801e+08
375.3 1.6471251e+08
375.4 1.6544546e+08
375.5 1.6681078e+08
375.6 1.6861629e+08
375.7 1.7069083e+08
375.8 1.7289345e+08
375.9 1.7511612e+08
376 1.77282e+08
376.1 1.7934121e+08
376.2 1.8126558e+08
376.3 1.830433e+08
376.4 1.8467397e+08
376.5 1.8616448e+08
376.6 1.8752554e+08
376.7 1.8876904e+08
376.8 1.8990611e+08
376.9 1.9094573e+08
377 1.9189397e+08
377.1 1.9275361e+08
377.2 1.9352418e+08
377.3 1.9420235e+08
377.4 1.9478241e+08
377.5 1.9525705e+08
377.6 1.9561807e+08
377.7 1.9585705e+08
377.8 1.9596599e+08
377.9 1.9593772e+08
378 1.9576625e+08
378.1 1.9544688e+08
378.2 1.9497626e+08
378.3 1.9435238e+08
378.4 1.935745e+08
378.5 1.9264311e+08
378.6 1.9155987e+08
378.7 1.9032762e+08
378.8 1.8895036e+08
378.9 1.8743324e+08
379 1.8578249e+08
379.1 1.8400528e+08
379.2 1.8210945e+08
379.3 1.8010324e+08
379.4 1.7799485e+08
379.5 1.7579206e+08
379.6 1.7350195e+08
379.7 1.7113084e+08
379.8 1.6868453e+08
379.9 1.661691e+08
380 1.6359234e+08
380.1 1.6096589e+08
380.2 1.5830823e+08
380.3 1.5564848e+08
380.4 1.5303074e+08
380.5 1.5051893e+08
380.6 1.4820119e+08
380.7 1.4619302e+08
380.8 1.4463757e+08
380.9 1.4370134e+08
381 1.4356344e+08
381.1 1.443976e+08
381.2 1.463483e+08
381.3 1.4950491e+08
381.4 1.5387991e+08
381.5 1.5939673e+08
381.6 1.6589038e+08
381.7 1.7311946e+08
381.8 1.8078607e+08
381.9 1.8855876e+08
382 1.960952e+08
382.1 2.0306244e+08
382.2 2.0915393e+08
382.3 2.1410302e+08
382.4 2.1769304e+08
382.5 2.1976396e+08
382.6 2.2021574e+08
382.7 2.1900859e+08
382.8 2.1616022e+08
382.9 2.1174065e+08
383 2.0586494e+08
383.1 1.9868445e+08
383.2 1.903774e+08
383.3 1.8113939e+08
383.4 1.7117466e+08
383.5 1.6068883e+08
383.6 1.498837e+08
383.7 1.3895444e+08
383.8 1.2808949e+08
383.9 1.1747293e+08
384 1.072887e+08
384.1 97725599
384.2 88980660
384.3 81257296
384.4 74753113
384.5 69632596
384.6 65985751
384.7 63786183
384.8 62872592
384.9 62970181
385 63743534
385.1 64854558
385.2 66004373
385.3 66954378
385.4 67532415
385.5 67631787
385.6 67208557
385.7 66279915
385.8 64924565
385.9 63284652
386 61567034
386.1 60039139
386.2 59011590
386.3 58799457
386.4 59662170
386.5 61740273
386.6 65020381
386.7 69347161
386.8 74470589
386.9 80100279
387 85947026
387.1 91747367
387.2 97275431
387.3 1.0234742e+08
387.4 1.0682225e+08
387.5 1.1060023e+08
387.6 1.1362049e+08
387.7 1.1585746e+08
387.8 1.1731676e+08
387.9 1.180305e+08
388 1.1805241e+08
388.1 1.1745296e+08
388.2 1.1631467e+08
388.3 1.1472785e+08
388.4 1.1278672e+08
388.5 1.1058604e+08
388.6 1.0821812e+08
388.7 1.0577018e+08
388.8 1.0332196e+08
388.9 1.0094352e+08
389 98693283
389.1 96616206
389.2 94742334
389.3 93085695
389.4 91643721
389.5 90397276
389.6 89311368
389.7 88336571
389.8 87411126
389.9 86463652
390 85416361
390.1 84188610
390.2 82700673
390.3 80877584
390.4 78652948
390.5 75972633
390.6 72798301
390.7 69110767
390.8 64913175
390.9 60234061
391 55130374
391.1 49690686
391.2 44039016
391.3 38340089
391.4 32807281
391.5 27713664
391.6 23399531
391.7 20244009
391.8 18531868
391.9 18227986
392 18922621
392.1 20078964
392.2 21278015
392.3 22280238
392.4 22989926
392.5 23405998
392.6 23582139
392.7 23597019
392.8 23533059
392.9 23463316
393 23445846
393.1 23523243
393.2 23723358
393.3 24057474
393.4 24514839
393.5 25056094
393.6 25610084
393.7 26077491
393.8 26341792
393.9 26285756
394 25811648
394.1 24865435
394.2 23469118
394.3 21770543
394.4 20121327
394.5 19157563
394.6 19714893
394.7 22372160
394.8 27064388
394.9 33324653
395 40662419
395.1 48683525
395.2 57076246
395.3 65582048
395.4 73977732
395.5 82067671
395.6 89681977
395.7 96677706
395.8 1.0294133e+08
395.9 1.0839128e+08
396 1.1297971e+08
396.1 1.1669291e+08
396.2 1.1954988e+08
396.3 1.2159914e+08
396.4 1.2291397e+08
396.5 1.2358656e+08
396.6 1.2372203e+08
396.7 1.2343279e+08
396.8 1.2283383e+08
396.9 1.220389e+08
397 1.2115722e+08
397.1 1.2028985e+08
397.2 1.1952515e+08
397.3 1.1893307e+08
397.4 1.1855873e+08
397.5 1.1841654e+08
397.6 1.1848642e+08
397.7 1.1871338e+08
397.8 1.1901067e+08
397.9 1.1926611e+08
398 1.1935008e+08
398.1 1.1912394e+08
398.2 1.184476e+08
398.3 1.1718585e+08
398.4 1.1521349e+08
398.5 1.1241983e+08
398.6 1.0871346e+08
398.7 1.0402867e+08
398.8 98335265
398.9 91654900
399 84089419
399.1 75871444
399.2 67455841
399.3 59674595
399.4 53922841
399.5 52075097
399.6 55567897
399.7 64266141
399.8 76810897
399.9 91712585
400 1.0779523e+08
400.1 1.2416377e+08
400.2 1.4009923e+08
400.3 1.5499427e+08
400.4 1.6832791e+08
400.5 1.7966341e+08
400.6 1.8865759e+08
400.7 1.9507355e+08
400.8 1.9879172e+08
400.9 1.9981544e+08
401 1.9826935e+08
401.1 1.9438978e+08
401.2 1.8850784e+08
401.3 1.8102703e+08
401.4 1.7239746e+08
401.5 1.6308917e+08
401.6 1.5356641e+08
401.7 1.4426409e+08
401.8 1.355669e+08
401.9 1.2779137e+08
402 1.2117125e+08
402.1 1.1584815e+08
402.2 1.1186987e+08
402.3 1.0919864e+08
402.4 1.0772936e+08
402.5 1.0731383e+08
402.6 1.0778545e+08
402.7 1.0897886e+08
402.8 1.1074203e+08
402.9 1.1294092e+08
403 1.1545893e+08
403.1 1.1819347e+08
403.2 1.2105193e+08
403.3 1.2394835e+08
403.4 1.2680166e+08
403.5 1.2953536e+08
403.6 1.3207875e+08
403.7 1.3436909e+08
403.8 1.3635435e+08
403.9 1.3799636e+08
404 1.3927399e+08
404.1 1.4018654e+08
404.2 1.4075731e+08
404.3 1.410375e+08
404.4 1.4111025e+08
404.5 1.4109449e+08
404.6 1.4114738e+08
404.7 1.4146365e+08
404.8 1.4226942e+08
404.9 1.4380774e+08
405 1.463147e+08
405.1 1.4998728e+08
405.2 1.5494802e+08
405.3 1.6121419e+08
405.4 1.6867869e+08
405.5 1.7710587e+08
405.6 1.8614064e+08
405.7 1.9532625e+08
405.8 2.0412603e+08
405.9 2.1194626e+08
406 2.181594e+08
406.1 2.2212827e+08
406.2 2.2323224e+08
406.3 2.2089644e+08
406.4 2.1462464e+08
406.5 2.0403587e+08
406.6 1.8890492e+08
406.7 1.6920771e+08
406.8 1.4517797e+08
406.9 1.1740214e+08
407 87073671
407.1 57068533
407.2 37676417
407.3 48915358
407.4 78312949
407.5 1.105025e+08
407.6 1.409243e+08
407.7 1.6758978e+08
407.8 1.8927325e+08
407.9 2.0518028e+08
408 2.1487477e+08
408.1 2.1825433e+08
408.2 2.155281e+08
408.3 2.0718874e+08
408.4 1.9398234e+08
408.5 1.7688702e+08
408.6 1.5711807e+08
408.7 1.3618827e+08
408.8 1.1606076e+08
408.9 99378501
409 89405018
409.1 88680682
409.2 96812895
409.3 1.1081844e+08
409.4 1.2755577e+08
409.5 1.448626e+08
409.6 1.6144621e+08
409.7 1.7656555e+08
409.8 1.8981344e+08
409.9 2.0099309e+08
410 2.100483e+08
410.1 2.1702205e+08
410.2 2.2202985e+08
410.3 2.2524119e+08
410.4 2.2686551e+08
410.5 2.2714058e+08
410.6 2.2632226e+08
410.7 2.2467461e+08
410.8 2.2246008e+08
410.9 2.1992962e+08
411 2.1731279e+08
411.1 2.1480854e+08
411.2 2.125775e+08
411.3 2.1073669e+08
411.4 2.0935754e+08
411.5 2.0846764e+08
411.6 2.0805589e+08
411.7 2.0808022e+08
411.8 2.0847662e+08
411.9 2.0916799e+08
412 2.1007187e+08
412.1 2.1110641e+08
412.2 2.1219435e+08
412.3 2.1326547e+08
412.4 2.142579e+08
412.5 2.1511882e+08
412.6 2.1580497e+08
412.7 2.1628323e+08
412.8 2.1653124e+08
412.9 2.165379e+08
413 2.1630366e+08
413.1 2.1584034e+08
413.2 2.1517049e+08
413.3 2.1432645e+08
413.4 2.1334904e+08
413.5 2.1228616e+08
413.6 2.1119105e+08
413.7 2.101203e+08
413.8 2.0913105e+08
413.9 2.0827744e+08
414 2.0760628e+08
414.1 2.0715227e+08
414.2 2.0693361e+08
414.3 2.0694886e+08
414.4 2.0717587e+08
414.5 2.0757321e+08
414.6 2.0808395e+08
414.7 2.0864087e+08
414.8 2.0917213e+08
414.9 2.0960603e+08
415 2.0987416e+08
415.1 2.099123e+08
415.2 2.0965937e+08
415.3 2.0905478e+08
415.4 2.0803506e+08
415.5 2.0653065e+08
415.6 2.0446369e+08
415.7 2.0174761e+08
415.8 1.9828922e+08
415.9 1.9399391e+08
416 1.8877443e+08
416.1 1.8256386e+08
416.2 1.7533332e+08
416.3 1.6711504e+08
416.4 1.5803135e+08
416.5 1.4832933e+08
416.6 1.3841871e+08
416.7 1.2890386e+08
416.8 1.2058574e+08
416.9 1.1438724e+08
417 1.1115036e+08
417.1 1.1132959e+08
417.2 1.1475768e+08
417.3 1.2068117e+08
417.4 1.2803285e+08
417.5 1.3572763e+08
417.6 1.4284343e+08
417.7 1.486888e+08
417.8 1.528067e+08
417.9 1.5495128e+08
418 1.5505506e+08
418.1 1.5319335e+08
418.2 1.4954921e+08
418.3 1.4438061e+08
418.4 1.3799141e+08
418.5 1.3070679e+08
418.6 1.2285355e+08
418.7 1.1474509e+08
418.8 1.0667028e+08
418.9 98885513
419 91609100
419.1 85017188
419.2 79241112
419.3 74366412
419.4 70434302
419.5 67446401
419.6 65372744
419.7 64161826
419.8 63750236
419.9 64069462
420 65048552
420.1 66613155
420.2 68682682
420.3 71167746
420.4 73969396
420.5 76980747
420.6 80090746
420.7 83189305
420.8 86172944
420.9 88950114
421 91445645
421.1 93603904
421.2 95390553
421.3 96792939
421.4 97819384
421.5 98497785
421.6 98874019
421.7 99010644
421.8 98986263
421.9 98895648
422 98850330
422.1 98978888
422.2 99425652
422.3 1.0034633e+08
422.4 1.0189924e+08
422.5 1.0423193e+08
422.6 1.0746463e+08
422.7 1.1167375e+08
422.8 1.1687947e+08
422.9 1.2304061e+08
423 1.3005732e+08
423.1 1.3778045e+08
423.2 1.4602478e+08
423.3 1.5458369e+08
423.4 1.6324337e+08
423.5 1.7179576e+08
423.6 1.8004958e+08
423.7 1.8783917e+08
423.8 1.9503107e+08
423.9 2.0152802e+08
424 2.0727033e+08
424.1 2.1223482e+08
424.2 2.164315e+08
424.3 2.1989846e+08
424.4 2.2269559e+08
424.5 2.2489775e+08
424.6 2.26588e+08
424.7 2.278514e+08
424.8 2.287699e+08
424.9 2.294184e+08
425 2.298622e+08
425.1 2.3015577e+08
425.2 2.3034257e+08
425.3 2.304558e+08
425.4 2.3051969e+08
425.5 2.3055112e+08
425.6 2.3056131e+08
425.7 2.3055734e+08
425.8 2.3054364e+08
425.9 2.305232e+08
426 2.3049869e+08
426.1 2.3047343e+08
426.2 2.3045205e+08
426.3 2.3044079e+08
426.4 2.3044693e+08
426.5 2.3047706e+08
426.6 2.3053374e+08
426.7 2.3061044e+08
426.8 2.3068499e+08
426.9 2.3071201e+08
427 2.3061587e+08
427.1 2.3028548e+08
427.2 2.2957281e+08
427.3 2.282965e+08
427.4 2.2625109e+08
427.5 2.2322182e+08
427.6 2.1900345e+08
427.7 2.134212e+08
427.8 2.0635144e+08
427.9 1.9773985e+08
428 1.8761514e+08
428.1 1.7609761e+08
428.2 1.6340257e+08
428.3 1.4983984e+08
428.4 1.3581181e+08
428.5 1.218126e+08
428.6 1.0843026e+08
428.7 96347489
428.8 86320913
428.9 79093255
429 75194386
429.1 74694814
429.2 77128814
429.3 81702266
429.4 87598129
429.5 94160393
429.6 1.0093266e+08
429.7 1.0762572e+08
429.8 1.1407037e+08
429.9 1.2017704e+08
430 1.2590613e+08
430.1 1.3124727e+08
430.2 1.3620522e+08
430.3 1.4079049e+08
430.4 1.4501334e+08
430.5 1.4888042e+08
430.6 1.5239346e+08
430.7 1.5554979e+08
430.8 1.5834401e+08
430.9 1.6077078e+08
431 1.6282785e+08
431.1 1.645191e+08
431.2 1.6585688e+08
431.3 1.6686343e+08
431.4 1.6757099e+08
431.5 1.6802072e+08
431.6 1.6826046e+08
431.7 1.6834176e+08
431.8 1.6831647e+08
431.9 1.6823352e+08
432 1.6813593e+08
432.1 1.6805856e+08
432.2 1.6802638e+08
432.3 1.6805351e+08
432.4 1.6814293e+08
432.5 1.6828703e+08
432.6 1.6846925e+08
432.7 1.6866694e+08
432.8 1.6885533e+08
432.9 1.6901227e+08
433 1.6912282e+08
433.1 1.6918274e+08
433.2 1.6920003e+08
433.3 1.6919377e+08
433.4 1.6919051e+08
433.5 1.6921887e+08
433.6 1.6930377e+08
433.7 1.6946167e+08
433.8 1.6969834e+08
433.9 1.7000975e+08
434 1.703861e+08
434.1 1.7081788e+08
434.2 1.7130245e+08
434.3 1.7184929e+08
434.4 1.7248216e+08
434.5 1.732374e+08
434.6 1.7415833e+08
434.7 1.7528699e+08
434.8 1.7665517e+08
434.9 1.7827698e+08
435 1.8014487e+08
435.1 1.8222978e+08
435.2 1.8448507e+08
435.3 1.8685302e+08
435.4 1.8927207e+08
435.5 1.9168341e+08
435.6 1.9403577e+08
435.7 1.9628822e+08
435.8 1.9841096e+08
435.9 2.0038455e+08
436 2.0219829e+08
436.1 2.0384802e+08
436.2 2.0533413e+08
436.3 2.0665974e+08
436.4 2.0782948e+08
436.5 2.0884875e+08
436.6 2.0972352e+08
436.7 2.1046047e+08
436.8 2.1106734e+08
436.9 2.1155329e+08
437 2.1192916e+08
437.1 2.1220735e+08
437.2 2.1240151e+08
437.3 2.1252585e+08
437.4 2.1259438e+08
437.5 2.1262007e+08
437.6 2.1261419e+08
437.7 2.1258591e+08
437.8 2.1254218e+08
437.9 2.1248789e+08
438 2.1242619e+08
438.1 2.1235899e+08
438.2 2.1228739e+08
438.3 2.1221205e+08
438.4 2.1213354e+08
438.5 2.1205247e+08
438.6 2.1196961e+08
438.7 2.1188581e+08
438.8 2.11802e+08
438.9 2.1171904e+08
439 2.1163761e+08
439.1 2.1155816e+08
439.2 2.1148079e+08
439.3 2.1140518e+08
439.4 2.1133061e+08
439.5 2.1125579e+08
439.6 2.1117881e+08
439.7 2.1109689e+08
439.8 2.1100609e+08
439.9 2.1090095e+08
440 2.1077395e+08
440.1 2.1061497e+08
440.2 2.1041073e+08
440.3 2.1014429e+08
440.4 2.0979472e+08
440.5 2.0933705e+08
440.6 2.0874265e+08
440.7 2.0798005e+08
440.8 2.0701641e+08
440.9 2.0581941e+08
441 2.0435974e+08
441.1 2.0261377e+08
441.2 2.0056642e+08
441.3 1.9821386e+08
441.4 1.9556583e+08
441.5 1.9264736e+08
441.6 1.8949978e+08
441.7 1.8618073e+08
441.8 1.827633e+08
441.9 1.7933408e+08
442 1.7599014e+08
442.1 1.7283503e+08
442.2 1.6997384e+08
442.3 1.675074e+08
442.4 1.6552618e+08
442.5 1.641042e+08
442.6 1.6329378e+08
442.7 1.6312167e+08
442.8 1.6358731e+08
442.9 1.6466313e+08
443 1.6629688e+08
443.1 1.6841535e+08
443.2 1.7092852e+08
443.3 1.7373381e+08
443.4 1.7671971e+08
443.5 1.7976899e+08
443.6 1.8276174e+08
443.7 1.855786e+08
443.8 1.8810491e+08
443.9 1.9023575e+08
444 1.9188203e+08
444.1 1.9297705e+08
444.2 1.9348287e+08
444.3 1.9339528e+08
444.4 1.9274656e+08
444.5 1.9160479e+08
444.6 1.9006943e+08
444.7 1.8826297e+08
444.8 1.863196e+08
444.9 1.8437198e+08
445 1.8253843e+08
445.1 1.8091225e+08
445.2 1.7955507e+08
445.3 1.7849482e+08
445.4 1.7772833e+08
445.5 1.7722714e+08
445.6 1.7694508e+08
445.7 1.7682584e+08
445.8 1.768095e+08
445.9 1.7683728e+08
446 1.7685459e+08
446.1 1.7681237e+08
446.2 1.7666741e+08
446.3 1.7638188e+08
446.4 1.7592251e+08
446.5 1.752599e+08
446.6 1.7436796e+08
446.7 1.7322384e+08
446.8 1.7180853e+08
446.9 1.7010788e+08
447 1.681143e+08
447.1 1.6582871e+08
447.2 1.6326259e+08
447.3 1.6043983e+08
447.4 1.5739789e+08
447.5 1.5418825e+08
447.6 1.5087574e+08
447.7 1.4753702e+08
447.8 1.4425809e+08
447.9 1.4113147e+08
448 1.3825303e+08
448.1 1.3571903e+08
448.2 1.3362319e+08
448.3 1.3205387e+08
448.4 1.3109109e+08
448.5 1.308031e+08
448.6 1.3124259e+08
448.7 1.3244258e+08
448.8 1.3441276e+08
448.9 1.3713681e+08
449 1.4057148e+08
449.1 1.4464775e+08
449.2 1.4927408e+08
449.3 1.5434132e+08
449.4 1.5972885e+08
449.5 1.6531109e+08
449.6 1.7096404e+08
449.7 1.7657122e+08
449.8 1.8202861e+08
449.9 1.8724836e+08
450 1.9216103e+08
450.1 1.9671635e+08
450.2 2.0088251e+08
450.3 2.0464434e+08
450.4 2.0800071e+08
450.5 2.109615e+08
450.6 2.1354465e+08
450.7 2.1577356e+08
450.8 2.1767496e+08
450.9 2.1927731e+08
451 2.2060972e+08
451.1 2.2170119e+08
451.2 2.2258007e+08
451.3 2.2327367e+08
451.4 2.2380796e+08
451.5 2.2420722e+08
451.6 2.2449389e+08
451.7 2.2468839e+08
451.8 2.2480903e+08
451.9 2.2487208e+08
452 2.248918e+08
452.1 2.2488059e+08
452.2 2.2484912e+08
452.3 2.2480646e+08
452.4 2.2476018e+08
452.5 2.247164e+08
452.6 2.2467986e+08
452.7 2.2465393e+08
452.8 2.2464068e+08
452.9 2.2464093e+08
453 2.2465444e+08
453.1 2.2468003e+08
453.2 2.2471587e+08
453.3 2.247598e+08
453.4 2.2480956e+08
453.5 2.2486316e+08
453.6 2.2491911e+08
453.7 2.2497653e+08
453.8 2.2503522e+08
453.9 2.2509553e+08
454 2.2515797e+08
454.1 2.2522275e+08
454.2 2.252891e+08
454.3 2.2535449e+08
454.4 2.2541384e+08
454.5 2.2545886e+08
454.6 2.2547754e+08
454.7 2.25454e+08
454.8 2.2536865e+08
454.9 2.251987e+08
455 2.2491907e+08
455.1 2.2450339e+08
455.2 2.2392514e+08
455.3 2.2315863e+08
455.4 2.2217979e+08
455.5 2.2096649e+08
455.6 2.1949835e+08
455.7 2.1775607e+08
455.8 2.1572022e+08
455.9 2.1336971e+08
456 2.1068013e+08
456.1 2.0762219e+08
456.2 2.0416069e+08
456.3 2.0025417e+08
456.4 1.9585551e+08
456.5 1.9091351e+08
456.6 1.8537544e+08
456.7 1.7919028e+08
456.8 1.7231248e+08
456.9 1.6470577e+08
457 1.5634681e+08
457.1 1.4722845e+08
457.2 1.3736241e+08
457.3 1.2678147e+08
457.4 1.155415e+08
457.5 1.0372392e+08
457.6 91440013
457.7 78840164
457.8 66135099
457.9 53648038
458 41949667
458.1 32203741
458.2 26728835
458.3 27969446
458.4 34897797
458.5 44569225
458.6 55166042
458.7 65850231
458.8 76211638
458.9 86023649
459 95149672
459.1 1.0350522e+08
459.2 1.1104088e+08
459.3 1.1773366e+08
459.4 1.2358174e+08
459.5 1.2860058e+08
459.6 1.3281955e+08
459.7 1.3627877e+08
459.8 1.3902604e+08
459.9 1.4111416e+08
460 1.4259899e+08
460.1 1.4353853e+08
460.2 1.4399366e+08
460.3 1.4403081e+08
460.4 1.4372672e+08
460.5 1.4317509e+08
460.6 1.4249436e+08
460.7 1.41835e+08
460.8 1.4138378e+08
460.9 1.4136167e+08
461 1.4201167e+08
461.1 1.4357434e+08
461.2 1.4625227e+08
461.3 1.5017021e+08
461.4 1.5534126e+08
461.5 1.6164978e+08
461.6 1.6885541e+08
461.7 1.7661557e+08
461.8 1.8451874e+08
461.9 1.9212058e+08
462 1.9897749e+08
462.1 2.0467489e+08
462.2 2.0884987e+08
462.3 2.1120822e+08
462.4 2.1153661e+08
462.5 2.0971041e+08
462.6 2.0569764e+08
462.7 1.9955993e+08
462.8 1.9145104e+08
462.9 1.8161422e+08
463 1.7037946e+08
463.1 1.5816212e+08
463.2 1.4546408e+08
463.3 1.3287706e+08
463.4 1.2108346e+08
463.5 1.1084009e+08
463.6 1.0291586e+08
463.7 97952581
463.8 96267741
463.9 97716807
464 1.0174415e+08
464.1 1.0759423e+08
464.2 1.145267e+08
464.3 1.2193449e+08
464.4 1.2937166e+08
464.5 1.365356e+08
464.6 1.4323585e+08
464.7 1.4936428e+08
464.8 1.5487058e+08
464.9 1.5974342e+08
465 1.6399653e+08
465.1 1.6765866e+08
465.2 1.7076664e+08
465.3 1.7336095e+08
465.4 1.7548319e+08
465.5 1.7717488e+08
465.6 1.7847733e+08
465.7 1.7943212e+08
465.8 1.8008189e+08
465.9 1.8047121e+08
466 1.806474e+08
466.1 1.8066108e+08
466.2 1.8056626e+08
466.3 1.8042011e+08
466.4 1.8028201e+08
466.5 1.8021205e+08
466.6 1.8026892e+08
466.7 1.8050702e+08
466.8 1.8097325e+08
466.9 1.8170341e+08
467 1.8271872e+08
467.1 1.8402289e+08
467.2 1.856003e+08
467.3 1.8741556e+08
467.4 1.8941491e+08
467.5 1.9152933e+08
467.6 1.9367904e+08
467.7 1.957789e+08
467.8 1.9774391e+08
467.9 1.9949408e+08
468 2.0095787e+08
468.1 2.0207393e+08
468.2 2.0279058e+08
468.3 2.0306341e+08
468.4 2.0285092e+08
468.5 2.021091e+08
468.6 2.0078528e+08
468.7 1.988123e+08
468.8 1.9610376e+08
468.9 1.9255114e+08
469 1.8802339e+08
469.1 1.8236972e+08
469.2 1.7542554e+08
469.3 1.6702173e+08
469.4 1.569969e+08
469.5 1.4521236e+08
469.6 1.3156936e+08
469.7 1.1602924e+08
469.8 98639367
469.9 79577094
470 59264202
470.1 38839084
470.2 23094920
470.3 27289292
470.4 47134685
470.5 70342495
470.6 93841241
470.7 1.1654962e+08
470.8 1.3781906e+08
470.9 1.5718036e+08
471 1.7429504e+08
471.1 1.8894802e+08
471.2 2.0104666e+08
471.3 2.1061622e+08
471.4 2.1778878e+08
471.5 2.2278548e+08
471.6 2.2589344e+08
471.7 2.2743965e+08
471.8 2.2776441e+08
471.9 2.2719715e+08
472 2.2603683e+08
472.1 2.2453823e+08
472.2 2.2290483e+08
472.3 2.2128771e+08
472.4 2.1978923e+08
472.5 2.1847e+08
472.6 2.1735741e+08
472.7 2.1645448e+08
472.8 2.1574799e+08
472.9 2.152153e+08
473 2.1482973e+08
473.1 2.1456428e+08
473.2 2.1439392e+08
473.3 2.1429652e+08
473.4 2.1425266e+08
473.5 2.1424458e+08
473.6 2.1425452e+08
473.7 2.1426266e+08
473.8 2.1424504e+08
473.9 2.1417161e+08
474 2.1400462e+08
474.1 2.1369773e+08
474.2 2.131958e+08
474.3 2.1243584e+08
474.4 2.1134887e+08
474.5 2.0986317e+08
474.6 2.0790839e+08
474.7 2.0542074e+08
474.8 2.0234859e+08
474.9 1.9865823e+08
475 1.9433913e+08
475.1 1.8940809e+08
475.2 1.8391184e+08
475.3 1.7792744e+08
475.4 1.7156037e+08
475.5 1.649401e+08
475.6 1.5821341e+08
475.7 1.5153582e+08
475.8 1.4506175e+08
475.9 1.3893445e+08
476 1.3327648e+08
476.1 1.2818201e+08
476.2 1.2371176e+08
476.3 1.1989123e+08
476.4 1.1671235e+08
476.5 1.141381e+08
476.6 1.1210912e+08
476.7 1.1055145e+08
476.8 1.0938414e+08
476.9 1.0852638e+08
477 1.0790345e+08
477.1 1.0745146e+08
477.2 1.0712057e+08
477.3 1.0687672e+08
477.4 1.0670154e+08
477.5 1.0659076e+08
477.6 1.0655106e+08
477.7 1.0659602e+08
477.8 1.0674153e+08
477.9 1.0700137e+08
478 1.0738351e+08
478.1 1.0788749e+08
478.2 1.0850313e+08
478.3 1.0921052e+08
478.4 1.0998115e+08
478.5 1.1078002e+08
478.6 1.115684e+08
478.7 1.1230696e+08
478.8 1.1295915e+08
478.9 1.1349446e+08
479 1.1389151e+08
479.1 1.1414061e+08
479.2 1.1424571e+08
479.3 1.1422547e+08
479.4 1.1411345e+08
479.5 1.139571e+08
479.6 1.1381589e+08
479.7 1.1375834e+08
479.8 1.138585e+08
479.9 1.141919e+08
480 1.1483162e+08
480.1 1.1584462e+08
480.2 1.1728886e+08
480.3 1.1921107e+08
480.4 1.2164542e+08
480.5 1.2461264e+08
480.6 1.2811946e+08
480.7 1.3215803e+08
480.8 1.3670536e+08
480.9 1.4172261e+08
481 1.471547e+08
481.1 1.5293041e+08
481.2 1.5896337e+08
481.3 1.6515417e+08
481.4 1.7139388e+08
481.5 1.7756889e+08
481.6 1.8356685e+08
481.7 1.8928351e+08
481.8 1.9462961e+08
481.9 1.9953732e+08
482 2.039652e+08
482.1 2.0790083e+08
482.2 2.1136058e+08
482.3 2.1438588e+08
482.4 2.1703634e+08
482.5 2.1938024e+08
482.6 2.2148363e+08
482.7 2.2339953e+08
482.8 2.2515892e+08
482.9 2.267648e+08
483 2.2819008e+08
483.1 2.2937961e+08
483.2 2.3025573e+08
483.3 2.3072648e+08
483.4 2.3069536e+08
483.5 2.3007141e+08
483.6 2.2877853e+08
483.7 2.2676323e+08
483.8 2.2400007e+08
483.9 2.2049442e+08
484 2.162825e+08
484.1 2.1142882e+08
484.2 2.0602166e+08
484.3 2.0016718e+08
484.4 1.9398325e+08
484.5 1.875936e+08
484.6 1.8112316e+08
484.7 1.7469501e+08
484.8 1.6842916e+08
484.9 1.6244289e+08
485 1.5685242e+08
485.1 1.5177501e+08
485.2 1.4733094e+08
485.3 1.4364417e+08
485.4 1.4084089e+08
485.5 1.3904516e+08
485.6 1.3837134e+08
485.7 1.3891397e+08
485.8 1.4073622e+08
485.9 1.4385921e+08
486 1.4825388e+08
486.1 1.5383653e+08
486.2 1.6046813e+08
486.3 1.6795648e+08
486.4 1.7606026e+08
486.5 1.8449459e+08
486.6 1.9293815e+08
486.7 2.0104242e+08
486.8 2.0844372e+08
486.9 2.1477826e+08
487 2.1969996e+08
487.1 2.2289997e+08
487.2 2.2412645e+08
487.3 2.2320242e+08
487.4 2.2003996e+08
487.5 2.1464896e+08
487.6 2.0713953e+08
487.7 1.977182e+08
487.8 1.8667843e+08
487.9 1.7438732e+08
488 1.6127017e+08
488.1 1.4779496e+08
488.2 1.3445802e+08
488.3 1.2177039e+08
488.4 1.1024173e+08
488.5 1.0035426e+08
488.6 92516957
488.7 86996803
488.8 83847392
488.9 82880751
489 83716817
489.1 85889933
489.2 88953507
489.3 92542109
489.4 96389192
489.5 1.0031813e+08
489.6 1.0422313e+08
489.7 1.0804942e+08
489.8 1.1177616e+08
489.9 1.154031e+08
490 1.1894038e+08
490.1 1.2240103e+08
490.2 1.2579556e+08
490.3 1.2912801e+08
490.4 1.323933e+08
490.5 1.3557545e+08
490.6 1.3864648e+08
490.7 1.4156607e+08
490.8 1.4428182e+08
490.9 1.4673058e+08
491 1.4884086e+08
491.1 1.5053719e+08
491.2 1.5174659e+08
491.3 1.5240794e+08
491.4 1.5248427e+08
491.5 1.5197788e+08
491.6 1.5094701e+08
491.7 1.4952166e+08
491.8 1.479141e+08
491.9 1.4641793e+08
492 1.4538835e+08
492.1 1.4519878e+08
492.2 1.4617644e+08
492.3 1.4853214e+08
492.4 1.5230881e+08
492.5 1.5737047e+08
492.6 1.6343516e+08
492.7 1.7013593e+08
492.8 1.7708643e+08
492.9 1.8393343e+08
493 1.9038935e+08
493.1 1.9624583e+08
493.2 2.013729e+08
493.3 2.0570887e+08
493.4 2.0924505e+08
493.5 2.120086e+08
493.6 2.1404539e+08
493.7 2.1540447e+08
493.8 2.1612485e+08
493.9 2.1622532e+08
494 2.1569762e+08
494.1 2.1450312e+08
494.2 2.1257322e+08
494.3 2.0981353e+08
494.4 2.0611174e+08
494.5 2.0134936e+08
494.6 1.9541718e+08
494.7 1.8823464e+08
494.8 1.7977346e+08
494.9 1.7008575e+08
495 1.5933732e+08
495.1 1.4784623e+08
495.2 1.3612479e+08
495.3 1.2491547e+08
495.4 1.1519076e+08
495.5 1.0805167e+08
495.6 1.044492e+08
495.7 1.0477696e+08
495.8 1.0862122e+08
495.9 1.1491971e+08
496 1.2237517e+08
496.1 1.2979571e+08
496.2 1.3624555e+08
496.3 1.4106845e+08
496.4 1.4386045e+08
496.5 1.4443019e+08
496.6 1.4275958e+08
496.7 1.3896745e+08
496.8 1.3327678e+08
496.9 1.2598533e+08
497 1.1744043e+08
497.1 1.080179e+08
497.2 98105586
497.3 88091171
497.4 78353364
497.5 69254409
497.6 61129448
497.7 54265608
497.8 48863796
497.9 44987073
498 42524078
498.1 41209484
498.2 40710968
498.3 40739954
498.4 41136547
498.5 41912456
498.6 43256239
498.7 45499428
498.8 49036381
498.9 54211960
499 61226390
499.1 70103173
499.2 80715647
499.3 92833207
499.4 1.0615812e+08
499.5 1.2034694e+08
499.6 1.3502229e+08
499.7 1.4978149e+08
499.8 1.6420629e+08
499.9 1.7787564e+08
500 1.9038161e+08
500.1 2.0134795e+08
500.2 2.1044978e+08
500.3 2.1743253e+08
500.4 2.2212821e+08
500.5 2.2446687e+08
500.6 2.2448179e+08
500.7 2.2230739e+08
500.8 2.1816987e+08
500.9 2.1237138e+08
501 2.0526929e+08
501.1 1.9725259e+08
501.2 1.8871757e+08
501.3 1.8004462e+08
501.4 1.715778e+08
501.5 1.6360798e+08
501.6 1.5636055e+08
501.7 1.4998827e+08
501.8 1.4456973e+08
501.9 1.4011401e+08
502 1.3657094e+08
502.1 1.3384592e+08
502.2 1.3181697e+08
502.3 1.3035161e+08
502.4 1.2932123e+08
502.5 1.2861172e+08
502.6 1.2812977e+08
502.7 1.278052e+08
502.8 1.2759016e+08
502.9 1.2745608e+08
503 1.2738949e+08
503.1 1.2738763e+08
503.2 1.2745445e+08
503.3 1.2759765e+08
503.4 1.2782681e+08
503.5 1.2815254e+08
503.6 1.2858645e+08
503.7 1.2914149e+08
503.8 1.2983225e+08
503.9 1.3067491e+08
504 1.316864e+08
504.1 1.3288267e+08
504.2 1.3427593e+08
504.3 1.3587123e+08
504.4 1.3766273e+08
504.5 1.3963041e+08
504.6 1.4173813e+08
504.7 1.4393363e+08
504.8 1.4615082e+08
504.9 1.4831434e+08
505 1.5034578e+08
505.1 1.5217068e+08
505.2 1.5372534e+08
505.3 1.5496257e+08
505.4 1.5585578e+08
505.5 1.5640112e+08
505.6 1.5661762e+08
505.7 1.5654561e+08
505.8 1.5624375e+08
505.9 1.5578502e+08
506 1.5525208e+08
506.1 1.5473223e+08
506.2 1.5431222e+08
506.3 1.5407314e+08
506.4 1.5408564e+08
506.5 1.5440569e+08
506.6 1.5507122e+08
506.7 1.5609998e+08
506.8 1.5748879e+08
506.9 1.5921422e+08
507 1.6123464e+08
507.1 1.6349336e+08
507.2 1.6592239e+08
507.3 1.6844644e+08
507.4 1.7098686e+08
507.5 1.7346503e+08
507.6 1.758053e+08
507.7 1.7793715e+08
507.8 1.7979674e+08
507.9 1.8132792e+08
508 1.8248272e+08
508.1 1.8322148e+08
508.2 1.835128e+08
508.3 1.8333336e+08
508.4 1.8266769e+08
508.5 1.8150805e+08
508.6 1.7985444e+08
508.7 1.7771475e+08
508.8 1.7510502e+08
508.9 1.7204985e+08
509 1.685829e+08
509.1 1.6474718e+08
509.2 1.6059532e+08
509.3 1.5618945e+08
509.4 1.5160066e+08
509.5 1.469079e+08
509.6 1.4219626e+08
509.7 1.3755464e+08
509.8 1.3307264e+08
509.9 1.2883706e+08
510 1.2492796e+08
510.1 1.2141459e+08
510.2 1.1835163e+08
510.3 1.1577585e+08
510.4 1.1370361e+08
510.5 1.121293e+08
510.6 1.1102461e+08
510.7 1.1033858e+08
510.8 1.099982e+08
510.9 1.0990948e+08
511 1.0995915e+08
511.1 1.1001725e+08
511.2 1.0994124e+08
511.3 1.0958196e+08
511.4 1.0879217e+08
511.5 1.074378e+08
511.6 1.0541216e+08
511.7 1.0265325e+08
511.8 99163947
511.9 95035238
512 90471512
512.1 85815094
512.2 81560508
512.3 78336347
512.4 76820309
512.5 77571305
512.6 80840903
512.7 86495928
512.8 94111177
512.9 1.0314286e+08
513 1.1306664e+08
513.1 1.2344353e+08
513.2 1.3393439e+08
513.3 1.4429028e+08
513.4 1.5433525e+08
513.5 1.6394828e+08
513.6 1.7304712e+08
513.7 1.8157449e+08
513.8 1.8948677e+08
513.9 1.9674515e+08
514 2.0330917e+08
514.1 2.0913229e+08
514.2 2.141597e+08
514.3 2.183281e+08
514.4 2.215677e+08
514.5 2.2380657e+08
514.6 2.2497803e+08
514.7 2.2503144e+08
514.8 2.2394717e+08
514.9 2.2175568e+08
515 2.1856026e+08
515.1 2.1456063e+08
515.2 2.1007229e+08
515.3 2.0553224e+08
515.4 2.0147849e+08
515.5 1.9849066e+08
515.6 1.9708859e+08
515.7 1.9760769e+08
515.8 2.000951e+08
515.9 2.0427485e+08
516 2.0960104e+08
516.1 2.1537395e+08
516.2 2.2087141e+08
516.3 2.2545658e+08
516.4 2.2864577e+08
516.5 2.3013776e+08
516.6 2.2981356e+08
516.7 2.2771688e+08
516.8 2.2402411e+08
516.9 2.1901033e+08
517 2.1301587e+08
517.1 2.0641647e+08
517.2 1.9959806e+08
517.3 1.9293659e+08
517.4 1.8678201e+08
517.5 1.8144533e+08
517.6 1.7718772e+08
517.7 1.7421087e+08
517.8 1.7264891e+08
517.9 1.7256251e+08
518 1.7393614e+08
518.1 1.7667907e+08
518.2 1.8062971e+08
518.3 1.8556261e+08
518.4 1.9119726e+08
518.5 1.9720885e+08
518.6 2.0324183e+08
518.7 2.0892723e+08
518.8 2.1390476e+08
518.9 2.178492e+08
519 2.204992e+08
519.1 2.2168484e+08
519.2 2.2134941e+08
519.3 2.1956016e+08
519.4 2.165046e+08
519.5 2.1247054e+08
519.6 2.0781171e+08
519.7 2.0290388e+08
519.8 1.9809892e+08
519.9 1.9368547e+08
520 1.8986333e+08
520.1 1.8673547e+08
520.2 1.8431681e+08
520.3 1.825547e+08
520.4 1.8135409e+08
520.5 1.806011e+08
520.6 1.8018122e+08
520.7 1.7999085e+08
520.8 1.7994337e+08
520.9 1.7997106e+08
521 1.8002485e+08
521.1 1.8007294e+08
521.2 1.8009887e+08
521.3 1.8009964e+08
521.4 1.8008347e+08
521.5 1.8006759e+08
521.6 1.8007565e+08
521.7 1.8013493e+08
521.8 1.8027336e+08
521.9 1.8051648e+08
522 1.8088446e+08
522.1 1.8138945e+08
522.2 1.8203344e+08
522.3 1.8280679e+08
522.4 1.8368769e+08
522.5 1.8464242e+08
522.6 1.8562656e+08
522.7 1.8658705e+08
522.8 1.8746492e+08
522.9 1.8819862e+08
523 1.8872767e+08
523.1 1.8899662e+08
523.2 1.8895882e+08
523.3 1.8858004e+08
523.4 1.8784138e+08
523.5 1.8674144e+08
523.6 1.8529726e+08
523.7 1.8354399e+08
523.8 1.8153318e+08
523.9 1.7932958e+08
524 1.7700677e+08
524.1 1.7464195e+08
524.2 1.7231023e+08
524.3 1.7007927e+08
524.4 1.6800474e+08
524.5 1.6612726e+08
524.6 1.6447115e+08
524.7 1.6304503e+08
524.8 1.6184404e+08
524.9 1.6085295e+08
525 1.6004977e+08
525.1 1.5940905e+08
525.2 1.5890456e+08
525.3 1.5851109e+08
525.4 1.5820552e+08
525.5 1.5796713e+08
525.6 1.5777749e+08
525.7 1.576201e+08
525.8 1.574799e+08
525.9 1.5734278e+08
526 1.5719515e+08
526.1 1.5702361e+08
526.2 1.5681474e+08
526.3 1.5655495e+08
526.4 1.5623065e+08
526.5 1.5582851e+08
526.6 1.553361e+08
526.7 1.5474274e+08
526.8 1.5404088e+08
526.9 1.5322775e+08
527 1.5230763e+08
527.1 1.5129439e+08
527.2 1.5021467e+08
527.3 1.4911109e+08
527.4 1.4804546e+08
527.5 1.4710113e+08
527.6 1.4638355e+08
527.7 1.4601764e+08
527.8 1.461408e+08
527.9 1.4689055e+08
528 1.4838727e+08
528.1 1.5071456e+08
528.2 1.5390107e+08
528.3 1.5790874e+08
528.4 1.6263093e+08
528.5 1.6790129e+08
528.6 1.7351114e+08
528.7 1.7923162e+08
528.8 1.8483621e+08
528.9 1.9012044e+08
529 1.9491665e+08
529.1 1.9910303e+08
529.2 2.0260716e+08
529.3 2.0540464e+08
529.4 2.0751406e+08
529.5 2.0898946e+08
529.6 2.0991149e+08
529.7 2.1037841e+08
529.8 2.1049771e+08
529.9 2.1037882e+08
530 2.1012736e+08
530.1 2.0984079e+08
530.2 2.0960534e+08
530.3 2.0949406e+08
530.4 2.0956555e+08
530.5 2.0986326e+08
530.6 2.1041498e+08
530.7 2.1123267e+08
530.8 2.1231241e+08
530.9 2.1363461e+08
531 2.1516481e+08
531.1 2.1685489e+08
531.2 2.1864509e+08
531.3 2.2046673e+08
531.4 2.2224564e+08
531.5 2.2390617e+08
531.6 2.2537563e+08
531.7 2.2658882e+08
531.8 2.2749236e+08
531.9 2.2804857e+08
532 2.2823829e+08
532.1 2.2806254e+08
532.2 2.2754258e+08
532.3 2.2671817e+08
532.4 2.256442e+08
532.5 2.2438585e+08
532.6 2.2301285e+08
532.7 2.2159368e+08
532.8 2.2019019e+08
532.9 2.188536e+08
533 2.1762205e+08
533.1 2.1651985e+08
533.2 2.1555818e+08
533.3 2.1473684e+08
533.4 2.140466e+08
533.5 2.1347176e+08
533.6 2.1299256e+08
533.7 2.1258738e+08
533.8 2.122346e+08
533.9 2.1191416e+08
534 2.1160879e+08
534.1 2.1130501e+08
534.2 2.1099386e+08
534.3 2.1067133e+08
534.4 2.1033846e+08
534.5 2.1000107e+08
534.6 2.09669e+08
534.7 2.0935483e+08
534.8 2.0907203e+08
534.9 2.0883258e+08
535 2.0864419e+08
535.1 2.0850721e+08
535.2 2.0841178e+08
535.3 2.0833529e+08
535.4 2.0824077e+08
535.5 2.0807645e+08
535.6 2.0777669e+08
535.7 2.072643e+08
535.8 2.0645412e+08
535.9 2.052574e+08
536 2.0358665e+08
536.1 2.0136038e+08
536.2 1.9850755e+08
536.3 1.9497131e+08
536.4 1.907121e+08
536.5 1.8571014e+08
536.6 1.7996742e+08
536.7 1.7350937e+08
536.8 1.6638632e+08
536.9 1.5867464e+08
537 1.5047753e+08
537.1 1.4192511e+08
537.2 1.3317354e+08
537.3 1.2440266e+08
537.4 1.1581165e+08
537.5 1.0761181e+08
537.6 1.0001576e+08
537.7 93221958
537.8 87394889
537.9 82642803
538 78998601
538.1 76411275
538.2 74753598
538.3 73845298
538.4 73484016
538.5 73474203
538.6 73647446
538.7 73872994
538.8 74060861
538.9 74161042
539 74161818
539.1 74089116
539.2 74007674
539.3 74023685
539.4 74287275
539.5 74991866
539.6 76366417
539.7 78657025
539.8 82097699
539.9 86875816
540 93102401
540.1 1.0079613e+08
540.2 1.0988308e+08
540.3 1.202071e+08
540.4 1.3154358e+08
540.5 1.436118e+08
540.6 1.5608444e+08
540.7 1.685956e+08
540.8 1.8074935e+08
540.9 1.9213072e+08
541 2.023206e+08
541.1 2.1091503e+08
541.2 2.1754866e+08
541.3 2.2192104e+08
541.4 2.2382381e+08
541.5 2.231662e+08
541.6 2.1999586e+08
541.7 2.1451278e+08
541.8 2.0707425e+08
541.9 1.9818961e+08
542 1.8850368e+08
542.1 1.7876623e+08
542.2 1.6978252e+08
542.3 1.6233817e+08
542.4 1.5709739e+08
542.5 1.5449157e+08
542.6 1.5463944e+08
542.7 1.5734274e+08
542.8 1.621639e+08
542.9 1.6854535e+08
543 1.7591718e+08
543.1 1.8376478e+08
543.2 1.9165739e+08
543.3 1.9925135e+08
543.4 2.0628205e+08
543.5 2.1255289e+08
543.6 2.1792536e+08
543.7 2.2231149e+08
543.8 2.2566827e+08
543.9 2.2799342e+08
544 2.2932164e+08
544.1 2.2972068e+08
544.2 2.2928687e+08
544.3 2.2813986e+08
544.4 2.2641665e+08
544.5 2.24265e+08
544.6 2.2183656e+08
544.7 2.1928007e+08
544.8 2.1673497e+08
544.9 2.1432578e+08
545 2.1215762e+08
545.1 2.1031304e+08
545.2 2.088503e+08
545.3 2.0780295e+08
545.4 2.0718071e+08
545.5 2.0697117e+08
545.6 2.071423e+08
545.7 2.0764524e+08
545.8 2.0841754e+08
545.9 2.0938656e+08
546 2.1047311e+08
546.1 2.1159533e+08
546.2 2.1267278e+08
546.3 2.1363044e+08
546.4 2.1440253e+08
546.5 2.1493596e+08
546.6 2.1519287e+08
546.7 2.151524e+08
546.8 2.1481129e+08
546.9 2.1418348e+08
547 2.1329877e+08
547.1 2.1220067e+08
547.2 2.1094368e+08
547.3 2.0959025e+08
547.4 2.0820757e+08
547.5 2.0686441e+08
547.6 2.0562809e+08
547.7 2.0456166e+08
547.8 2.0372136e+08
547.9 2.0315442e+08
548 2.0289717e+08
548.1 2.0297366e+08
548.2 2.0339471e+08
548.3 2.0415747e+08
548.4 2.0524566e+08
548.5 2.0663031e+08
548.6 2.0827101e+08
548.7 2.1011775e+08
548.8 2.12113e+08
548.9 2.1419409e+08
549 2.1629567e+08
549.1 2.183521e+08
549.2 2.2029962e+08
549.3 2.2207827e+08
549.4 2.2363335e+08
549.5 2.2491646e+08
549.6 2.2588609e+08
549.7 2.2650778e+08
549.8 2.2675397e+08
549.9 2.2660363e+08
550 2.2604192e+08
550.1 2.2505986e+08
550.2 2.236543e+08
550.3 2.2182818e+08
550.4 2.1959103e+08
550.5 2.1695967e+08
550.6 2.1395891e+08
550.7 2.1062211e+08
550.8 2.0699133e+08
550.9 2.0311707e+08
551 1.9905739e+08
551.1 1.9487666e+08
551.2 1.9064383e+08
551.3 1.8643059e+08
551.4 1.8230942e+08
551.5 1.7835169e+08
551.6 1.7462594e+08
551.7 1.711962e+08
551.8 1.6812044e+08
551.9 1.6544901e+08
552 1.6322293e+08
552.1 1.6147224e+08
552.2 1.6021418e+08
552.3 1.594515e+08
552.4 1.5917103e+08
552.5 1.5934273e+08
552.6 1.5991946e+08
552.7 1.6083763e+08
552.8 1.6201897e+08
552.9 1.6337333e+08
553 1.6480264e+08
553.1 1.6620584e+08
553.2 1.6748447e+08
553.3 1.6854875e+08
553.4 1.6932346e+08
553.5 1.6975333e+08
553.6 1.6980717e+08
553.7 1.6948034e+08
553.8 1.6879525e+08
553.9 1.6779958e+08
554 1.665625e+08
554.1 1.6516912e+08
554.2 1.6371383e+08
554.3 1.6229321e+08
554.4 1.6099924e+08
554.5 1.5991352e+08
554.6 1.591031e+08
554.7 1.5861797e+08
554.8 1.5849051e+08
554.9 1.5873653e+08
555 1.5935756e+08
555.1 1.6034391e+08
555.2 1.6167806e+08
555.3 1.6333793e+08
555.4 1.6529966e+08
555.5 1.6753979e+08
555.6 1.700365e+08
555.7 1.7276995e+08
555.8 1.7572162e+08
555.9 1.788727e+08
556 1.8220169e+08
556.1 1.8568144e+08
556.2 1.8927609e+08
556.3 1.9293828e+08
556.4 1.9660738e+08
556.5 2.0020914e+08
556.6 2.0365706e+08
556.7 2.0685588e+08
556.8 2.0970687e+08
556.9 2.1211445e+08
557 2.1399371e+08
557.1 2.1527769e+08
557.2 2.1592379e+08
557.3 2.1591838e+08
557.4 2.1527911e+08
557.5 2.1405467e+08
557.6 2.123222e+08
557.7 2.1018276e+08
557.8 2.0775588e+08
557.9 2.0517379e+08
558 2.0257639e+08
558.1 2.0010731e+08
558.2 1.9791088e+08
558.3 1.9612963e+08
558.4 1.9490103e+08
558.5 1.9435232e+08
558.6 1.945923e+08
558.7 1.9569974e+08
558.8 1.9770912e+08
558.9 2.0059552e+08
559 2.0426142e+08
559.1 2.0852813e+08
559.2 2.1313416e+08
559.3 2.1774127e+08
559.4 2.2194838e+08
559.5 2.2531225e+08
559.6 2.273738e+08
559.7 2.2768856e+08
559.8 2.258597e+08
559.9 2.2157153e+08
560 2.1462136e+08
560.1 2.0494723e+08
560.2 1.9264966e+08
560.3 1.7800656e+08
560.4 1.6148288e+08
560.5 1.437401e+08
560.6 1.2565445e+08
560.7 1.0835395e+08
560.8 93264011
560.9 82060430
561 76254233
561.1 76298432
561.2 81096910
561.3 88740405
561.4 97516307
561.5 1.06274e+08
561.6 1.1435167e+08
561.7 1.2141809e+08
561.8 1.2734845e+08
561.9 1.3214237e+08
562 1.3587121e+08
562.1 1.3864379e+08
562.2 1.4058429e+08
562.3 1.4181831e+08
562.4 1.4246495e+08
562.5 1.4263306e+08
562.6 1.4242053e+08
562.7 1.4191522e+08
562.8 1.411967e+08
562.9 1.4033783e+08
563 1.3940569e+08
563.1 1.3846162e+08
563.2 1.375603e+08
563.3 1.3674831e+08
563.4 1.3606237e+08
563.5 1.3552781e+08
563.6 1.3515759e+08
563.7 1.3495192e+08
563.8 1.3489856e+08
563.9 1.3497373e+08
564 1.3514324e+08
564.1 1.3536377e+08
564.2 1.355842e+08
564.3 1.3574667e+08
564.4 1.3578769e+08
564.5 1.3563907e+08
564.6 1.3522886e+08
564.7 1.3448232e+08
564.8 1.3332306e+08
564.9 1.3167425e+08
565 1.2946021e+08
565.1 1.2660827e+08
565.2 1.2305113e+08
565.3 1.1872984e+08
565.4 1.1359761e+08
565.5 1.0762442e+08
565.6 1.0080296e+08
565.7 93156054
565.8 84746804
565.9 75693516
566 66194925
566.1 56577730
566.2 47391378
566.3 39581059
566.4 34647978
566.5 34180381
566.6 38373167
566.7 45788246
566.8 54830076
566.9 64442356
567 74000146
567.1 83123247
567.2 91568559
567.3 99176688
567.4 1.0584507e+08
567.5 1.1151353e+08
567.6 1.1615588e+08
567.7 1.1977485e+08
567.8 1.223991e+08
567.9 1.2408182e+08
568 1.2490048e+08
568.1 1.2495746e+08
568.2 1.2438083e+08
568.3 1.2332425e+08
568.4 1.2196465e+08
568.5 1.2049578e+08
568.6 1.1911632e+08
568.7 1.180121e+08
568.8 1.1733405e+08
568.9 1.1717662e+08
569 1.1756283e+08
569.1 1.1844174e+08
569.2 1.1970026e+08
569.3 1.211863e+08
569.4 1.2273691e+08
569.5 1.2420437e+08
569.6 1.2547537e+08
569.7 1.2648112e+08
569.8 1.2719873e+08
569.9 1.2764584e+08
570 1.2787108e+08
570.1 1.2794321e+08
570.2 1.279414e+08
570.3 1.2794863e+08
570.4 1.2804888e+08
570.5 1.2832811e+08
570.6 1.288775e+08
570.7 1.2979684e+08
570.8 1.3119523e+08
570.9 1.3318682e+08
571 1.3588021e+08
571.1 1.393621e+08
571.2 1.4367808e+08
571.3 1.4881493e+08
571.4 1.5468899e+08
571.5 1.6114358e+08
571.6 1.6795578e+08
571.7 1.7485086e+08
571.8 1.8152141e+08
571.9 1.8764812e+08
572 1.9292018e+08
572.1 1.9705361e+08
572.2 1.9980689e+08
572.3 2.0099324e+08
572.4 2.0048952e+08
572.5 1.9824161e+08
572.6 1.942667e+08
572.7 1.8865259e+08
572.8 1.8155478e+08
572.9 1.7319198e+08
573 1.6384065e+08
573.1 1.5382924e+08
573.2 1.4353203e+08
573.3 1.3336146e+08
573.4 1.2375618e+08
573.5 1.1515941e+08
573.6 1.079812e+08
573.7 1.0254155e+08
573.8 99004323
573.9 97329067
574 97271883
574.1 98441860
574.2 1.0038619e+08
574.3 1.02667e+08
574.4 1.0490975e+08
574.5 1.0682369e+08
574.6 1.0820416e+08
574.7 1.089259e+08
574.8 1.0893343e+08
574.9 1.0823098e+08
575 1.0687312e+08
575.1 1.0495573e+08
575.2 1.0260715e+08
575.3 99978584
575.4 97233341
575.5 94534434
575.6 92030669
575.7 89842354
575.8 88048776
575.9 86680427
576 85718706
576.1 85104421
576.2 84754335
576.3 84583364
576.4 84529558
576.5 84579389
576.6 84791109
576.7 85312970
576.8 86390271
576.9 88351902
577 91567083
577.1 96372298
577.2 1.0298648e+08
577.3 1.1144565e+08
577.4 1.215799e+08
577.5 1.3303121e+08
577.6 1.4529324e+08
577.7 1.577554e+08
577.8 1.697434e+08
577.9 1.8055656e+08
578 1.8950428e+08
578.1 1.959435e+08
578.2 1.9931682e+08
578.3 1.9918948e+08
578.4 1.9528279e+08
578.5 1.8750122e+08
578.6 1.7595205e+08
578.7 1.6095838e+08
578.8 1.4307122e+08
578.9 1.230958e+08
579 1.0216951e+08
579.1 81978957
579.2 65255193
579.3 56186305
579.4 58058646
579.5 68764470
579.6 83502254
579.7 99016789
579.8 1.1369063e+08
579.9 1.267727e+08
580 1.3794791e+08
580.1 1.4713553e+08
580.2 1.5438466e+08
580.3 1.5981092e+08
580.4 1.6355352e+08
580.5 1.6574521e+08
580.6 1.664925e+08
580.7 1.6586555e+08
580.8 1.6389771e+08
580.9 1.6059508e+08
581 1.5595663e+08
581.1 1.5000616e+08
581.2 1.4283828e+08
581.3 1.3468173e+08
581.4 1.2598374e+08
581.5 1.1751138e+08
581.6 1.1043502e+08
581.7 1.0628081e+08
581.8 1.0656722e+08
581.9 1.1213224e+08
582 1.2266515e+08
582.1 1.3691536e+08
582.2 1.5326734e+08
582.3 1.7016e+08
582.4 1.8625114e+08
582.5 2.004515e+08
582.6 2.1192198e+08
582.7 2.200659e+08
582.8 2.2451953e+08
582.9 2.2513777e+08
583 2.2197236e+08
583.1 2.1524279e+08
583.2 2.0530187e+08
583.3 1.9259909e+08
583.4 1.7764474e+08
583.5 1.6097767e+08
583.6 1.4313804e+08
583.7 1.2464608e+08
583.8 1.059872e+08
583.9 87603644
584 69894490
584.1 53230756
584.2 38011144
584.3 24870742
584.4 15559406
584.5 14253807
584.6 19970618
584.7 27228272
584.8 34078590
584.9 40097577
585 45241698
585.1 49583037
585.2 53231627
585.3 56304105
585.4 58907812
585.5 61132218
585.6 63045224
585.7 64693349
585.8 66105098
585.9 67296630
586 68278597
586.1 69062754
586.2 69666924
586.3 70117062
586.4 70445785
586.5 70687620
586.6 70872364
586.7 71018870
586.8 71132023
586.9 71205197
587 71229345
587.1 71208398
587.2 71179281
587.3 71233631
587.4 71536633
587.5 72335837
587.6 73950236
587.7 76731075
587.8 80996370
587.9 86959092
588 94679226
588.1 1.0405738e+08
588.2 1.1486258e+08
588.3 1.2677327e+08
588.4 1.3941507e+08
588.5 1.5238976e+08
588.6 1.6529686e+08
588.7 1.7775076e+08
588.8 1.8939596e+08
588.9 1.9992108e+08
589 2.0907169e+08
589.1 2.1666118e+08
589.2 2.225786e+08
589.3 2.2679243e+08
589.4 2.2934957e+08
589.5 2.3036892e+08
589.6 2.3002983e+08
589.7 2.2855613e+08
589.8 2.2619721e+08
589.9 2.2320828e+08
590 2.1983206e+08
590.1 2.1628429e+08
590.2 2.1274464e+08
590.3 2.0935358e+08
590.4 2.0621466e+08
590.5 2.0340039e+08
590.6 2.0095978e+08
590.7 1.989252e+08
590.8 1.9731748e+08
590.9 1.9614846e+08
591 1.9542155e+08
591.1 1.951311e+08
591.2 1.9526154e+08
591.3 1.9578712e+08
591.4 1.9667269e+08
591.5 1.9787538e+08
591.6 1.9934696e+08
591.7 2.0103638e+08
591.8 2.0289208e+08
591.9 2.0486397e+08
592 2.0690493e+08
592.1 2.0897182e+08
592.2 2.110263e+08
592.3 2.1303531e+08
592.4 2.1497132e+08
592.5 2.1681242e+08
592.6 2.185421e+08
592.7 2.2014877e+08
592.8 2.2162512e+08
592.9 2.2296722e+08
593 2.2417361e+08
593.1 2.2524434e+08
593.2 2.2618014e+08
593.3 2.269817e+08
593.4 2.2764919e+08
593.5 2.2818199e+08
593.6 2.285786e+08
593.7 2.2883681e+08
593.8 2.28954e+08
593.9 2.2892758e+08
594 2.2875548e+08
594.1 2.284366e+08
594.2 2.2797124e+08
594.3 2.2736133e+08
594.4 2.2661041e+08
594.5 2.257234e+08
594.6 2.2470601e+08
594.7 2.2356393e+08
594.8 2.223017e+08
594.9 2.2092157e+08
595 2.1942233e+08
595.1 2.1779832e+08
595.2 2.1603889e+08
595.3 2.1412836e+08
595.4 2.1204668e+08
595.5 2.0977075e+08
595.6 2.0727636e+08
595.7 2.0454067e+08
595.8 2.0154497e+08
595.9 1.9827746e+08
596 1.9473583e+08
596.1 1.9092949e+08
596.2 1.8688108e+08
596.3 1.8262743e+08
596.4 1.7821965e+08
596.5 1.737225e+08
596.6 1.69213e+08
596.7 1.6477841e+08
596.8 1.605136e+08
596.9 1.5651785e+08
597 1.5289132e+08
597.1 1.4973123e+08
597.2 1.4712783e+08
597.3 1.4516036e+08
597.4 1.4389315e+08
597.5 1.4337183e+08
597.6 1.4361984e+08
597.7 1.4463537e+08
597.8 1.4638857e+08
597.9 1.4881944e+08
598 1.5183652e+08
598.1 1.553167e+08
598.2 1.5910666e+08
598.3 1.6302633e+08
598.4 1.6687476e+08
598.5 1.7043851e+08
598.6 1.7350247e+08
598.7 1.7586254e+08
598.8 1.7733917e+08
598.9 1.7779045e+08
599 1.7712326e+08
599.1 1.7530111e+08
599.2 1.7234748e+08
599.3 1.6834435e+08
599.4 1.6342609e+08
599.5 1.5776957e+08
599.6 1.5158194e+08
599.7 1.4508737e+08
599.8 1.3851411e+08
599.9 1.3208263e+08
600 1.2599516e+08
600.1 1.2042655e+08
600.2 1.1551628e+08
600.3 1.1136168e+08
600.4 1.0801309e+08
600.5 1.0547173e+08
600.6 1.0369163e+08
600.7 1.0258563e+08
600.8 1.02035e+08
600.9 1.0190076e+08
601 1.0203499e+08
601.1 1.0229047e+08
601.2 1.0252789e+08
601.3 1.0262074e+08
601.4 1.0245804e+08
601.5 1.0194579e+08
601.6 1.0100759e+08
601.7 99584873
601.8 97637350
601.9 95143706
602 92103007
602.1 88536989
602.2 84493583
602.3 80052092
602.4 75330529
602.5 70495527
602.6 65774378
602.7 61466084
602.8 57942196
602.9 55619331
603 54884533
603.1 55984115
603.2 58939784
603.3 63558943
603.4 69525923
603.5 76501052
603.6 84180180
603.7 92314955
603.8 1.0071175e+08
603.9 1.0922311e+08
604 1.1773836e+08
604.1 1.2617536e+08
604.2 1.3447389e+08
604.3 1.4259018e+08
604.4 1.5049246e+08
604.5 1.5815711e+08
604.6 1.6556535e+08
604.7 1.7270038e+08
604.8 1.7954497e+08
604.9 1.8607956e+08
605 1.9228091e+08
605.1 1.9812142e+08
605.2 2.0356922e+08
605.3 2.085891e+08
605.4 2.1314425e+08
605.5 2.1719888e+08
605.6 2.2072142e+08
605.7 2.2368814e+08
605.8 2.2608672e+08
605.9 2.279193e+08
606 2.2920448e+08
606.1 2.2997775e+08
606.2 2.3029015e+08
606.3 2.3020507e+08
606.4 2.2979347e+08
606.5 2.2912838e+08
606.6 2.2827928e+08
606.7 2.2730749e+08
606.8 2.262633e+08
606.9 2.2518511e+08
607 2.241007e+08
607.1 2.2303009e+08
607.2 2.2198934e+08
607.3 2.2099431e+08
607.4 2.2006375e+08
607.5 2.1922088e+08
607.6 2.1849309e+08
607.7 2.1790946e+08
607.8 2.1749611e+08
607.9 2.1726948e+08
608 2.1722821e+08
608.1 2.1734416e+08
608.2 2.1755394e+08
608.3 2.1775199e+08
608.4 2.177868e+08
608.5 2.1746117e+08
608.6 2.1653748e+08
608.7 2.1474814e+08
608.8 2.1181083e+08
608.9 2.0744784e+08
609 2.0140812e+08
609.1 1.9349076e+08
609.2 1.8356846e+08
609.3 1.7161004e+08
609.4 1.5770198e+08
609.5 1.4207069e+08
609.6 1.251114e+08
609.7 1.0743718e+08
609.8 89977378
609.9 74171891
610 62232757
610.1 56888207
610.2 59416819
610.3 67965836
610.4 79465602
610.5 91666491
610.6 1.0330225e+08
610.7 1.1372684e+08
610.8 1.2265377e+08
610.9 1.3001299e+08
611 1.358689e+08
611.1 1.4036731e+08
611.2 1.4369753e+08
611.3 1.4606405e+08
611.4 1.4766595e+08
611.5 1.486829e+08
611.6 1.4926682e+08
611.7 1.495384e+08
611.8 1.4958708e+08
611.9 1.4947367e+08
612 1.4923438e+08
612.1 1.4888587e+08
612.2 1.4843069e+08
612.3 1.4786286e+08
612.4 1.4717331e+08
612.5 1.4635482e+08
612.6 1.4540609e+08
612.7 1.4433461e+08
612.8 1.4315803e+08
612.9 1.4190412e+08
613 1.4060937e+08
613.1 1.393167e+08
613.2 1.3807275e+08
613.3 1.3692512e+08
613.4 1.3592002e+08
613.5 1.3510044e+08
613.6 1.3450498e+08
613.7 1.3416716e+08
613.8 1.3411526e+08
613.9 1.3437237e+08
614 1.3495669e+08
614.1 1.358818e+08
614.2 1.3715681e+08
614.3 1.3878616e+08
614.4 1.4076899e+08
614.5 1.4309775e+08
614.6 1.4575628e+08
614.7 1.4871716e+08
614.8 1.5193872e+08
614.9 1.5536206e+08
615 1.5890834e+08
615.1 1.624771e+08
615.2 1.6594578e+08
615.3 1.6917102e+08
615.4 1.7199196e+08
615.5 1.7423552e+08
615.6 1.7572377e+08
615.7 1.7628295e+08
615.8 1.7575379e+08
615.9 1.7400263e+08
616 1.7093264e+08
616.1 1.6649474e+08
616.2 1.6069758e+08
616.3 1.5361665e+08
616.4 1.4540237e+08
616.5 1.3628775e+08
616.6 1.2659583e+08
616.7 1.1674697e+08
616.8 1.0726284e+08
616.9 98758104
617 91899358
617.1 87304661
617.2 85382284
617.3 86181446
617.4 89373303
617.5 94390187
617.6 1.0061627e+08
617.7 1.0751907e+08
617.8 1.1469852e+08
617.9 1.2188382e+08
618 1.289097e+08
618.1 1.3568913e+08
618.2 1.4218911e+08
618.3 1.4841091e+08
618.4 1.5437476e+08
618.5 1.6010829e+08
618.6 1.6563813e+08
618.7 1.7098444e+08
618.8 1.761578e+08
618.9 1.8115815e+08
619 1.8597555e+08
619.1 1.9059216e+08
619.2 1.9498515e+08
619.3 1.9912996e+08
619.4 2.0300348e+08
619.5 2.0658681e+08
619.6 2.0986717e+08
619.7 2.128389e+08
619.8 2.1550345e+08
619.9 2.178685e+08
620 2.199465e+08
620.1 2.2175288e+08
620.2 2.2330449e+08
620.3 2.2461844e+08
620.4 2.2571162e+08
620.5 2.2660096e+08
620.6 2.2730417e+08
620.7 2.2784069e+08
620.8 2.2823231e+08
620.9 2.2850301e+08
621 2.2867785e+08
621.1 2.2878061e+08
621.2 2.2883053e+08
621.3 2.2883842e+08
621.4 2.288027e+08
621.5 2.2870597e+08
621.6 2.2851246e+08
621.7 2.2816673e+08
621.8 2.2759368e+08
621.9 2.2669975e+08
622 2.2537515e+08
622.1 2.2349683e+08
622.2 2.2093209e+08
622.3 2.1754282e+08
622.4 2.1319019e+08
622.5 2.0774022e+08
622.6 2.0107004e+08
622.7 1.9307511e+08
622.8 1.8367724e+08
622.9 1.7283316e+08
623 1.6054334e+08
623.1 1.4686052e+08
623.2 1.3189788e+08
623.3 1.1583708e+08
623.4 98938869
623.5 81564009
623.6 64229619
623.7 47784933
623.8 33992412
623.9 26854903
624 30238576
624.1 40402770
624.2 52429094
624.3 64247502
624.4 75081849
624.5 84619479
624.6 92748704
624.7 99463532
624.8 1.0481828e+08
624.9 1.0889894e+08
625 1.1180139e+08
625.1 1.1361344e+08
625.2 1.1440032e+08
625.3 1.1419391e+08
625.4 1.1298635e+08
625.5 1.1072874e+08
625.6 1.0733564e+08
625.7 1.0269591e+08
625.8 96691068
625.9 89223059
626 80256837
626.1 69892816
626.2 58514512
626.3 47147772
626.4 38327712
626.5 36787475
626.6 45247378
626.7 60643447
626.8 79392653
626.9 99497060
627 1.1980819e+08
627.1 1.3953818e+08
627.2 1.5808291e+08
627.3 1.7496451e+08
627.4 1.8981416e+08
627.5 2.0236731e+08
627.6 2.1246099e+08
627.7 2.2002955e+08
627.8 2.2509758e+08
627.9 2.2777036e+08
628 2.2822202e+08
628.1 2.2668239e+08
628.2 2.2342304e+08
628.3 2.187432e+08
628.4 2.1295615e+08
628.5 2.0637634e+08
628.6 1.9930785e+08
628.7 1.9203432e+08
628.8 1.8481058e+08
628.9 1.7785624e+08
629 1.7135131e+08
629.1 1.6543394e+08
629.2 1.6020025e+08
629.3 1.5570612e+08
629.4 1.5197083e+08
629.5 1.4898206e+08
629.6 1.4670177e+08
629.7 1.4507247e+08
629.8 1.440234e+08
629.9 1.43476e+08
630 1.4334857e+08
630.1 1.435598e+08
630.2 1.4403127e+08
630.3 1.4468882e+08
630.4 1.4546312e+08
630.5 1.4628952e+08
630.6 1.4710746e+08
630.7 1.4785974e+08
630.8 1.4849188e+08
630.9 1.4895181e+08
631 1.491902e+08
631.1 1.4916134e+08
631.2 1.488249e+08
631.3 1.4814832e+08
631.4 1.4710958e+08
631.5 1.4570033e+08
631.6 1.4392865e+08
631.7 1.4182113e+08
631.8 1.3942376e+08
631.9 1.3680119e+08
632 1.3403393e+08
632.1 1.3121362e+08
632.2 1.2843646e+08
632.3 1.2579536e+08
632.4 1.2337194e+08
632.5 1.2122934e+08
632.6 1.1940721e+08
632.7 1.1791977e+08
632.8 1.1675717e+08
632.9 1.1589004e+08
633 1.1527606e+08
633.1 1.1486743e+08
633.2 1.1461798e+08
633.3 1.1448906e+08
633.4 1.1445346e+08
633.5 1.1449743e+08
633.6 1.1462054e+08
633.7 1.1483384e+08
633.8 1.1515635e+08
633.9 1.1561051e+08
634 1.1621694e+08
634.1 1.1698914e+08
634.2 1.179289e+08
634.3 1.1902299e+08
634.4 1.2024159e+08
634.5 1.215386e+08
634.6 1.228536e+08
634.7 1.2411509e+08
634.8 1.2524416e+08
634.9 1.261583e+08
635 1.2677465e+08
635.1 1.2701276e+08
635.2 1.2679675e+08
635.3 1.2605719e+08
635.4 1.2473281e+08
635.5 1.2277232e+08
635.6 1.2013639e+08
635.7 1.1679953e+08
635.8 1.1275188e+08
635.9 1.0800048e+08
636 1.0256976e+08
636.1 96501133
636.2 89851541
636.3 82691089
636.4 75099894
636.5 67164490
636.6 58974142
636.7 50617480
636.8 42179880
636.9 33742065
637 25380762
637.1 17174547
637.2 9238804
637.3 2470368.7
637.4 6691092.6
637.5 13646343
637.6 20325091
637.7 26579092
637.8 32347384
637.9 37588861
638 42275623
638.1 46393022
638.2 49940635
638.3 52932944
638.4 55399370
638.5 57383618
638.6 58942366
638.7 60143412
638.8 61063376
638.9 61785051
639 62394504
639.1 62977983
639.2 63618699
639.3 64393504
639.4 65369518
639.5 66600711
639.6 68124497
639.7 69958454
639.8 72097369
639.9 74510930
640 77142490
640.1 79909406
640.2 82705430
640.3 85405587
640.4 87873825
640.5 89973532
640.6 91580794
640.7 92600005
640.8 92981170
640.9 92737807
641 91963762
641.1 90845968
641.2 89668128
641.3 88797597
641.4 88646653
641.5 89604918
641.6 91955737
641.7 95808330
641.8 1.0107834e+08
641.9 1.0752304e+08
642 1.148072e+08
642.1 1.2256823e+08
642.2 1.3046291e+08
642.3 1.381936e+08
642.4 1.4551888e+08
642.5 1.5225478e+08
642.6 1.582709e+08
642.7 1.6348414e+08
642.8 1.6785152e+08
642.9 1.713631e+08
643 1.7403553e+08
643.1 1.7590666e+08
643.2 1.7703161e+08
643.3 1.7748042e+08
643.4 1.7733764e+08
643.5 1.7670359e+08
643.6 1.7569721e+08
643.7 1.7445975e+08
643.8 1.731582e+08
643.9 1.7198668e+08
644 1.7116376e+08
644.1 1.7092317e+08
644.2 1.714964e+08
644.3 1.7308723e+08
644.4 1.7584139e+08
644.5 1.7981692e+08
644.6 1.8496245e+08
644.7 1.9110818e+08
644.8 1.9797089e+08
644.9 2.051701e+08
645 2.1225087e+08
645.1 2.1870938e+08
645.2 2.2401909e+08
645.3 2.2765682e+08
645.4 2.2912916e+08
645.5 2.2799925e+08
645.6 2.2391384e+08
645.7 2.1662954e+08
645.8 2.0603687e+08
645.9 1.9218091e+08
646 1.7527855e+08
646.1 1.5573543e+08
646.2 1.3417336e+08
646.3 1.1149715e+08
646.4 89078155
646.5 69237836
646.6 56122099
646.7 54732736
646.8 64725949
646.9 80505496
647 97732299
647.1 1.1425479e+08
647.2 1.290487e+08
647.3 1.4162569e+08
647.4 1.5178929e+08
647.5 1.5952742e+08
647.6 1.6495624e+08
647.7 1.6828422e+08
647.8 1.697849e+08
647.9 1.6977386e+08
648 1.6858871e+08
648.1 1.6657199e+08
648.2 1.6405738e+08
648.3 1.6135985e+08
648.4 1.5876953e+08
648.5 1.5654881e+08
648.6 1.5493086e+08
648.7 1.5411761e+08
648.8 1.5427494e+08
648.9 1.5552421e+08
649 1.5793085e+08
649.1 1.6149317e+08
649.2 1.661351e+08
649.3 1.717065e+08
649.4 1.7799196e+08
649.5 1.8472743e+08
649.6 1.916217e+08
649.7 1.9837987e+08
649.8 2.0472588e+08
649.9 2.1042207e+08
650 2.1528436e+08
650.1 2.1919213e+08
650.2 2.2209248e+08
650.3 2.2399879e+08
650.4 2.2498408e+08
650.5 2.2517003e+08
650.6 2.2471267e+08
650.7 2.2378633e+08
650.8 2.225674e+08
650.9 2.2121946e+08
651 2.1988143e+08
651.1 2.1865959e+08
651.2 2.1762421e+08
651.3 2.168105e+08
651.4 2.1622303e+08
651.5 2.1584254e+08
651.6 2.1563365e+08
651.7 2.1555235e+08
651.8 2.1555235e+08
651.9 2.1558988e+08
652 2.1562694e+08
652.1 2.1563306e+08
652.2 2.1558607e+08
652.3 2.1547217e+08
652.4 2.1528552e+08
652.5 2.1502763e+08
652.6 2.1470655e+08
652.7 2.1433589e+08
652.8 2.1393362e+08
652.9 2.1352059e+08
653 2.1311886e+08
653.1 2.1274987e+08
653.2 2.1243272e+08
653.3 2.1218262e+08
653.4 2.1200974e+08
653.5 2.1191864e+08
653.6 2.1190825e+08
653.7 2.1197236e+08
653.8 2.1210066e+08
653.9 2.1227991e+08
654 2.1249534e+08
654.1 2.1273185e+08
654.2 2.1297518e+08
654.3 2.1321263e+08
654.4 2.134336e+08
654.5 2.1362976e+08
654.6 2.1379506e+08
654.7 2.1392549e+08
654.8 2.1401878e+08
654.9 2.1407408e+08
655 2.1409173e+08
655.1 2.1407308e+08
655.2 2.1402048e+08
655.3 2.139374e+08
655.4 2.1382866e+08
655.5 2.1370078e+08
655.6 2.1356225e+08
655.7 2.1342381e+08
655.8 2.1329855e+08
655.9 2.1320174e+08
656 2.1315044e+08
656.1 2.1316271e+08
656.2 2.1325655e+08
656.3 2.1344864e+08
656.4 2.137528e+08
656.5 2.1417857e+08
656.6 2.1472983e+08
656.7 2.1540381e+08
656.8 2.1619057e+08
656.9 2.1707305e+08
657 2.1802783e+08
657.1 2.1902648e+08
657.2 2.2003745e+08
657.3 2.2102831e+08
657.4 2.2196806e+08
657.5 2.2282926e+08
657.6 2.2358975e+08
657.7 2.2423369e+08
657.8 2.2475185e+08
657.9 2.2514106e+08
658 2.254029e+08
658.1 2.255418e+08
658.2 2.2556277e+08
658.3 2.254691e+08
658.4 2.2526026e+08
658.5 2.2493053e+08
658.6 2.2446849e+08
658.7 2.2385762e+08
658.8 2.2307817e+08
658.9 2.2211021e+08
659 2.2093756e+08
659.1 2.1955223e+08
659.2 2.179587e+08
659.3 2.1617734e+08
659.4 2.142462e+08
659.5 2.1222059e+08
659.6 2.1016997e+08
659.7 2.0817233e+08
659.8 2.0630652e+08
659.9 2.0464362e+08
660 2.0323873e+08
660.1 2.0212458e+08
660.2 2.0130815e+08
660.3 2.0077074e+08
660.4 2.004714e+08
660.5 2.0035267e+08
660.6 2.0034767e+08
660.7 2.0038704e+08
660.8 2.0040492e+08
660.9 2.0034326e+08
661 2.0015421e+08
661.1 1.9980065e+08
661.2 1.9925505e+08
661.3 1.9849709e+08
661.4 1.9751025e+08
661.5 1.9627795e+08
661.6 1.9477953e+08
661.7 1.9298664e+08
661.8 1.908603e+08
661.9 1.8834925e+08
662 1.8538973e+08
662.1 1.8190701e+08
662.2 1.7781859e+08
662.3 1.7303903e+08
662.4 1.6748603e+08
662.5 1.6108739e+08
662.6 1.5378871e+08
662.7 1.4556144e+08
662.8 1.3641163e+08
662.9 1.2639022e+08
663 1.1560667e+08
663.1 1.0424978e+08
663.2 92622767
663.3 81204620
663.4 70750715
663.5 62413299
663.6 57709636
663.7 57950339
663.8 63278450
663.9 72589111
664 84437261
664.1 97663358
664.2 1.1146925e+08
664.3 1.2531342e+08
664.4 1.388141e+08
664.5 1.5168897e+08
664.6 1.6372095e+08
664.7 1.747394e+08
664.8 1.8460971e+08
664.9 1.9322778e+08
665 2.0051739e+08
665.1 2.0642933e+08
665.2 2.1094193e+08
665.3 2.1406237e+08
665.4 2.1582867e+08
665.5 2.1631198e+08
665.6 2.1561876e+08
665.7 2.1389253e+08
665.8 2.1131425e+08
665.9 2.0810083e+08
666 2.0450055e+08
666.1 2.0078459e+08
666.2 1.972339e+08
666.3 1.9412143e+08
666.4 1.9169104e+08
666.5 1.9013597e+08
666.6 1.8958087e+08
666.7 1.9007167e+08
666.8 1.9157594e+08
666.9 1.9399311e+08
667 1.9717171e+08
667.1 2.0092884e+08
667.2 2.0506778e+08
667.3 2.0939126e+08
667.4 2.1370968e+08
667.5 2.17845e+08
667.6 2.216315e+08
667.7 2.2491492e+08
667.8 2.2755106e+08
667.9 2.2940463e+08
668 2.3034896e+08
668.1 2.302666e+08
668.2 2.2905101e+08
668.3 2.2660936e+08
668.4 2.2286617e+08
668.5 2.1776797e+08
668.6 2.1128895e+08
668.7 2.0343776e+08
668.8 1.9426577e+08
668.9 1.8387742e+08
669 1.7244337e+08
669.1 1.6021785e+08
669.2 1.4756142e+08
669.3 1.3496982e+08
669.4 1.2310486e+08
669.5 1.1280928e+08
669.6 1.0505891e+08
669.7 1.0078116e+08
669.8 1.0053194e+08
669.9 1.042191e+08
670 1.1113377e+08
670.1 1.2026163e+08
670.2 1.3059629e+08
670.3 1.4129538e+08
670.4 1.5170851e+08
670.5 1.6135084e+08
670.6 1.6986616e+08
670.7 1.7699519e+08
670.8 1.8255247e+08
670.9 1.8641093e+08
671 1.8849285e+08
671.1 1.8876548e+08
671.2 1.8724007e+08
671.3 1.8397262e+08
671.4 1.7906524e+08
671.5 1.726665e+08
671.6 1.6497009e+08
671.7 1.5621069e+08
671.8 1.466572e+08
671.9 1.3660307e+08
672 1.2635461e+08
672.1 1.1621774e+08
672.2 1.064844e+08
672.3 97419602
672.4 89250309
672.5 82157703
672.6 76274369
672.7 71687552
672.8 68448054
672.9 66581680
673 66097928
673.1 66991258
673.2 69234585
673.3 72769859
673.4 77502448
673.5 83303103
673.6 90016746
673.7 97474636
673.8 1.0550652e+08
673.9 1.1395065e+08
674 1.2266064e+08
674.1 1.3150908e+08
674.2 1.4038792e+08
674.3 1.492062e+08
674.4 1.578858e+08
674.5 1.6635626e+08
674.6 1.7454981e+08
674.7 1.8239765e+08
674.8 1.8982831e+08
674.9 1.9676855e+08
675 2.0314658e+08
675.1 2.0889714e+08
675.2 2.1396732e+08
675.3 2.1832222e+08
675.4 2.2194933e+08
675.5 2.2486106e+08
675.6 2.2709493e+08
675.7 2.2871157e+08
675.8 2.2979066e+08
675.9 2.3042547e+08
676 2.3071645e+08
676.1 2.3076446e+08
676.2 2.3066427e+08
676.3 2.3049874e+08
676.4 2.3033421e+08
676.5 2.3021732e+08
676.6 2.3017361e+08
676.7 2.3020789e+08
676.8 2.3030633e+08
676.9 2.3044005e+08
677 2.3056968e+08
677.1 2.3065061e+08
677.2 2.3063822e+08
677.3 2.3049274e+08
677.4 2.3018333e+08
677.5 2.2969101e+08
677.6 2.2901041e+08
677.7 2.2815012e+08
677.8 2.2713173e+08
677.9 2.2598761e+08
678 2.2475762e+08
678.1 2.2348512e+08
678.2 2.2221252e+08
678.3 2.2097711e+08
678.4 2.1980761e+08
678.5 2.1872218e+08
678.6 2.1772828e+08
678.7 2.1682444e+08
678.8 2.1600366e+08
678.9 2.1525788e+08
679 2.1458229e+08
679.1 2.1397859e+08
679.2 2.1345633e+08
679.3 2.1303162e+08
679.4 2.1272353e+08
679.5 2.1254834e+08
679.6 2.1251311e+08
679.7 2.1260957e+08
679.8 2.1281004e+08
679.9 2.130665e+08
680 2.1331346e+08
680.1 2.1347465e+08
680.2 2.1347252e+08
680.3 2.1323935e+08
680.4 2.1272792e+08
680.5 2.1192011e+08
680.6 2.1083199e+08
680.7 2.0951428e+08
680.8 2.0804808e+08
680.9 2.0653619e+08
681 2.0509118e+08
681.1 2.038218e+08
681.2 2.0281968e+08
681.3 2.021483e+08
681.4 2.0183576e+08
681.5 2.018721e+08
681.6 2.0221114e+08
681.7 2.0277598e+08
681.8 2.0346684e+08
681.9 2.0416995e+08
682 2.0476627e+08
682.1 2.0513935e+08
682.2 2.0518203e+08
682.3 2.0480187e+08
682.4 2.0392538e+08
682.5 2.0250112e+08
682.6 2.0050174e+08
682.7 1.9792503e+08
682.8 1.9479386e+08
682.9 1.9115503e+08
683 1.8707705e+08
683.1 1.8264673e+08
683.2 1.7796473e+08
683.3 1.7314021e+08
683.4 1.6828471e+08
683.5 1.6350572e+08
683.6 1.5890037e+08
683.7 1.5454971e+08
683.8 1.5051439e+08
683.9 1.4683212e+08
684 1.4351742e+08
684.1 1.405636e+08
684.2 1.3794683e+08
684.3 1.3563166e+08
684.4 1.3357729e+08
684.5 1.3174392e+08
684.6 1.3009853e+08
684.7 1.2861981e+08
684.8 1.273019e+08
684.9 1.2615712e+08
685 1.2521734e+08
685.1 1.245343e+08
685.2 1.2417836e+08
685.3 1.2423552e+08
685.4 1.2480236e+08
685.5 1.2597854e+08
685.6 1.2785725e+08
685.7 1.3051404e+08
685.8 1.3399564e+08
685.9 1.3831026e+08
686 1.43421e+08
686.1 1.4924324e+08
686.2 1.5564612e+08
686.3 1.6245754e+08
686.4 1.6947188e+08
686.5 1.7645943e+08
686.6 1.8317708e+08
686.7 1.8937976e+08
686.8 1.9483224e+08
686.9 1.9932101e+08
687 2.0266598e+08
687.1 2.0473165e+08
687.2 2.0543751e+08
687.3 2.0476781e+08
687.4 2.0278042e+08
687.5 1.9961479e+08
687.6 1.9549815e+08
687.7 1.9074784e+08
687.8 1.8576561e+08
687.9 1.8101772e+08
688 1.7699342e+08
688.1 1.7413851e+08
688.2 1.727715e+08
688.3 1.7300575e+08
688.4 1.7470946e+08
688.5 1.7752511e+08
688.6 1.8094347e+08
688.7 1.8440435e+08
688.8 1.8739274e+08
688.9 1.8951e+08
689 1.905133e+08
689.1 1.9032563e+08
689.2 1.8902248e+08
689.3 1.8680226e+08
689.4 1.839474e+08
689.5 1.8078205e+08
689.6 1.7763111e+08
689.7 1.7478437e+08
689.8 1.7246846e+08
689.9 1.7082867e+08
690 1.6992199e+08
690.1 1.6972143e+08
690.2 1.7013004e+08
690.3 1.7100194e+08
690.4 1.7216639e+08
690.5 1.7345147e+08
690.6 1.747044e+08
690.7 1.7580645e+08
690.8 1.7668156e+08
690.9 1.7729827e+08
691 1.7766555e+08
691.1 1.7782376e+08
691.2 1.7783268e+08
691.3 1.7775868e+08
691.4 1.7766341e+08
691.5 1.775956e+08
691.6 1.7758694e+08
691.7 1.7765186e+08
691.8 1.7779051e+08
691.9 1.7799337e+08
692 1.7824642e+08
692.1 1.7853555e+08
692.2 1.788499e+08
692.3 1.7918376e+08
692.4 1.7953727e+08
692.5 1.7991625e+08
692.6 1.8033129e+08
692.7 1.8079653e+08
692.8 1.813279e+08
692.9 1.8194098e+08
693 1.8264831e+08
693.1 1.8345609e+08
693.2 1.8436049e+08
693.3 1.8534379e+08
693.4 1.8637095e+08
693.5 1.8738718e+08
693.6 1.8831714e+08
693.7 1.8906612e+08
693.8 1.8952349e+08
693.9 1.8956799e+08
694 1.8907459e+08
694.1 1.8792229e+08
694.2 1.8600209e+08
694.3 1.8322481e+08
694.4 1.7952819e+08
694.5 1.7488305e+08
694.6 1.6929847e+08
694.7 1.6282579e+08
694.8 1.5556178e+08
694.9 1.4765097e+08
695 1.3928738e+08
695.1 1.3071556e+08
695.2 1.2223026e+08
695.3 1.1417275e+08
695.4 1.0691958e+08
695.5 1.0085746e+08
695.6 96338254
695.7 93616140
695.8 92786170
695.9 93755926
696 96270789
696.1 99980484
696.2 1.0451268e+08
696.3 1.0952656e+08
696.4 1.1473967e+08
696.5 1.1993448e+08
696.6 1.2495395e+08
696.7 1.2969279e+08
696.8 1.3408792e+08
696.9 1.3810989e+08
697 1.4175558e+08
697.1 1.4504217e+08
697.2 1.480023e+08
697.3 1.5067995e+08
697.4 1.5312693e+08
697.5 1.5539957e+08
697.6 1.5755557e+08
697.7 1.5965078e+08
697.8 1.6173608e+08
697.9 1.6385434e+08
698 1.6603791e+08
698.1 1.6830669e+08
698.2 1.706673e+08
698.3 1.7311328e+08
698.4 1.7562652e+08
698.5 1.7817963e+08
698.6 1.8073911e+08
698.7 1.8326889e+08
698.8 1.8573389e+08
698.9 1.8810321e+08
699 1.9035266e+08
699.1 1.9246649e+08
699.2 1.9443794e+08
699.3 1.9626888e+08
699.4 1.9796843e+08
699.5 1.9955073e+08
699.6 2.0103236e+08
699.7 2.0242944e+08
699.8 2.0375501e+08
699.9 2.0501681e+08
700 2.0621585e+08
700.1 2.0734566e+08
700.2 2.0839241e+08
700.3 2.0933571e+08
700.4 2.1014991e+08
700.5 2.1080572e+08
700.6 2.11272e+08
700.7 2.1151747e+08
700.8 2.1151233e+08
700.9 2.112296e+08
701 2.1064621e+08
701.1 2.0974389e+08
701.2 2.0850971e+08
701.3 2.0693647e+08
701.4 2.0502279e+08
701.5 2.0277298e+08
701.6 2.0019673e+08
701.7 1.9730849e+08
701.8 1.9412659e+08
701.9 1.9067216e+08
702 1.8696776e+08
702.1 1.8303591e+08
702.2 1.7889748e+08
702.3 1.7457023e+08
702.4 1.7006745e+08
702.5 1.6539702e+08
702.6 1.6056094e+08
702.7 1.5555551e+08
702.8 1.5037212e+08
702.9 1.4499886e+08
703 1.394227e+08
703.1 1.336323e+08
703.2 1.2762124e+08
703.3 1.2139152e+08
703.4 1.1495714e+08
703.5 1.0834765e+08
703.6 1.0161149e+08
703.7 94819294
703.8 88067108
703.9 81479888
704 75215337
704.1 69467552
704.2 64468324
704.3 60480853
704.4 57777787
704.5 56598087
704.6 57092083
704.7 59283819
704.8 63077433
704.9 68301547
705 74759367
705.1 82259437
705.2 90623695
705.3 99681555
705.4 1.0925938e+08
705.5 1.1917126e+08
705.6 1.2921392e+08
705.7 1.3916685e+08
705.8 1.4879764e+08
705.9 1.5787188e+08
706 1.6616652e+08
706.1 1.734851e+08
706.2 1.7967327e+08
706.3 1.8463255e+08
706.4 1.8833084e+08
706.5 1.9080821e+08
706.6 1.9217694e+08
706.7 1.926153e+08
706.8 1.9235477e+08
706.9 1.91661e+08
707 1.9080965e+08
707.1 1.9005914e+08
707.2 1.8962352e+08
707.3 1.8965003e+08
707.4 1.9020519e+08
707.5 1.9127245e+08
707.6 1.9276132e+08
707.7 1.9452535e+08
707.8 1.9638463e+08
707.9 1.981484e+08
708 1.9963455e+08
708.1 2.0068441e+08
708.2 2.011725e+08
708.3 2.0101193e+08
708.4 2.0015627e+08
708.5 1.9859888e+08
708.6 1.9637037e+08
708.7 1.9353471e+08
708.8 1.901844e+08
708.9 1.8643472e+08
709 1.8241731e+08
709.1 1.7827315e+08
709.2 1.74145e+08
709.3 1.7016976e+08
709.4 1.6647087e+08
709.5 1.6315144e+08
709.6 1.6028843e+08
709.7 1.5792857e+08
709.8 1.5608619e+08
709.9 1.5474337e+08
710 1.5385217e+08
710.1 1.5333892e+08
710.2 1.5311007e+08
710.3 1.5305925e+08
710.4 1.5307505e+08
710.5 1.5304916e+08
710.6 1.5288432e+08
710.7 1.5250164e+08
710.8 1.5184677e+08
710.9 1.5089446e+08
711 1.4965102e+08
711.1 1.4815443e+08
711.2 1.4647189e+08
711.3 1.4469489e+08
711.4 1.4293215e+08
711.5 1.413009e+08
711.6 1.3991734e+08
711.7 1.3888725e+08
711.8 1.3829775e+08
711.9 1.3821101e+08
712 1.3866068e+08
712.1 1.3965098e+08
712.2 1.4115843e+08
712.3 1.4313542e+08
712.4 1.4551506e+08
712.5 1.4821666e+08
712.6 1.5115138e+08
712.7 1.5422763e+08
712.8 1.5735613e+08
712.9 1.6045419e+08
713 1.6344929e+08
713.1 1.6628149e+08
713.2 1.6890489e+08
713.3 1.7128782e+08
713.4 1.7341217e+08
713.5 1.7527179e+08
713.6 1.7687038e+08
713.7 1.78219e+08
713.8 1.7933343e+08
713.9 1.8023168e+08
714 1.8093166e+08
714.1 1.8144932e+08
714.2 1.8179723e+08
714.3 1.8198376e+08
714.4 1.8201288e+08
714.5 1.8188439e+08
714.6 1.8159473e+08
714.7 1.8113804e+08
714.8 1.8050733e+08
714.9 1.7969577e+08
715 1.7869774e+08
715.1 1.7750969e+08
715.2 1.7613065e+08
715.3 1.7456235e+08
715.4 1.7280887e+08
715.5 1.7087601e+08
715.6 1.6877009e+08
715.7 1.6649666e+08
715.8 1.6405888e+08
715.9 1.614559e+08
716 1.586814e+08
716.1 1.5572239e+08
716.2 1.5255841e+08
716.3 1.4916141e+08
716.4 1.4549612e+08
716.5 1.4152126e+08
716.6 1.3719133e+08
716.7 1.3245906e+08
716.8 1.2727842e+08
716.9 1.2160815e+08
717 1.1541573e+08
717.1 1.0868165e+08
717.2 1.0140391e+08
717.3 93602588
717.4 85324125
717.5 76645201
717.6 67675735
717.7 58560888
717.8 49482222
717.9 40659205
718 32354469
718.1 24890816
718.2 18692682
718.3 14331146
718.4 12325559
718.5 12413153
718.6 13494162
718.7 14641504
718.8 15447932
718.9 15841215
719 15918943
719.1 15859756
719.2 15873793
719.3 16173986
719.4 16961199
719.5 18414177
719.6 20672542
719.7 23811549
719.8 27821772
719.9 32605171
720 37986197
720.1 43730296
720.2 49563964
720.3 55193337
720.4 60319817
720.5 64652018
720.6 67914020
720.7 69850639
720.8 70230956
720.9 68851598
721 65541318
721.1 60168470
721.2 52653972
721.3 42997684
721.4 31356303
721.5 18464421
721.6 10336142
721.7 21633383
721.8 39894312
721.9 59999309
722 80911525
722.1 1.0196497e+08
722.2 1.2253764e+08
722.3 1.4201251e+08
722.4 1.5978557e+08
722.5 1.7528597e+08
722.6 1.8799957e+08
722.7 1.9749232e+08
722.8 2.0343165e+08
722.9 2.0560514e+08
723 2.0393637e+08
723.1 1.9849946e+08
723.2 1.8953534e+08
723.3 1.7747498e+08
723.4 1.6297876e+08
723.5 1.4700551e+08
723.6 1.3092515e+08
723.7 1.1665646e+08
723.8 1.0666319e+08
723.9 1.0336129e+08
724 1.0776831e+08
724.1 1.1872004e+08
724.2 1.3379493e+08
724.3 1.5062397e+08
724.4 1.6741186e+08
724.5 1.8292353e+08
724.6 1.9635365e+08
724.7 2.0722015e+08
724.8 2.1529277e+08
724.9 2.2054269e+08
725 2.2310146e+08
725.1 2.2322347e+08
725.2 2.2124957e+08
725.3 2.1757253e+08
725.4 2.1260521e+08
725.5 2.067531e+08
725.6 2.0039218e+08
725.7 1.9385269e+08
725.8 1.8740874e+08
725.9 1.8127316e+08
726 1.7559699e+08
726.1 1.7047248e+08
726.2 1.6593891e+08
726.3 1.6199046e+08
726.4 1.5858528e+08
726.5 1.5565537e+08
726.6 1.5311647e+08
726.7 1.5087759e+08
726.8 1.4884964e+08
726.9 1.4695314e+08
727 1.4512489e+08
727.1 1.4332393e+08
727.2 1.4153692e+08
727.3 1.397832e+08
727.4 1.3811906e+08
727.5 1.3664028e+08
727.6 1.3548109e+08
727.7 1.3480696e+08
727.8 1.3479886e+08
727.9 1.3562844e+08
728 1.374268e+08
728.1 1.4025404e+08
728.2 1.4407879e+08
728.3 1.4877491e+08
728.4 1.5413664e+08
728.5 1.5990734e+08
728.6 1.6581341e+08
728.7 1.7159564e+08
728.8 1.770333e+08
728.9 1.8195863e+08
729 1.8626241e+08
729.1 1.8989206e+08
729.2 1.9284438e+08
729.3 1.9515536e+08
729.4 1.9688883e+08
729.5 1.9812558e+08
729.6 1.9895403e+08
729.7 1.9946291e+08
729.8 1.9973625e+08
729.9 1.9985029e+08
730 1.9987222e+08
730.1 1.9986002e+08
730.2 1.9986297e+08
730.3 1.9992239e+08
730.4 2.0007217e+08
730.5 2.0033865e+08
730.6 2.0073964e+08
730.7 2.0128254e+08
730.8 2.0196135e+08
730.9 2.0275317e+08
731 2.0361452e+08
731.1 2.0447844e+08
731.2 2.0525328e+08
731.3 2.0582427e+08
731.4 2.0605847e+08
731.5 2.0581343e+08
731.6 2.049492e+08
731.7 2.0334311e+08
731.8 2.009058e+08
731.9 1.9759739e+08
732 1.9344221e+08
732.1 1.8854062e+08
732.2 1.830766e+08
732.3 1.7731922e+08
732.4 1.7161565e+08
732.5 1.6637246e+08
732.6 1.6202185e+08
732.7 1.5897177e+08
732.8 1.5754514e+08
732.9 1.5792252e+08
733 1.601078e+08
733.1 1.6393105e+08
733.2 1.6908654e+08
733.3 1.7518977e+08
733.4 1.8183417e+08
733.5 1.8863506e+08
733.6 1.9525779e+08
733.7 2.0143255e+08
733.8 2.0695956e+08
733.9 2.1170841e+08
734 2.1561342e+08
734.1 2.1866643e+08
734.2 2.2090771e+08
734.3 2.2241556e+08
734.4 2.2329512e+08
734.5 2.2366702e+08
734.6 2.2365667e+08
734.7 2.2338471e+08
734.8 2.2295943e+08
734.9 2.2247141e+08
735 2.219906e+08
735.1 2.2156559e+08
735.2 2.2122491e+08
735.3 2.2097947e+08
735.4 2.2082591e+08
735.5 2.2075005e+08
735.6 2.2073025e+08
735.7 2.2074028e+08
735.8 2.2075186e+08
735.9 2.2073654e+08
736 2.2066724e+08
736.1 2.2051943e+08
736.2 2.2027182e+08
736.3 2.1990677e+08
736.4 2.1941034e+08
736.5 2.1877192e+08
736.6 2.1798372e+08
736.7 2.1703995e+08
736.8 2.1593609e+08
736.9 2.1466822e+08
737 2.1323266e+08
737.1 2.1162621e+08
737.2 2.0984686e+08
737.3 2.0789543e+08
737.4 2.0577792e+08
737.5 2.0350864e+08
737.6 2.0111393e+08
737.7 1.9863601e+08
737.8 1.961363e+08
737.9 1.9369716e+08
738 1.91421e+08
738.1 1.8942525e+08
738.2 1.8783261e+08
738.3 1.8675649e+08
738.4 1.8628359e+08
738.5 1.8645666e+08
738.6 1.8726223e+08
738.7 1.8862687e+08
738.8 1.9042409e+08
738.9 1.9249067e+08
739 1.9464868e+08
739.1 1.9672855e+08
739.2 1.9858862e+08
739.3 2.0012848e+08
739.4 2.0129497e+08
739.5 2.0208135e+08
739.6 2.0252091e+08
739.7 2.026772e+08
739.8 2.0263256e+08
739.9 2.0247678e+08
740 2.0229717e+08
740.1 2.021707e+08
740.2 2.0215884e+08
740.3 2.0230483e+08
740.4 2.0263327e+08
740.5 2.0315147e+08
740.6 2.0385204e+08
740.7 2.0471624e+08
740.8 2.0571754e+08
740.9 2.0682504e+08
741 2.0800644e+08
741.1 2.0923054e+08
741.2 2.1046899e+08
741.3 2.1169745e+08
741.4 2.1289629e+08
741.5 2.140507e+08
741.6 2.1515057e+08
741.7 2.1619015e+08
741.8 2.1716753e+08
741.9 2.1808408e+08
742 2.1894389e+08
742.1 2.1975311e+08
742.2 2.2051943e+08
742.3 2.2125139e+08
742.4 2.2195776e+08
742.5 2.2264695e+08
742.6 2.2332631e+08
742.7 2.2400157e+08
742.8 2.2467623e+08
742.9 2.2535117e+08
743 2.2602434e+08
743.1 2.266907e+08
743.2 2.2734242e+08
743.3 2.2796928e+08
743.4 2.2855937e+08
743.5 2.2909995e+08
743.6 2.295784e+08
743.7 2.2998318e+08
743.8 2.3030453e+08
743.9 2.30535e+08
744 2.3066952e+08
744.1 2.3070507e+08
744.2 2.3064001e+08
744.3 2.3047307e+08
744.4 2.3020243e+08
744.5 2.2982478e+08
744.6 2.2933495e+08
744.7 2.2872613e+08
744.8 2.2799074e+08
744.9 2.2712217e+08
745 2.2611702e+08
745.1 2.2497773e+08
745.2 2.2371522e+08
745.3 2.2235112e+08
745.4 2.2091926e+08
745.5 2.1946601e+08
745.6 2.1804926e+08
745.7 2.1673598e+08
745.8 2.1559823e+08
745.9 2.1470785e+08
746 2.1413026e+08
746.1 2.1391762e+08
746.2 2.1410229e+08
746.3 2.1469091e+08
746.4 2.1566006e+08
746.5 2.1695385e+08
746.6 2.184839e+08
746.7 2.2013183e+08
746.8 2.2175431e+08
746.9 2.2319051e+08
747 2.2427185e+08
747.1 2.2483357e+08
747.2 2.2472781e+08
747.3 2.238373e+08
747.4 2.2208863e+08
747.5 2.194633e+08
747.6 2.1600499e+08
747.7 2.1182064e+08
747.8 2.0707398e+08
747.9 2.0197059e+08
748 1.9673525e+08
748.1 1.9158451e+08
748.2 1.8669895e+08
748.3 1.822012e+08
748.4 1.7814437e+08
748.5 1.7451379e+08
748.6 1.7124049e+08
748.7 1.6822241e+08
748.8 1.6534751e+08
748.9 1.6251421e+08
749 1.5964652e+08
749.1 1.5670299e+08
749.2 1.5368048e+08
749.3 1.506133e+08
749.4 1.4756877e+08
749.5 1.4463915e+08
749.6 1.4193031e+08
749.7 1.3954765e+08
749.8 1.3758069e+08
749.9 1.3608901e+08
750 1.3509225e+08
750.1 1.3456695e+08
750.2 1.3445085e+08
750.3 1.3465358e+08
750.4 1.3507095e+08
750.5 1.3559935e+08
750.6 1.3614772e+08
750.7 1.3664535e+08
750.8 1.3704516e+08
750.9 1.3732304e+08
751 1.3747409e+08
751.1 1.3750695e+08
751.2 1.374376e+08
751.3 1.3728348e+08
751.4 1.3705913e+08
751.5 1.3677385e+08
751.6 1.3643173e+08
751.7 1.3603388e+08
751.8 1.3558216e+08
751.9 1.3508368e+08
752 1.3455495e+08
752.1 1.3402494e+08
752.2 1.3353639e+08
752.3 1.3314541e+08
752.4 1.3291935e+08
752.5 1.3293367e+08
752.6 1.3326849e+08
752.7 1.3400545e+08
752.8 1.3522547e+08
752.9 1.3700727e+08
753 1.3942611e+08
753.1 1.4255155e+08
753.2 1.4644255e+08
753.3 1.511386e+08
753.4 1.566463e+08
753.5 1.6292247e+08
753.6 1.698564e+08
753.7 1.7725501e+08
753.8 1.8483524e+08
753.9 1.9222655e+08
754 1.9898545e+08
754.1 2.0462141e+08
754.2 2.0863226e+08
754.3 2.1054545e+08
754.4 2.0996096e+08
754.5 2.0659077e+08
754.6 2.0029048e+08
754.7 1.9107923e+08
754.8 1.7914571e+08
754.9 1.648402e+08
755 1.4865472e+08
755.1 1.3119635e+08
755.2 1.1316108e+08
755.3 95319369
755.4 78528474
755.5 63786612
755.6 52302840
755.7 45364684
755.8 43575318
755.9 45999490
756 50782104
756.1 56379329
756.2 61906790
756.3 66953033
756.4 71370681
756.5 75148408
756.6 78341140
756.7 81032634
756.8 83315599
756.9 85281440
757 87015209
757.1 88593039
757.2 90080292
757.3 91529395
757.4 92976934
757.5 94440211
757.6 95913898
757.7 97367680
757.8 98745675
757.9 99968053
758 1.009348e+08
758.1 1.0153116e+08
758.2 1.0163392e+08
758.3 1.0111809e+08
758.4 99863166
758.5 97759204
758.6 94712746
758.7 90653443
758.8 85542660
758.9 79386403
759 72257055
759.1 64333429
759.2 55979805
759.3 47904550
759.4 41431228
759.5 38629653
759.6 41311646
759.7 49270554
759.8 60813939
759.9 74373333
760 88908251
760.1 1.0373464e+08
760.2 1.1836502e+08
760.3 1.3242726e+08
760.4 1.4562903e+08
760.5 1.5774365e+08
760.6 1.6860494e+08
760.7 1.7810519e+08
760.8 1.8619335e+08
760.9 1.9287206e+08
761 1.9819282e+08
761.1 2.0224935e+08
761.2 2.051694e+08
761.3 2.0710544e+08
761.4 2.0822515e+08
761.5 2.0870213e+08
761.6 2.0870762e+08
761.7 2.0840341e+08
761.8 2.0793611e+08
761.9 2.0743278e+08
762 2.069977e+08
762.1 2.0671041e+08
762.2 2.0662486e+08
762.3 2.0676998e+08
762.4 2.0715157e+08
762.5 2.0775556e+08
762.6 2.0855223e+08
762.7 2.0950107e+08
762.8 2.1055555e+08
762.9 2.1166753e+08
763 2.1279072e+08
763.1 2.1388317e+08
763.2 2.149086e+08
763.3 2.1583687e+08
763.4 2.1664373e+08
763.5 2.1731002e+08
763.6 2.1782072e+08
763.7 2.1816384e+08
763.8 2.183296e+08
763.9 2.1830973e+08
764 2.1809723e+08
764.1 2.1768648e+08
764.2 2.1707383e+08
764.3 2.1625846e+08
764.4 2.1524361e+08
764.5 2.1403784e+08
764.6 2.1265622e+08
764.7 2.1112106e+08
764.8 2.0946212e+08
764.9 2.0771586e+08
765 2.0592384e+08
765.1 2.0413029e+08
765.2 2.0237908e+08
765.3 2.0071055e+08
765.4 1.9915879e+08
765.5 1.9774975e+08
765.6 1.9650068e+08
765.7 1.9542095e+08
765.8 1.9451424e+08
765.9 1.9378167e+08
766 1.9322539e+08
766.1 1.9285193e+08
766.2 1.9267485e+08
766.3 1.9271594e+08
766.4 1.9300463e+08
766.5 1.9357536e+08
766.6 1.9446289e+08
766.7 1.9569592e+08
766.8 1.9728986e+08
766.9 1.9923989e+08
767 2.0151577e+08
767.1 2.0405963e+08
767.2 2.0678757e+08
767.3 2.0959529e+08
767.4 2.1236701e+08
767.5 2.1498636e+08
767.6 2.1734771e+08
767.7 2.1936623e+08
767.8 2.209854e+08
767.9 2.2218117e+08
768 2.2296246e+08
768.1 2.2336814e+08
768.2 2.2346114e+08
768.3 2.2332037e+08
768.4 2.2303167e+08
768.5 2.2267855e+08
768.6 2.2233373e+08
768.7 2.2205233e+08
768.8 2.21867e+08
768.9 2.2178557e+08
769 2.2179091e+08
769.1 2.2184301e+08
769.2 2.2188272e+08
769.3 2.2183678e+08
769.4 2.2162354e+08
769.5 2.2115895e+08
769.6 2.203624e+08
769.7 2.1916206e+08
769.8 2.1749936e+08
769.9 2.153325e+08
770 2.1263877e+08
770.1 2.0941557e+08
770.2 2.0568025e+08
770.3 2.0146871e+08
770.4 1.9683308e+08
770.5 1.9183865e+08
770.6 1.8656039e+08
770.7 1.8107942e+08
770.8 1.7547964e+08
770.9 1.6984483e+08
771 1.6425631e+08
771.1 1.587913e+08
771.2 1.5352178e+08
771.3 1.4851388e+08
771.4 1.4382737e+08
771.5 1.3951527e+08
771.6 1.3562319e+08
771.7 1.321884e+08
771.8 1.2923858e+08
771.9 1.2679044e+08
772 1.2484832e+08
772.1 1.234033e+08
772.2 1.2243288e+08
772.3 1.2190153e+08
772.4 1.2176225e+08
772.5 1.2195881e+08
772.6 1.2242864e+08
772.7 1.2310596e+08
772.8 1.2392485e+08
772.9 1.2482217e+08
773 1.257399e+08
773.1 1.2662719e+08
773.2 1.2744182e+08
773.3 1.2815117e+08
773.4 1.2873283e+08
773.5 1.2917468e+08
773.6 1.2947459e+08
773.7 1.2963955e+08
773.8 1.2968442e+08
773.9 1.2963012e+08
774 1.2950136e+08
774.1 1.2932418e+08
774.2 1.2912343e+08
774.3 1.2892058e+08
774.4 1.2873212e+08
774.5 1.2856892e+08
774.6 1.2843647e+08
774.7 1.2833595e+08
774.8 1.2826561e+08
774.9 1.2822205e+08
775 1.2820075e+08
775.1 1.2819544e+08
775.2 1.281961e+08
775.3 1.2818573e+08
775.4 1.2813627e+08
775.5 1.2800417e+08
775.6 1.2772632e+08
775.7 1.2721695e+08
775.8 1.2636582e+08
775.9 1.2503793e+08
776 1.2307499e+08
776.1 1.2029848e+08
776.2 1.165147e+08
776.3 1.1152173e+08
776.4 1.0511877e+08
776.5 97117954
776.6 87358614
776.7 75724353
776.8 62164176
776.9 46726666
777 29668863
777.1 12500145
777.2 14262027
777.3 34341650
777.4 56413642
777.5 78940495
777.6 1.0126166e+08
777.7 1.2282123e+08
777.8 1.4311324e+08
777.9 1.6169123e+08
778 1.7818722e+08
778.1 1.923288e+08
778.2 2.0395102e+08
778.3 2.1300124e+08
778.4 2.1953676e+08
778.5 2.2371542e+08
778.6 2.2578024e+08
778.7 2.2603951e+08
778.8 2.2484388e+08
778.9 2.2256225e+08
779 2.1955822e+08
779.1 2.1616872e+08
779.2 2.1268659e+08
779.3 2.0934827e+08
779.4 2.0632774e+08
779.5 2.0373676e+08
779.6 2.0163088e+08
779.7 2.0001949e+08
779.8 1.98878e+08
779.9 1.9815969e+08
780 1.9780582e+08
780.1 1.9775275e+08
780.2 1.9793632e+08
780.3 1.9829398e+08
780.4 1.987658e+08
780.5 1.9929535e+08
780.6 1.998312e+08
780.7 2.003291e+08
780.8 2.0075471e+08
780.9 2.0108603e+08
781 2.0131486e+08
781.1 2.0144675e+08
781.2 2.0149916e+08
781.3 2.0149801e+08
781.4 2.0147315e+08
781.5 2.0145337e+08
781.6 2.0146197e+08
781.7 2.0151347e+08
781.8 2.0161203e+08
781.9 2.0175199e+08
782 2.0192008e+08
782.1 2.0209916e+08
782.2 2.022724e+08
782.3 2.024271e+08
782.4 2.0255735e+08
782.5 2.0266474e+08
782.6 2.0275704e+08
782.7 2.0284516e+08
782.8 2.0293921e+08
782.9 2.0304457e+08
783 2.0315923e+08
783.1 2.0327298e+08
783.2 2.0336884e+08
783.3 2.0342625e+08
783.4 2.0342545e+08
783.5 2.0335207e+08
783.6 2.0320107e+08
783.7 2.0297935e+08
783.8 2.0270682e+08
783.9 2.0241555e+08
784 2.0214747e+08
784.1 2.0195046e+08
784.2 2.0187358e+08
784.3 2.0196176e+08
784.4 2.0225065e+08
784.5 2.0276231e+08
784.6 2.0350227e+08
784.7 2.0445837e+08
784.8 2.0560122e+08
784.9 2.0688634e+08
785 2.0825724e+08
785.1 2.0964908e+08
785.2 2.109924e+08
785.3 2.1221652e+08
785.4 2.1325237e+08
785.5 2.1403478e+08
785.6 2.1450421e+08
785.7 2.146081e+08
785.8 2.1430201e+08
785.9 2.135507e+08
786 2.1232929e+08
786.1 2.1062462e+08
786.2 2.0843672e+08
786.3 2.0578049e+08
786.4 2.0268724e+08
786.5 1.9920596e+08
786.6 1.9540396e+08
786.7 1.9136662e+08
786.8 1.8719568e+08
786.9 1.8300616e+08
787 1.7892138e+08
787.1 1.7506661e+08
787.2 1.7156139e+08
787.3 1.6851138e+08
787.4 1.6600071e+08
787.5 1.6408561e+08
787.6 1.6279042e+08
787.7 1.6210633e+08
787.8 1.6199307e+08
787.9 1.6238315e+08
788 1.6318807e+08
788.1 1.6430597e+08
788.2 1.6562985e+08
788.3 1.6705611e+08
788.4 1.684927e+08
788.5 1.6986652e+08
788.6 1.7112934e+08
788.7 1.722618e+08
788.8 1.7327475e+08
788.9 1.7420753e+08
789 1.7512304e+08
789.1 1.7609961e+08
789.2 1.772205e+08
789.3 1.7856208e+08
789.4 1.8018258e+08
789.5 1.8211288e+08
789.6 1.8435127e+08
789.7 1.8686286e+08
789.8 1.8958366e+08
789.9 1.9242841e+08
790 1.9530062e+08
790.1 1.981031e+08
790.2 2.0074743e+08
790.3 2.0316134e+08
790.4 2.0529339e+08
790.5 2.0711483e+08
790.6 2.0861877e+08
790.7 2.0981736e+08
790.8 2.1073727e+08
790.9 2.114144e+08
791 2.1188829e+08
791.1 2.1219699e+08
791.2 2.1237273e+08
791.3 2.1243889e+08
791.4 2.1240843e+08
791.5 2.1228381e+08
791.6 2.1205838e+08
791.7 2.1171892e+08
791.8 2.1124902e+08
791.9 2.1063295e+08
792 2.0985953e+08
792.1 2.0892562e+08
792.2 2.0783889e+08
792.3 2.0661949e+08
792.4 2.0530048e+08
792.5 2.0392685e+08
792.6 2.0255304e+08
792.7 2.0123928e+08
792.8 2.0004688e+08
792.9 1.9903294e+08
793 1.982452e+08
793.1 1.9771749e+08
793.2 1.9746659e+08
793.3 1.9749077e+08
793.4 1.9777044e+08
793.5 1.9827068e+08
793.6 1.9894526e+08
793.7 1.9974151e+08
793.8 2.0060549e+08
793.9 2.0148651e+08
794 2.0234076e+08
794.1 2.0313372e+08
794.2 2.0384114e+08
794.3 2.04449e+08
794.4 2.0495254e+08
794.5 2.0535472e+08
794.6 2.0566446e+08
794.7 2.0589483e+08
794.8 2.0606135e+08
794.9 2.0618042e+08
795 2.0626793e+08
795.1 2.0633798e+08
795.2 2.0640173e+08
795.3 2.0646638e+08
795.4 2.0653441e+08
795.5 2.0660308e+08
795.6 2.0666421e+08
795.7 2.0670449e+08
795.8 2.0670603e+08
795.9 2.0664741e+08
796 2.0650498e+08
796.1 2.0625449e+08
796.2 2.0587314e+08
796.3 2.0534195e+08
796.4 2.0464881e+08
796.5 2.0379222e+08
796.6 2.0278594e+08
796.7 2.0166436e+08
796.8 2.0048815e+08
796.9 1.9934913e+08
797 1.9837268e+08
797.1 1.97715e+08
797.2 1.9755275e+08
797.3 1.9806292e+08
797.4 1.9939331e+08
797.5 2.0162775e+08
797.6 2.0475383e+08
797.7 2.0864307e+08
797.8 2.1305104e+08
797.9 2.1763952e+08
798 2.2201662e+08
798.1 2.2578628e+08
798.2 2.2859787e+08
798.3 2.3018795e+08
798.4 2.3040899e+08
798.5 2.2924285e+08
798.6 2.2679911e+08
798.7 2.2330021e+08
798.8 2.1905664e+08
798.9 2.144357e+08
799 2.0982725e+08
799.1 2.0560958e+08
799.2 2.0211768e+08
799.3 1.9961653e+08
799.4 1.9828135e+08
799.5 1.9818677e+08
799.6 1.9930591e+08
799.7 2.0151851e+08
799.8 2.0462644e+08
799.9 2.0837371e+08
800 2.1246879e+08
800.1 2.1660755e+08
800.2 2.2049607e+08
800.3 2.238728e+08
800.4 2.26529e+08
800.5 2.2832625e+08
800.6 2.292091e+08
800.7 2.2921057e+08
800.8 2.2844873e+08
800.9 2.2711309e+08
801 2.2544083e+08
801.1 2.2368522e+08
801.2 2.2208044e+08
801.3 2.2080937e+08
801.4 2.1998109e+08
801.5 2.1962317e+08
801.6 2.1968951e+08
801.7 2.2008039e+08
801.8 2.2066772e+08
801.9 2.2131852e+08
802 2.219112e+08
802.1 2.2234249e+08
802.2 2.2252541e+08
802.3 2.2238066e+08
802.4 2.2182474e+08
802.5 2.2075826e+08
802.6 2.1905751e+08
802.7 2.165715e+08
802.8 2.1312596e+08
802.9 2.0853438e+08
803 2.026152e+08
803.1 1.9521351e+08
803.2 1.8622516e+08
803.3 1.7562142e+08
803.4 1.634729e+08
803.5 1.4997323e+08
803.6 1.3546453e+08
803.7 1.2046982e+08
803.8 1.0573843e+08
803.9 92301799
804 81490158
804.1 74739596
804.2 72978394
804.3 75919645
804.4 82164617
804.5 90034453
804.6 98173050
804.7 1.0567088e+08
804.8 1.119839e+08
804.9 1.1683148e+08
805 1.2011895e+08
805.1 1.2188321e+08
805.2 1.2225311e+08
805.3 1.2141915e+08
805.4 1.1960924e+08
805.5 1.1706925e+08
805.6 1.1404757e+08
805.7 1.1078326e+08
805.8 1.0749739e+08
805.9 1.0438745e+08
806 1.0162431e+08
806.1 99351693
806.2 97687610
806.3 96727179
806.4 96545972
806.5 97202705
806.6 98740297
806.7 1.0118474e+08
806.8 1.0454202e+08
806.9 1.0879409e+08
807 1.1389522e+08
807.1 1.1977016e+08
807.2 1.2631481e+08
807.3 1.3339967e+08
807.4 1.4087567e+08
807.5 1.4858193e+08
807.6 1.5635447e+08
807.7 1.6403533e+08
807.8 1.7148113e+08
807.9 1.7857041e+08
808 1.8520903e+08
808.1 1.9133307e+08
808.2 1.9690885e+08
808.3 2.0193015e+08
808.4 2.0641309e+08
808.5 2.1038938e+08
808.6 2.1389909e+08
808.7 2.16984e+08
808.8 2.1968249e+08
808.9 2.220264e+08
809 2.2403999e+08
809.1 2.2574044e+08
809.2 2.2713933e+08
809.3 2.2824432e+08
809.4 2.2906049e+08
809.5 2.2959094e+08
809.6 2.2983674e+08
809.7 2.2979618e+08
809.8 2.2946378e+08
809.9 2.2882921e+08
810 2.2787644e+08
810.1 2.2658335e+08
810.2 2.2492201e+08
810.3 2.2285958e+08
810.4 2.2036008e+08
810.5 2.1738681e+08
810.6 2.1390562e+08
810.7 2.0988877e+08
810.8 2.053192e+08
810.9 2.001952e+08
811 1.9453488e+08
811.1 1.8838024e+08
811.2 1.8180019e+08
811.3 1.7489216e+08
811.4 1.677815e+08
811.5 1.6061833e+08
811.6 1.5357136e+08
811.7 1.4681846e+08
811.8 1.4053429e+08
811.9 1.3487576e+08
812 1.2996715e+08
812.1 1.2588722e+08
812.2 1.2266122e+08
812.3 1.2025995e+08
812.4 1.1860636e+08
812.5 1.1758822e+08
812.6 1.1707369e+08
812.7 1.1692636e+08
812.8 1.1701743e+08
812.9 1.1723391e+08
813 1.17483e+08
813.1 1.1769355e+08
813.2 1.1781567e+08
813.3 1.1781945e+08
813.4 1.1769331e+08
813.5 1.1744256e+08
813.6 1.1708806e+08
813.7 1.1666491e+08
813.8 1.1622087e+08
813.9 1.15814e+08
814 1.155091e+08
814.1 1.1537267e+08
814.2 1.154663e+08
814.3 1.1583903e+08
814.4 1.1651975e+08
814.5 1.1751086e+08
814.6 1.1878477e+08
814.7 1.202841e+08
814.8 1.21926e+08
814.9 1.236099e+08
815 1.2522778e+08
815.1 1.2667579e+08
815.2 1.2786628e+08
815.3 1.2873976e+08
815.4 1.2927674e+08
815.5 1.2950929e+08
815.6 1.295322e+08
815.7 1.2951206e+08
815.8 1.2969119e+08
815.9 1.3038047e+08
816 1.319339e+08
816.1 1.3469952e+08
816.2 1.3894953e+08
816.3 1.448047e+08
816.4 1.5217665e+08
816.5 1.6074632e+08
816.6 1.6998133e+08
816.7 1.7918082e+08
816.8 1.8753372e+08
816.9 1.9418083e+08
817 1.982778e+08
817.1 1.9905826e+08
817.2 1.958972e+08
817.3 1.8837336e+08
817.4 1.763297e+08
817.5 1.599348e+08
817.6 1.3975958e+08
817.7 1.1691839e+08
817.8 93421233
817.9 73090529
818 62819054
818.1 68574775
818.2 86558646
818.3 1.0934228e+08
818.4 1.3255183e+08
818.5 1.5410323e+08
818.6 1.7300399e+08
818.7 1.8883633e+08
818.8 2.0153582e+08
818.9 2.1127249e+08
819 2.183695e+08
819.1 2.2323912e+08
819.2 2.2633017e+08
819.3 2.2808584e+08
819.4 2.2891183e+08
819.5 2.2915471e+08
819.6 2.290895e+08
819.7 2.289157e+08
819.8 2.2875984e+08
819.9 2.2868282e+08
820 2.2869034e+08
820.1 2.2874453e+08
820.2 2.2877584e+08
820.3 2.28694e+08
820.4 2.2839786e+08
820.5 2.2778372e+08
820.6 2.2675232e+08
820.7 2.2521433e+08
820.8 2.2309463e+08
820.9 2.2033531e+08
821 2.1689742e+08
821.1 2.1276174e+08
821.2 2.0792852e+08
821.3 2.0241659e+08
821.4 1.9626193e+08
821.5 1.8951608e+08
821.6 1.822446e+08
821.7 1.745257e+08
821.8 1.6644909e+08
821.9 1.5811492e+08
822 1.4963257e+08
822.1 1.4111903e+08
822.2 1.3269641e+08
822.3 1.2448858e+08
822.4 1.1661666e+08
822.5 1.0919374e+08
822.6 1.0231897e+08
822.7 96071881
822.8 90507431
822.9 85652651
823 81505327
823.1 78034993
823.2 75186027
823.3 72882294
823.4 71032609
823.5 69536347
823.6 68288737
823.7 67185616
823.8 66127592
823.9 65023602
824 63793844
824.1 62372086
824.2 60707383
824.3 58765337
824.4 56529206
824.5 54001360
824.6 51205827
824.7 48192941
824.8 45047393
824.9 41900963
825 38949964
825.1 36472411
825.2 34827661
825.3 34406253
825.4 35513317
825.5 38246682
825.6 42478101
825.7 47944972
825.8 54355270
825.9 61443598
826 68985005
826.1 76790799
826.2 84700898
826.3 92577752
826.4 1.0030263e+08
826.5 1.0777366e+08
826.6 1.1490503e+08
826.7 1.2162653e+08
826.8 1.2788328e+08
826.9 1.3363512e+08
827 1.3885568e+08
827.1 1.4353106e+08
827.2 1.4765811e+08
827.3 1.5124241e+08
827.4 1.5429629e+08
827.5 1.5683691e+08
827.6 1.5888491e+08
827.7 1.6046385e+08
827.8 1.6160066e+08
827.9 1.6232756e+08
828 1.626854e+08
828.1 1.6272854e+08
828.2 1.6253103e+08
828.3 1.6219357e+08
828.4 1.6185004e+08
828.5 1.6167206e+08
828.6 1.6186852e+08
828.7 1.626772e+08
828.8 1.643451e+08
828.9 1.6709655e+08
829 1.7109207e+08
829.1 1.7638578e+08
829.2 1.8289178e+08
829.3 1.9036859e+08
829.4 1.9842483e+08
829.5 2.0654339e+08
829.6 2.1411779e+08
829.7 2.2049439e+08
829.8 2.2501601e+08
829.9 2.2706386e+08
830 2.2609577e+08
830.1 2.2167903e+08
830.2 2.1351622e+08
830.3 2.0146262e+08
830.4 1.8553457e+08
830.5 1.6590844e+08
830.6 1.4291105e+08
830.7 1.1700283e+08
830.8 88756320
830.9 58836334
831 28029905
831.1 5448874.5
831.2 34597683
831.3 64204707
831.4 92189694
831.5 1.1798933e+08
831.6 1.4119234e+08
831.7 1.6151725e+08
831.8 1.7881272e+08
831.9 1.9305477e+08
832 2.0433789e+08
832.1 2.1286012e+08
832.2 2.1890285e+08
832.3 2.2280693e+08
832.4 2.2494683e+08
832.5 2.2570466e+08
832.6 2.2544641e+08
832.7 2.2450209e+08
832.8 2.2315174e+08
832.9 2.2161832e+08
833 2.2006753e+08
833.1 2.1861377e+08
833.2 2.1733022e+08
833.3 2.1626029e+08
833.4 2.1542813e+08
833.5 2.1484568e+08
833.6 2.1451538e+08
833.7 2.1442794e+08
833.8 2.1455622e+08
833.9 2.1484665e+08
834 2.152103e+08
834.1 2.1551609e+08
834.2 2.1558808e+08
834.3 2.152085e+08
834.4 2.1412713e+08
834.5 2.1207712e+08
834.6 2.0879619e+08
834.7 2.040521e+08
834.8 1.9767076e+08
834.9 1.8956532e+08
835 1.797652e+08
835.1 1.6844411e+08
835.2 1.5594728e+08
835.3 1.4281816e+08
835.4 1.2982213e+08
835.5 1.1795302e+08
835.6 1.0837823e+08
835.7 1.0224145e+08
835.8 1.0028628e+08
835.9 1.0249278e+08
836 1.080782e+08
836.1 1.1588554e+08
836.2 1.2479931e+08
836.3 1.3395068e+08
836.4 1.4274539e+08
836.5 1.5081798e+08
836.6 1.5797321e+08
836.7 1.6413529e+08
836.8 1.6930875e+08
836.9 1.7354936e+08
837 1.7694309e+08
837.1 1.7959109e+08
837.2 1.8159939e+08
837.3 1.8307206e+08
837.4 1.8410699e+08
837.5 1.8479354e+08
837.6 1.8521166e+08
837.7 1.8543198e+08
837.8 1.855165e+08
837.9 1.8551984e+08
838 1.8549062e+08
838.1 1.8547289e+08
838.2 1.8550743e+08
838.3 1.8563275e+08
838.4 1.8588559e+08
838.5 1.8630093e+08
838.6 1.8691133e+08
838.7 1.8774564e+08
838.8 1.8882719e+08
838.9 1.9017148e+08
839 1.9178373e+08
839.1 1.9365656e+08
839.2 1.9576828e+08
839.3 1.9808206e+08
839.4 2.0054645e+08
839.5 2.0309728e+08
839.6 2.0566098e+08
839.7 2.0815895e+08
839.8 2.1051259e+08
839.9 2.1264834e+08
840 2.1450225e+08
840.1 2.1602351e+08
840.2 2.1717664e+08
840.3 2.1794226e+08
840.4 2.1831632e+08
840.5 2.1830827e+08
840.6 2.1793821e+08
840.7 2.1723363e+08
840.8 2.1622598e+08
840.9 2.149474e+08
841 2.1342795e+08
841.1 2.1169336e+08
841.2 2.0976346e+08
841.3 2.0765134e+08
841.4 2.0536309e+08
841.5 2.028982e+08
841.6 2.0025055e+08
841.7 1.9740979e+08
841.8 1.9436322e+08
841.9 1.9109797e+08
842 1.8760347e+08
842.1 1.8387403e+08
842.2 1.799115e+08
842.3 1.7572773e+08
842.4 1.7134666e+08
842.5 1.6680577e+08
842.6 1.6215652e+08
842.7 1.5746364e+08
842.8 1.5280288e+08
842.9 1.4825729e+08
843 1.4391203e+08
843.1 1.3984813e+08
843.2 1.3613596e+08
843.3 1.3282921e+08
843.4 1.2996037e+08
843.5 1.2753871e+08
843.6 1.255509e+08
843.7 1.2396427e+08
843.8 1.2273197e+08
843.9 1.2179891e+08
844 1.211075e+08
844.1 1.2060236e+08
844.2 1.2023355e+08
844.3 1.1995831e+08
844.4 1.1974157e+08
844.5 1.1955551e+08
844.6 1.1937864e+08
844.7 1.1919465e+08
844.8 1.1899131e+08
844.9 1.1875956e+08
845 1.1849265e+08
845.1 1.1818554e+08
845.2 1.1783434e+08
845.3 1.1743563e+08
845.4 1.1698586e+08
845.5 1.1648049e+08
845.6 1.159131e+08
845.7 1.1527451e+08
845.8 1.1455198e+08
845.9 1.1372859e+08
846 1.1278325e+08
846.1 1.1169117e+08
846.2 1.1042529e+08
846.3 1.0895862e+08
846.4 1.0726766e+08
846.5 1.0533698e+08
846.6 1.0316476e+08
846.7 1.007691e+08
846.8 98194668
846.9 95518767
847 92855518
847.1 90356163
847.2 88202878
847.3 86593560
847.4 85716780
847.5 85720111
847.6 86680242
847.7 88585749
847.8 91339654
847.9 94780186
848 98710896
848.1 1.0293004e+08
848.2 1.0725285e+08
848.3 1.1152485e+08
848.4 1.1562734e+08
848.5 1.1947732e+08
848.6 1.2302382e+08
848.7 1.2624245e+08
848.8 1.2912932e+08
848.9 1.3169521e+08
849 1.3396045e+08
849.1 1.3595076e+08
849.2 1.3769413e+08
849.3 1.3921872e+08
849.4 1.4055155e+08
849.5 1.4171789e+08
849.6 1.4274104e+08
849.7 1.4364255e+08
849.8 1.4444248e+08
849.9 1.4515971e+08
850 1.4581225e+08
850.1 1.4641729e+08
850.2 1.469912e+08
850.3 1.4754921e+08
850.4 1.4810499e+08
850.5 1.4867007e+08
850.6 1.4925321e+08
850.7 1.4985979e+08
850.8 1.5049131e+08
850.9 1.5114508e+08
851 1.5181417e+08
851.1 1.5248769e+08
851.2 1.5315127e+08
851.3 1.5378793e+08
851.4 1.5437917e+08
851.5 1.5490625e+08
851.6 1.5535168e+08
851.7 1.5570079e+08
851.8 1.559434e+08
851.9 1.5607535e+08
852 1.5609997e+08
852.1 1.5602908e+08
852.2 1.5588364e+08
852.3 1.5569355e+08
852.4 1.5549685e+08
852.5 1.5533797e+08
852.6 1.5526518e+08
852.7 1.5532724e+08
852.8 1.5556945e+08
852.9 1.5602901e+08
853 1.5672999e+08
853.1 1.5767775e+08
853.2 1.588532e+08
853.3 1.6020709e+08
853.4 1.6165491e+08
853.5 1.6307312e+08
853.6 1.6429769e+08
853.7 1.6512557e+08
853.8 1.6532e+08
853.9 1.6461974e+08
854 1.6275241e+08
854.1 1.5945151e+08
854.2 1.5447668e+08
854.3 1.4763705e+08
854.4 1.3881787e+08
854.5 1.2801222e+08
854.6 1.1536334e+08
854.7 1.0123115e+08
854.8 86316737
854.9 71916510
855 60372056
855.1 55214979
855.2 59024418
855.3 70388454
855.4 85826414
855.5 1.0265426e+08
855.6 1.1927925e+08
855.7 1.3477716e+08
855.8 1.4861533e+08
855.9 1.6051743e+08
856 1.7039236e+08
856.1 1.7828739e+08
856.2 1.8434993e+08
856.3 1.8879325e+08
856.4 1.9186555e+08
856.5 1.9382357e+08
856.6 1.9491175e+08
856.7 1.9534765e+08
856.8 1.9531362e+08
856.9 1.9495408e+08
857 1.9437747e+08
857.1 1.9366154e+08
857.2 1.9286057e+08
857.3 1.9201335e+08
857.4 1.9115048e+08
857.5 1.9030022e+08
857.6 1.8949203e+08
857.7 1.8875763e+08
857.8 1.8812925e+08
857.9 1.8763558e+08
858 1.8729571e+08
858.1 1.8711177e+08
858.2 1.8706088e+08
858.3 1.8708743e+08
858.4 1.8709619e+08
858.5 1.8694735e+08
858.6 1.8645417e+08
858.7 1.8538412e+08
858.8 1.8346466e+08
858.9 1.8039425e+08
859 1.7585994e+08
859.1 1.6956228e+08
859.2 1.6124914e+08
859.3 1.5076086e+08
859.4 1.3809246e+08
859.5 1.2348686e+08
859.6 1.0759252e+08
859.7 91755324
859.8 78508623
859.9 71827644
860 75230147
860.1 88150668
860.2 1.0684903e+08
860.3 1.2781327e+08
860.4 1.4868501e+08
860.5 1.6793589e+08
860.6 1.8455816e+08
860.7 1.9790859e+08
860.8 2.0763306e+08
860.9 2.1362138e+08
861 2.1596964e+08
861.1 2.1494206e+08
861.2 2.1093125e+08
861.3 2.0441859e+08
861.4 1.9593685e+08
861.5 1.8603723e+08
861.6 1.7526162e+08
861.7 1.6412041e+08
861.8 1.5307502e+08
861.9 1.4252424e+08
862 1.3279356e+08
862.1 1.2412718e+08
862.2 1.1668359e+08
862.3 1.1053644e+08
862.4 1.0568213e+08
862.5 1.0205419e+08
862.6 99541916
862.7 98008642
862.8 97305637
862.9 97279555
863 97774725
863.1 98633341
863.2 99696638
863.3 1.0080871e+08
863.4 1.0182262e+08
863.5 1.0260727e+08
863.6 1.0305275e+08
863.7 1.0307284e+08
863.8 1.0260414e+08
863.9 1.016024e+08
864 1.0003798e+08
864.1 97892309
864.2 95157897
864.3 91843713
864.4 87987435
864.5 83675523
864.6 79071343
864.7 74449782
864.8 70231077
864.9 66992049
865 65410706
865.1 66101989
865.2 69389110
865.3 75175812
865.4 83027551
865.5 92364131
865.6 1.0261364e+08
865.7 1.1328313e+08
865.8 1.2397472e+08
865.9 1.3437968e+08
866 1.44267e+08
866.1 1.5347225e+08
866.2 1.6188763e+08
866.3 1.6945318e+08
866.4 1.7614862e+08
866.5 1.8198573e+08
866.6 1.8700119e+08
866.7 1.9124986e+08
866.8 1.9479868e+08
866.9 1.9772126e+08
867 2.0009333e+08
867.1 2.0198906e+08
867.2 2.0347839e+08
867.3 2.0462528e+08
867.4 2.0548689e+08
867.5 2.0611351e+08
867.6 2.0654912e+08
867.7 2.0683233e+08
867.8 2.0699759e+08
867.9 2.0707641e+08
868 2.070984e+08
868.1 2.0709212e+08
868.2 2.0708554e+08
868.3 2.0710619e+08
868.4 2.0718084e+08
868.5 2.0733496e+08
868.6 2.0759181e+08
868.7 2.0797136e+08
868.8 2.0848916e+08
868.9 2.0915521e+08
869 2.0997297e+08
869.1 2.1093871e+08
869.2 2.1204122e+08
869.3 2.1326202e+08
869.4 2.1457608e+08
869.5 2.1595304e+08
869.6 2.1735888e+08
869.7 2.1875781e+08
869.8 2.2011441e+08
869.9 2.213957e+08
870 2.22573e+08
870.1 2.2362351e+08
870.2 2.245314e+08
870.3 2.2528845e+08
870.4 2.2589412e+08
870.5 2.2635514e+08
870.6 2.2668447e+08
870.7 2.2689995e+08
870.8 2.2702233e+08
870.9 2.2707297e+08
871 2.2707125e+08
871.1 2.2703165e+08
871.2 2.2696089e+08
871.3 2.2685524e+08
871.4 2.2669841e+08
871.5 2.2646036e+08
871.6 2.2609753e+08
871.7 2.2555475e+08
871.8 2.2476937e+08
871.9 2.236778e+08
872 2.2222469e+08
872.1 2.2037488e+08
872.2 2.1812776e+08
872.3 2.1553322e+08
872.4 2.1270736e+08
872.5 2.098441e+08
872.6 2.072173e+08
872.7 2.0516552e+08
872.8 2.0405249e+08
872.9 2.0420082e+08
873 2.0580822e+08
873.1 2.0886839e+08
873.2 2.1312461e+08
873.3 2.180752e+08
873.4 2.2302924e+08
873.5 2.2719433e+08
873.6 2.2977314e+08
873.7 2.3005144e+08
873.8 2.2746868e+08
873.9 2.21668e+08
874 2.1252624e+08
874.1 2.0016592e+08
874.2 1.8495311e+08
874.3 1.6748739e+08
874.4 1.4859393e+08
874.5 1.2933127e+08
874.6 1.1102774e+08
874.7 95330737
874.8 84129712
874.9 79007083
875 80194770
875.1 86229825
875.2 94978269
875.3 1.0467528e+08
875.4 1.1418606e+08
875.5 1.2286925e+08
875.6 1.3039979e+08
875.7 1.3664331e+08
875.8 1.4157846e+08
875.9 1.4525111e+08
876 1.477487e+08
876.1 1.4918749e+08
876.2 1.4970817e+08
876.3 1.4947624e+08
876.4 1.4868423e+08
876.5 1.4755271e+08
876.6 1.4632694e+08
876.7 1.4526657e+08
876.8 1.4462656e+08
876.9 1.4463049e+08
877 1.4544057e+08
877.1 1.4713241e+08
877.2 1.4968279e+08
877.3 1.5297541e+08
877.4 1.5682304e+08
877.5 1.6099962e+08
877.6 1.6527355e+08
877.7 1.6943547e+08
877.8 1.7331689e+08
877.9 1.7679877e+08
878 1.7981141e+08
878.1 1.8232777e+08
878.2 1.8435265e+08
878.3 1.8591022e+08
878.4 1.8703215e+08
878.5 1.8774793e+08
878.6 1.8807883e+08
878.7 1.8803577e+08
878.8 1.8762138e+08
878.9 1.8683523e+08
879 1.856814e+08
879.1 1.8417652e+08
879.2 1.823568e+08
879.3 1.8028234e+08
879.4 1.7803727e+08
879.5 1.7572519e+08
879.6 1.7346006e+08
879.7 1.7135396e+08
879.8 1.6950394e+08
879.9 1.6798085e+08
880 1.6682253e+08
880.1 1.6603279e+08
880.2 1.655859e+08
880.3 1.6543499e+08
880.4 1.6552186e+08
880.5 1.6578601e+08
880.6 1.6617107e+08
880.7 1.6662822e+08
880.8 1.671167e+08
880.9 1.6760232e+08
881 1.6805513e+08
881.1 1.684472e+08
881.2 1.6875139e+08
881.3 1.6894158e+08
881.4 1.6899438e+08
881.5 1.6889197e+08
881.6 1.6862578e+08
881.7 1.6820006e+08
881.8 1.676351e+08
881.9 1.6696932e+08
882 1.6626006e+08
882.1 1.655826e+08
882.2 1.6502744e+08
882.3 1.6469562e+08
882.4 1.6469213e+08
882.5 1.6511783e+08
882.6 1.6606025e+08
882.7 1.675845e+08
882.8 1.6972528e+08
882.9 1.7248156e+08
883 1.7581463e+08
883.1 1.7965014e+08
883.2 1.838837e+08
883.3 1.883891e+08
883.4 1.9302813e+08
883.5 1.9766054e+08
883.6 2.0215328e+08
883.7 2.0638828e+08
883.8 2.1026826e+08
883.9 2.1372045e+08
884 2.1669827e+08
884.1 2.1918105e+08
884.2 2.2117225e+08
884.3 2.2269627e+08
884.4 2.2379455e+08
884.5 2.2452099e+08
884.6 2.2493741e+08
884.7 2.2510902e+08
884.8 2.251004e+08
884.9 2.2497196e+08
885 2.2477719e+08
885.1 2.2456054e+08
885.2 2.2435613e+08
885.3 2.2418706e+08
885.4 2.2406543e+08
885.5 2.239929e+08
885.6 2.2396166e+08
885.7 2.2395582e+08
885.8 2.23953e+08
885.9 2.2392609e+08
886 2.2384499e+08
886.1 2.2367846e+08
886.2 2.2339575e+08
886.3 2.2296825e+08
886.4 2.2237105e+08
886.5 2.215844e+08
886.6 2.2059517e+08
886.7 2.1939825e+08
886.8 2.1799777e+08
886.9 2.164082e+08
887 2.1465487e+08
887.1 2.1277403e+08
887.2 2.1081195e+08
887.3 2.088232e+08
887.4 2.0686792e+08
887.5 2.0500819e+08
887.6 2.0330399e+08
887.7 2.0180893e+08
887.8 2.0056646e+08
887.9 1.9960697e+08
888 1.9894625e+08
888.1 1.985853e+08
888.2 1.9851164e+08
888.3 1.9870164e+08
888.4 1.9912355e+08
888.5 1.9974073e+08
888.6 2.005146e+08
888.7 2.0140721e+08
888.8 2.0238302e+08
888.9 2.0341014e+08
889 2.0446082e+08
889.1 2.0551162e+08
889.2 2.0654307e+08
889.3 2.075392e+08
889.4 2.0848694e+08
889.5 2.093755e+08
889.6 2.1019573e+08
889.7 2.1093959e+08
889.8 2.1159969e+08
889.9 2.1216887e+08
890 2.1263989e+08
890.1 2.1300519e+08
890.2 2.1325678e+08
890.3 2.1338611e+08
890.4 2.1338414e+08
890.5 2.1324148e+08
890.6 2.1294859e+08
890.7 2.1249618e+08
890.8 2.1187565e+08
890.9 2.1107967e+08
891 2.1010283e+08
891.1 2.0894244e+08
891.2 2.0759937e+08
891.3 2.0607893e+08
891.4 2.0439188e+08
891.5 2.0255524e+08
891.6 2.0059312e+08
891.7 1.9853716e+08
891.8 1.9642661e+08
891.9 1.9430796e+08
892 1.9223407e+08
892.1 1.9026285e+08
892.2 1.8845591e+08
892.3 1.868772e+08
892.4 1.8559221e+08
892.5 1.8466757e+08
892.6 1.8417119e+08
892.7 1.8417227e+08
892.8 1.8474047e+08
892.9 1.8594316e+08
893 1.8783963e+08
893.1 1.9047154e+08
893.2 1.9384959e+08
893.3 1.9793704e+08
893.4 2.0263218e+08
893.5 2.0775206e+08
893.6 2.1302043e+08
893.7 2.1806232e+08
893.8 2.2240726e+08
893.9 2.2550207e+08
894 2.2673375e+08
894.1 2.2546227e+08
894.2 2.2106201e+08
894.3 2.129703e+08
894.4 2.0073986e+08
894.5 1.8409137e+08
894.6 1.6296107e+08
894.7 1.3753813e+08
894.8 1.0828683e+08
894.9 75951505
895 41560528
895.1 7242447.1
895.2 29366174
895.3 62455977
895.4 92562156
895.5 1.184152e+08
895.6 1.3904784e+08
895.7 1.5380426e+08
895.8 1.6237978e+08
895.9 1.6484023e+08
896 1.616179e+08
896.1 1.5348993e+08
896.2 1.4155096e+08
896.3 1.2719748e+08
896.4 1.1214065e+08
896.5 98434837
896.6 88384832
896.7 83983895
896.8 85830956
896.9 92688797
897 1.0245752e+08
897.1 1.1328926e+08
897.2 1.239412e+08
897.3 1.3368131e+08
897.4 1.4211931e+08
897.5 1.4907667e+08
897.6 1.5450121e+08
897.7 1.5841275e+08
897.8 1.6086888e+08
897.9 1.619439e+08
898 1.6171687e+08
898.1 1.6026608e+08
898.2 1.5766837e+08
898.3 1.5400165e+08
898.4 1.4934978e+08
898.5 1.4380835e+08
898.6 1.3749032e+08
898.7 1.3053025e+08
898.8 1.2308608e+08
898.9 1.1533746e+08
899 1.074803e+08
899.1 99717759
899.2 92248343
899.3 85252910
899.4 78882233
899.5 73247278
899.6 68413891
899.7 64403073
899.8 61197128
899.9 58750895
900 57006318
900.1 55907917
900.2 55416610
900.3 55519739
900.4 56235897
900.5 57613967
900.6 59726641
900.7 62659464
900.8 66497053
900.9 71308442
901 77133399
901.1 83971230
901.2 91773182
901.3 1.0043925e+08
901.4 1.0981987e+08
901.5 1.197226e+08
901.6 1.2992313e+08
901.7 1.4017963e+08
901.8 1.502486e+08
901.9 1.5990046e+08
902 1.68933e+08
902.1 1.7718161e+08
902.2 1.8452522e+08
902.3 1.9088822e+08
902.4 1.9623869e+08
902.5 2.0058377e+08
902.6 2.0396333e+08
902.7 2.0644284e+08
902.8 2.0810632e+08
902.9 2.0904998e+08
903 2.0937682e+08
903.1 2.0919234e+08
903.2 2.0860117e+08
903.3 2.0770452e+08
903.4 2.065981e+08
903.5 2.0537024e+08
903.6 2.0410016e+08
903.7 2.0285625e+08
903.8 2.0169447e+08
903.9 2.0065707e+08
904 1.9977184e+08
904.1 1.9905221e+08
904.2 1.9849838e+08
904.3 1.9809951e+08
904.4 1.9783692e+08
904.5 1.9768801e+08
904.6 1.976305e+08
904.7 1.9764642e+08
904.8 1.9772527e+08
904.9 1.9786599e+08
905 1.9807714e+08
905.1 1.9837533e+08
905.2 1.9878198e+08
905.3 1.9931877e+08
905.4 2.0000248e+08
905.5 2.0084004e+08
905.6 2.0182453e+08
905.7 2.0293288e+08
905.8 2.0412573e+08
905.9 2.0534959e+08
906 2.0654113e+08
906.1 2.0763309e+08
906.2 2.0856114e+08
906.3 2.0927089e+08
906.4 2.097241e+08
906.5 2.0990343e+08
906.6 2.0981485e+08
906.7 2.0948759e+08
906.8 2.0897112e+08
906.9 2.0832977e+08
907 2.0763532e+08
907.1 2.0695874e+08
907.2 2.0636211e+08
907.3 2.0589203e+08
907.4 2.0557532e+08
907.5 2.0541756e+08
907.6 2.0540432e+08
907.7 2.055044e+08
907.8 2.0567432e+08
907.9 2.05863e+08
908 2.0601593e+08
908.1 2.060786e+08
908.2 2.0599886e+08
908.3 2.0572869e+08
908.4 2.0522548e+08
908.5 2.044532e+08
908.6 2.0338356e+08
908.7 2.0199711e+08
908.8 2.0028423e+08
908.9 1.9824572e+08
909 1.9589283e+08
909.1 1.9324672e+08
909.2 1.9033713e+08
909.3 1.8720062e+08
909.4 1.8387841e+08
909.5 1.8041417e+08
909.6 1.7685191e+08
909.7 1.7323432e+08
909.8 1.6960155e+08
909.9 1.6599072e+08
910 1.6243604e+08
910.1 1.5896963e+08
910.2 1.5562287e+08
910.3 1.5242826e+08
910.4 1.4942156e+08
910.5 1.4664409e+08
910.6 1.4414496e+08
910.7 1.4198284e+08
910.8 1.4022707e+08
910.9 1.3895746e+08
911 1.3826257e+08
911.1 1.3823582e+08
911.2 1.3896947e+08
911.3 1.4054657e+08
911.4 1.4303165e+08
911.5 1.464615e+08
911.6 1.5083711e+08
911.7 1.5611827e+08
911.8 1.6222112e+08
911.9 1.6901879e+08
912 1.7634439e+08
912.1 1.8399572e+08
912.2 1.9174102e+08
912.3 1.9932553e+08
912.4 2.0647856e+08
912.5 2.1292137e+08
912.6 2.1837579e+08
912.7 2.2257383e+08
912.8 2.2526819e+08
912.9 2.2624354e+08
913 2.2532822e+08
913.1 2.224057e+08
913.2 2.174252e+08
913.3 2.1041037e+08
913.4 2.0146533e+08
913.5 1.9077715e+08
913.6 1.7861434e+08
913.7 1.6532143e+08
913.8 1.5131023e+08
913.9 1.3704866e+08
914 1.2304841e+08
914.1 1.0985098e+08
914.2 98008653
914.3 88050511
914.4 80419002
914.5 75373502
914.6 72898123
914.7 72689520
914.8 74260269
914.9 77094235
915 80760940
915.1 84956157
915.2 89490554
915.3 94257239
915.4 99196881
915.5 1.0426792e+08
915.6 1.0942394e+08
915.7 1.1459841e+08
915.8 1.1969679e+08
915.9 1.245958e+08
916 1.2914983e+08
916.1 1.3320419e+08
916.2 1.3661441e+08
916.3 1.3927027e+08
916.4 1.4112217e+08
916.5 1.4220596e+08
916.6 1.4266063e+08
916.7 1.4273209e+08
916.8 1.4275569e+08
916.9 1.4311316e+08
917 1.4416699e+08
917.1 1.4618695e+08
917.2 1.4929258e+08
917.3 1.5343367e+08
917.4 1.5841487e+08
917.5 1.6395069e+08
917.6 1.6972812e+08
917.7 1.7545756e+08
917.8 1.8090393e+08
917.9 1.8589827e+08
918 1.9033496e+08
918.1 1.9415998e+08
918.2 1.973551e+08
918.3 1.999213e+08
918.4 2.0186336e+08
918.5 2.031769e+08
918.6 2.0383835e+08
918.7 2.037982e+08
918.8 2.0297735e+08
918.9 2.0126684e+08
919 1.9853056e+08
919.1 1.9461107e+08
919.2 1.8933835e+08
919.3 1.825412e+08
919.4 1.7406097e+08
919.5 1.6376703e+08
919.6 1.5157312e+08
919.7 1.3745332e+08
919.8 1.2145626e+08
919.9 1.0371569e+08
920 84455937
920.1 63990776
920.2 42716614
920.3 21115176
920.4 2297511.2
920.5 21591091
920.6 41387073
920.7 59731228
920.8 76268172
920.9 90764190
921 1.0309746e+08
921.1 1.1325402e+08
921.2 1.2131718e+08
921.3 1.2745067e+08
921.4 1.318779e+08
921.5 1.3485964e+08
921.6 1.3667245e+08
921.7 1.3758943e+08
921.8 1.3786439e+08
921.9 1.3772019e+08
922 1.3734116e+08
922.1 1.3686973e+08
922.2 1.3640665e+08
922.3 1.3601433e+08
922.4 1.3572231e+08
922.5 1.3553422e+08
922.6 1.3543518e+08
922.7 1.3539893e+08
922.8 1.3539421e+08
922.9 1.3538993e+08
923 1.3535908e+08
923.1 1.3528128e+08
923.2 1.3514412e+08
923.3 1.3494336e+08
923.4 1.3468224e+08
923.5 1.3437e+08
923.6 1.3401993e+08
923.7 1.3364697e+08
923.8 1.3326544e+08
923.9 1.3288683e+08
924 1.3251812e+08
924.1 1.3216074e+08
924.2 1.3181031e+08
924.3 1.3145725e+08
924.4 1.3108817e+08
924.5 1.3068786e+08
924.6 1.3024173e+08
924.7 1.2973837e+08
924.8 1.2917208e+08
924.9 1.2854501e+08
925 1.2786873e+08
925.1 1.271651e+08
925.2 1.2646625e+08
925.3 1.2581347e+08
925.4 1.252552e+08
925.5 1.248439e+08
925.6 1.246321e+08
925.7 1.2466804e+08
925.8 1.249911e+08
925.9 1.2562799e+08
926 1.2658992e+08
926.1 1.2787148e+08
926.2 1.2945129e+08
926.3 1.3129432e+08
926.4 1.3335553e+08
926.5 1.3558418e+08
926.6 1.3792819e+08
926.7 1.4033805e+08
926.8 1.4276993e+08
926.9 1.4518774e+08
927 1.4756421e+08
927.1 1.4988107e+08
927.2 1.521285e+08
927.3 1.5430406e+08
927.4 1.5641113e+08
927.5 1.5845731e+08
927.6 1.6045252e+08
927.7 1.6240727e+08
927.8 1.6433101e+08
927.9 1.6623079e+08
928 1.6811037e+08
928.1 1.6996967e+08
928.2 1.7180479e+08
928.3 1.7360823e+08
928.4 1.7536931e+08
928.5 1.7707465e+08
928.6 1.7870844e+08
928.7 1.8025267e+08
928.8 1.8168735e+08
928.9 1.8299087e+08
929 1.8414071e+08
929.1 1.8511459e+08
929.2 1.8589218e+08
929.3 1.8645716e+08
929.4 1.8679972e+08
929.5 1.8691924e+08
929.6 1.8682709e+08
929.7 1.8654962e+08
929.8 1.8613093e+08
929.9 1.8563534e+08
930 1.8514889e+08
930.1 1.8477896e+08
930.2 1.8465079e+08
930.3 1.8489959e+08
930.4 1.8565727e+08
930.5 1.8703381e+08
930.6 1.8909496e+08
930.7 1.9183959e+08
930.8 1.9518144e+08
930.9 1.9893935e+08
931 2.0283893e+08
931.1 2.0652563e+08
931.2 2.0958704e+08
931.3 2.1158116e+08
931.4 2.1206682e+08
931.5 2.106331e+08
931.6 2.0692525e+08
931.7 2.0066541e+08
931.8 1.9166714e+08
931.9 1.798435e+08
932 1.652092e+08
932.1 1.4787775e+08
932.2 1.2805507e+08
932.3 1.0603142e+08
932.4 82174687
932.5 56935448
932.6 30939887
932.7 7678336.6
932.8 24552703
932.9 50360434
933 75510187
933.1 99259679
933.2 1.2113723e+08
933.3 1.4076827e+08
933.4 1.5786368e+08
933.5 1.7222442e+08
933.6 1.8374657e+08
933.7 1.9242369e+08
933.8 1.9834554e+08
933.9 2.0169333e+08
934 2.0273169e+08
934.1 2.0179789e+08
934.2 1.9928831e+08
934.3 1.9564192e+08
934.4 1.913202e+08
934.5 1.8678265e+08
934.6 1.8245798e+08
934.7 1.7871249e+08
934.8 1.7582003e+08
934.9 1.7394003e+08
935 1.7311009e+08
935.1 1.7325657e+08
935.2 1.7422064e+08
935.3 1.7579267e+08
935.4 1.7774624e+08
935.5 1.7986517e+08
935.6 1.8196072e+08
935.7 1.8387926e+08
935.8 1.855025e+08
935.9 1.8674302e+08
936 1.8753734e+08
936.1 1.8783851e+08
936.2 1.8760925e+08
936.3 1.8681645e+08
936.4 1.8542728e+08
936.5 1.8340703e+08
936.6 1.8071846e+08
936.7 1.773226e+08
936.8 1.7318065e+08
936.9 1.6825687e+08
937 1.6252222e+08
937.1 1.5595869e+08
937.2 1.4856422e+08
937.3 1.4035857e+08
937.4 1.3139052e+08
937.5 1.2174747e+08
937.6 1.1156939e+08
937.7 1.0107067e+08
937.8 90575120
937.9 80570778
938 71782119
938.1 65214201
938.2 62018823
938.3 63016612
938.4 68156377
938.5 76570571
938.6 87124421
938.7 98809666
938.8 1.1083001e+08
938.9 1.2255552e+08
939 1.3346555e+08
939.1 1.4311273e+08
939.2 1.5110815e+08
939.3 1.5712263e+08
939.4 1.6089886e+08
939.5 1.6227103e+08
939.6 1.6118879e+08
939.7 1.5774331e+08
939.8 1.5219336e+08
939.9 1.4498906e+08
940 1.3678945e+08
940.1 1.2846374e+08
940.2 1.2105237e+08
940.3 1.1564703e+08
940.4 1.1315959e+08
940.5 1.1403918e+08
940.6 1.1811894e+08
940.7 1.2472776e+08
940.8 1.3297434e+08
940.9 1.4200166e+08
941 1.5111715e+08
941.1 1.5982158e+08
941.2 1.6778852e+08
941.3 1.7482904e+08
941.4 1.8085668e+08
941.5 1.8585788e+08
941.6 1.8986832e+08
941.7 1.9295477e+08
941.8 1.9520122e+08
941.9 1.9669846e+08
942 1.975363e+08
942.1 1.9779772e+08
942.2 1.9755455e+08
942.3 1.9686433e+08
942.4 1.9576812e+08
942.5 1.9428933e+08
942.6 1.9243364e+08
942.7 1.9018993e+08
942.8 1.8753265e+08
942.9 1.8442557e+08
943 1.8082685e+08
943.1 1.7669547e+08
943.2 1.7199855e+08
943.3 1.6671906e+08
943.4 1.608633e+08
943.5 1.5446728e+08
943.6 1.4760127e+08
943.7 1.403718e+08
943.8 1.3292044e+08
943.9 1.2541911e+08
944 1.1806172e+08
944.1 1.1105214e+08
944.2 1.0458917e+08
944.3 98849204
944.4 93968681
944.5 90029083
944.6 87048156
944.7 84980040
944.8 83724555
944.9 83142747
945 83074008
945.1 83350747
945.2 83808830
945.3 84294296
945.4 84667958
945.5 84809445
945.6 84621556
945.7 84034909
945.8 83012315
945.9 81551979
946 79688703
946.1 77492518
946.2 75064604
946.3 72530746
946.4 70033007
946.5 67720528
946.6 65740523
946.7 64230498
946.8 63312449
946.9 63089311
947 63643266
947.1 65035024
947.2 67303096
947.3 70462502
947.4 74503083
947.5 79388040
947.6 85053353
947.7 91408445
947.8 98338079
947.9 1.0570531e+08
948 1.1335532e+08
948.1 1.2111999e+08
948.2 1.288233e+08
948.3 1.3628745e+08
948.4 1.4333979e+08
948.5 1.4982024e+08
948.6 1.5558899e+08
948.7 1.6053386e+08
948.8 1.6457678e+08
948.9 1.6767856e+08
949 1.6984133e+08
949.1 1.7110829e+08
949.2 1.7156047e+08
949.3 1.7131079e+08
949.4 1.7049594e+08
949.5 1.6926686e+08
949.6 1.6777864e+08
949.7 1.6618097e+08
949.8 1.6460952e+08
949.9 1.6317914e+08
950 1.6197878e+08
950.1 1.610686e+08
950.2 1.6047879e+08
950.3 1.602103e+08
950.4 1.6023699e+08
950.5 1.6050916e+08
950.6 1.6095804e+08
950.7 1.6150093e+08
950.8 1.6204662e+08
950.9 1.6250079e+08
951 1.6277089e+08
951.1 1.6277055e+08
951.2 1.6242322e+08
951.3 1.6166527e+08
951.4 1.6044876e+08
951.5 1.5874412e+08
951.6 1.5654316e+08
951.7 1.5386253e+08
951.8 1.5074797e+08
951.9 1.4727914e+08
952 1.4357483e+08
952.1 1.3979764e+08
952.2 1.3615699e+08
952.3 1.3290789e+08
952.4 1.3034244e+08
952.5 1.2877059e+08
952.6 1.2848849e+08
952.7 1.2973743e+08
952.8 1.326631e+08
952.9 1.3728805e+08
953 1.4350669e+08
953.1 1.5110226e+08
953.2 1.5977669e+08
953.3 1.6918235e+08
953.4 1.78949e+08
953.5 1.8870404e+08
953.6 1.9808738e+08
953.7 2.0676304e+08
953.8 2.1442919e+08
953.9 2.2082742e+08
954 2.2575144e+08
954.1 2.290549e+08
954.2 2.306577e+08
954.3 2.305503e+08
954.4 2.2879526e+08
954.5 2.2552549e+08
954.6 2.2093868e+08
954.7 2.1528755e+08
954.8 2.088657e+08
954.9 2.0198941e+08
955 1.9497614e+08
955.1 1.8812175e+08
955.2 1.816789e+08
955.3 1.7584036e+08
955.4 1.7073016e+08
955.5 1.664049e+08
955.6 1.6286448e+08
955.7 1.6006969e+08
955.8 1.5796177e+08
955.9 1.5647949e+08
956 1.555704e+08
956.1 1.5519492e+08
956.2 1.5532397e+08
956.3 1.559321e+08
956.4 1.5698874e+08
956.5 1.5845005e+08
956.6 1.6025338e+08
956.7 1.6231551e+08
956.8 1.6453473e+08
956.9 1.6679636e+08
957 1.6898056e+08
957.1 1.7097125e+08
957.2 1.7266521e+08
957.3 1.739804e+08
957.4 1.7486283e+08
957.5 1.7529163e+08
957.6 1.7528164e+08
957.7 1.7488325e+08
957.8 1.7417897e+08
957.9 1.732764e+08
958 1.7229779e+08
958.1 1.7136659e+08
958.2 1.7059245e+08
958.3 1.7005664e+08
958.4 1.6980053e+08
958.5 1.6981924e+08
958.6 1.7006208e+08
958.7 1.7043972e+08
958.8 1.7083718e+08
958.9 1.7113069e+08
959 1.7120664e+08
959.1 1.709813e+08
959.2 1.7042004e+08
959.3 1.6955496e+08
959.4 1.6849826e+08
959.5 1.6744754e+08
959.6 1.6667663e+08
959.7 1.6650581e+08
959.8 1.6724862e+08
959.9 1.6914188e+08
960 1.7227758e+08
960.1 1.7656147e+08
960.2 1.8171649e+08
960.3 1.8733021e+08
960.4 1.9292876e+08
960.5 1.9805423e+08
960.6 2.0232782e+08
960.7 2.0549055e+08
960.8 2.0742061e+08
960.9 2.0813073e+08
961 2.0775045e+08
961.1 2.0649872e+08
961.2 2.0465143e+08
961.3 2.0250787e+08
961.4 2.0035908e+08
961.5 1.9846053e+08
961.6 1.9701079e+08
961.7 1.9613757e+08
961.8 1.95892e+08
961.9 1.9625098e+08
962 1.9712684e+08
962.1 1.9838226e+08
962.2 1.9984857e+08
962.3 2.0134503e+08
962.4 2.0269752e+08
962.5 2.0375519e+08
962.6 2.0440401e+08
962.7 2.0457649e+08
962.8 2.0425661e+08
962.9 2.0347952e+08
963 2.0232575e+08
963.1 2.0091027e+08
963.2 1.9936755e+08
963.3 1.9783453e+08
963.4 1.9643395e+08
963.5 1.952608e+08
963.6 1.9437393e+08
963.7 1.9379392e+08
963.8 1.9350677e+08
963.9 1.9347192e+08
964 1.9363222e+08
964.1 1.9392378e+08
964.2 1.9428385e+08
964.3 1.9465609e+08
964.4 1.9499301e+08
964.5 1.9525608e+08
964.6 1.9541421e+08
964.7 1.9544142e+08
964.8 1.9531449e+08
964.9 1.9501102e+08
965 1.9450825e+08
965.1 1.937829e+08
965.2 1.9281165e+08
965.3 1.915723e+08
965.4 1.9004511e+08
965.5 1.8821414e+08
965.6 1.8606824e+08
965.7 1.8360162e+08
965.8 1.8081388e+08
965.9 1.7770966e+08
966 1.7429802e+08
966.1 1.7059173e+08
966.2 1.6660683e+08
966.3 1.623625e+08
966.4 1.5788153e+08
966.5 1.5319137e+08
966.6 1.4832582e+08
966.7 1.4332701e+08
966.8 1.3824772e+08
966.9 1.3315342e+08
967 1.2812376e+08
967.1 1.2325294e+08
967.2 1.1864851e+08
967.3 1.1442785e+08
967.4 1.1071218e+08
967.5 1.0761772e+08
967.6 1.0524492e+08
967.7 1.0366703e+08
967.8 1.029205e+08
967.9 1.0299967e+08
968 1.0385734e+08
968.1 1.0541107e+08
968.2 1.0755353e+08
968.3 1.1016402e+08
968.4 1.1311902e+08
968.5 1.1630031e+08
968.6 1.1960026e+08
968.7 1.2292463e+08
968.8 1.2619345e+08
968.9 1.2934064e+08
969 1.3231278e+08
969.1 1.3506751e+08
969.2 1.375716e+08
969.3 1.3979909e+08
969.4 1.4172936e+08
969.5 1.4334535e+08
969.6 1.4463198e+08
969.7 1.4557484e+08
969.8 1.4615926e+08
969.9 1.4636992e+08
970 1.4619103e+08
970.1 1.4560733e+08
970.2 1.4460601e+08
970.3 1.4317949e+08
970.4 1.4132934e+08
970.5 1.3907085e+08
970.6 1.3643832e+08
970.7 1.3349007e+08
970.8 1.3031242e+08
970.9 1.2702091e+08
971 1.2375692e+08
971.1 1.206776e+08
971.2 1.1793781e+08
971.3 1.1566527e+08
971.4 1.1393306e+08
971.5 1.1273757e+08
971.6 1.1199015e+08
971.7 1.115275e+08
971.8 1.111389e+08
971.9 1.1060262e+08
972 1.097217e+08
972.1 1.0835145e+08
972.2 1.0641482e+08
972.3 1.0390554e+08
972.4 1.0088141e+08
972.5 97451016
972.6 93757426
972.7 89961479
972.8 86226402
972.9 82704408
973 79525242
973.1 76786526
973.2 74546263
973.3 72818739
973.4 71575621
973.5 70753886
973.6 70271065
973.7 70046954
973.8 70029882
973.9 70225041
974 70721245
974.1 71709867
974.2 73485440
974.3 76415092
974.4 80870920
974.5 87139963
974.6 95347170
974.7 1.0542311e+08
974.8 1.1711918e+08
974.9 1.3004851e+08
975 1.437299e+08
975.1 1.5762456e+08
975.2 1.7116533e+08
975.3 1.8378177e+08
975.4 1.9492346e+08
975.5 2.0408269e+08
975.6 2.1081613e+08
975.7 2.1476471e+08
975.8 2.1567052e+08
975.9 2.1339007e+08
976 2.0790352e+08
976.1 1.9931991e+08
976.2 1.8787948e+08
976.3 1.7395463e+08
976.4 1.5805278e+08
976.5 1.4082647e+08
976.6 1.230996e+08
976.7 1.0592129e+08
976.8 90647012
976.9 78967817
977 72596152
977.1 72320324
977.2 77226751
977.3 85334127
977.4 94775367
977.5 1.0427659e+08
977.6 1.1309455e+08
977.7 1.2084629e+08
977.8 1.2737701e+08
977.9 1.3267435e+08
978 1.3681302e+08
978.1 1.3991792e+08
978.2 1.4213879e+08
978.3 1.4363307e+08
978.4 1.4455473e+08
978.5 1.4504803e+08
978.6 1.4524504e+08
978.7 1.4526593e+08
978.8 1.4522119e+08
978.9 1.4521441e+08
979 1.4534495e+08
979.1 1.4570902e+08
979.2 1.4639878e+08
979.3 1.4749876e+08
979.4 1.4907984e+08
979.5 1.5119178e+08
979.6 1.5385565e+08
979.7 1.5705801e+08
979.8 1.6074856e+08
979.9 1.6484193e+08
980 1.6922382e+08
980.1 1.7376023e+08
980.2 1.7830869e+08
980.3 1.8272962e+08
980.4 1.8689667e+08
980.5 1.9070496e+08
980.6 1.9407672e+08
980.7 1.9696402e+08
980.8 1.9934892e+08
980.9 2.0124109e+08
981 2.026738e+08
981.1 2.0369846e+08
981.2 2.0437864e+08
981.3 2.0478395e+08
981.4 2.0498428e+08
981.5 2.0504488e+08
981.6 2.0502236e+08
981.7 2.0496207e+08
981.8 2.0489675e+08
981.9 2.0484662e+08
982 2.0482047e+08
982.1 2.0481772e+08
982.2 2.0483072e+08
982.3 2.0484684e+08
982.4 2.0484986e+08
982.5 2.048202e+08
982.6 2.0473406e+08
982.7 2.0456142e+08
982.8 2.0426382e+08
982.9 2.0379222e+08
983 2.0308616e+08
983.1 2.0207453e+08
983.2 2.0067836e+08
983.3 1.9881557e+08
983.4 1.9640704e+08
983.5 1.9338319e+08
983.6 1.8969039e+08
983.7 1.8529624e+08
983.8 1.8019338e+08
983.9 1.7440167e+08
984 1.6796862e+08
984.1 1.6096859e+08
984.2 1.5350076e+08
984.3 1.4568637e+08
984.4 1.3766519e+08
984.5 1.2959139e+08
984.6 1.2162851e+08
984.7 1.1394343e+08
984.8 1.0669895e+08
984.9 1.0004489e+08
985 94108044
985.1 88981948
985.2 84718460
985.3 81323505
985.4 78759029
985.5 76951313
985.6 75803520
985.7 75208692
985.8 75059577
985.9 75253316
986 75691164
986.1 76274996
986.2 76903028
986.3 77466928
986.4 77851720
986.5 77938944
986.6 77612718
986.7 76767861
986.8 75319124
986.9 73210809
987 70426541
987.1 66999683
987.2 63025761
987.3 58679058
987.4 54235504
987.5 50099966
987.6 46820977
987.7 45044295
987.8 45343882
987.9 47976047
988 52773016
988.1 59285406
988.2 67000182
988.3 75465753
988.4 84321703
988.5 93287654
988.6 1.021447e+08
988.7 1.1072028e+08
988.8 1.1887779e+08
988.9 1.2650957e+08
989 1.3353208e+08
989.1 1.3988198e+08
989.2 1.455128e+08
989.3 1.5039185e+08
989.4 1.5449747e+08
989.5 1.578167e+08
989.6 1.6034353e+08
989.7 1.6207769e+08
989.8 1.6302366e+08
989.9 1.6318967e+08
990 1.6258611e+08
990.1 1.6122295e+08
990.2 1.5910621e+08
990.3 1.5623358e+08
990.4 1.5259001e+08
990.5 1.4814425e+08
990.6 1.4284752e+08
990.7 1.3663555e+08
990.8 1.2943466e+08
990.9 1.2117261e+08
991 1.117946e+08
991.1 1.0128572e+08
991.2 89704123
991.3 77236870
991.4 64313709
991.5 51874168
991.6 41972307
991.7 38318918
991.8 43653069
991.9 55956991
992 71812594
992.1 89131685
992.2 1.0679021e+08
992.3 1.241033e+08
992.4 1.4059618e+08
992.5 1.5591774e+08
992.6 1.698089e+08
992.7 1.8209165e+08
992.8 1.9266494e+08
992.9 2.0150167e+08
993 2.0864395e+08
993.1 2.1419562e+08
993.2 2.1831176e+08
993.3 2.2118564e+08
993.4 2.2303399e+08
993.5 2.2408168e+08
993.6 2.2454713e+08
993.7 2.2462953e+08
993.8 2.2449901e+08
993.9 2.2429038e+08
994 2.2410077e+08
994.1 2.2399105e+08
994.2 2.2399037e+08
994.3 2.241028e+08
994.4 2.2431508e+08
994.5 2.246042e+08
994.6 2.2494389e+08
994.7 2.2530954e+08
994.8 2.2568122e+08
994.9 2.2604495e+08
995 2.2639263e+08
995.1 2.2672103e+08
995.2 2.2703038e+08
995.3 2.2732282e+08
995.4 2.2760119e+08
995.5 2.2786789e+08
995.6 2.2812431e+08
995.7 2.2837038e+08
995.8 2.2860456e+08
995.9 2.2882399e+08
996 2.2902491e+08
996.1 2.2920318e+08
996.2 2.293549e+08
996.3 2.2947689e+08
996.4 2.2956699e+08
996.5 2.2962394e+08
996.6 2.2964693e+08
996.7 2.2963472e+08
996.8 2.2958464e+08
996.9 2.294916e+08
997 2.2934753e+08
997.1 2.2914147e+08
997.2 2.2886047e+08
997.3 2.2849145e+08
997.4 2.2802371e+08
997.5 2.2745193e+08
997.6 2.267791e+08
997.7 2.2601888e+08
997.8 2.2519699e+08
997.9 2.2435111e+08
998 2.2352921e+08
998.1 2.2278614e+08
998.2 2.2217879e+08
998.3 2.2176022e+08
998.4 2.2157333e+08
998.5 2.2164496e+08
998.6 2.2198093e+08
998.7 2.2256307e+08
998.8 2.2334847e+08
998.9 2.2427144e+08
999 2.2524817e+08
999.1 2.2618395e+08
999.2 2.2698244e+08
999.3 2.2755653e+08
999.4 2.2783969e+08
999.5 2.2779658e+08
999.6 2.2743139e+08
999.7 2.2679187e+08
999.8 2.2596714e+08
999.9 2.2507778e+08
1000 2.2425804e+08

