0.1 0.98844149
0.2 0.97874294
0.3 0.9708348
0.4 0.9646329
0.5 0.96001895
0.6 0.95682205
0.7 0.95480304
0.8 0.95364309
0.9 0.95293754
1 0.95219696
1.1 0.95083798
1.2 0.94822549
1.3 0.94369096
1.4 0.93658251
1.5 0.92632855
1.6 0.91251415
1.7 0.89497227
1.8 0.87388105
1.9 0.84985432
2 0.8240019
2.1 0.7979299
2.2 0.7736425
2.3 0.75332121
2.4 0.73897742
2.5 0.73205304
2.6 0.7331059
2.7 0.74172752
2.8 0.75676353
2.9 0.77675118
3 0.80042097
3.1 0.82711916
3.2 0.85707357
3.3 0.89146762
3.4 0.93230854
3.5 0.98209352
3.6 1.0433134
3.7 1.1179069
3.8 1.2068117
3.9 1.3097316
4 1.4239454
4.1 1.5479118
4.2 1.6783832
4.3 1.8116171
4.4 1.9436145
4.5 2.0703311
4.6 2.1878595
4.7 2.2925922
4.8 2.3813634
4.9 2.4515662
5 2.5012433
5.1 2.5291429
5.2 2.5347375
5.3 2.5182063
5.4 2.480383
5.5 2.4226815
5.6 2.3470102
5.7 2.2556912
5.8 2.1514009
5.9 2.0371449
6 1.9162704
6.1 1.7925093
6.2 1.6700279
6.3 1.5534315
6.4 1.4476453
6.5 1.357564
6.6 1.287395
6.7 1.2397474
6.8 1.2147808
6.9 1.2098799
7 1.2201174
7.1 1.2392957
7.2 1.2610804
7.3 1.2798658
7.4 1.2913121
7.5 1.2926546
7.6 1.2828982
7.7 1.2629366
7.8 1.2355387
7.9 1.2050532
8 1.1766329
8.1 1.1547136
8.2 1.1420723
8.3 1.1377092
8.4 1.1375256
8.5 1.136813
8.6 1.1347492
8.7 1.1404802
8.8 1.1790765
8.9 1.290925
9 1.5163691
9.1 1.8756503
9.2 2.3665544
9.3 2.9754774
9.4 3.6856198
9.5 4.4796487
9.6 5.3401222
9.7 6.249562
9.8 7.1906659
9.9 8.1466643
10 9.1017429
10.1 10.041456
10.2 10.953081
10.3 11.825884
10.4 12.651282
10.5 13.422894
10.6 14.136505
10.7 14.789925
10.8 15.382792
10.9 15.916308
11 16.39295
11.1 16.816157
11.2 17.190022
11.3 17.518992
11.4 17.807602
11.5 18.060235
11.6 18.280928
11.7 18.473214
11.8 18.640018
11.9 18.783584
12 18.905444
12.1 19.006417
12.2 19.086643
12.3 19.145631
12.4 19.182332
12.5 19.195231
12.6 19.182459
12.7 19.141923
12.8 19.07147
12.9 18.969073
13 18.833056
13.1 18.662335
13.2 18.45667
13.3 18.216905
13.4 17.945148
13.5 17.644857
13.6 17.320791
13.7 16.978787
13.8 16.625345
13.9 16.267035
14 15.909766
14.1 15.557967
14.2 15.213795
14.3 14.876444
14.4 14.541659
14.5 14.201535
14.6 13.844643
14.7 13.456523
14.8 13.020553
14.9 12.519238
15 11.93602
15.1 11.257862
15.2 10.479176
15.3 9.6083062
15.4 8.6790526
15.5 7.7714372
15.6 7.0438333
15.7 6.7521428
15.8 7.168507
15.9 8.391727
16 10.288473
16.1 12.700067
16.2 15.491479
16.3 18.565827
16.4 21.849867
16.5 25.282639
16.6 28.809236
16.7 32.377874
16.8 35.938794
16.9 39.444128
17 42.848277
17.1 46.10851
17.2 49.185658
17.3 52.044805
17.4 54.655944
17.5 56.994596
17.6 59.042401
17.7 60.78773
17.8 62.226349
17.9 63.362178
18 64.208163
18.1 64.78725
18.2 65.133379
18.3 65.292354
18.4 65.322317
18.5 65.29346
18.6 65.286492
18.7 65.389396
18.8 65.692148
18.9 66.279498
19 67.222554
19.1 68.570547
19.2 70.344514
19.3 72.534319
19.4 75.099553
19.5 77.973824
19.6 81.071222
19.7 84.293642
19.8 87.537961
19.9 90.702548
20 93.69294
20.1 96.426694
20.2 98.837449
20.3 100.87814
20.4 102.5232
20.5 103.76955
20.6 104.6361
20.7 105.16155
20.8 105.40046
20.9 105.41772
21 105.28164
21.1 105.05643
21.2 104.7949
21.3 104.53214
21.4 104.28131
21.5 104.03185
21.6 103.7506
21.7 103.38527
21.8 102.8699
21.9 102.13149
22 101.09705
22.1 99.700717
22.2 97.89054
22.3 95.635123
22.4 92.930287
22.5 89.806209
22.6 86.335495
22.7 82.642484
22.8 78.913381
22.9 75.405012
23 72.446493
23.1 70.423198
23.2 69.730757
23.3 70.698159
23.4 73.506736
23.5 78.151243
23.6 84.466539
23.7 92.195929
23.8 101.05873
23.9 110.79355
24 121.17714
24.1 132.02801
24.2 143.20298
24.3 154.59133
24.4 166.10882
24.5 177.69209
24.6 189.29372
24.7 200.87781
24.8 212.41578
24.9 223.88241
25 235.25192
25.1 246.49407
25.2 257.57045
25.3 268.43103
25.4 279.01135
25.5 289.23074
25.6 298.99184
25.7 308.18208
25.8 316.67733
25.9 324.34825
26 331.06914
26.1 336.7295
26.2 341.2472
26.3 344.5824
26.4 346.75009
26.5 347.82873
26.6 347.96214
26.7 347.35202
26.8 346.23966
26.9 344.87776
27 343.49627
27.1 342.26931
27.2 341.29132
27.3 340.56958
27.4 340.03587
27.5 339.57473
27.6 339.06094
27.7 338.39717
27.8 337.54317
27.9 336.53086
28 335.46283
28.1 334.49466
28.2 333.80392
28.3 333.55124
28.4 333.84028
28.5 334.68446
28.6 335.98779
28.7 337.54374
28.8 339.05265
28.9 340.15367
29 340.46498
29.1 339.62569
29.2 337.33412
29.3 333.37916
29.4 327.66329
29.5 320.21739
29.6 311.20756
29.7 300.93468
29.8 289.82601
29.9 278.41723
30 267.32154
30.1 257.18185
30.2 248.60403
30.3 242.07581
30.4 237.88725
30.5 236.07757
30.6 236.431
30.7 238.52642
30.8 241.82282
30.9 245.75204
31 249.79513
31.1 253.53252
31.2 256.66908
31.3 259.04075
31.4 260.60972
31.5 261.45394
31.6 261.75443
31.7 261.78256
31.8 261.88748
31.9 262.48296
32 264.05328
32.1 267.10055
32.2 272.12944
32.3 279.6098
32.4 289.94064
32.5 303.41996
32.6 320.22698
32.7 340.41991
32.8 363.94701
32.9 390.66573
33 420.36354
33.1 452.77631
33.2 487.60209
33.3 524.51027
33.4 563.14681
33.5 603.13691
33.6 644.08615
33.7 685.58103
33.8 727.18964
33.9 768.46303
34 808.93774
34.1 848.13975
34.2 885.59023
34.3 920.81312
34.4 953.34464
34.5 982.74426
34.6 1008.6071
34.7 1030.5765
34.8 1048.3571
34.9 1061.726
35 1070.5428
35.1 1074.7565
35.2 1074.4106
35.3 1069.6445
35.4 1060.6935
35.5 1047.8872
35.6 1031.6484
35.7 1012.4937
35.8 991.0374
35.9 967.99988
36 944.22191
36.1 920.68303
36.2 898.52122
36.3 879.0467
36.4 863.73776
36.5 854.20266
36.6 852.09137
36.7 858.95077
36.8 876.03753
36.9 904.12794
37 943.37545
37.1 993.25166
37.2 1052.572
37.3 1119.5774
37.4 1192.0343
37.5 1267.3296
37.6 1342.55
37.7 1414.5523
37.8 1480.031
37.9 1535.5919
38 1577.835
38.1 1603.449
38.2 1609.3133
38.3 1592.6066
38.4 1550.9171
38.5 1482.3512
38.6 1385.645
38.7 1260.2879
38.8 1106.7024
38.9 926.61287
39 724.10178
39.1 509.71426
39.2 322.29668
39.3 305.91684
39.4 511.42673
39.5 795.90749
39.6 1107.2318
39.7 1430.0801
39.8 1756.6107
39.9 2081.0754
40 2398.5789
40.1 2704.7444
40.2 2995.6341
40.3 3267.7514
40.4 3518.072
40.5 3744.0827
40.6 3943.8187
40.7 4115.8964
40.8 4259.5392
40.9 4374.5934
41 4461.5328
41.1 4521.4499
41.2 4556.0309
41.3 4567.5131
41.4 4558.6234
41.5 4532.4978
41.6 4492.5857
41.7 4442.5464
41.8 4386.148
41.9 4327.1855
42 4269.4376
42.1 4216.6815
42.2 4172.7799
42.3 4141.8414
42.4 4128.4351
42.5 4137.8133
42.6 4176.0679
42.7 4250.1316
42.8 4367.5464
42.9 4535.9755
43 4762.5269
43.1 5053.043
43.2 5411.5426
43.3 5839.9438
43.4 6338.0863
43.5 6903.9789
43.6 7534.1565
43.7 8224.0555
43.8 8968.3509
43.9 9761.2419
44 10596.686
44.1 11468.597
44.2 12371.014
44.3 13298.25
44.4 14245.028
44.5 15206.597
44.6 16178.835
44.7 17158.33
44.8 18142.439
44.9 19129.327
45 20117.969
45.1 21108.135
45.2 22100.33
45.3 23095.721
45.4 24096.033
45.5 25103.424
45.6 26120.36
45.7 27149.488
45.8 28193.515
45.9 29255.124
46 30336.912
46.1 31441.362
46.2 32570.861
46.3 33727.744
46.4 34914.36
46.5 36133.147
46.6 37386.695
46.7 38677.782
46.8 40009.354
46.9 41384.439
47 42805.974
47.1 44276.546
47.2 45798.039
47.3 47371.207
47.4 48995.192
47.5 50667.019
47.6 52381.109
47.7 54128.864
47.8 55898.358
47.9 57674.2
48 59437.595
48.1 61166.632
48.2 62836.836
48.3 64421.969
48.4 65895.08
48.5 67229.772
48.6 68401.638
48.7 69389.803
48.8 70178.464
48.9 70758.332
49 71127.833
49.1 71293.918
49.2 71272.366
49.3 71087.434
49.4 70770.809
49.5 70359.84
49.6 69895.147
49.7 69417.794
49.8 68966.299
49.9 68573.828
50 68265.926
50.1 68059.046
50.2 67960.053
50.3 67966.646
50.4 68068.543
50.5 68249.145
50.6 68487.383
50.7 68759.524
50.8 69040.842
50.9 69307.143
51 69536.29
51.1 69709.902
51.2 69815.423
51.3 69848.75
51.4 69817.535
51.5 69745.201
51.6 69675.544
51.7 69677.538
51.8 69849.517
51.9 70321.237
52 71251.633
52.1 72819.758
52.2 75207.342
52.3 78574.098
52.4 83030.62
52.5 88615.959
52.6 95285.613
52.7 102911.4
52.8 111290.78
52.9 120161.82
53 129221.31
53.1 138144.46
53.2 146605.86
53.3 154301.03
53.4 160967.45
53.5 166403.59
53.6 170484.19
53.7 173170.23
53.8 174512.35
53.9 174647.28
54 173787.44
54.1 172205.06
54.2 170213.47
54.3 168149.5
54.4 166361.92
54.5 165210.94
54.6 165081.14
54.7 166405.18
54.8 169688.48
54.9 175518.51
55 184542.68
55.1 197409.92
55.2 214690.94
55.3 236807.01
55.4 263991.97
55.5 296292.16
55.6 333590.7
55.7 375638.71
55.8 422082.51
55.9 472483.06
56 526328.84
56.1 583044.63
56.2 641998.23
56.3 702507.18
56.4 763846.26
56.5 825256.65
56.6 885957.23
56.7 945158.08
56.8 1002076.4
56.9 1055954.7
57 1106080.8
57.1 1151809.1
57.2 1192583.1
57.3 1227957
57.4 1257616.6
57.5 1281398
57.6 1299303.2
57.7 1311512
57.8 1318390.6
57.9 1320496.1
58 1318578.6
58.1 1313580.8
58.2 1306637.6
58.3 1299076
58.4 1292415.8
58.5 1288371.5
58.6 1288851.1
58.7 1295949.3
58.8 1311927.4
58.9 1339173.3
59 1380137.1
59.1 1437241.4
59.2 1512772.7
59.3 1608766.7
59.4 1726897.7
59.5 1868383.6
59.6 2033907
59.7 2223554.3
59.8 2436770.2
59.9 2672329
60 2928327.1
60.1 3202199.5
60.2 3490764.4
60.3 3790298.1
60.4 4096638.1
60.5 4405313.5
60.6 4711697
60.7 5011174.6
60.8 5299326.2
60.9 5572109.9
61 5826042.3
61.1 6058365
61.2 6267187.4
61.3 6451593.8
61.4 6611704
61.5 6748676.4
61.6 6864645.3
61.7 6962589.7
61.8 7046133.7
61.9 7119291.8
62 7186175.6
62.1 7250689.9
62.2 7316251.9
62.3 7385562.9
62.4 7460461.1
62.5 7541868.6
62.6 7629831.8
62.7 7723641
62.8 7822003.6
62.9 7923241.9
63 8025488.9
63.1 8126859.9
63.2 8225587.2
63.3 8320112.1
63.4 8409134.6
63.5 8491626.8
63.6 8566816.3
63.7 8633523.3
63.8 8692158.8
63.9 8742468.8
64 8784269.7
64.1 8817409.9
64.2 8841740
64.3 8857095.8
64.4 8863290.8
64.5 8860120.3
64.6 8847373.5
64.7 8824853.6
64.8 8792403.6
64.9 8749938.1
65 8697479.3
65.1 8635198.6
65.2 8563463.4
65.3 8482888
65.4 8394389.6
65.5 8299243.6
65.6 8199137.2
65.7 8096211.7
65.8 7993085.4
65.9 7892844.2
66 7798987.1
66.1 7715313
66.2 7645739.6
66.3 7594053.3
66.4 7563601.9
66.5 7556955.7
66.6 7575580.6
66.7 7619568.5
66.8 7687472.9
66.9 7776278.6
67 7881514.1
67.1 7997494.9
67.2 8117673
67.3 8235070.7
67.4 8342783.1
67.5 8434552.6
67.6 8505438
67.7 8552612
67.8 8576333.8
67.9 8581131.4
68 8577183.8
68.1 8581772.9
68.2 8620441.1
68.3 8727143.2
68.4 8942398.2
68.5 9308680.2
68.6 9863508
68.7 10632462
68.8 11625005
68.9 12834407
69 14240684
69.1 15814419
69.2 17519974
69.3 19317652
69.4 21165025
69.5 23017774
69.6 24830341
69.7 26556581
69.8 28150543
69.9 29567461
70 30765039
70.1 31705151
70.2 32356061
70.3 32695340
70.4 32713703
70.5 32420011
70.6 31847728
70.7 31062940
70.8 30173360
70.9 29335884
71 28756511
71.1 28672024
71.2 29304941
71.3 30801581
71.4 33187850
71.5 36372112
71.6 40185595
71.7 44427714
71.8 48896141
71.9 53400859
72 57768841
72.1 61844976
72.2 65492204
72.3 68591957
72.4 71045062
72.5 72772837
72.6 73717936
72.7 73844519
72.8 73137459
72.9 71600467
73 69253297
73.1 66128399
73.2 62267642
73.3 57720033
73.4 52541878
73.5 46801965
73.6 40597400
73.7 34094435
73.8 27634655
73.9 22012053
74 18977993
74.1 20691757
74.2 26978520
74.3 36043923
74.4 46699369
74.5 58378939
74.6 70783359
74.7 83715242
74.8 97016282
74.9 1.1054353e+08
75 1.2416108e+08
75.1 1.377382e+08
75.2 1.5115037e+08
75.3 1.6428129e+08
75.4 1.7702494e+08
75.5 1.8928719e+08
75.6 2.0098642e+08
75.7 2.1205311e+08
75.8 2.2242831e+08
75.9 2.3206117e+08
76 2.4090579e+08
76.1 2.4891769e+08
76.2 2.5605051e+08
76.3 2.6225333e+08
76.4 2.6746901e+08
76.5 2.7163412e+08
76.6 2.7468046e+08
76.7 2.7653855e+08
76.8 2.7714309e+08
76.9 2.7644025e+08
77 2.7439702e+08
77.1 2.7101227e+08
77.2 2.6632992e+08
77.3 2.6045393e+08
77.4 2.5356524e+08
77.5 2.4594008e+08
77.6 2.3796779e+08
77.7 2.3016412e+08
77.8 2.2317184e+08
77.9 2.1773567e+08
78 2.1463706e+08
78.1 2.1458348e+08
78.2 2.180722e+08
78.3 2.2527822e+08
78.4 2.360185e+08
78.5 2.4980547e+08
78.6 2.6595528e+08
78.7 2.8370031e+08
78.8 3.0227484e+08
78.9 3.2096788e+08
79 3.391511e+08
79.1 3.5629187e+08
79.2 3.7195899e+08
79.3 3.8582503e+08
79.4 3.9766697e+08
79.5 4.0736552e+08
79.6 4.1490231e+08
79.7 4.2035449e+08
79.8 4.2388576e+08
79.9 4.2573345e+08
80 4.2619153e+08
80.1 4.2559011e+08
80.2 4.2427264e+08
80.3 4.2257248e+08
80.4 4.2079099e+08
80.5 4.1917921e+08
80.6 4.1792469e+08
80.7 4.1714417e+08
80.8 4.1688208e+08
80.9 4.1711358e+08
81 4.1775095e+08
81.1 4.1865178e+08
81.2 4.196281e+08
81.3 4.2045609e+08
81.4 4.2088637e+08
81.5 4.20655e+08
81.6 4.1949522e+08
81.7 4.171497e+08
81.8 4.1338272e+08
81.9 4.079917e+08
82 4.0081746e+08
82.1 3.9175298e+08
82.2 3.8075027e+08
82.3 3.6782566e+08
82.4 3.5306338e+08
82.5 3.3661767e+08
82.6 3.1871333e+08
82.7 2.996448e+08
82.8 2.7977335e+08
82.9 2.5952244e+08
83 2.3937023e+08
83.1 2.1983825e+08
83.2 2.0147325e+08
83.3 1.8481811e+08
83.4 1.7036623e+08
83.5 1.5849714e+08
83.6 1.4940165e+08
83.7 1.4302199e+08
83.8 1.390415e+08
83.9 1.3694154e+08
84 1.3610636e+08
84.1 1.3593404e+08
84.2 1.3592038e+08
84.3 1.3570832e+08
84.4 1.3511273e+08
84.5 1.3413435e+08
84.6 1.3297103e+08
84.7 1.3202517e+08
84.8 1.3189424e+08
84.9 1.3332047e+08
85 1.3707723e+08
85.1 1.4380015e+08
85.2 1.5382385e+08
85.3 1.6710465e+08
85.4 1.8325791e+08
85.5 2.0166561e+08
85.6 2.2159122e+08
85.7 2.4226799e+08
85.8 2.6295811e+08
85.9 2.8299215e+08
86 3.0179683e+08
86.1 3.1891518e+08
86.2 3.3401963e+08
86.3 3.4691749e+08
86.4 3.5754779e+08
86.5 3.6596966e+08
86.6 3.7234297e+08
86.7 3.7690324e+08
86.8 3.7993345e+08
86.9 3.8173583e+08
87 3.8260642e+08
87.1 3.8281481e+08
87.2 3.8259054e+08
87.3 3.8211645e+08
87.4 3.8152821e+08
87.5 3.8091864e+08
87.6 3.8034477e+08
87.7 3.7983578e+08
87.8 3.7940035e+08
87.9 3.7903219e+08
88 3.7871324e+08
88.1 3.7841445e+08
88.2 3.7809414e+08
88.3 3.7769459e+08
88.4 3.7713736e+08
88.5 3.7631844e+08
88.6 3.7510456e+08
88.7 3.7333215e+08
88.8 3.7081039e+08
88.9 3.6732977e+08
89 3.6267653e+08
89.1 3.5665251e+08
89.2 3.4909897e+08
89.3 3.3992181e+08
89.4 3.2911493e+08
89.5 3.1677867e+08
89.6 3.0313014e+08
89.7 2.8850335e+08
89.8 2.7333757e+08
89.9 2.5815302e+08
90 2.4351366e+08
90.1 2.2997756e+08
90.2 2.1803761e+08
90.3 2.0805963e+08
90.4 2.0023086e+08
90.5 1.9453522e+08
90.6 1.9076681e+08
90.7 1.8858004e+08
90.8 1.8756027e+08
90.9 1.8729365e+08
91 1.8742033e+08
91.1 1.8766579e+08
91.2 1.8785295e+08
91.3 1.8790041e+08
91.4 1.8781204e+08
91.5 1.8766088e+08
91.6 1.8756908e+08
91.7 1.876846e+08
91.8 1.881556e+08
91.9 1.8910455e+08
92 1.9060468e+08
92.1 1.9266231e+08
92.2 1.9520754e+08
92.3 1.980944e+08
92.4 2.0110936e+08
92.5 2.0398573e+08
92.6 2.0642065e+08
92.7 2.0809245e+08
92.8 2.0867637e+08
92.9 2.0785849e+08
93 2.053478e+08
93.1 2.0088715e+08
93.2 1.9426403e+08
93.3 1.8532251e+08
93.4 1.7397834e+08
93.5 1.6024102e+08
93.6 1.442514e+08
93.7 1.2635462e+08
93.8 1.0725935e+08
93.9 88411841
94 72822319
94.1 65930298
94.2 72669816
94.3 91418295
94.4 1.1712644e+08
94.5 1.4620723e+08
94.6 1.7663647e+08
94.7 2.0716622e+08
94.8 2.3691573e+08
94.9 2.6520733e+08
95 2.9150582e+08
95.1 3.1539943e+08
95.2 3.3659657e+08
95.3 3.5492671e+08
95.4 3.7033991e+08
95.5 3.8290191e+08
95.6 3.9278344e+08
95.7 4.0024354e+08
95.8 4.0560749e+08
95.9 4.0924084e+08
96 4.1152152e+08
96.1 4.1281276e+08
96.2 4.1343926e+08
96.3 4.1366931e+08
96.4 4.1370434e+08
96.5 4.1367658e+08
96.6 4.1365418e+08
96.7 4.1365182e+08
96.8 4.1364439e+08
96.9 4.1358099e+08
97 4.1339688e+08
97.1 4.1302213e+08
97.2 4.1238621e+08
97.3 4.1141898e+08
97.4 4.1004905e+08
97.5 4.0820096e+08
97.6 4.0579267e+08
97.7 4.0273453e+08
97.8 3.9893065e+08
97.9 3.942828e+08
98 3.8869642e+08
98.1 3.820879e+08
98.2 3.74392e+08
98.3 3.6556833e+08
98.4 3.5560595e+08
98.5 3.445258e+08
98.6 3.3238073e+08
98.7 3.192537e+08
98.8 3.0525458e+08
98.9 2.905166e+08
99 2.7519291e+08
99.1 2.594542e+08
99.2 2.4348767e+08
99.3 2.2749765e+08
99.4 2.1170773e+08
99.5 1.9636376e+08
99.6 1.8173653e+08
99.7 1.6812152e+08
99.8 1.5583227e+08
99.9 1.4518205e+08
100 1.3644968e+08
100.1 1.2983014e+08
100.2 1.2538156e+08
100.3 1.2299101e+08
100.4 1.2238075e+08
100.5 1.2315733e+08
100.6 1.2488357e+08
100.7 1.2714567e+08
100.8 1.2959839e+08
100.9 1.3198523e+08
101 1.3413928e+08
101.1 1.3597155e+08
101.2 1.3745276e+08
101.3 1.3859234e+08
101.4 1.3941776e+08
101.5 1.3995646e+08
101.6 1.4022219e+08
101.7 1.4020725e+08
101.8 1.3988094e+08
101.9 1.3919392e+08
102 1.3808723e+08
102.1 1.3650414e+08
102.2 1.3440297e+08
102.3 1.3176929e+08
102.4 1.2862612e+08
102.5 1.2504134e+08
102.6 1.2113183e+08
102.7 1.1706401e+08
102.8 1.1305012e+08
102.9 1.0933935e+08
103 1.0620257e+08
103.1 1.0390976e+08
103.2 1.0270122e+08
103.3 1.0275749e+08
103.4 1.0417648e+08
103.5 1.0696608e+08
103.6 1.1105482e+08
103.7 1.1631527e+08
103.8 1.2259035e+08
103.9 1.2971451e+08
104 1.3752629e+08
104.1 1.4587264e+08
104.2 1.5460792e+08
104.3 1.6359012e+08
104.4 1.7267693e+08
104.5 1.8172315e+08
104.6 1.9058048e+08
104.7 1.990999e+08
104.8 2.0713675e+08
104.9 2.145576e+08
105 2.2124816e+08
105.1 2.27121e+08
105.2 2.3212196e+08
105.3 2.3623418e+08
105.4 2.3947933e+08
105.5 2.4191557e+08
105.6 2.4363259e+08
105.7 2.4474414e+08
105.8 2.4537878e+08
105.9 2.4566941e+08
106 2.4574252e+08
106.1 2.4570756e+08
106.2 2.4564741e+08
106.3 2.4561045e+08
106.4 2.4560512e+08
106.5 2.4559764e+08
106.6 2.4551321e+08
106.7 2.4524087e+08
106.8 2.4464166e+08
106.9 2.4355955e+08
107 2.418343e+08
107.1 2.3931586e+08
107.2 2.3587985e+08
107.3 2.3144422e+08
107.4 2.2598743e+08
107.5 2.1956861e+08
107.6 2.1234985e+08
107.7 2.0461958e+08
107.8 1.9681338e+08
107.9 1.895232e+08
108 1.8347842e+08
108.1 1.7947612e+08
108.2 1.782458e+08
108.3 1.8026899e+08
108.4 1.8562488e+08
108.5 1.9394449e+08
108.6 2.0449485e+08
108.7 2.1633668e+08
108.8 2.2848053e+08
108.9 2.4000165e+08
109 2.5011191e+08
109.1 2.5820155e+08
109.2 2.638628e+08
109.3 2.6690173e+08
109.4 2.6734082e+08
109.5 2.6541225e+08
109.6 2.6154102e+08
109.7 2.5631619e+08
109.8 2.5044791e+08
109.9 2.447074e+08
110 2.3984938e+08
110.1 2.3652206e+08
110.2 2.3518011e+08
110.3 2.3602455e+08
110.4 2.38991e+08
110.5 2.4379071e+08
110.6 2.4998793e+08
110.7 2.5708548e+08
110.8 2.6459612e+08
110.9 2.7208915e+08
111 2.7921345e+08
111.1 2.8570264e+08
111.2 2.9136933e+08
111.3 2.9609367e+08
111.4 2.9980987e+08
111.5 3.0249291e+08
111.6 3.0414666e+08
111.7 3.0479407e+08
111.8 3.0446957e+08
111.9 3.0321378e+08
112 3.0107024e+08
112.1 2.9808398e+08
112.2 2.943016e+08
112.3 2.8977244e+08
112.4 2.8455069e+08
112.5 2.7869789e+08
112.6 2.7228565e+08
112.7 2.6539818e+08
112.8 2.581344e+08
112.9 2.5060913e+08
113 2.4295325e+08
113.1 2.3531227e+08
113.2 2.2784305e+08
113.3 2.2070845e+08
113.4 2.1406966e+08
113.5 2.0807655e+08
113.6 2.0285666e+08
113.7 1.9850416e+08
113.8 1.9507052e+08
113.9 1.9255895e+08
114 1.9092398e+08
114.1 1.9007676e+08
114.2 1.8989529e+08
114.3 1.9023777e+08
114.4 1.9095686e+08
114.5 1.9191283e+08
114.6 1.9298427e+08
114.7 1.9407566e+08
114.8 1.9512173e+08
114.9 1.9608898e+08
115 1.9697478e+08
115.1 1.978046e+08
115.2 1.9862787e+08
115.3 1.9951286e+08
115.4 2.00541e+08
115.5 2.0180072e+08
115.6 2.033812e+08
115.7 2.0536598e+08
115.8 2.0782688e+08
115.9 2.1081814e+08
116 2.143714e+08
116.1 2.184917e+08
116.2 2.2315488e+08
116.3 2.2830659e+08
116.4 2.338631e+08
116.5 2.3971378e+08
116.6 2.4572512e+08
116.7 2.5174606e+08
116.8 2.5761433e+08
116.9 2.6316352e+08
117 2.6823074e+08
117.1 2.7266457e+08
117.2 2.7633301e+08
117.3 2.791313e+08
117.4 2.8098909e+08
117.5 2.8187662e+08
117.6 2.8180952e+08
117.7 2.8085157e+08
117.8 2.7911523e+08
117.9 2.7675947e+08
118 2.7398492e+08
118.1 2.7102636e+08
118.2 2.6814317e+08
118.3 2.6560813e+08
118.4 2.636957e+08
118.5 2.6267043e+08
118.6 2.6277628e+08
118.7 2.6422714e+08
118.8 2.671983e+08
118.9 2.7181834e+08
119 2.7816094e+08
119.1 2.8623603e+08
119.2 2.9598103e+08
119.3 3.0725317e+08
119.4 3.1982466e+08
119.5 3.3338252e+08
119.6 3.4753462e+08
119.7 3.6182271e+08
119.8 3.757427e+08
119.9 3.8877153e+08
120 4.0039935e+08
120.1 4.1016508e+08
120.2 4.1769267e+08
120.3 4.2272474e+08
120.4 4.251502e+08
120.5 4.2502192e+08
120.6 4.2256138e+08
120.7 4.1814757e+08
120.8 4.1228935e+08
120.9 4.0558191e+08
121 3.9865111e+08
121.1 3.9209168e+08
121.2 3.8640836e+08
121.3 3.8196967e+08
121.4 3.7898299e+08
121.5 3.7749477e+08
121.6 3.7741348e+08
121.7 3.7854766e+08
121.8 3.806485e+08
121.9 3.8344808e+08
122 3.8668783e+08
122.1 3.9013571e+08
122.2 3.9359333e+08
122.3 3.9689613e+08
122.4 3.9990912e+08
122.5 4.0252113e+08
122.6 4.0463899e+08
122.7 4.0618299e+08
122.8 4.0708391e+08
122.9 4.0728179e+08
123 4.0672625e+08
123.1 4.0537768e+08
123.2 4.0320899e+08
123.3 4.0020737e+08
123.4 3.9637545e+08
123.5 3.9173173e+08
123.6 3.863101e+08
123.7 3.8015847e+08
123.8 3.7333691e+08
123.9 3.6591552e+08
124 3.5797278e+08
124.1 3.4959459e+08
124.2 3.4087482e+08
124.3 3.3191748e+08
124.4 3.2284079e+08
124.5 3.1378315e+08
124.6 3.0491048e+08
124.7 2.9642411e+08
124.8 2.8856767e+08
124.9 2.8163031e+08
125 2.7594324e+08
125.1 2.7186551e+08
125.2 2.6975624e+08
125.3 2.6993349e+08
125.4 2.726249e+08
125.5 2.7792075e+08
125.6 2.8574196e+08
125.7 2.9583187e+08
125.8 3.0777258e+08
125.9 3.2101995e+08
126 3.349484e+08
126.1 3.4889849e+08
126.2 3.6222346e+08
126.3 3.7433297e+08
126.4 3.8473315e+08
126.5 3.9306095e+08
126.6 3.9911037e+08
126.7 4.0284716e+08
126.8 4.044094e+08
126.9 4.0409285e+08
127 4.023216e+08
127.1 3.9960742e+08
127.2 3.9650237e+08
127.3 3.9355021e+08
127.4 3.9124178e+08
127.5 3.8997788e+08
127.6 3.9004126e+08
127.7 3.915775e+08
127.8 3.9458366e+08
127.9 3.9890347e+08
128 4.042292e+08
128.1 4.1011134e+08
128.2 4.1597805e+08
128.3 4.2116613e+08
128.4 4.2496426e+08
128.5 4.2666748e+08
128.6 4.2564037e+08
128.7 4.2138462e+08
128.8 4.136057e+08
128.9 4.0227291e+08
129 3.8766624e+08
129.1 3.7040362e+08
129.2 3.5144e+08
129.3 3.3202646e+08
129.4 3.1361186e+08
129.5 2.9766821e+08
129.6 2.8543821e+08
129.7 2.7765441e+08
129.8 2.7434394e+08
129.9 2.7483579e+08
130 2.7798087e+08
130.1 2.8246804e+08
130.2 2.8709514e+08
130.3 2.9092742e+08
130.4 2.9335154e+08
130.5 2.9406267e+08
130.6 2.9301949e+08
130.7 2.903886e+08
130.8 2.8648956e+08
130.9 2.8174568e+08
131 2.7664184e+08
131.1 2.7168951e+08
131.2 2.6739778e+08
131.3 2.642492e+08
131.4 2.6267887e+08
131.5 2.6305575e+08
131.6 2.6566555e+08
131.7 2.7069529e+08
131.8 2.7821984e+08
131.9 2.8819119e+08
132 3.0043049e+08
132.1 3.1462324e+08
132.2 3.3031801e+08
132.3 3.4692933e+08
132.4 3.637464e+08
132.5 3.7994903e+08
132.6 3.9463235e+08
132.7 4.0684101e+08
132.8 4.1561285e+08
132.9 4.2003033e+08
133 4.1927734e+08
133.1 4.1269736e+08
133.2 3.9984839e+08
133.3 3.8054982e+08
133.4 3.5491666e+08
133.5 3.2337817e+08
133.6 2.8668097e+08
133.7 2.4588273e+08
133.8 2.0235612e+08
133.9 1.5786371e+08
134 1.1491152e+08
134.1 78189516
134.2 58789495
134.3 67937568
134.4 93177642
134.5 1.2087158e+08
134.6 1.4617308e+08
134.7 1.6749194e+08
134.8 1.8434967e+08
134.9 1.9677247e+08
135 2.0507236e+08
135.1 2.0973871e+08
135.2 2.1136825e+08
135.3 2.1061211e+08
135.4 2.0813305e+08
135.5 2.0456979e+08
135.6 2.0050756e+08
135.7 1.964546e+08
135.8 1.9282501e+08
135.9 1.8992926e+08
136 1.879735e+08
136.1 1.8706789e+08
136.2 1.8724295e+08
136.3 1.8847075e+08
136.4 1.9068734e+08
136.5 1.9381293e+08
136.6 1.9776751e+08
136.7 2.024812e+08
136.8 2.0789978e+08
136.9 2.1398644e+08
137 2.2072085e+08
137.1 2.2809663e+08
137.2 2.3611774e+08
137.3 2.4479438e+08
137.4 2.5413841e+08
137.5 2.6415853e+08
137.6 2.7485502e+08
137.7 2.8621416e+08
137.8 2.9820217e+08
137.9 3.1075888e+08
138 3.23791e+08
138.1 3.3716543e+08
138.2 3.5070287e+08
138.3 3.6417229e+08
138.4 3.7728712e+08
138.5 3.8970418e+08
138.6 4.0102653e+08
138.7 4.1081149e+08
138.8 4.1858511e+08
138.9 4.2386369e+08
139 4.2618256e+08
139.1 4.2513111e+08
139.2 4.2039231e+08
139.3 4.1178341e+08
139.4 3.992941e+08
139.5 3.8311783e+08
139.6 3.6367231e+08
139.7 3.416059e+08
139.8 3.1778744e+08
139.9 2.9327704e+08
140 2.6927353e+08
140.1 2.4703006e+08
140.2 2.2772605e+08
140.3 2.1229171e+08
140.4 2.0121523e+08
140.5 1.9441504e+08
140.6 1.9127012e+08
140.7 1.9081885e+08
140.8 1.9202488e+08
140.9 1.9398763e+08
141 1.9604532e+08
141.1 1.9778809e+08
141.2 1.9902145e+08
141.3 1.9971169e+08
141.4 1.9993058e+08
141.5 1.9980685e+08
141.6 1.994867e+08
141.7 1.9910425e+08
141.8 1.9876181e+08
141.9 1.9852014e+08
142 1.9839776e+08
142.1 1.9837811e+08
142.2 1.9842216e+08
142.3 1.9848389e+08
142.4 1.9852595e+08
142.5 1.9853348e+08
142.6 1.9852478e+08
142.7 1.9855836e+08
142.8 1.9873596e+08
142.9 1.9920106e+08
143 2.0013191e+08
143.1 2.0172769e+08
143.2 2.0418728e+08
143.3 2.0768186e+08
143.4 2.1232543e+08
143.5 2.1814968e+08
143.6 2.2508988e+08
143.7 2.329858e+08
143.8 2.4159745e+08
143.9 2.5063144e+08
144 2.5977192e+08
144.1 2.6871006e+08
144.2 2.7716823e+08
144.3 2.8491636e+08
144.4 2.9178009e+08
144.5 2.9764153e+08
144.6 3.0243408e+08
144.7 3.0613374e+08
144.8 3.0874898e+08
144.9 3.1031172e+08
145 3.1087108e+08
145.1 3.1049111e+08
145.2 3.0925265e+08
145.3 3.0725869e+08
145.4 3.0464154e+08
145.5 3.0156959e+08
145.6 2.9825093e+08
145.7 2.9493114e+08
145.8 2.9188314e+08
145.9 2.8938821e+08
146 2.8770945e+08
146.1 2.8706123e+08
146.2 2.8758073e+08
146.3 2.8930808e+08
146.4 2.9218028e+08
146.5 2.9604032e+08
146.6 3.0065885e+08
146.7 3.0576268e+08
146.8 3.1106396e+08
146.9 3.1628489e+08
147 3.2117537e+08
147.1 3.2552277e+08
147.2 3.291546e+08
147.3 3.3193535e+08
147.4 3.3375937e+08
147.5 3.3454118e+08
147.6 3.3420481e+08
147.7 3.3267342e+08
147.8 3.2986025e+08
147.9 3.2566209e+08
148 3.199558e+08
148.1 3.1259892e+08
148.2 3.0343461e+08
148.3 2.9230158e+08
148.4 2.7904935e+08
148.5 2.6355986e+08
148.6 2.4577695e+08
148.7 2.2574798e+08
148.8 2.0368652e+08
148.9 1.8007675e+08
149 1.5586466e+08
149.1 1.328206e+08
149.2 1.1412932e+08
149.3 1.0465524e+08
149.4 1.0875082e+08
149.5 1.2608554e+08
149.6 1.5238075e+08
149.7 1.833797e+08
149.8 2.1617811e+08
149.9 2.4888226e+08
150 2.8018819e+08
150.1 3.0915237e+08
150.2 3.3508635e+08
150.3 3.5751064e+08
150.4 3.761333e+08
150.5 3.9083644e+08
150.6 4.0166266e+08
150.7 4.087978e+08
150.8 4.125489e+08
150.9 4.1331772e+08
151 4.115711e+08
151.1 4.0781002e+08
151.2 4.0253946e+08
151.3 3.9624096e+08
151.4 3.8934992e+08
151.5 3.8223877e+08
151.6 3.7520707e+08
151.7 3.6847849e+08
151.8 3.6220411e+08
151.9 3.5647099e+08
152 3.5131426e+08
152.1 3.4673101e+08
152.2 3.4269419e+08
152.3 3.3916511e+08
152.4 3.3610345e+08
152.5 3.3347421e+08
152.6 3.3125117e+08
152.7 3.2941716e+08
152.8 3.2796143e+08
152.9 3.2687501e+08
153 3.2614485e+08
153.1 3.2574799e+08
153.2 3.2564674e+08
153.3 3.2578551e+08
153.4 3.260897e+08
153.5 3.2646629e+08
153.6 3.2680568e+08
153.7 3.2698367e+08
153.8 3.2686306e+08
153.9 3.2629406e+08
154 3.2511351e+08
154.1 3.2314299e+08
154.2 3.2018643e+08
154.3 3.1602806e+08
154.4 3.1043131e+08
154.5 3.0313967e+08
154.6 2.9387997e+08
154.7 2.8236858e+08
154.8 2.6832058e+08
154.9 2.5146201e+08
155 2.3154469e+08
155.1 2.0836327e+08
155.2 1.8177389e+08
155.3 1.5171389e+08
155.4 1.182233e+08
155.5 81474837
155.6 41884209
155.7 7077563.6
155.8 46318273
155.9 92037694
156 1.3851769e+08
156.1 1.8470745e+08
156.2 2.2957461e+08
156.3 2.7205374e+08
156.4 3.1107432e+08
156.5 3.4560425e+08
156.6 3.746999e+08
156.7 3.9755901e+08
156.8 4.1357399e+08
156.9 4.2238315e+08
157 4.2391829e+08
157.1 4.1844771e+08
157.2 4.0661534e+08
157.3 3.8947689e+08
157.4 3.6853277e+08
157.5 3.4574909e+08
157.6 3.2353542e+08
157.7 3.0460447e+08
157.8 2.9160064e+08
157.9 2.8645662e+08
158 2.8972116e+08
158.1 3.0035042e+08
158.2 3.1616919e+08
158.3 3.3463043e+08
158.4 3.5340016e+08
158.5 3.7062756e+08
158.6 3.8499751e+08
158.7 3.9568606e+08
158.8 4.0228699e+08
158.9 4.0473642e+08
159 4.0324285e+08
159.1 3.9822333e+08
159.2 3.9024538e+08
159.3 3.7997363e+08
159.4 3.6812116e+08
159.5 3.5540514e+08
159.6 3.4250685e+08
159.7 3.3003631e+08
159.8 3.1850235e+08
159.9 3.0828978e+08
160 2.9964568e+08
160.1 2.9267711e+08
160.2 2.8736103e+08
160.3 2.8356529e+08
160.4 2.8107726e+08
160.5 2.7963544e+08
160.6 2.7895962e+08
160.7 2.787769e+08
160.8 2.7884228e+08
160.9 2.7895472e+08
161 2.7896968e+08
161.1 2.7880966e+08
161.2 2.7847368e+08
161.3 2.7804523e+08
161.4 2.7769742e+08
161.5 2.7769144e+08
161.6 2.7836311e+08
161.7 2.8009096e+08
161.8 2.8324138e+08
161.9 2.8809226e+08
162 2.9474655e+08
162.1 3.0305582e+08
162.2 3.1257594e+08
162.3 3.2256873e+08
162.4 3.3204998e+08
162.5 3.39873e+08
162.6 3.4483305e+08
162.7 3.4577922e+08
162.8 3.4172326e+08
162.9 3.3193804e+08
163 3.1604001e+08
163.1 2.9405375e+08
163.2 2.6646291e+08
163.3 2.3426599e+08
163.4 1.9908597e+08
163.5 1.6345237e+08
163.6 1.314868e+08
163.7 1.0992886e+08
163.8 1.0650071e+08
163.9 1.217792e+08
164 1.4810256e+08
164.1 1.7830807e+08
164.2 2.0842848e+08
164.3 2.3651024e+08
164.4 2.6163268e+08
164.5 2.8342935e+08
164.6 3.0185227e+08
164.7 3.1704007e+08
164.8 3.2923433e+08
164.9 3.3872259e+08
165 3.4579943e+08
165.1 3.5074144e+08
165.2 3.5379407e+08
165.3 3.5516818e+08
165.4 3.5504447e+08
165.5 3.5358354e+08
165.6 3.5093937e+08
165.7 3.472739e+08
165.8 3.4277064e+08
165.9 3.3764538e+08
166 3.3215224e+08
166.1 3.2658394e+08
166.2 3.2126487e+08
166.3 3.165368e+08
166.4 3.1273738e+08
166.5 3.1017316e+08
166.6 3.0909056e+08
166.7 3.0964979e+08
166.8 3.1190696e+08
166.9 3.1580856e+08
167 3.2119923e+08
167.1 3.2784076e+08
167.2 3.3543752e+08
167.3 3.436634e+08
167.4 3.5218627e+08
167.5 3.6068764e+08
167.6 3.6887697e+08
167.7 3.765011e+08
167.8 3.8334949e+08
167.9 3.8925656e+08
168 3.9410171e+08
168.1 3.9780777e+08
168.2 4.0033843e+08
168.3 4.0169464e+08
168.4 4.0191048e+08
168.5 4.0104819e+08
168.6 3.9919271e+08
168.7 3.9644564e+08
168.8 3.9291868e+08
168.9 3.88727e+08
169 3.8398264e+08
169.1 3.7878859e+08
169.2 3.732338e+08
169.3 3.6738981e+08
169.4 3.6130915e+08
169.5 3.5502566e+08
169.6 3.4855677e+08
169.7 3.4190732e+08
169.8 3.3507469e+08
169.9 3.2805443e+08
170 3.2084624e+08
170.1 3.1345951e+08
170.2 3.0591806e+08
170.3 2.9826364e+08
170.4 2.9055782e+08
170.5 2.828818e+08
170.6 2.7533388e+08
170.7 2.6802466e+08
170.8 2.6107003e+08
170.9 2.5458272e+08
171 2.4866362e+08
171.1 2.4339421e+08
171.2 2.3883196e+08
171.3 2.3500978e+08
171.4 2.3194004e+08
171.5 2.2962252e+08
171.6 2.2805436e+08
171.7 2.2723958e+08
171.8 2.2719526e+08
171.9 2.2795247e+08
172 2.2955077e+08
172.1 2.3202697e+08
172.2 2.3540037e+08
172.3 2.3965784e+08
172.4 2.4474227e+08
172.5 2.5054716e+08
172.6 2.569186e+08
172.7 2.6366386e+08
172.8 2.7056491e+08
172.9 2.7739411e+08
173 2.8393006e+08
173.1 2.8997191e+08
173.2 2.9535105e+08
173.3 2.9993984e+08
173.4 3.0365724e+08
173.5 3.0647139e+08
173.6 3.0839919e+08
173.7 3.0950329e+08
173.8 3.0988667e+08
173.9 3.0968529e+08
174 3.0905951e+08
174.1 3.0818471e+08
174.2 3.0724196e+08
174.3 3.0640929e+08
174.4 3.0585388e+08
174.5 3.0572567e+08
174.6 3.0615252e+08
174.7 3.0723671e+08
174.8 3.0905312e+08
174.9 3.116484e+08
175 3.1504139e+08
175.1 3.1922419e+08
175.2 3.241638e+08
175.3 3.2980417e+08
175.4 3.3606838e+08
175.5 3.4286099e+08
175.6 3.5007063e+08
175.7 3.5757279e+08
175.8 3.6523299e+08
175.9 3.7291044e+08
176 3.8046238e+08
176.1 3.8774881e+08
176.2 3.9463776e+08
176.3 4.0101063e+08
176.4 4.067673e+08
176.5 4.1183047e+08
176.6 4.1614874e+08
176.7 4.196981e+08
176.8 4.2248146e+08
176.9 4.2452628e+08
177 4.2588044e+08
177.1 4.2660688e+08
177.2 4.2677741e+08
177.3 4.2646651e+08
177.4 4.2574566e+08
177.5 4.2467858e+08
177.6 4.2331796e+08
177.7 4.2170355e+08
177.8 4.1986181e+08
177.9 4.1780697e+08
178 4.1554332e+08
178.1 4.1306859e+08
178.2 4.1037843e+08
178.3 4.0747181e+08
178.4 4.0435743e+08
178.5 4.0106082e+08
178.6 3.9763215e+08
178.7 3.9415377e+08
178.8 3.9074658e+08
178.9 3.875734e+08
179 3.8483698e+08
179.1 3.8277001e+08
179.2 3.8161478e+08
179.3 3.8159187e+08
179.4 3.828602e+08
179.5 3.8547439e+08
179.6 3.8934886e+08
179.7 3.9423836e+08
179.8 3.997417e+08
179.9 4.0533008e+08
180 4.1039512e+08
180.1 4.1430811e+08
180.2 4.1648067e+08
180.3 4.1641889e+08
180.4 4.1376514e+08
180.5 4.0832462e+08
180.6 4.0007609e+08
180.7 3.8916776e+08
180.8 3.7590055e+08
180.9 3.6070191e+08
181 3.4409334e+08
181.1 3.2665497e+08
181.2 3.0899021e+08
181.3 2.9169275e+08
181.4 2.753179e+08
181.5 2.6035912e+08
181.6 2.4723022e+08
181.7 2.3625287e+08
181.8 2.2764898e+08
181.9 2.2153695e+08
182 2.1793139e+08
182.1 2.1674611e+08
182.2 2.1780044e+08
182.3 2.2082959e+08
182.4 2.2549897e+08
182.5 2.3142267e+08
182.6 2.3818508e+08
182.7 2.4536473e+08
182.8 2.5255874e+08
182.9 2.5940586e+08
183 2.6560639e+08
183.1 2.7093683e+08
183.2 2.7525822e+08
183.3 2.7851704e+08
183.4 2.8073923e+08
183.5 2.820179e+08
183.6 2.8249667e+08
183.7 2.8235052e+08
183.8 2.8176643e+08
183.9 2.8092588e+08
184 2.7999061e+08
184.1 2.7909296e+08
184.2 2.7833068e+08
184.3 2.7776618e+08
184.4 2.7742921e+08
184.5 2.7732182e+08
184.6 2.7742454e+08
184.7 2.7770281e+08
184.8 2.781129e+08
184.9 2.7860707e+08
185 2.7913783e+08
185.1 2.7966122e+08
185.2 2.8013933e+08
185.3 2.8054211e+08
185.4 2.8084838e+08
185.5 2.8104628e+08
185.6 2.8113291e+08
185.7 2.8111339e+08
185.8 2.8099927e+08
185.9 2.8080654e+08
186 2.8055348e+08
186.1 2.8025852e+08
186.2 2.7993847e+08
186.3 2.7960711e+08
186.4 2.7927439e+08
186.5 2.7894596e+08
186.6 2.7862295e+08
186.7 2.7830171e+08
186.8 2.7797336e+08
186.9 2.7762277e+08
187 2.772271e+08
187.1 2.7675369e+08
187.2 2.7615758e+08
187.3 2.7537876e+08
187.4 2.7433977e+08
187.5 2.7294387e+08
187.6 2.7107478e+08
187.7 2.6859841e+08
187.8 2.6536753e+08
187.9 2.6122996e+08
188 2.560408e+08
188.1 2.4967918e+08
188.2 2.4206955e+08
188.3 2.332071e+08
188.4 2.2318678e+08
188.5 2.1223393e+08
188.6 2.0073318e+08
188.7 1.8924831e+08
188.8 1.7851933e+08
188.9 1.6941387e+08
189 1.628066e+08
189.1 1.593837e+08
189.2 1.5943248e+08
189.3 1.6273443e+08
189.4 1.6863982e+08
189.5 1.7627432e+08
189.6 1.8475338e+08
189.7 1.933215e+08
189.8 2.0140792e+08
189.9 2.0862617e+08
190 2.1474689e+08
190.1 2.1966261e+08
190.2 2.2335484e+08
190.3 2.2586786e+08
190.4 2.2729039e+08
190.5 2.2774426e+08
190.6 2.2737775e+08
190.7 2.2636085e+08
190.8 2.2487992e+08
190.9 2.2312972e+08
191 2.2130235e+08
191.1 2.1957376e+08
191.2 2.1808986e+08
191.3 2.1695503e+08
191.4 2.1622546e+08
191.5 2.1590889e+08
191.6 2.1597108e+08
191.7 2.1634731e+08
191.8 2.1695672e+08
191.9 2.1771692e+08
192 2.1855659e+08
192.1 2.1942489e+08
192.2 2.2029685e+08
192.3 2.2117493e+08
192.4 2.2208705e+08
192.5 2.2308187e+08
192.6 2.2422204e+08
192.7 2.2557646e+08
192.8 2.2721257e+08
192.9 2.2918948e+08
193 2.3155295e+08
193.1 2.3433249e+08
193.2 2.3754089e+08
193.3 2.4117556e+08
193.4 2.4522141e+08
193.5 2.4965413e+08
193.6 2.5444329e+08
193.7 2.5955455e+08
193.8 2.6495076e+08
193.9 2.7059164e+08
194 2.7643251e+08
194.1 2.8242226e+08
194.2 2.8850113e+08
194.3 2.9459886e+08
194.4 3.0063353e+08
194.5 3.0651156e+08
194.6 3.1212893e+08
194.7 3.1737353e+08
194.8 3.2212852e+08
194.9 3.2627612e+08
195 3.2970157e+08
195.1 3.3229666e+08
195.2 3.3396243e+08
195.3 3.3461082e+08
195.4 3.3416518e+08
195.5 3.3255954e+08
195.6 3.2973703e+08
195.7 3.2564773e+08
195.8 3.2024644e+08
195.9 3.1349098e+08
196 3.053417e+08
196.1 2.9576282e+08
196.2 2.8472662e+08
196.3 2.722213e+08
196.4 2.582636e+08
196.5 2.4291787e+08
196.6 2.2632371e+08
196.7 2.087357e+08
196.8 1.9058024e+08
196.9 1.7253587e+08
197 1.5563656e+08
197.1 1.4136406e+08
197.2 1.3159807e+08
197.3 1.2817601e+08
197.4 1.3202842e+08
197.5 1.4258667e+08
197.6 1.5816008e+08
197.7 1.7678919e+08
197.8 1.9678349e+08
197.9 2.1685313e+08
198 2.3606449e+08
198.1 2.5376569e+08
198.2 2.6952571e+08
198.3 2.8308998e+08
198.4 2.94347e+08
198.5 3.0330117e+08
198.6 3.1004896e+08
198.7 3.1475716e+08
198.8 3.176428e+08
198.9 3.1895469e+08
199 3.1895674e+08
199.1 3.179132e+08
199.2 3.1607603e+08
199.3 3.1367443e+08
199.4 3.1090669e+08
199.5 3.0793437e+08
199.6 3.0487874e+08
199.7 3.0181965e+08
199.8 2.987965e+08
199.9 2.9581125e+08
200 2.9283329e+08
200.1 2.8980552e+08
200.2 2.8665155e+08
200.3 2.832832e+08
200.4 2.796081e+08
200.5 2.7553694e+08
200.6 2.7099002e+08
200.7 2.6590316e+08
200.8 2.6023271e+08
200.9 2.5395993e+08
201 2.4709466e+08
201.1 2.3967858e+08
201.2 2.3178807e+08
201.3 2.2353691e+08
201.4 2.1507884e+08
201.5 2.0660992e+08
201.6 1.9836993e+08
201.7 1.9064166e+08
201.8 1.8374525e+08
201.9 1.7802372e+08
202 1.7381582e+08
202.1 1.7141433e+08
202.2 1.7101461e+08
202.3 1.7266595e+08
202.4 1.7624236e+08
202.5 1.8144374e+08
202.6 1.878265e+08
202.7 1.9485253e+08
202.8 2.0194342e+08
202.9 2.0853179e+08
203 2.1410636e+08
203.1 2.1825022e+08
203.2 2.2067151e+08
203.3 2.2122501e+08
203.4 2.1992247e+08
203.5 2.1693007e+08
203.6 2.125527e+08
203.7 2.0720664e+08
203.8 2.0138383e+08
203.9 1.9561202e+08
204 1.9041503e+08
204.1 1.8627672e+08
204.2 1.8361108e+08
204.3 1.8273951e+08
204.4 1.8387586e+08
204.5 1.8711882e+08
204.6 1.9245188e+08
204.7 1.9975036e+08
204.8 2.0879477e+08
204.9 2.1928946e+08
205 2.3088458e+08
205.1 2.4319972e+08
205.2 2.5584713e+08
205.3 2.6845295e+08
205.4 2.8067494e+08
205.5 2.92216e+08
205.6 3.0283272e+08
205.7 3.123393e+08
205.8 3.206069e+08
205.9 3.2755953e+08
206 3.3316704e+08
206.1 3.3743659e+08
206.2 3.4040347e+08
206.3 3.4212248e+08
206.4 3.4266084e+08
206.5 3.4209364e+08
206.6 3.4050226e+08
206.7 3.3797648e+08
206.8 3.3461971e+08
206.9 3.3055714e+08
207 3.2594506e+08
207.1 3.2097991e+08
207.2 3.1590439e+08
207.3 3.1100826e+08
207.4 3.0662128e+08
207.5 3.0309678e+08
207.6 3.0078572e+08
207.7 3.0000365e+08
207.8 3.0099577e+08
207.9 3.0390697e+08
208 3.0876385e+08
208.1 3.1547226e+08
208.2 3.2382976e+08
208.3 3.3354823e+08
208.4 3.4428044e+08
208.5 3.5564522e+08
208.6 3.6724833e+08
208.7 3.7869825e+08
208.8 3.8961778e+08
208.9 3.9965271e+08
209 4.0847886e+08
209.1 4.1580811e+08
209.2 4.2139389e+08
209.3 4.2503586e+08
209.4 4.2658345e+08
209.5 4.2593781e+08
209.6 4.2305167e+08
209.7 4.1792704e+08
209.8 4.106107e+08
209.9 4.0118785e+08
210 3.8977457e+08
210.1 3.7650997e+08
210.2 3.6154882e+08
210.3 3.4505563e+08
210.4 3.2720079e+08
210.5 3.0815924e+08
210.6 2.8811187e+08
210.7 2.6724955e+08
210.8 2.4577982e+08
210.9 2.2393607e+08
211 2.0198964e+08
211.1 1.8026541e+08
211.2 1.5916244e+08
211.3 1.3918092e+08
211.4 1.2095362e+08
211.5 1.0526681e+08
211.6 93019294
211.7 85019694
211.8 81581842
211.9 82185966
212 85621889
212.1 90506638
212.2 95688681
212.3 1.0036848e+08
212.4 1.0406182e+08
212.5 1.0652768e+08
212.6 1.0770598e+08
212.7 1.0767141e+08
212.8 1.0659913e+08
212.9 1.0473752e+08
213 1.0238414e+08
213.1 99862178
213.2 97494977
213.3 95577663
213.4 94347291
213.5 93956496
213.6 94458156
213.7 95807144
213.8 97879319
213.9 1.0050139e+08
214 1.0348245e+08
214.1 1.0664011e+08
214.2 1.0981801e+08
214.3 1.1289504e+08
214.4 1.1578797e+08
214.5 1.1844964e+08
214.6 1.208645e+08
214.7 1.2304307e+08
214.8 1.2501632e+08
214.9 1.2683125e+08
215 1.2854848e+08
215.1 1.3024295e+08
215.2 1.3200848e+08
215.3 1.339662e+08
215.4 1.3627623e+08
215.5 1.3914943e+08
215.6 1.4285457e+08
215.7 1.4771392e+08
215.8 1.5408113e+08
215.9 1.6229933e+08
216 1.7264555e+08
216.1 1.8527543e+08
216.2 2.0018389e+08
216.3 2.1719105e+08
216.4 2.3595311e+08
216.5 2.5599076e+08
216.6 2.7672692e+08
216.7 2.9752798e+08
216.8 3.1774519e+08
216.9 3.3675475e+08
217 3.5399503e+08
217.1 3.689991e+08
217.2 3.8142058e+08
217.3 3.9105083e+08
217.4 3.97826e+08
217.5 4.0182361e+08
217.6 4.0324924e+08
217.7 4.024149e+08
217.8 3.9971166e+08
217.9 3.9557886e+08
218 3.904728e+08
218.1 3.8483712e+08
218.2 3.7907692e+08
218.3 3.7353812e+08
218.4 3.6849338e+08
218.5 3.6413493e+08
218.6 3.6057438e+08
218.7 3.5784854e+08
218.8 3.559297e+08
218.9 3.5473826e+08
219 3.5415574e+08
219.1 3.5403616e+08
219.2 3.5421493e+08
219.3 3.5451464e+08
219.4 3.5474821e+08
219.5 3.5472016e+08
219.6 3.5422718e+08
219.7 3.5305917e+08
219.8 3.5100195e+08
219.9 3.4784224e+08
220 3.4337553e+08
220.1 3.3741652e+08
220.2 3.2981179e+08
220.3 3.2045364e+08
220.4 3.0929404e+08
220.5 2.9635746e+08
220.6 2.8175143e+08
220.7 2.6567398e+08
220.8 2.4841751e+08
220.9 2.3036881e+08
221 2.1200518e+08
221.1 1.9388585e+08
221.2 1.7663607e+08
221.3 1.6091786e+08
221.4 1.4737701e+08
221.5 1.365561e+08
221.6 1.2877869e+08
221.7 1.2404481e+08
221.8 1.2200469e+08
221.9 1.2204673e+08
222 1.2345791e+08
222.1 1.2557403e+08
222.2 1.2786848e+08
222.3 1.2997924e+08
222.4 1.3169763e+08
222.5 1.3294052e+08
222.6 1.3371862e+08
222.7 1.3410628e+08
222.8 1.3421488e+08
222.9 1.3417013e+08
223 1.3409401e+08
223.1 1.3409137e+08
223.2 1.3424168e+08
223.3 1.3459557e+08
223.4 1.3517535e+08
223.5 1.3597822e+08
223.6 1.3698059e+08
223.7 1.381423e+08
223.8 1.3940991e+08
223.9 1.4071908e+08
224 1.4199634e+08
224.1 1.431613e+08
224.2 1.4412978e+08
224.3 1.4481829e+08
224.4 1.4515005e+08
224.5 1.4506161e+08
224.6 1.445095e+08
224.7 1.4347559e+08
224.8 1.4197023e+08
224.9 1.4003236e+08
225 1.3772635e+08
225.1 1.3513577e+08
225.2 1.3235497e+08
225.3 1.2947991e+08
225.4 1.2659981e+08
225.5 1.2379131e+08
225.6 1.2111623e+08
225.7 1.1862322e+08
225.8 1.1635255e+08
225.9 1.1434242e+08
226 1.126347e+08
226.1 1.1127796e+08
226.2 1.1032622e+08
226.3 1.0983293e+08
226.4 1.0984107e+08
226.5 1.1037151e+08
226.6 1.1141266e+08
226.7 1.1291453e+08
226.8 1.1478881e+08
226.9 1.1691518e+08
227 1.1915214e+08
227.1 1.2134999e+08
227.2 1.2336368e+08
227.3 1.2506392e+08
227.4 1.2634558e+08
227.5 1.2713343e+08
227.6 1.2738523e+08
227.7 1.2709266e+08
227.8 1.2628035e+08
227.9 1.2500346e+08
228 1.2334377e+08
228.1 1.2140458e+08
228.2 1.193045e+08
228.3 1.1717015e+08
228.4 1.1512823e+08
228.5 1.1329747e+08
228.6 1.1178138e+08
228.7 1.1066274e+08
228.8 1.1000102e+08
228.9 1.0983326e+08
229 1.1017845e+08
229.1 1.1104438e+08
229.2 1.124355e+08
229.3 1.1435955e+08
229.4 1.1683128e+08
229.5 1.1987171e+08
229.6 1.235026e+08
229.7 1.2773673e+08
229.8 1.3256594e+08
229.9 1.3794964e+08
230 1.4380686e+08
230.1 1.5001385e+08
230.2 1.5640839e+08
230.3 1.6280022e+08
230.4 1.6898574e+08
230.5 1.7476484e+08
230.6 1.799573e+08
230.7 1.8441679e+08
230.8 1.8804114e+08
230.9 1.9077801e+08
231 1.9262601e+08
231.1 1.936316e+08
231.2 1.9388261e+08
231.3 1.9349943e+08
231.4 1.9262474e+08
231.5 1.9141308e+08
231.6 1.9002097e+08
231.7 1.8859842e+08
231.8 1.8728246e+08
231.9 1.8619309e+08
232 1.8543172e+08
232.1 1.8508237e+08
232.2 1.8521515e+08
232.3 1.8589212e+08
232.4 1.8717472e+08
232.5 1.8913245e+08
232.6 1.9185158e+08
232.7 1.9544246e+08
232.8 2.0004348e+08
232.9 2.0581931e+08
233 2.1295132e+08
233.1 2.216191e+08
233.2 2.3197417e+08
233.3 2.4410918e+08
233.4 2.580277e+08
233.5 2.7362015e+08
233.6 2.9064982e+08
233.7 3.0875063e+08
233.8 3.2743611e+08
233.9 3.4611757e+08
234 3.641293e+08
234.1 3.8075879e+08
234.2 3.9528001e+08
234.3 4.0698833e+08
234.4 4.1523535e+08
234.5 4.1946192e+08
234.6 4.1922759e+08
234.7 4.142348e+08
234.8 4.0434636e+08
234.9 3.8959579e+08
235 3.7019041e+08
235.1 3.4650889e+08
235.2 3.1909611e+08
235.3 2.8866108e+08
235.4 2.5608745e+08
235.5 2.2247412e+08
235.6 1.892383e+08
235.7 1.5833314e+08
235.8 1.3260426e+08
235.9 1.1595424e+08
236 1.1198515e+08
236.1 1.2077267e+08
236.2 1.3845263e+08
236.3 1.6060588e+08
236.4 1.8419192e+08
236.5 2.0744297e+08
236.6 2.2937426e+08
236.7 2.494533e+08
236.8 2.6741973e+08
236.9 2.8318851e+08
237 2.967946e+08
237.1 3.0835846e+08
237.2 3.180617e+08
237.3 3.2612808e+08
237.4 3.32807e+08
237.5 3.3835858e+08
237.6 3.4303998e+08
237.7 3.4709313e+08
237.8 3.5073456e+08
237.9 3.5414781e+08
238 3.5747889e+08
238.1 3.6083491e+08
238.2 3.6428547e+08
238.3 3.6786625e+08
238.4 3.7158391e+08
238.5 3.7542143e+08
238.6 3.7934344e+08
238.7 3.8330106e+08
238.8 3.8723639e+08
238.9 3.9108676e+08
239 3.9478893e+08
239.1 3.9828326e+08
239.2 4.0151758e+08
239.3 4.0445043e+08
239.4 4.0705307e+08
239.5 4.0930998e+08
239.6 4.1121781e+08
239.7 4.1278307e+08
239.8 4.1401909e+08
239.9 4.149429e+08
240 4.1557259e+08
240.1 4.1592535e+08
240.2 4.1601643e+08
240.3 4.1585872e+08
240.4 4.1546286e+08
240.5 4.1483757e+08
240.6 4.1399012e+08
240.7 4.1292682e+08
240.8 4.1165334e+08
240.9 4.1017509e+08
241 4.0849743e+08
241.1 4.0662591e+08
241.2 4.045664e+08
241.3 4.0232523e+08
241.4 3.9990942e+08
241.5 3.9732684e+08
241.6 3.9458651e+08
241.7 3.9169889e+08
241.8 3.8867614e+08
241.9 3.8553224e+08
242 3.8228279e+08
242.1 3.7894445e+08
242.2 3.7553364e+08
242.3 3.720646e+08
242.4 3.6854667e+08
242.5 3.6498092e+08
242.6 3.6135639e+08
242.7 3.5764636e+08
242.8 3.5380525e+08
242.9 3.4976665e+08
243 3.4544319e+08
243.1 3.4072863e+08
243.2 3.3550225e+08
243.3 3.2963557e+08
243.4 3.2300084e+08
243.5 3.1548056e+08
243.6 3.069772e+08
243.7 2.9742218e+08
243.8 2.8678345e+08
243.9 2.7507098e+08
244 2.6234028e+08
244.1 2.486938e+08
244.2 2.3428079e+08
244.3 2.1929594e+08
244.4 2.0397721e+08
244.5 1.8860317e+08
244.6 1.7348909e+08
244.7 1.5898097e+08
244.8 1.4544484e+08
244.9 1.3324746e+08
245 1.2272391e+08
245.1 1.1413006e+08
245.2 1.0758667e+08
245.3 1.0303524e+08
245.4 1.0023248e+08
245.5 98796058
245.6 98285607
245.7 98286306
245.8 98470057
245.9 98628555
246 98684922
246.1 98692334
246.2 98823806
246.3 99351789
246.4 1.006127e+08
246.5 1.029527e+08
246.6 1.0665937e+08
246.7 1.1189578e+08
246.8 1.1865911e+08
246.9 1.2677647e+08
247 1.3593249e+08
247.1 1.4571243e+08
247.2 1.5564581e+08
247.3 1.6524376e+08
247.4 1.7402974e+08
247.5 1.8156578e+08
247.6 1.8747587e+08
247.7 1.9146753e+08
247.8 1.9335125e+08
247.9 1.9305739e+08
248 1.9065024e+08
248.1 1.8633912e+08
248.2 1.8048674e+08
248.3 1.7361381e+08
248.4 1.6639624e+08
248.5 1.5964501e+08
248.6 1.5425169e+08
248.7 1.5108073e+08
248.8 1.5081122e+08
248.9 1.5377905e+08
249 1.5990469e+08
249.1 1.6875298e+08
249.2 1.796822e+08
249.3 1.9199716e+08
249.4 2.0505232e+08
249.5 2.1830014e+08
249.6 2.3130256e+08
249.7 2.4372425e+08
249.8 2.553191e+08
249.9 2.6591571e+08
250 2.7540413e+08
250.1 2.837244e+08
250.2 2.9085706e+08
250.3 2.9681537e+08
250.4 3.0163905e+08
250.5 3.0538925e+08
250.6 3.0814444e+08
250.7 3.0999694e+08
250.8 3.1104969e+08
250.9 3.1141283e+08
251 3.1119985e+08
251.1 3.1052304e+08
251.2 3.0948796e+08
251.3 3.0818725e+08
251.4 3.0669372e+08
251.5 3.0505338e+08
251.6 3.0327878e+08
251.7 3.0134341e+08
251.8 2.9917762e+08
251.9 2.9666671e+08
252 2.936513e+08
252.1 2.8993041e+08
252.2 2.8526698e+08
252.3 2.793958e+08
252.4 2.7203357e+08
252.5 2.6289078e+08
252.6 2.5168515e+08
252.7 2.3815667e+08
252.8 2.2208418e+08
252.9 2.0330469e+08
253 1.8173765e+08
253.1 1.574215e+08
253.2 1.3058405e+08
253.3 1.0182442e+08
253.4 72745566
253.5 48754981
253.6 46014547
253.7 69939690
253.8 1.0445703e+08
253.9 1.4205082e+08
254 1.8016654e+08
254.1 2.1745107e+08
254.2 2.5291792e+08
254.3 2.8575304e+08
254.4 3.152727e+08
254.5 3.4092421e+08
254.6 3.6229863e+08
254.7 3.7914436e+08
254.8 3.9137699e+08
254.9 3.9908298e+08
255 4.025161e+08
255.1 4.0208618e+08
255.2 3.9833984e+08
255.3 3.9193364e+08
255.4 3.8360005e+08
255.5 3.7410691e+08
255.6 3.6411345e+08
255.7 3.544306e+08
255.8 3.4567039e+08
255.9 3.3829626e+08
256 3.325982e+08
256.1 3.2868866e+08
256.2 3.2652019e+08
256.3 3.2592055e+08
256.4 3.2663664e+08
256.5 3.2837744e+08
256.6 3.3084905e+08
256.7 3.3377808e+08
256.8 3.3692415e+08
256.9 3.4008379e+08
257 3.4308927e+08
257.1 3.458056e+08
257.2 3.481277e+08
257.3 3.4997891e+08
257.4 3.5131063e+08
257.5 3.5210204e+08
257.6 3.5235872e+08
257.7 3.5210876e+08
257.8 3.513959e+08
257.9 3.5026962e+08
258 3.4877298e+08
258.1 3.4692948e+08
258.2 3.4473065e+08
258.3 3.4212589e+08
258.4 3.3901592e+08
258.5 3.3525059e+08
258.6 3.3063146e+08
258.7 3.2491914e+08
258.8 3.178455e+08
258.9 3.0913132e+08
259 2.9851013e+08
259.1 2.857602e+08
259.2 2.7074712e+08
259.3 2.5348111e+08
259.4 2.3419589e+08
259.5 2.1346081e+08
259.6 1.9234198e+08
259.7 1.7261485e+08
259.8 1.569344e+08
259.9 1.4858121e+08
260 1.502002e+08
260.1 1.6206056e+08
260.2 1.819036e+08
260.3 2.0651772e+08
260.4 2.3304295e+08
260.5 2.5934357e+08
260.6 2.8394628e+08
260.7 3.0590981e+08
260.8 3.2472136e+08
260.9 3.4021851e+08
261 3.5252117e+08
261.1 3.6196352e+08
261.2 3.6902289e+08
261.3 3.7424784e+08
261.4 3.7819063e+08
261.5 3.813503e+08
261.6 3.8413231e+08
261.7 3.8682749e+08
261.8 3.8961051e+08
261.9 3.9255394e+08
262 3.9565219e+08
262.1 3.9884894e+08
262.2 4.0206266e+08
262.3 4.0520692e+08
262.4 4.0820403e+08
262.5 4.1099233e+08
262.6 4.1352824e+08
262.7 4.1578446e+08
262.8 4.177458e+08
262.9 4.1940387e+08
263 4.2075134e+08
263.1 4.2177645e+08
263.2 4.2245816e+08
263.3 4.2276202e+08
263.4 4.2263717e+08
263.5 4.2201444e+08
263.6 4.2080587e+08
263.7 4.1890584e+08
263.8 4.1619409e+08
263.9 4.1254101e+08
264 4.0781533e+08
264.1 4.0189465e+08
264.2 3.9467916e+08
264.3 3.8610848e+08
264.4 3.7618208e+08
264.5 3.6498283e+08
264.6 3.5270296e+08
264.7 3.3967049e+08
264.8 3.2637197e+08
264.9 3.1346357e+08
265 3.017578e+08
265.1 2.9216852e+08
265.2 2.8559997e+08
265.3 2.8278445e+08
265.4 2.8411014e+08
265.5 2.8951029e+08
265.6 2.9847073e+08
265.7 3.1015127e+08
265.8 3.235604e+08
265.9 3.3771625e+08
266 3.5175806e+08
266.1 3.6500498e+08
266.2 3.7697443e+08
266.3 3.8737437e+08
266.4 3.9608024e+08
266.5 4.0310397e+08
266.6 4.0855961e+08
266.7 4.1262866e+08
266.8 4.1552715e+08
266.9 4.1747611e+08
267 4.186765e+08
267.1 4.1928968e+08
267.2 4.1942408e+08
267.3 4.1912887e+08
267.4 4.1839477e+08
267.5 4.171622e+08
267.6 4.1533625e+08
267.7 4.1280756e+08
267.8 4.0947733e+08
267.9 4.0528387e+08
268 4.0022733e+08
268.1 3.9438812e+08
268.2 3.8793481e+08
268.3 3.8111754e+08
268.4 3.7424561e+08
268.5 3.6765102e+08
268.6 3.616443e+08
268.7 3.5647214e+08
268.8 3.5228669e+08
268.9 3.4913368e+08
269 3.4695976e+08
269.1 3.4563346e+08
269.2 3.4497047e+08
269.3 3.4475437e+08
269.4 3.4474809e+08
269.5 3.4469587e+08
269.6 3.4431978e+08
269.7 3.433161e+08
269.8 3.4135681e+08
269.9 3.3809943e+08
270 3.3320572e+08
270.1 3.263672e+08
270.2 3.1733387e+08
270.3 3.0594155e+08
270.4 2.9213362e+08
270.5 2.7597414e+08
270.6 2.5765065e+08
270.7 2.3746656e+08
270.8 2.1582458e+08
270.9 1.9320351e+08
271 1.7013136e+08
271.1 1.4715814e+08
271.2 1.2483108e+08
271.3 1.0367498e+08
271.4 84179534
271.5 66794873
271.6 51934187
271.7 39974228
271.8 31217730
271.9 25747439
272 23223384
272.1 23033848
272.2 24897350
272.3 29130295
272.4 36242138
272.5 46479765
272.6 59772525
272.7 75870854
272.8 94441179
272.9 1.1509699e+08
273 1.374042e+08
273.1 1.6088275e+08
273.2 1.8501194e+08
273.3 2.0924156e+08
273.4 2.3300858e+08
273.5 2.5575859e+08
273.6 2.7697039e+08
273.7 2.9618179e+08
273.8 3.1301419e+08
273.9 3.2719362e+08
274 3.3856577e+08
274.1 3.4710326e+08
274.2 3.5290377e+08
274.3 3.5617897e+08
274.4 3.5723458e+08
274.5 3.5644382e+08
274.6 3.5421675e+08
274.7 3.5096934e+08
274.8 3.4709607e+08
274.9 3.4294957e+08
275 3.3882983e+08
275.1 3.349833e+08
275.2 3.3161055e+08
275.3 3.2887885e+08
275.4 3.2693527e+08
275.5 3.2591563e+08
275.6 3.2594605e+08
275.7 3.2713603e+08
275.8 3.2956445e+08
275.9 3.3326256e+08
276 3.3819901e+08
276.1 3.4427189e+08
276.2 3.5131048e+08
276.3 3.5908675e+08
276.4 3.6733411e+08
276.5 3.7576945e+08
276.6 3.8411452e+08
276.7 3.9211391e+08
276.8 3.9954782e+08
276.9 4.0623961e+08
277 4.1205851e+08
277.1 4.1691862e+08
277.2 4.2077538e+08
277.3 4.2362058e+08
277.4 4.2547676e+08
277.5 4.2639174e+08
277.6 4.2643356e+08
277.7 4.2568625e+08
277.8 4.2424622e+08
277.9 4.2221941e+08
278 4.1971874e+08
278.1 4.1686178e+08
278.2 4.1376811e+08
278.3 4.1055617e+08
278.4 4.073394e+08
278.5 4.0422182e+08
278.6 4.0129314e+08
278.7 3.9862431e+08
278.8 3.9626396e+08
278.9 3.9423663e+08
279 3.9254327e+08
279.1 3.911641e+08
279.2 3.9006353e+08
279.3 3.8919644e+08
279.4 3.8851481e+08
279.5 3.8797376e+08
279.6 3.8753612e+08
279.7 3.8717519e+08
279.8 3.8687531e+08
279.9 3.8663057e+08
280 3.8644194e+08
280.1 3.8631349e+08
280.2 3.8624814e+08
280.3 3.8624377e+08
280.4 3.8629009e+08
280.5 3.863667e+08
280.6 3.864428e+08
280.7 3.8647847e+08
280.8 3.8642745e+08
280.9 3.8624131e+08
281 3.8587422e+08
281.1 3.8528803e+08
281.2 3.8445679e+08
281.3 3.8337019e+08
281.4 3.8203543e+08
281.5 3.8047713e+08
281.6 3.7873524e+08
281.7 3.7686129e+08
281.8 3.7491325e+08
281.9 3.7294984e+08
282 3.7102497e+08
282.1 3.6918302e+08
282.2 3.6745561e+08
282.3 3.6585999e+08
282.4 3.6439924e+08
282.5 3.6306395e+08
282.6 3.6183504e+08
282.7 3.6068719e+08
282.8 3.5959256e+08
282.9 3.5852451e+08
283 3.5746094e+08
283.1 3.5638732e+08
283.2 3.5529906e+08
283.3 3.5420298e+08
283.4 3.531177e+08
283.5 3.5207223e+08
283.6 3.5110273e+08
283.7 3.5024687e+08
283.8 3.4953633e+08
283.9 3.4898793e+08
284 3.4859472e+08
284.1 3.4831891e+08
284.2 3.4808816e+08
284.3 3.4779681e+08
284.4 3.4731264e+08
284.5 3.4648847e+08
284.6 3.4517746e+08
284.7 3.4324989e+08
284.8 3.4060927e+08
284.9 3.3720571e+08
285 3.3304516e+08
285.1 3.2819346e+08
285.2 3.2277483e+08
285.3 3.1696479e+08
285.4 3.1097806e+08
285.5 3.0505196e+08
285.6 2.9942691e+08
285.7 2.943254e+08
285.8 2.8993179e+08
285.9 2.8637535e+08
286 2.8371879e+08
286.1 2.8195389e+08
286.2 2.8100459e+08
286.3 2.8073647e+08
286.4 2.8097032e+08
286.5 2.8149742e+08
286.6 2.8209381e+08
286.7 2.8253211e+08
286.8 2.8258986e+08
286.9 2.8205431e+08
287 2.8072425e+08
287.1 2.7840952e+08
287.2 2.7492925e+08
287.3 2.7010992e+08
287.4 2.6378395e+08
287.5 2.5578993e+08
287.6 2.45975e+08
287.7 2.341999e+08
287.8 2.2034743e+08
287.9 2.043349e+08
288 1.8613241e+08
288.1 1.6579129e+08
288.2 1.4349451e+08
288.3 1.1966296e+08
288.4 95225308
288.5 72408568
288.6 56867123
288.7 58141522
288.8 77074425
288.9 1.0516308e+08
289 1.3691598e+08
289.1 1.698816e+08
289.2 2.02752e+08
289.3 2.3464928e+08
289.4 2.6489524e+08
289.5 2.9293519e+08
289.6 3.1831394e+08
289.7 3.4067027e+08
289.8 3.5973786e+08
289.9 3.7534769e+08
290 3.8743004e+08
290.1 3.9601538e+08
290.2 4.0123389e+08
290.3 4.0331371e+08
290.4 4.0257785e+08
290.5 3.9943997e+08
290.6 3.9439818e+08
290.7 3.8802624e+08
290.8 3.8095987e+08
290.9 3.7387561e+08
291 3.6745885e+08
291.1 3.6235893e+08
291.2 3.5913251e+08
291.3 3.5818228e+08
291.4 3.597039e+08
291.5 3.6365626e+08
291.6 3.6976519e+08
291.7 3.7756047e+08
291.8 3.8643564e+08
291.9 3.9571564e+08
292 4.0471923e+08
292.1 4.1280845e+08
292.2 4.1942283e+08
292.3 4.2409918e+08
292.4 4.2647979e+08
292.5 4.2631196e+08
292.6 4.2344166e+08
292.7 4.1780401e+08
292.8 4.0941239e+08
292.9 3.9834773e+08
293 3.8474914e+08
293.1 3.688064e+08
293.2 3.5075483e+08
293.3 3.3087266e+08
293.4 3.0948137e+08
293.5 2.8694924e+08
293.6 2.6369939e+08
293.7 2.4022335e+08
293.8 2.1710214e+08
293.9 1.9503531e+08
294 1.7487315e+08
294.1 1.5763096e+08
294.2 1.4443196e+08
294.3 1.3629868e+08
294.4 1.3378457e+08
294.5 1.3666071e+08
294.6 1.4396564e+08
294.7 1.5439445e+08
294.8 1.6669189e+08
294.9 1.7984531e+08
295 1.9311133e+08
295.1 2.0597284e+08
295.2 2.180845e+08
295.3 2.2922717e+08
295.4 2.3927424e+08
295.5 2.4816773e+08
295.6 2.5590144e+08
295.7 2.6250901e+08
295.8 2.6805528e+08
295.9 2.7263005e+08
296 2.7634312e+08
296.1 2.7932022e+08
296.2 2.8169904e+08
296.3 2.8362507e+08
296.4 2.8524675e+08
296.5 2.8670999e+08
296.6 2.8815212e+08
296.7 2.8969573e+08
296.8 2.9144293e+08
296.9 2.9347082e+08
297 2.9582875e+08
297.1 2.9853778e+08
297.2 3.015925e+08
297.3 3.0496481e+08
297.4 3.0860918e+08
297.5 3.1246861e+08
297.6 3.1648032e+08
297.7 3.2058053e+08
297.8 3.2470787e+08
297.9 3.2880482e+08
298 3.328177e+08
298.1 3.3669521e+08
298.2 3.4038651e+08
298.3 3.4383962e+08
298.4 3.4700101e+08
298.5 3.498173e+08
298.6 3.5223904e+08
298.7 3.5422666e+08
298.8 3.5575757e+08
298.9 3.5683335e+08
299 3.5748544e+08
299.1 3.5777782e+08
299.2 3.5780537e+08
299.3 3.5768673e+08
299.4 3.5755118e+08
299.5 3.5751975e+08
299.6 3.5768145e+08
299.7 3.5806695e+08
299.8 3.5862267e+08
299.9 3.5918926e+08
300 3.5948817e+08
300.1 3.5911927e+08
300.2 3.575713e+08
300.3 3.5424512e+08
300.4 3.4848885e+08
300.5 3.3964289e+08
300.6 3.2709307e+08
300.7 3.103305e+08
300.8 2.8901795e+08
300.9 2.6306676e+08
301 2.3273816e+08
301.1 1.9881094e+08
301.2 1.6294073e+08
301.3 1.2856897e+08
301.4 1.0301885e+08
301.5 98153885
301.6 1.1826128e+08
301.7 1.5342904e+08
301.8 1.940436e+08
301.9 2.3502615e+08
302 2.7369687e+08
302.1 3.0849662e+08
302.2 3.3850567e+08
302.3 3.6325616e+08
302.4 3.8264019e+08
302.5 3.9684509e+08
302.6 4.0629312e+08
302.7 4.1157988e+08
302.8 4.1341189e+08
302.9 4.1254663e+08
303 4.0973828e+08
303.1 4.0569239e+08
303.2 4.0103131e+08
303.3 3.9627166e+08
303.4 3.9181365e+08
303.5 3.8794122e+08
303.6 3.8483113e+08
303.7 3.8256832e+08
303.8 3.8116471e+08
303.9 3.8057878e+08
304 3.8073359e+08
304.1 3.81532e+08
304.2 3.8286832e+08
304.3 3.846365e+08
304.4 3.8673523e+08
304.5 3.8907062e+08
304.6 3.9155692e+08
304.7 3.9411596e+08
304.8 3.9667538e+08
304.9 3.991658e+08
305 4.0151707e+08
305.1 4.0365344e+08
305.2 4.054878e+08
305.3 4.0691559e+08
305.4 4.0780901e+08
305.5 4.0801298e+08
305.6 4.0734448e+08
305.7 4.0559737e+08
305.8 4.0255457e+08
305.9 3.9800924e+08
306 3.9179576e+08
306.1 3.8383e+08
306.2 3.7415691e+08
306.3 3.6300119e+08
306.4 3.5081338e+08
306.5 3.3829916e+08
306.6 3.2641275e+08
306.7 3.1628919e+08
306.8 3.0909358e+08
306.9 3.0579227e+08
307 3.0690594e+08
307.1 3.123524e+08
307.2 3.2146526e+08
307.3 3.3317774e+08
307.4 3.4627567e+08
307.5 3.5961852e+08
307.6 3.7228032e+08
307.7 3.8361056e+08
307.8 3.9323604e+08
307.9 4.0102608e+08
308 4.0703838e+08
308.1 4.1145814e+08
308.2 4.1453957e+08
308.3 4.1655622e+08
308.4 4.1776428e+08
308.5 4.1838038e+08
308.6 4.1857283e+08
308.7 4.1846375e+08
308.8 4.1813804e+08
308.9 4.1765524e+08
309 4.1706104e+08
309.1 4.1639593e+08
309.2 4.1570013e+08
309.3 4.1501462e+08
309.4 4.14379e+08
309.5 4.1382763e+08
309.6 4.1338518e+08
309.7 4.1306332e+08
309.8 4.1285907e+08
309.9 4.1275547e+08
310 4.1272422e+08
310.1 4.1272956e+08
310.2 4.127324e+08
310.3 4.1269388e+08
310.4 4.1257769e+08
310.5 4.123508e+08
310.6 4.1198295e+08
310.7 4.1144512e+08
310.8 4.1070772e+08
310.9 4.0973896e+08
311 4.0850396e+08
311.1 4.0696489e+08
311.2 4.0508229e+08
311.3 4.0281761e+08
311.4 4.0013679e+08
311.5 3.970147e+08
311.6 3.9344011e+08
311.7 3.8942067e+08
311.8 3.8498746e+08
311.9 3.8019833e+08
312 3.7513929e+08
312.1 3.6992323e+08
312.2 3.6468515e+08
312.3 3.5957385e+08
312.4 3.5474026e+08
312.5 3.5032379e+08
312.6 3.4643842e+08
312.7 3.4316136e+08
312.8 3.4052627e+08
312.9 3.3852297e+08
313 3.3710339e+08
313.1 3.361926e+08
313.2 3.357023e+08
313.3 3.3554381e+08
313.4 3.3563819e+08
313.5 3.3592196e+08
313.6 3.3634816e+08
313.7 3.3688381e+08
313.8 3.3750507e+08
313.9 3.3819218e+08
314 3.3892555e+08
314.1 3.3968386e+08
314.2 3.4044433e+08
314.3 3.4118454e+08
314.4 3.4188486e+08
314.5 3.4253046e+08
314.6 3.4311234e+08
314.7 3.4362698e+08
314.8 3.4407479e+08
314.9 3.4445771e+08
315 3.4477626e+08
315.1 3.450266e+08
315.2 3.4519788e+08
315.3 3.4527025e+08
315.4 3.4521408e+08
315.5 3.4499072e+08
315.6 3.4455516e+08
315.7 3.4386084e+08
315.8 3.4286612e+08
315.9 3.4154177e+08
316 3.3987818e+08
316.1 3.3789083e+08
316.2 3.3562285e+08
316.3 3.3314379e+08
316.4 3.3054445e+08
316.5 3.2792885e+08
316.6 3.2540482e+08
316.7 3.2307523e+08
316.8 3.2103205e+08
316.9 3.1935418e+08
317 3.181097e+08
317.1 3.1736138e+08
317.2 3.1717369e+08
317.3 3.1761881e+08
317.4 3.1877888e+08
317.5 3.2074239e+08
317.6 3.2359336e+08
317.7 3.2739344e+08
317.8 3.3215891e+08
317.9 3.3783655e+08
318 3.4428297e+08
318.1 3.512528e+08
318.2 3.5839886e+08
318.3 3.6528598e+08
318.4 3.7141697e+08
318.5 3.7626777e+08
318.6 3.7932749e+08
318.7 3.801392e+08
318.8 3.7833748e+08
318.9 3.7367988e+08
319 3.6607025e+08
319.1 3.5557253e+08
319.2 3.4241499e+08
319.3 3.2698471e+08
319.4 3.0981304e+08
319.5 2.9155208e+08
319.6 2.7294174e+08
319.7 2.5476586e+08
319.8 2.3779517e+08
319.9 2.2271589e+08
320 2.1004873e+08
320.1 2.0007394e+08
320.2 1.927886e+08
320.3 1.879212e+08
320.4 1.850066e+08
320.5 1.8349612e+08
320.6 1.8286457e+08
320.7 1.826858e+08
320.8 1.8266869e+08
320.9 1.8265943e+08
321 1.8262055e+08
321.1 1.8259598e+08
321.2 1.8266938e+08
321.3 1.8292195e+08
321.4 1.8339595e+08
321.5 1.8407006e+08
321.6 1.8485066e+08
321.7 1.8557993e+08
321.8 1.8605733e+08
321.9 1.8606862e+08
322 1.8541579e+08
322.1 1.8394263e+08
322.2 1.8155276e+08
322.3 1.7821936e+08
322.4 1.7398692e+08
322.5 1.6896649e+08
322.6 1.6332599e+08
322.7 1.5727695e+08
322.8 1.5105876e+08
322.9 1.4492117e+08
323 1.3910562e+08
323.1 1.3382621e+08
323.2 1.2925199e+08
323.3 1.2549291e+08
323.4 1.2259242e+08
323.5 1.2052905e+08
323.6 1.1922725e+08
323.7 1.1857541e+08
323.8 1.1844727e+08
323.9 1.1872261e+08
324 1.1930466e+08
324.1 1.2013297e+08
324.2 1.2119185e+08
324.3 1.2251485e+08
324.4 1.2418525e+08
324.5 1.263322e+08
324.6 1.2912133e+08
324.7 1.3273924e+08
324.8 1.3737203e+08
324.9 1.4318058e+08
325 1.5027675e+08
325.1 1.5870572e+08
325.2 1.6843789e+08
325.3 1.7937117e+08
325.4 1.9134159e+08
325.5 2.0413879e+08
325.6 2.1752328e+08
325.7 2.3124294e+08
325.8 2.4504775e+08
325.9 2.5870188e+08
326 2.7199319e+08
326.1 2.8474001e+08
326.2 2.9679534e+08
326.3 3.0804852e+08
326.4 3.1842477e+08
326.5 3.2788278e+08
326.6 3.3641073e+08
326.7 3.4402144e+08
326.8 3.5074689e+08
326.9 3.5663283e+08
327 3.6173375e+08
327.1 3.6610869e+08
327.2 3.69818e+08
327.3 3.7292118e+08
327.4 3.7547563e+08
327.5 3.7753631e+08
327.6 3.7915597e+08
327.7 3.803857e+08
327.8 3.8127565e+08
327.9 3.8187562e+08
328 3.8223546e+08
328.1 3.8240503e+08
328.2 3.8243381e+08
328.3 3.8236996e+08
328.4 3.8225908e+08
328.5 3.8214253e+08
328.6 3.8205555e+08
328.7 3.8202541e+08
328.8 3.8206969e+08
328.9 3.8219495e+08
329 3.8239606e+08
329.1 3.8265613e+08
329.2 3.8294727e+08
329.3 3.8323199e+08
329.4 3.8346509e+08
329.5 3.835957e+08
329.6 3.8356937e+08
329.7 3.8332985e+08
329.8 3.8282042e+08
329.9 3.8198478e+08
330 3.8076745e+08
330.1 3.7911384e+08
330.2 3.7697009e+08
330.3 3.7428273e+08
330.4 3.7099839e+08
330.5 3.6706346e+08
330.6 3.624237e+08
330.7 3.5702385e+08
330.8 3.5080719e+08
330.9 3.437149e+08
331 3.3568552e+08
331.1 3.2665442e+08
331.2 3.1655355e+08
331.3 3.053118e+08
331.4 2.9285642e+08
331.5 2.7911598e+08
331.6 2.6402596e+08
331.7 2.4753816e+08
331.8 2.2963623e+08
331.9 2.103612e+08
332 1.8985453e+08
332.1 1.6843373e+08
332.2 1.467319e+08
332.3 1.2595975e+08
332.4 1.0834956e+08
332.5 97542544
332.6 97587713
332.7 1.0969209e+08
332.8 1.3116009e+08
332.9 1.582922e+08
333 1.8827494e+08
333.1 2.1921087e+08
333.2 2.4976663e+08
333.3 2.7894394e+08
333.4 3.059745e+08
333.5 3.3028199e+08
333.6 3.5147361e+08
333.7 3.6934026e+08
333.8 3.8385362e+08
333.9 3.9515369e+08
334 4.0352423e+08
334.1 4.0935662e+08
334.2 4.1310561e+08
334.3 4.1524241e+08
334.4 4.1621176e+08
334.5 4.1639886e+08
334.6 4.1611023e+08
334.7 4.155693e+08
334.8 4.1492448e+08
334.9 4.1426495e+08
335 4.1363904e+08
335.1 4.1307052e+08
335.2 4.1257009e+08
335.3 4.1214166e+08
335.4 4.1178421e+08
335.5 4.1149142e+08
335.6 4.1125085e+08
335.7 4.110441e+08
335.8 4.1084846e+08
335.9 4.1063985e+08
336 4.1039653e+08
336.1 4.1010306e+08
336.2 4.0975399e+08
336.3 4.0935707e+08
336.4 4.0893563e+08
336.5 4.0852972e+08
336.6 4.0819534e+08
336.7 4.0800092e+08
336.8 4.0802048e+08
336.9 4.0832323e+08
337 4.0895997e+08
337.1 4.0994754e+08
337.2 4.1125295e+08
337.3 4.1277935e+08
337.4 4.1435573e+08
337.5 4.157318e+08
337.6 4.165792e+08
337.7 4.1649899e+08
337.8 4.1503563e+08
337.9 4.1169682e+08
338 4.0597881e+08
338.1 3.9739658e+08
338.2 3.8551815e+08
338.3 3.7000217e+08
338.4 3.5063755e+08
338.5 3.2738436e+08
338.6 3.0041593e+08
338.7 2.7016501e+08
338.8 2.373835e+08
338.9 2.0324062e+08
339 1.6951477e+08
339.1 1.3897238e+08
339.2 1.158898e+08
339.3 1.05561e+08
339.4 1.1035662e+08
339.5 1.2644029e+08
339.6 1.4775757e+08
339.7 1.6999981e+08
339.8 1.9080273e+08
339.9 2.0900172e+08
340 2.2412346e+08
340.1 2.3611014e+08
340.2 2.4516033e+08
340.3 2.5162505e+08
340.4 2.5593336e+08
340.5 2.5853791e+08
340.6 2.5987699e+08
340.7 2.6035072e+08
340.8 2.6030923e+08
340.9 2.6004963e+08
341 2.5981821e+08
341.1 2.5981441e+08
341.2 2.6019425e+08
341.3 2.6107176e+08
341.4 2.6251895e+08
341.5 2.6456536e+08
341.6 2.6719891e+08
341.7 2.7036926e+08
341.8 2.7399384e+08
341.9 2.77966e+08
342 2.8216408e+08
342.1 2.8645988e+08
342.2 2.9072564e+08
342.3 2.9483885e+08
342.4 2.9868493e+08
342.5 3.0215809e+08
342.6 3.0516089e+08
342.7 3.0760305e+08
342.8 3.0939992e+08
342.9 3.1047116e+08
343 3.1073979e+08
343.1 3.1013181e+08
343.2 3.0857684e+08
343.3 3.0600985e+08
343.4 3.0237438e+08
343.5 2.9762757e+08
343.6 2.9174716e+08
343.7 2.8474065e+08
343.8 2.7665632e+08
343.9 2.6759585e+08
344 2.5772726e+08
344.1 2.4729683e+08
344.2 2.3663704e+08
344.3 2.2616692e+08
344.4 2.163789e+08
344.5 2.0780612e+08
344.6 2.0096562e+08
344.7 1.9628075e+08
344.8 1.9399979e+08
344.9 1.9413953e+08
345 1.9647987e+08
345.1 2.0061364e+08
345.2 2.0602963e+08
345.3 2.1219711e+08
345.4 2.1862925e+08
345.5 2.2491865e+08
345.6 2.3074922e+08
345.7 2.3589196e+08
345.8 2.4019179e+08
345.9 2.4355047e+08
346 2.4590856e+08
346.1 2.4722864e+08
346.2 2.4748081e+08
346.3 2.4663148e+08
346.4 2.4463651e+08
346.5 2.4143958e+08
346.6 2.369774e+08
346.7 2.311933e+08
346.8 2.2406181e+08
346.9 2.1562715e+08
347 2.0605981e+08
347.1 1.9573493e+08
347.2 1.8533226e+08
347.3 1.7594044e+08
347.4 1.6910263e+08
347.5 1.6666858e+08
347.6 1.7032077e+08
347.7 1.8090893e+08
347.8 1.9808588e+08
347.9 2.2053857e+08
348 2.4651249e+08
348.1 2.7422143e+08
348.2 3.0204368e+08
348.3 3.2858862e+08
348.4 3.5271508e+08
348.5 3.7353769e+08
348.6 3.9042994e+08
348.7 4.0302289e+08
348.8 4.1119656e+08
348.9 4.1506231e+08
349 4.1493605e+08
349.1 4.1130325e+08
349.2 4.0477741e+08
349.3 3.9605407e+08
349.4 3.8586224e+08
349.5 3.7491567e+08
349.6 3.6386678e+08
349.7 3.5326705e+08
349.8 3.4353822e+08
349.9 3.3495867e+08
350 3.2766745e+08
350.1 3.2168483e+08
350.2 3.1694486e+08
350.3 3.1333238e+08
350.4 3.1071673e+08
350.5 3.0897631e+08
350.6 3.0801149e+08
350.7 3.0774652e+08
350.8 3.0812322e+08
350.9 3.090908e+08
351 3.1059534e+08
351.1 3.1257218e+08
351.2 3.1494263e+08
351.3 3.1761509e+08
351.4 3.2048964e+08
351.5 3.2346444e+08
351.6 3.2644241e+08
351.7 3.2933675e+08
351.8 3.3207481e+08
351.9 3.3459984e+08
352 3.3687117e+08
352.1 3.3886299e+08
352.2 3.4056236e+08
352.3 3.4196699e+08
352.4 3.4308306e+08
352.5 3.439233e+08
352.6 3.4450555e+08
352.7 3.4485182e+08
352.8 3.449878e+08
352.9 3.4494292e+08
353 3.447508e+08
353.1 3.4445004e+08
353.2 3.4408504e+08
353.3 3.4370655e+08
353.4 3.4337127e+08
353.5 3.4314011e+08
353.6 3.4307442e+08
353.7 3.4323015e+08
353.8 3.4365026e+08
353.9 3.4435622e+08
354 3.4534034e+08
354.1 3.4656039e+08
354.2 3.4793829e+08
354.3 3.4936366e+08
354.4 3.5070227e+08
354.5 3.5180842e+08
354.6 3.5253978e+08
354.7 3.527726e+08
354.8 3.5241562e+08
354.9 3.5142101e+08
355 3.4979121e+08
355.1 3.4758127e+08
355.2 3.4489656e+08
355.3 3.4188639e+08
355.4 3.3873423e+08
355.5 3.3564575e+08
355.6 3.3283556e+08
355.7 3.305138e+08
355.8 3.2887331e+08
355.9 3.2807821e+08
356 3.2825435e+08
356.1 3.2948233e+08
356.2 3.3179348e+08
356.3 3.3516913e+08
356.4 3.3954315e+08
356.5 3.4480755e+08
356.6 3.5082046e+08
356.7 3.5741555e+08
356.8 3.6441201e+08
356.9 3.7162414e+08
357 3.788699e+08
357.1 3.859779e+08
357.2 3.9279265e+08
357.3 3.9917811e+08
357.4 4.050196e+08
357.5 4.1022442e+08
357.6 4.1472149e+08
357.7 4.184603e+08
357.8 4.2140963e+08
357.9 4.2355621e+08
358 4.249037e+08
358.1 4.254719e+08
358.2 4.252964e+08
358.3 4.2442828e+08
358.4 4.2293368e+08
358.5 4.2089265e+08
358.6 4.1839681e+08
358.7 4.1554512e+08
358.8 4.1243762e+08
358.9 4.0916694e+08
359 4.0580805e+08
359.1 4.0240725e+08
359.2 3.9897163e+08
359.3 3.9546056e+08
359.4 3.9178054e+08
359.5 3.8778427e+08
359.6 3.8327466e+08
359.7 3.7801357e+08
359.8 3.717354e+08
359.9 3.6416548e+08
360 3.5504307e+08
360.1 3.4414935e+08
360.2 3.3133977e+08
360.3 3.1658033e+08
360.4 2.9998585e+08
360.5 2.8185806e+08
360.6 2.627193e+08
360.7 2.4333559e+08
360.8 2.247163e+08
360.9 2.0806621e+08
361 1.9465166e+08
361.1 1.8555138e+08
361.2 1.8133602e+08
361.3 1.8184413e+08
361.4 1.8623457e+08
361.5 1.9329477e+08
361.6 2.0179435e+08
361.7 2.1071338e+08
361.8 2.1932182e+08
361.9 2.2716559e+08
362 2.3401407e+08
362.1 2.3979992e+08
362.2 2.4456408e+08
362.3 2.484097e+08
362.4 2.5146524e+08
362.5 2.5385616e+08
362.6 2.5568494e+08
362.7 2.5701938e+08
362.8 2.5788948e+08
362.9 2.5829302e+08
363 2.5820964e+08
363.1 2.5762303e+08
363.2 2.5655039e+08
363.3 2.5507778e+08
363.4 2.5339869e+08
363.5 2.5184981e+08
363.6 2.5093294e+08
363.7 2.5130557e+08
363.8 2.5372022e+08
363.9 2.5890199e+08
364 2.6738157e+08
364.1 2.7933657e+08
364.2 2.945059e+08
364.3 3.122109e+08
364.4 3.3146535e+08
364.5 3.511263e+08
364.6 3.7004242e+08
364.7 3.8717717e+08
364.8 4.0170003e+08
364.9 4.1304618e+08
365 4.2094613e+08
365.1 4.254264e+08
365.2 4.2678263e+08
365.3 4.2552715e+08
365.4 4.223155e+08
365.5 4.1785866e+08
365.6 4.128313e+08
365.7 4.0778867e+08
365.8 4.0310553e+08
365.9 3.9894747e+08
366 3.952778e+08
366.1 3.9189484e+08
366.2 3.8848732e+08
366.3 3.846939e+08
366.4 3.8015535e+08
366.5 3.7455348e+08
366.6 3.6763627e+08
366.7 3.592321e+08
366.8 3.4925807e+08
366.9 3.3772702e+08
367 3.2475731e+08
367.1 3.1058762e+08
367.2 2.9559715e+08
367.3 2.8032828e+08
367.4 2.6550408e+08
367.5 2.520248e+08
367.6 2.4091801e+08
367.7 2.3321428e+08
367.8 2.2974353e+08
367.9 2.3090782e+08
368 2.3654402e+08
368.1 2.4596376e+08
368.2 2.5814397e+08
368.3 2.7195725e+08
368.4 2.8634922e+08
368.5 3.0043632e+08
368.6 3.135409e+08
368.7 3.2518926e+08
368.8 3.350917e+08
368.9 3.4311514e+08
369 3.4925379e+08
369.1 3.5360053e+08
369.2 3.563204e+08
369.3 3.5762725e+08
369.4 3.5776385e+08
369.5 3.5698581e+08
369.6 3.5554919e+08
369.7 3.537014e+08
369.8 3.5167484e+08
369.9 3.4968249e+08
370 3.4791458e+08
370.1 3.4653564e+08
370.2 3.4568133e+08
370.3 3.4545492e+08
370.4 3.4592352e+08
370.5 3.4711491e+08
370.6 3.490157e+08
370.7 3.5157179e+08
370.8 3.5469185e+08
370.9 3.5825376e+08
371 3.6211361e+08
371.1 3.6611622e+08
371.2 3.7010575e+08
371.3 3.7393509e+08
371.4 3.7747313e+08
371.5 3.8060901e+08
371.6 3.8325356e+08
371.7 3.8533795e+08
371.8 3.8681055e+08
371.9 3.8763254e+08
372 3.8777321e+08
372.1 3.8720568e+08
372.2 3.8590334e+08
372.3 3.8383735e+08
372.4 3.8097497e+08
372.5 3.7727867e+08
372.6 3.7270547e+08
372.7 3.672062e+08
372.8 3.6072466e+08
372.9 3.5319637e+08
373 3.4454768e+08
373.1 3.3469569e+08
373.2 3.2355009e+08
373.3 3.1101802e+08
373.4 2.9701276e+08
373.5 2.8146696e+08
373.6 2.6435036e+08
373.7 2.4569215e+08
373.8 2.2560823e+08
373.9 2.0433578e+08
374 1.8228134e+08
374.1 1.6009599e+08
374.2 1.3880009e+08
374.3 1.199736e+08
374.4 1.0592057e+08
374.5 99346128
374.6 1.0191694e+08
374.7 1.1281024e+08
374.8 1.2946306e+08
374.9 1.4931794e+08
375 1.7054256e+08
375.1 1.9195593e+08
375.2 2.128088e+08
375.3 2.3262275e+08
375.4 2.5109391e+08
375.5 2.6803692e+08
375.6 2.8335093e+08
375.7 2.9699764e+08
375.8 3.0898587e+08
375.9 3.1935991e+08
376 3.281901e+08
376.1 3.3556484e+08
376.2 3.4158368e+08
376.3 3.4635127e+08
376.4 3.4997216e+08
376.5 3.5254674e+08
376.6 3.5416842e+08
376.7 3.5492232e+08
376.8 3.5488587e+08
376.9 3.5413116e+08
377 3.5272915e+08
377.1 3.5075529e+08
377.2 3.4829568e+08
377.3 3.45453e+08
377.4 3.4235064e+08
377.5 3.3913392e+08
377.6 3.3596707e+08
377.7 3.3302527e+08
377.8 3.3048204e+08
377.9 3.2849285e+08
378 3.2717771e+08
378.1 3.2660561e+08
378.2 3.2678426e+08
378.3 3.2765768e+08
378.4 3.2911225e+08
378.5 3.3099024e+08
378.6 3.3310809e+08
378.7 3.35276e+08
378.8 3.3731552e+08
378.9 3.3907271e+08
379 3.4042539e+08
379.1 3.4128407e+08
379.2 3.415869e+08
379.3 3.412896e+08
379.4 3.403518e+08
379.5 3.3872155e+08
379.6 3.3631996e+08
379.7 3.3302825e+08
379.8 3.2867923e+08
379.9 3.2305532e+08
380 3.158943e+08
380.1 3.0690383e+08
380.2 2.9578467e+08
380.3 2.8226198e+08
380.4 2.6612407e+08
380.5 2.4726795e+08
380.6 2.2575333e+08
380.7 2.0187151e+08
380.8 1.7624804e+08
380.9 1.5002479e+08
381 1.2521371e+08
381.1 1.052854e+08
381.2 95318565
381.3 99211684
381.4 1.1534597e+08
381.5 1.3861525e+08
381.6 1.647642e+08
381.7 1.9122396e+08
381.8 2.1652586e+08
381.9 2.3982396e+08
382 2.6064208e+08
382.1 2.7874135e+08
382.2 2.9404338e+08
382.3 3.0657941e+08
382.4 3.1645324e+08
382.5 3.2381251e+08
382.6 3.2882652e+08
382.7 3.3166954e+08
382.8 3.3250977e+08
382.9 3.3150407e+08
383 3.2879883e+08
383.1 3.2453725e+08
383.2 3.1887278e+08
383.3 3.1198795e+08
383.4 3.0411661e+08
383.5 2.9556666e+08
383.6 2.8673847e+08
383.7 2.781325e+08
383.8 2.7033809e+08
383.9 2.6399478e+08
384 2.59722e+08
384.1 2.5802375e+08
384.2 2.5919109e+08
384.3 2.6323686e+08
384.4 2.6988966e+08
384.5 2.7864906e+08
384.6 2.8887761e+08
384.7 2.9989683e+08
384.8 3.1106422e+08
384.9 3.2182335e+08
385 3.3172953e+08
385.1 3.4045732e+08
385.2 3.4779602e+08
385.3 3.5363789e+08
385.4 3.5796223e+08
385.5 3.6081751e+08
385.6 3.6230327e+08
385.7 3.6255285e+08
385.8 3.6171786e+08
385.9 3.5995506e+08
386 3.5741592e+08
386.1 3.5423901e+08
386.2 3.5054505e+08
386.3 3.464344e+08
386.4 3.4198661e+08
386.5 3.3726161e+08
386.6 3.3230211e+08
386.7 3.2713675e+08
386.8 3.217838e+08
386.9 3.1625497e+08
387 3.1055912e+08
387.1 3.0470576e+08
387.2 2.9870816e+08
387.3 2.9258593e+08
387.4 2.8636703e+08
387.5 2.8008917e+08
387.6 2.7380053e+08
387.7 2.6755968e+08
387.8 2.6143479e+08
387.9 2.55502e+08
388 2.4984307e+08
388.1 2.4454231e+08
388.2 2.396828e+08
388.3 2.3534226e+08
388.4 2.3158845e+08
388.5 2.284745e+08
388.6 2.260342e+08
388.7 2.2427749e+08
388.8 2.2318627e+08
388.9 2.2271095e+08
389 2.2276783e+08
389.1 2.2323791e+08
389.2 2.2396751e+08
389.3 2.2477113e+08
389.4 2.2543713e+08
389.5 2.2573622e+08
389.6 2.2543286e+08
389.7 2.2429915e+08
389.8 2.2213042e+08
389.9 2.1876137e+08
390 2.1408141e+08
390.1 2.0804737e+08
390.2 2.0069226e+08
390.3 1.9212838e+08
390.4 1.8254417e+08
390.5 1.7219439e+08
390.6 1.6138434e+08
390.7 1.504495e+08
390.8 1.3973277e+08
390.9 1.2956214e+08
391 1.2023221e+08
391.1 1.1199303e+08
391.2 1.0504966e+08
391.3 99573445
391.4 95722226
391.5 93661345
391.6 93573213
391.7 95645636
391.8 1.0003961e+08
391.9 1.068509e+08
392 1.1608416e+08
392.1 1.2764838e+08
392.2 1.4136833e+08
392.3 1.5700048e+08
392.4 1.7424569e+08
392.5 1.9275674e+08
392.6 2.1214275e+08
392.7 2.3197329e+08
392.8 2.5178475e+08
392.9 2.7109006e+08
393 2.8939234e+08
393.1 3.062017e+08
393.2 3.2105392e+08
393.3 3.335292e+08
393.4 3.4326903e+08
393.5 3.4998925e+08
393.6 3.5348796e+08
393.7 3.5364756e+08
393.8 3.5043087e+08
393.9 3.4387229e+08
394 3.3406525e+08
394.1 3.2114776e+08
394.2 3.052877e+08
394.3 2.8666967e+08
394.4 2.6548461e+08
394.5 2.4192306e+08
394.6 2.1617302e+08
394.7 1.8842261e+08
394.8 1.5886929e+08
394.9 1.2773983e+08
395 95340520
395.1 62244264
395.2 30658137
395.3 22091598
395.4 51296074
395.5 85853068
395.6 1.2072975e+08
395.7 1.5482073e+08
395.8 1.8741997e+08
395.9 2.1790306e+08
396 2.4568361e+08
396.1 2.7021996e+08
396.2 2.9103518e+08
396.3 3.077399e+08
396.4 3.2005273e+08
396.5 3.2781518e+08
396.6 3.3099909e+08
396.7 3.297054e+08
396.8 3.2415463e+08
396.9 3.1467046e+08
397 3.0165861e+08
397.1 2.8558406e+08
397.2 2.6694985e+08
397.3 2.4628066e+08
397.4 2.2411426e+08
397.5 2.0100421e+08
397.6 1.7753826e+08
397.7 1.5437968e+08
397.8 1.323431e+08
397.9 1.1251707e+08
398 96407785
398.1 85905849
398.2 82597476
398.3 86489166
398.4 95777130
398.5 1.0812641e+08
398.6 1.2168317e+08
398.7 1.3522296e+08
398.8 1.4797572e+08
398.9 1.5945679e+08
399 1.6935956e+08
399.1 1.7749334e+08
399.2 1.8374696e+08
399.3 1.8806687e+08
399.4 1.9044337e+08
399.5 1.9090217e+08
399.6 1.8949989e+08
399.7 1.8632268e+08
399.8 1.8148772e+08
399.9 1.7514747e+08
400 1.6749624e+08
400.1 1.5877901e+08
400.2 1.4930189e+08
400.3 1.3944269e+08
400.4 1.2965845e+08
400.5 1.2048264e+08
400.6 1.1249895e+08
400.7 1.0627474e+08
400.8 1.022474e+08
400.9 1.0059357e+08
401 1.0115478e+08
401.1 1.0347976e+08
401.2 1.0696241e+08
401.3 1.1099314e+08
401.4 1.1506176e+08
401.5 1.1880193e+08
401.6 1.2199579e+08
401.7 1.2455867e+08
401.8 1.2651639e+08
401.9 1.2798155e+08
402 1.2913179e+08
402.1 1.3019129e+08
402.2 1.3141595e+08
402.3 1.3308158e+08
402.4 1.3547394e+08
402.5 1.3887854e+08
402.6 1.4356875e+08
402.7 1.4979103e+08
402.8 1.5774833e+08
402.9 1.675836e+08
403 1.7936593e+08
403.1 1.9308121e+08
403.2 2.0862746e+08
403.3 2.2581417e+08
403.4 2.4436459e+08
403.5 2.639204e+08
403.6 2.8404882e+08
403.7 3.0425263e+08
403.8 3.2398391e+08
403.9 3.426619e+08
404 3.5969514e+08
404.1 3.7450774e+08
404.2 3.8656858e+08
404.3 3.9542231e+08
404.4 4.0071996e+08
404.5 4.0224714e+08
404.6 3.9994708e+08
404.7 3.93936e+08
404.8 3.8450822e+08
404.9 3.7212868e+08
405 3.5741104e+08
405.1 3.4108033e+08
405.2 3.2392039e+08
405.3 3.0670842e+08
405.4 2.9014227e+08
405.5 2.7477039e+08
405.6 2.6093837e+08
405.7 2.4876668e+08
405.8 2.3816864e+08
405.9 2.2890554e+08
406 2.206639e+08
406.1 2.1313356e+08
406.2 2.0606894e+08
406.3 1.993249e+08
406.4 1.9286764e+08
406.5 1.8676616e+08
406.6 1.8117125e+08
406.7 1.7628834e+08
406.8 1.7234846e+08
406.9 1.6958087e+08
407 1.6818969e+08
407.1 1.6833659e+08
407.2 1.7013064e+08
407.3 1.736253e+08
407.4 1.788211e+08
407.5 1.8567157e+08
407.6 1.940901e+08
407.7 2.0395618e+08
407.8 2.1512052e+08
407.9 2.2740958e+08
408 2.4062988e+08
408.1 2.5457271e+08
408.2 2.6901927e+08
408.3 2.837462e+08
408.4 2.9853114e+08
408.5 3.1315811e+08
408.6 3.2742245e+08
408.7 3.411351e+08
408.8 3.5412618e+08
408.9 3.662478e+08
409 3.7737614e+08
409.1 3.8741279e+08
409.2 3.9628551e+08
409.3 4.0394842e+08
409.4 4.1038199e+08
409.5 4.1559285e+08
409.6 4.1961365e+08
409.7 4.2250327e+08
409.8 4.2434709e+08
409.9 4.2525725e+08
410 4.2537217e+08
410.1 4.2485447e+08
410.2 4.238863e+08
410.3 4.226611e+08
410.4 4.2137156e+08
410.5 4.2019436e+08
410.6 4.1927388e+08
410.7 4.1870763e+08
410.8 4.1853706e+08
410.9 4.1874638e+08
411 4.1927026e+08
411.1 4.2000918e+08
411.2 4.2084917e+08
411.3 4.2168174e+08
411.4 4.2242025e+08
411.5 4.2300995e+08
411.6 4.2343084e+08
411.7 4.2369382e+08
411.8 4.238316e+08
411.9 4.2388662e+08
412 4.2389781e+08
412.1 4.238882e+08
412.2 4.2385452e+08
412.3 4.2375965e+08
412.4 4.2352842e+08
412.5 4.2304664e+08
412.6 4.221634e+08
412.7 4.206963e+08
412.8 4.1843914e+08
412.9 4.151721e+08
413 4.1067361e+08
413.1 4.0473392e+08
413.2 3.971698e+08
413.3 3.8783997e+08
413.4 3.7666104e+08
413.5 3.6362351e+08
413.6 3.4880759e+08
413.7 3.3239892e+08
413.8 3.1470373e+08
413.9 2.9616334e+08
414 2.7736613e+08
414.1 2.5905276e+08
414.2 2.4210444e+08
414.3 2.2749621e+08
414.4 2.1619181e+08
414.5 2.0897062e+08
414.6 2.062247e+08
414.7 2.0782303e+08
414.8 2.1313482e+08
414.9 2.2120412e+08
415 2.3097358e+08
415.1 2.4145894e+08
415.2 2.5184214e+08
415.3 2.6150037e+08
415.4 2.6999946e+08
415.5 2.7707215e+08
415.6 2.8259197e+08
415.7 2.8654741e+08
415.8 2.8901779e+08
415.9 2.9015168e+08
416 2.9014806e+08
416.1 2.8924082e+08
416.2 2.8768647e+08
416.3 2.8575506e+08
416.4 2.8372293e+08
416.5 2.8186597e+08
416.6 2.8045124e+08
416.7 2.7972557e+08
416.8 2.7990104e+08
416.9 2.8113902e+08
417 2.8353624e+08
417.1 2.871169e+08
417.2 2.9183361e+08
417.3 2.9757747e+08
417.4 3.0419501e+08
417.5 3.1150785e+08
417.6 3.1933106e+08
417.7 3.2748694e+08
417.8 3.3581303e+08
417.9 3.4416441e+08
418 3.5241134e+08
418.1 3.6043406e+08
418.2 3.6811649e+08
418.3 3.7534052e+08
418.4 3.8198241e+08
418.5 3.8791229e+08
418.6 3.9299758e+08
418.7 3.971103e+08
418.8 4.0013792e+08
418.9 4.0199639e+08
419 4.0264367e+08
419.1 4.0209157e+08
419.2 4.0041371e+08
419.3 3.9774782e+08
419.4 3.9429139e+08
419.5 3.9029069e+08
419.6 3.8602398e+08
419.7 3.817809e+08
419.8 3.7784022e+08
419.9 3.7444858e+08
420 3.7180252e+08
420.1 3.7003565e+08
420.2 3.6921189e+08
420.3 3.6932487e+08
420.4 3.7030251e+08
420.5 3.7201526e+08
420.6 3.7428626e+08
420.7 3.7690174e+08
420.8 3.796206e+08
420.9 3.8218273e+08
421 3.8431613e+08
421.1 3.8574336e+08
421.2 3.8618818e+08
421.3 3.8538321e+08
421.4 3.8307957e+08
421.5 3.7905922e+08
421.6 3.7315089e+08
421.7 3.6524984e+08
421.8 3.5534204e+08
421.9 3.4353269e+08
422 3.3007868e+08
422.1 3.1542318e+08
422.2 3.0022766e+08
422.3 2.8539051e+08
422.4 2.7203082e+08
422.5 2.6140354e+08
422.6 2.5471369e+08
422.7 2.5283851e+08
422.8 2.560532e+08
422.9 2.6391059e+08
423 2.7535082e+08
423.1 2.8896369e+08
423.2 3.0325866e+08
423.3 3.1685313e+08
423.4 3.2857094e+08
423.5 3.374797e+08
423.6 3.42896e+08
423.7 3.4437669e+08
423.8 3.4170471e+08
423.9 3.348732e+08
424 3.2406942e+08
424.1 3.0965934e+08
424.2 2.92174e+08
424.3 2.7229891e+08
424.4 2.5086827e+08
424.5 2.2886462e+08
424.6 2.0742115e+08
424.7 1.8781243e+08
424.8 1.7139706e+08
424.9 1.5944985e+08
425 1.5284802e+08
425.1 1.5172672e+08
425.2 1.5538054e+08
425.3 1.6254362e+08
425.4 1.7182748e+08
425.5 1.8203005e+08
425.6 1.9224549e+08
425.7 2.0185129e+08
425.8 2.1045306e+08
425.9 2.1782767e+08
426 2.2387763e+08
426.1 2.28598e+08
426.2 2.3205372e+08
426.3 2.3436421e+08
426.4 2.3569265e+08
426.5 2.362374e+08
426.6 2.362234e+08
426.7 2.3589168e+08
426.8 2.3548582e+08
426.9 2.3523515e+08
427 2.3533568e+08
427.1 2.3593139e+08
427.2 2.3709919e+08
427.3 2.3884105e+08
427.4 2.4108554e+08
427.5 2.4369883e+08
427.6 2.4650328e+08
427.7 2.4930008e+08
427.8 2.5189253e+08
427.9 2.541068e+08
428 2.5580844e+08
428.1 2.5691366e+08
428.2 2.5739538e+08
428.3 2.5728421e+08
428.4 2.5666504e+08
428.5 2.5566978e+08
428.6 2.5446711e+08
428.7 2.5325033e+08
428.8 2.5222423e+08
428.9 2.5159243e+08
429 2.5154595e+08
429.1 2.5225378e+08
429.2 2.5385532e+08
429.3 2.5645437e+08
429.4 2.6011402e+08
429.5 2.6485245e+08
429.6 2.7063975e+08
429.7 2.7739715e+08
429.8 2.8499947e+08
429.9 2.9328154e+08
430 3.0204858e+08
430.1 3.1108928e+08
430.2 3.2019012e+08
430.3 3.2914903e+08
430.4 3.377869e+08
430.5 3.4595589e+08
430.6 3.5354417e+08
430.7 3.6047723e+08
430.8 3.6671622e+08
430.9 3.7225411e+08
431 3.7711056e+08
431.1 3.813261e+08
431.2 3.8495632e+08
431.3 3.8806649e+08
431.4 3.9072681e+08
431.5 3.9300824e+08
431.6 3.9497906e+08
431.7 3.9670175e+08
431.8 3.9823051e+08
431.9 3.99609e+08
432 4.0086864e+08
432.1 4.0202737e+08
432.2 4.030889e+08
432.3 4.040424e+08
432.4 4.0486251e+08
432.5 4.0550952e+08
432.6 4.0592953e+08
432.7 4.0605455e+08
432.8 4.0580262e+08
432.9 4.05078e+08
433 4.0377155e+08
433.1 4.0176171e+08
433.2 3.9891588e+08
433.3 3.9509273e+08
433.4 3.9014521e+08
433.5 3.8392447e+08
433.6 3.7628482e+08
433.7 3.6708955e+08
433.8 3.562178e+08
433.9 3.4357226e+08
434 3.2908758e+08
434.1 3.1273908e+08
434.2 2.9455157e+08
434.3 2.7460772e+08
434.4 2.5305583e+08
434.5 2.3011731e+08
434.6 2.0609482e+08
434.7 1.8138406e+08
434.8 1.5649571e+08
434.9 1.3210099e+08
435 1.0912792e+08
435.1 88947789
435.2 73620962
435.3 65692791
435.4 66430146
435.5 74009979
435.6 85113897
435.7 97153900
435.8 1.0860013e+08
435.9 1.185961e+08
436 1.2665075e+08
436.1 1.3247141e+08
436.2 1.3587767e+08
436.3 1.3675616e+08
436.4 1.350372e+08
436.5 1.3068499e+08
436.6 1.2369868e+08
436.7 1.1412572e+08
436.8 1.0209481e+08
436.9 87892300
437 72157411
437.1 56449852
437.2 44850187
437.3 45144459
437.4 60062439
437.5 83765231
437.6 1.1173152e+08
437.7 1.4182993e+08
437.8 1.7284193e+08
437.9 2.038456e+08
438 2.3401263e+08
438.1 2.6254283e+08
438.2 2.8864902e+08
438.3 3.1156368e+08
438.4 3.3055742e+08
438.5 3.4496578e+08
438.6 3.5422341e+08
438.7 3.5790699e+08
438.8 3.557896e+08
438.9 3.4791174e+08
439 3.3467697e+08
439.1 3.1698303e+08
439.2 2.9639777e+08
439.3 2.753644e+08
439.4 2.5732435e+08
439.5 2.4642217e+08
439.6 2.4631852e+08
439.7 2.5836716e+08
439.8 2.8077098e+08
439.9 3.0962657e+08
440 3.405591e+08
440.1 3.6968303e+08
440.2 3.9389264e+08
440.3 4.1087494e+08
440.4 4.1906181e+08
440.5 4.1758066e+08
440.6 4.0620444e+08
440.7 3.8529217e+08
440.8 3.5571543e+08
440.9 3.1877361e+08
441 2.7611012e+08
441.1 2.2965732e+08
441.2 1.8167904e+08
441.3 1.3512178e+08
441.4 95004366
441.5 72160271
441.6 78725813
441.7 1.0519591e+08
441.8 1.3684533e+08
441.9 1.6759286e+08
442 1.9534189e+08
442.1 2.1935338e+08
442.2 2.3942898e+08
442.3 2.5561921e+08
442.4 2.6809256e+08
442.5 2.7706556e+08
442.6 2.8276317e+08
442.7 2.8539893e+08
442.8 2.8517101e+08
442.9 2.8227201e+08
443 2.7691137e+08
443.1 2.6934854e+08
443.2 2.599348e+08
443.3 2.4915975e+08
443.4 2.376953e+08
443.5 2.2642329e+08
443.6 2.1642154e+08
443.7 2.0887218e+08
443.8 2.0486459e+08
443.9 2.0512194e+08
444 2.0977286e+08
444.1 2.1831394e+08
444.2 2.2978873e+08
444.3 2.4306115e+08
444.4 2.5704433e+08
444.5 2.7082896e+08
444.6 2.8372608e+08
444.7 2.9525856e+08
444.8 3.0512878e+08
444.9 3.1317862e+08
445 3.1935058e+08
445.1 3.2365435e+08
445.2 3.261414e+08
445.3 3.268881e+08
445.4 3.2598756e+08
445.5 3.2354875e+08
445.6 3.1970125e+08
445.7 3.1460315e+08
445.8 3.0844941e+08
445.9 3.0147761e+08
446 2.9396854e+08
446.1 2.8623917e+08
446.2 2.7862691e+08
446.3 2.714654e+08
446.4 2.6505435e+08
446.5 2.5962851e+08
446.6 2.5533249e+08
446.7 2.5220819e+08
446.8 2.5019902e+08
446.9 2.4917037e+08
447 2.489412e+08
447.1 2.4931884e+08
447.2 2.5012951e+08
447.3 2.5123896e+08
447.4 2.5256065e+08
447.5 2.5405146e+08
447.6 2.5569675e+08
447.7 2.5748841e+08
447.8 2.5940066e+08
447.9 2.6136922e+08
448 2.6327899e+08
448.1 2.6496339e+08
448.2 2.662159e+08
448.3 2.6681086e+08
448.4 2.6652886e+08
448.5 2.6518119e+08
448.6 2.6262924e+08
448.7 2.5879599e+08
448.8 2.5366932e+08
448.9 2.472981e+08
449 2.3978314e+08
449.1 2.3126525e+08
449.2 2.2191273e+08
449.3 2.1190974e+08
449.4 2.0144663e+08
449.5 1.9071272e+08
449.6 1.7989137e+08
449.7 1.6915711e+08
449.8 1.586742e+08
449.9 1.4859584e+08
450 1.3906364e+08
450.1 1.3020646e+08
450.2 1.2213853e+08
450.3 1.1495642e+08
450.4 1.0873521e+08
450.5 1.0352458e+08
450.6 99345448
450.7 96188594
450.8 94015763
450.9 92763470
451 92348779
451.1 92675915
451.2 93642588
451.3 95145374
451.4 97083982
451.5 99364588
451.6 1.0190241e+08
451.7 1.0462368e+08
451.8 1.074669e+08
451.9 1.1038348e+08
452 1.1333751e+08
452.1 1.1630493e+08
452.2 1.1927202e+08
452.3 1.2223361e+08
452.4 1.25191e+08
452.5 1.281499e+08
452.6 1.3111855e+08
452.7 1.3410595e+08
452.8 1.3712044e+08
452.9 1.4016849e+08
453 1.432538e+08
453.1 1.4637659e+08
453.2 1.4953322e+08
453.3 1.5271604e+08
453.4 1.5591349e+08
453.5 1.5911048e+08
453.6 1.6228905e+08
453.7 1.6542923e+08
453.8 1.6851002e+08
453.9 1.7151054e+08
454 1.7441114e+08
454.1 1.7719445e+08
454.2 1.7984631e+08
454.3 1.8235648e+08
454.4 1.8471913e+08
454.5 1.8693308e+08
454.6 1.890019e+08
454.7 1.9093381e+08
454.8 1.9274148e+08
454.9 1.9444197e+08
455 1.9605663e+08
455.1 1.976112e+08
455.2 1.9913615e+08
455.3 2.0066698e+08
455.4 2.0224459e+08
455.5 2.0391524e+08
455.6 2.0572985e+08
455.7 2.077423e+08
455.8 2.1000631e+08
455.9 2.1257077e+08
456 2.1547369e+08
456.1 2.187351e+08
456.2 2.2234982e+08
456.3 2.2628122e+08
456.4 2.3045724e+08
456.5 2.3476957e+08
456.6 2.3907688e+08
456.7 2.432121e+08
456.8 2.4699341e+08
456.9 2.5023821e+08
457 2.5277875e+08
457.1 2.544785e+08
457.2 2.5524775e+08
457.3 2.5505754e+08
457.4 2.5395069e+08
457.5 2.5204897e+08
457.6 2.4955521e+08
457.7 2.46749e+08
457.8 2.4397437e+08
457.9 2.4161799e+08
458 2.4007736e+08
458.1 2.3972058e+08
458.2 2.4084292e+08
458.3 2.4362836e+08
458.4 2.4812567e+08
458.5 2.5424517e+08
458.6 2.6177614e+08
458.7 2.7041878e+08
458.8 2.7982204e+08
458.9 2.8961933e+08
459 2.9945779e+08
459.1 3.090196e+08
459.2 3.1803593e+08
459.3 3.2629476e+08
459.4 3.3364412e+08
459.5 3.3999152e+08
459.6 3.4530069e+08
459.7 3.4958598e+08
459.8 3.5290495e+08
459.9 3.5534979e+08
460 3.570379e+08
460.1 3.581022e+08
460.2 3.5868186e+08
460.3 3.5891359e+08
460.4 3.5892404e+08
460.5 3.5882351e+08
460.6 3.5870098e+08
460.7 3.5862086e+08
460.8 3.5862145e+08
460.9 3.5871554e+08
461 3.5889318e+08
461.1 3.5912676e+08
461.2 3.5937796e+08
461.3 3.5960597e+08
461.4 3.5977592e+08
461.5 3.5986654e+08
461.6 3.5987608e+08
461.7 3.5982582e+08
461.8 3.5976081e+08
461.9 3.597478e+08
462 3.5987056e+08
462.1 3.602228e+08
462.2 3.6089924e+08
462.3 3.6198514e+08
462.4 3.6354516e+08
462.5 3.6561233e+08
462.6 3.6817832e+08
462.7 3.7118635e+08
462.8 3.745277e+08
462.9 3.7804289e+08
463 3.8152764e+08
463.1 3.8474329e+08
463.2 3.8743054e+08
463.3 3.8932512e+08
463.4 3.901738e+08
463.5 3.8974914e+08
463.6 3.8786211e+08
463.7 3.8437185e+08
463.8 3.7919263e+08
463.9 3.7229852e+08
464 3.6372643e+08
464.1 3.5357856e+08
464.2 3.420251e+08
464.3 3.293078e+08
464.4 3.1574448e+08
464.5 3.0173364e+08
464.6 2.8775715e+08
464.7 2.743769e+08
464.8 2.6221922e+08
464.9 2.5193928e+08
465 2.4415967e+08
465.1 2.3938601e+08
465.2 2.3791816e+08
465.3 2.3978938e+08
465.4 2.4476203e+08
465.5 2.5238331e+08
465.6 2.6207627e+08
465.7 2.7323125e+08
465.8 2.852746e+08
465.9 2.9770853e+08
466 3.1012707e+08
466.1 3.2221663e+08
466.2 3.3374811e+08
466.3 3.445654e+08
466.4 3.5457284e+08
466.5 3.6372303e+08
466.6 3.7200579e+08
466.7 3.7943839e+08
466.8 3.8605734e+08
466.9 3.9191164e+08
467 3.9705749e+08
467.1 4.0155425e+08
467.2 4.0546168e+08
467.3 4.0883791e+08
467.4 4.117384e+08
467.5 4.1421521e+08
467.6 4.1631684e+08
467.7 4.1808816e+08
467.8 4.195705e+08
467.9 4.208018e+08
468 4.2181672e+08
468.1 4.2264667e+08
468.2 4.2331984e+08
468.3 4.2386123e+08
468.4 4.2429256e+08
468.5 4.2463232e+08
468.6 4.248958e+08
468.7 4.2509515e+08
468.8 4.2523961e+08
468.9 4.2533571e+08
469 4.253877e+08
469.1 4.2539788e+08
469.2 4.2536721e+08
469.3 4.252958e+08
469.4 4.2518354e+08
469.5 4.2503078e+08
469.6 4.2483889e+08
469.7 4.246109e+08
469.8 4.2435198e+08
469.9 4.2406974e+08
470 4.2377433e+08
470.1 4.234781e+08
470.2 4.2319487e+08
470.3 4.2293878e+08
470.4 4.2272274e+08
470.5 4.2255675e+08
470.6 4.2244632e+08
470.7 4.223913e+08
470.8 4.2238545e+08
470.9 4.2241669e+08
471 4.22468e+08
471.1 4.2251874e+08
471.2 4.2254582e+08
471.3 4.2252443e+08
471.4 4.2242819e+08
471.5 4.2222866e+08
471.6 4.2189442e+08
471.7 4.2138998e+08
471.8 4.206746e+08
471.9 4.1970106e+08
472 4.1841406e+08
472.1 4.1674831e+08
472.2 4.1462618e+08
472.3 4.119557e+08
472.4 4.086296e+08
472.5 4.045265e+08
472.6 3.9951523e+08
472.7 3.9346274e+08
472.8 3.8624545e+08
472.9 3.7776292e+08
473 3.679525e+08
473.1 3.5680287e+08
473.2 3.4436462e+08
473.3 3.307565e+08
473.4 3.1616624e+08
473.5 3.0084608e+08
473.6 2.8510328e+08
473.7 2.6928699e+08
473.8 2.5377284e+08
473.9 2.3894672e+08
474 2.2518883e+08
474.1 2.1285849e+08
474.2 2.0227904e+08
474.3 1.9372191e+08
474.4 1.873888e+08
474.5 1.8339257e+08
474.6 1.8173999e+08
474.7 1.8232101e+08
474.8 1.8490932e+08
474.9 1.8917538e+08
475 1.9470979e+08
475.1 2.0105285e+08
475.2 2.0772645e+08
475.3 2.1426602e+08
475.4 2.202509e+08
475.5 2.2533159e+08
475.6 2.2925179e+08
475.7 2.3186306e+08
475.8 2.3313004e+08
475.9 2.3312541e+08
476 2.3201511e+08
476.1 2.3003588e+08
476.2 2.2746809e+08
476.3 2.2460771e+08
476.4 2.217408e+08
476.5 2.1912339e+08
476.6 2.1696833e+08
476.7 2.1543931e+08
476.8 2.1465099e+08
476.9 2.1467327e+08
477 2.1553757e+08
477.1 2.1724302e+08
477.2 2.1976162e+08
477.3 2.230421e+08
477.4 2.2701285e+08
477.5 2.3158468e+08
477.6 2.3665419e+08
477.7 2.42108e+08
477.8 2.4782766e+08
477.9 2.5369512e+08
478 2.5959783e+08
478.1 2.6543316e+08
478.2 2.711116e+08
478.3 2.7655857e+08
478.4 2.8171482e+08
478.5 2.8653568e+08
478.6 2.9098945e+08
478.7 2.9505532e+08
478.8 2.9872126e+08
478.9 3.0198221e+08
479 3.0483885e+08
479.1 3.0729703e+08
479.2 3.0936786e+08
479.3 3.1106814e+08
479.4 3.1242085e+08
479.5 3.1345513e+08
479.6 3.1420555e+08
479.7 3.1471009e+08
479.8 3.1500703e+08
479.9 3.1513064e+08
480 3.1510625e+08
480.1 3.1494516e+08
480.2 3.1464015e+08
480.3 3.1416208e+08
480.4 3.1345837e+08
480.5 3.1245344e+08
480.6 3.1105158e+08
480.7 3.0914185e+08
480.8 3.06605e+08
480.9 3.0332179e+08
481 2.9918219e+08
481.1 2.9409474e+08
481.2 2.8799548e+08
481.3 2.808557e+08
481.4 2.726881e+08
481.5 2.6355096e+08
481.6 2.5355019e+08
481.7 2.4283922e+08
481.8 2.3161706e+08
481.9 2.2012444e+08
482 2.0863836e+08
482.1 1.9746454e+08
482.2 1.8692717e+08
482.3 1.7735461e+08
482.4 1.6905982e+08
482.5 1.6231514e+08
482.6 1.573238e+08
482.7 1.5419388e+08
482.8 1.5292337e+08
482.9 1.5340305e+08
483 1.5543769e+08
483.1 1.5877894e+08
483.2 1.6315954e+08
483.3 1.6832087e+08
483.4 1.7403035e+08
483.5 1.8008929e+08
483.6 1.8633385e+08
483.7 1.9263181e+08
483.8 1.9887746e+08
483.9 2.0498596e+08
484 2.1088804e+08
484.1 2.1652546e+08
484.2 2.2184742e+08
484.3 2.2680806e+08
484.4 2.313649e+08
484.5 2.3547834e+08
484.6 2.39112e+08
484.7 2.4223397e+08
484.8 2.4481862e+08
484.9 2.4684896e+08
485 2.4831938e+08
485.1 2.4923836e+08
485.2 2.496311e+08
485.3 2.4954159e+08
485.4 2.4903369e+08
485.5 2.4819095e+08
485.6 2.4711443e+08
485.7 2.4591854e+08
485.8 2.4472445e+08
485.9 2.4365177e+08
486 2.4280886e+08
486.1 2.4228353e+08
486.2 2.4213523e+08
486.3 2.4239043e+08
486.4 2.4304199e+08
486.5 2.4405273e+08
486.6 2.4536228e+08
486.7 2.4689602e+08
486.8 2.4857438e+08
486.9 2.5032114e+08
487 2.5206974e+08
487.1 2.5376717e+08
487.2 2.5537559e+08
487.3 2.5687196e+08
487.4 2.5824636e+08
487.5 2.5949938e+08
487.6 2.6063934e+08
487.7 2.6167949e+08
487.8 2.6263554e+08
487.9 2.6352363e+08
488 2.6435886e+08
488.1 2.6515429e+08
488.2 2.6592035e+08
488.3 2.6666466e+08
488.4 2.6739214e+08
488.5 2.6810522e+08
488.6 2.6880421e+08
488.7 2.6948767e+08
488.8 2.7015266e+08
488.9 2.7079504e+08
489 2.7140958e+08
489.1 2.7198994e+08
489.2 2.7252868e+08
489.3 2.730171e+08
489.4 2.734451e+08
489.5 2.7380101e+08
489.6 2.7407143e+08
489.7 2.7424108e+08
489.8 2.7429276e+08
489.9 2.7420719e+08
490 2.7396301e+08
490.1 2.735366e+08
490.2 2.7290192e+08
490.3 2.7203008e+08
490.4 2.7088882e+08
490.5 2.6944171e+08
490.6 2.6764745e+08
490.7 2.6545942e+08
490.8 2.6282582e+08
490.9 2.5969108e+08
491 2.5599887e+08
491.1 2.5169714e+08
491.2 2.4674589e+08
491.3 2.4112765e+08
491.4 2.3486134e+08
491.5 2.2801961e+08
491.6 2.2075006e+08
491.7 2.1329948e+08
491.8 2.0603901e+08
491.9 1.9948345e+08
492 1.9429164e+08
492.1 1.9122743e+08
492.2 1.9106154e+08
492.3 1.9441723e+08
492.4 2.0160604e+08
492.5 2.1252917e+08
492.6 2.2669119e+08
492.7 2.4330468e+08
492.8 2.6142548e+08
492.9 2.8007206e+08
493 2.9831536e+08
493.1 3.1534473e+08
493.2 3.3051803e+08
493.3 3.4339934e+08
493.4 3.5378283e+08
493.5 3.6169857e+08
493.6 3.6739662e+08
493.7 3.7130767e+08
493.8 3.7398278e+08
493.9 3.7601851e+08
494 3.7797846e+08
494.1 3.8032369e+08
494.2 3.8336396e+08
494.3 3.8723669e+08
494.4 3.9191371e+08
494.5 3.9722917e+08
494.6 4.0291841e+08
494.7 4.0865826e+08
494.8 4.1410215e+08
494.9 4.1890765e+08
495 4.2275647e+08
495.1 4.2536897e+08
495.2 4.2651491e+08
495.3 4.2602188e+08
495.4 4.2378193e+08
495.5 4.1975639e+08
495.6 4.1397851e+08
495.7 4.0655353e+08
495.8 3.9765571e+08
495.9 3.8752268e+08
496 3.7644722e+08
496.1 3.6476703e+08
496.2 3.528533e+08
496.3 3.4109847e+08
496.4 3.2990339e+08
496.5 3.1966396e+08
496.6 3.107568e+08
496.7 3.0352353e+08
496.8 2.9825369e+08
496.9 2.9516717e+08
497 2.9439779e+08
497.1 2.9598087e+08
497.2 2.9984688e+08
497.3 3.0582262e+08
497.4 3.1363954e+08
497.5 3.2294775e+08
497.6 3.3333388e+08
497.7 3.4434184e+08
497.8 3.5549567e+08
497.9 3.6632452e+08
498 3.7638927e+08
498.1 3.8530943e+08
498.2 3.9278848e+08
498.3 3.9863456e+08
498.4 4.0277368e+08
498.5 4.0525278e+08
498.6 4.0623141e+08
498.7 4.0596207e+08
498.8 4.0476147e+08
498.9 4.0297621e+08
499 4.0094768e+08
499.1 3.9898084e+08
499.2 3.9732095e+08
499.3 3.9614044e+08
499.4 3.9553615e+08
499.5 3.9553532e+08
499.6 3.9610732e+08
499.7 3.9717808e+08
499.8 3.9864437e+08
499.9 4.0038611e+08
500 4.0227598e+08
500.1 4.0418633e+08
500.2 4.0599376e+08
500.3 4.0758222e+08
500.4 4.0884508e+08
500.5 4.0968682e+08
500.6 4.1002449e+08
500.7 4.0978915e+08
500.8 4.0892725e+08
500.9 4.0740196e+08
501 4.0519412e+08
501.1 4.0230299e+08
501.2 3.9874637e+08
501.3 3.945603e+08
501.4 3.8979806e+08
501.5 3.8452865e+08
501.6 3.7883471e+08
501.7 3.7280987e+08
501.8 3.6655583e+08
501.9 3.6017901e+08
502 3.5378716e+08
502.1 3.474859e+08
502.2 3.4137538e+08
502.3 3.3554726e+08
502.4 3.3008209e+08
502.5 3.2504717e+08
502.6 3.2049511e+08
502.7 3.1646298e+08
502.8 3.1297228e+08
502.9 3.100295e+08
503 3.076274e+08
503.1 3.0574674e+08
503.2 3.0435858e+08
503.3 3.0342675e+08
503.4 3.0291057e+08
503.5 3.0276747e+08
503.6 3.029554e+08
503.7 3.0343483e+08
503.8 3.0417025e+08
503.9 3.0513084e+08
504 3.0629032e+08
504.1 3.0762576e+08
504.2 3.0911511e+08
504.3 3.1073332e+08
504.4 3.1244695e+08
504.5 3.14207e+08
504.6 3.1594056e+08
504.7 3.175416e+08
504.8 3.1886231e+08
504.9 3.1970662e+08
505 3.1982764e+08
505.1 3.1893117e+08
505.2 3.1668644e+08
505.3 3.1274473e+08
505.4 3.0676507e+08
505.5 2.9844517e+08
505.6 2.8755457e+08
505.7 2.739665e+08
505.8 2.5768471e+08
505.9 2.3886266e+08
506 2.1781375e+08
506.1 1.9501401e+08
506.2 1.7110236e+08
506.3 1.4688889e+08
506.4 1.2338957e+08
506.5 1.0191212e+08
506.6 84189195
506.7 72348893
506.8 68058766
506.9 70875987
507 78254019
507.1 87480497
507.2 96752852
507.3 1.0509906e+08
507.4 1.1206854e+08
507.5 1.1751613e+08
507.6 1.214792e+08
507.7 1.2410837e+08
507.8 1.2562621e+08
507.9 1.2630093e+08
508 1.2642805e+08
508.1 1.2631632e+08
508.2 1.2627547e+08
508.3 1.2660408e+08
508.4 1.2757693e+08
508.5 1.2943221e+08
508.6 1.3236016e+08
508.7 1.3649527e+08
508.8 1.4191406e+08
508.9 1.4863852e+08
509 1.5664427e+08
509.1 1.6587065e+08
509.2 1.7623069e+08
509.3 1.8761916e+08
509.4 1.999182e+08
509.5 2.1300066e+08
509.6 2.267316e+08
509.7 2.4096857e+08
509.8 2.555612e+08
509.9 2.7035054e+08
510 2.8516848e+08
510.1 2.9983773e+08
510.2 3.1417264e+08
510.3 3.2798124e+08
510.4 3.4106893e+08
510.5 3.5324375e+08
510.6 3.6432362e+08
510.7 3.7414496e+08
510.8 3.825723e+08
510.9 3.89508e+08
511 3.9490093e+08
511.1 3.98753e+08
511.2 4.0112243e+08
511.3 4.0212302e+08
511.4 4.019189e+08
511.5 4.0071508e+08
511.6 3.9874443e+08
511.7 3.962524e+08
511.8 3.9348107e+08
511.9 3.9065448e+08
512 3.879667e+08
512.1 3.8557419e+08
512.2 3.8359282e+08
512.3 3.8209944e+08
512.4 3.8113715e+08
512.5 3.8072284e+08
512.6 3.8085554e+08
512.7 3.8152408e+08
512.8 3.8271308e+08
512.9 3.8440655e+08
513 3.8658882e+08
513.1 3.8924269e+08
513.2 3.9234492e+08
513.3 3.9585938e+08
513.4 3.9972793e+08
513.5 4.0385955e+08
513.6 4.0811824e+08
513.7 4.1231034e+08
513.8 4.1617255e+08
513.9 4.1936211e+08
514 4.2145136e+08
514.1 4.2192894e+08
514.2 4.2021079e+08
514.3 4.1566391e+08
514.4 4.0764609e+08
514.5 3.9556463e+08
514.6 3.7895748e+08
514.7 3.5760109e+08
514.8 3.3165356e+08
514.9 3.018499e+08
515 2.6978083e+08
515.1 2.3828537e+08
515.2 2.1185634e+08
515.3 1.9636882e+08
515.4 1.9665597e+08
515.5 2.1269216e+08
515.6 2.3942507e+08
515.7 2.7043661e+08
515.8 3.0045343e+08
515.9 3.2578657e+08
516 3.4410427e+08
516.1 3.5421281e+08
516.2 3.559371e+08
516.3 3.5006049e+08
516.4 3.3828033e+08
516.5 3.2313708e+08
516.6 3.0784544e+08
516.7 2.9590314e+08
516.8 2.9036358e+08
516.9 2.9291379e+08
517 3.0331525e+08
517.1 3.1969279e+08
517.2 3.3942177e+08
517.3 3.5995581e+08
517.4 3.7926422e+08
517.5 3.9594304e+08
517.6 4.0916287e+08
517.7 4.1856234e+08
517.8 4.2413592e+08
517.9 4.2613336e+08
518 4.249749e+08
518.1 4.211825e+08
518.2 4.1532562e+08
518.3 4.0797968e+08
518.4 3.9969532e+08
518.5 3.9097643e+08
518.6 3.8226529e+08
518.7 3.7393331e+08
518.8 3.6627636e+08
518.9 3.5951393e+08
519 3.5379163e+08
519.1 3.4918672e+08
519.2 3.4571615e+08
519.3 3.4334647e+08
519.4 3.4200491e+08
519.5 3.4159063e+08
519.6 3.4198527e+08
519.7 3.4306224e+08
519.8 3.4469422e+08
519.9 3.467588e+08
520 3.4914224e+08
520.1 3.5174171e+08
520.2 3.5446614e+08
520.3 3.5723611e+08
520.4 3.5998304e+08
520.5 3.6264784e+08
520.6 3.6517934e+08
520.7 3.675324e+08
520.8 3.6966612e+08
520.9 3.7154177e+08
521 3.731208e+08
521.1 3.7436279e+08
521.2 3.7522326e+08
521.3 3.7565155e+08
521.4 3.7558865e+08
521.5 3.7496508e+08
521.6 3.7369918e+08
521.7 3.7169581e+08
521.8 3.6884592e+08
521.9 3.6502759e+08
522 3.6010894e+08
522.1 3.5395377e+08
522.2 3.4643066e+08
522.3 3.3742668e+08
522.4 3.2686639e+08
522.5 3.1473779e+08
522.6 3.0112621e+08
522.7 2.862579e+08
522.8 2.7055416e+08
522.9 2.5469419e+08
523 2.3967562e+08
523.1 2.2684012e+08
523.2 2.1779529e+08
523.3 2.1414523e+08
523.4 2.1702871e+08
523.5 2.2668276e+08
523.6 2.423514e+08
523.7 2.6259091e+08
523.8 2.8570239e+08
523.9 3.1004384e+08
524 3.3417621e+08
524.1 3.5690541e+08
524.2 3.7728173e+08
524.3 3.9458976e+08
524.4 4.0834042e+08
524.5 4.1826772e+08
524.6 4.2432852e+08
524.7 4.2670226e+08
524.8 4.2578592e+08
524.9 4.2217825e+08
525 4.1664544e+08
525.1 4.1006066e+08
525.2 4.0331284e+08
525.3 3.9718906e+08
525.4 3.9224899e+08
525.5 3.8872353e+08
525.6 3.86473e+08
525.7 3.8502426e+08
525.8 3.8367806e+08
525.9 3.8165356e+08
526 3.7823034e+08
526.1 3.7285859e+08
526.2 3.6522447e+08
526.3 3.5527191e+08
526.4 3.4318936e+08
526.5 3.2937293e+08
526.6 3.1437639e+08
526.7 2.9885612e+08
526.8 2.8351595e+08
526.9 2.6905391e+08
527 2.5611085e+08
527.1 2.4522109e+08
527.2 2.3676814e+08
527.3 2.3095281e+08
527.4 2.2778336e+08
527.5 2.2709406e+08
527.6 2.2858874e+08
527.7 2.3189728e+08
527.8 2.3662973e+08
527.9 2.4241727e+08
528 2.4893671e+08
528.1 2.5592066e+08
528.2 2.6315774e+08
528.3 2.7048724e+08
528.4 2.7779145e+08
528.5 2.8498737e+08
528.6 2.9201902e+08
528.7 2.9885073e+08
528.8 3.0546129e+08
528.9 3.1183924e+08
529 3.1797883e+08
529.1 3.2387674e+08
529.2 3.2952939e+08
529.3 3.3493055e+08
529.4 3.4006949e+08
529.5 3.4492929e+08
529.6 3.4948553e+08
529.7 3.5370537e+08
529.8 3.575472e+08
529.9 3.6096086e+08
530 3.63889e+08
530.1 3.6626934e+08
530.2 3.680383e+08
530.3 3.6913579e+08
530.4 3.6951101e+08
530.5 3.6912885e+08
530.6 3.6797643e+08
530.7 3.6606905e+08
530.8 3.6345492e+08
530.9 3.6021827e+08
531 3.5648023e+08
531.1 3.5239746e+08
531.2 3.4815829e+08
531.3 3.4397633e+08
531.4 3.4008164e+08
531.5 3.3670935e+08
531.6 3.3408607e+08
531.7 3.3241437e+08
531.8 3.3185653e+08
531.9 3.3251902e+08
532 3.344396e+08
532.1 3.3757912e+08
532.2 3.4181925e+08
532.3 3.469665e+08
532.4 3.5276203e+08
532.5 3.5889558e+08
532.6 3.6502197e+08
532.7 3.7077853e+08
532.8 3.7580228e+08
532.9 3.797463e+08
533 3.8229484e+08
533.1 3.8317707e+08
533.2 3.8217951e+08
533.3 3.7915683e+08
533.4 3.7404099e+08
533.5 3.6684823e+08
533.6 3.5768372e+08
533.7 3.4674335e+08
533.8 3.3431237e+08
533.9 3.2076034e+08
534 3.06532e+08
534.1 2.9213307e+08
534.2 2.7810985e+08
534.3 2.6502106e+08
534.4 2.5340083e+08
534.5 2.4371361e+08
534.6 2.3630617e+08
534.7 2.3136669e+08
534.8 2.2890405e+08
534.9 2.2875638e+08
535 2.3062789e+08
535.1 2.3414195e+08
535.2 2.3889473e+08
535.3 2.4449693e+08
535.4 2.5059938e+08
535.5 2.5690367e+08
535.6 2.6316248e+08
535.7 2.6917421e+08
535.8 2.7477551e+08
535.9 2.7983406e+08
536 2.8424293e+08
536.1 2.8791698e+08
536.2 2.9079135e+08
536.3 2.9282171e+08
536.4 2.9398584e+08
536.5 2.9428584e+08
536.6 2.9375047e+08
536.7 2.9243692e+08
536.8 2.9043153e+08
536.9 2.8784897e+08
537 2.8482965e+08
537.1 2.8153486e+08
537.2 2.7813987e+08
537.3 2.748248e+08
537.4 2.7176367e+08
537.5 2.6911235e+08
537.6 2.6699628e+08
537.7 2.6549931e+08
537.8 2.6465513e+08
537.9 2.6444224e+08
538 2.6478337e+08
538.1 2.6554908e+08
538.2 2.6656492e+08
538.3 2.6762082e+08
538.4 2.6848165e+08
538.5 2.6889766e+08
538.6 2.6861444e+08
538.7 2.6738197e+08
538.8 2.6496301e+08
538.9 2.6114115e+08
539 2.5572897e+08
539.1 2.4857676e+08
539.2 2.3958232e+08
539.3 2.2870259e+08
539.4 2.1596792e+08
539.5 2.0150111e+08
539.6 1.8554449e+08
539.7 1.6850153e+08
539.8 1.5100392e+08
539.9 1.3401776e+08
540 1.189866e+08
540.1 1.0791392e+08
540.2 1.0305149e+08
540.3 1.0585601e+08
540.4 1.159645e+08
540.5 1.315579e+08
540.6 1.5054944e+08
540.7 1.7125797e+08
540.8 1.9248263e+08
540.9 2.1338273e+08
541 2.3335946e+08
541.1 2.519755e+08
541.2 2.6890463e+08
541.3 2.8390026e+08
541.4 2.9677524e+08
541.5 3.0738912e+08
541.6 3.1564062e+08
541.7 3.2146445e+08
541.8 3.2483152e+08
541.9 3.2575169e+08
542 3.2427806e+08
542.1 3.2051136e+08
542.2 3.1460307e+08
542.3 3.0675611e+08
542.4 2.9722207e+08
542.5 2.8629464e+08
542.6 2.7429973e+08
542.7 2.6158264e+08
542.8 2.4849373e+08
542.9 2.3537356e+08
543 2.2253863e+08
543.1 2.1026879e+08
543.2 1.987969e+08
543.3 1.8830173e+08
543.4 1.7890455e+08
543.5 1.7067016e+08
543.6 1.6361279e+08
543.7 1.5770636e+08
543.8 1.5289827e+08
543.9 1.4912449e+08
544 1.4632374e+08
544.1 1.4444823e+08
544.2 1.4346908e+08
544.3 1.4337549e+08
544.4 1.4416769e+08
544.5 1.4584491e+08
544.6 1.4839072e+08
544.7 1.517587e+08
544.8 1.5586133e+08
544.9 1.6056414e+08
545 1.6568583e+08
545.1 1.7100357e+08
545.2 1.7626194e+08
545.3 1.8118353e+08
545.4 1.854797e+08
545.5 1.8886038e+08
545.6 1.9104236e+08
545.7 1.9175606e+08
545.8 1.907512e+08
545.9 1.8780168e+08
546 1.8271062e+08
546.1 1.75316e+08
546.2 1.6549763e+08
546.3 1.5318615e+08
546.4 1.3837561e+08
546.5 1.2114369e+08
546.6 1.0169219e+08
546.7 80453357
546.8 58456000
546.9 38957265
547 33013313
547.1 48966190
547.2 75051909
547.3 1.0439721e+08
547.4 1.3491344e+08
547.5 1.6567185e+08
547.6 1.9607421e+08
547.7 2.256526e+08
547.8 2.5401023e+08
547.9 2.8080087e+08
548 3.0572055e+08
548.1 3.2850299e+08
548.2 3.4891615e+08
548.3 3.6675898e+08
548.4 3.8185798e+08
548.5 3.9406392e+08
548.6 4.032487e+08
548.7 4.0930288e+08
548.8 4.1213387e+08
548.9 4.1166535e+08
549 4.078377e+08
549.1 4.0060996e+08
549.2 3.8996293e+08
549.3 3.7590346e+08
549.4 3.5846977e+08
549.5 3.3773732e+08
549.6 3.1382505e+08
549.7 2.8690184e+08
549.8 2.5719344e+08
549.9 2.2499144e+08
550 1.9066925e+08
550.1 1.5472092e+08
550.2 1.1787953e+08
550.3 81570589
550.4 50221945
550.5 40926293
550.6 64363718
550.7 99064971
550.8 1.3580714e+08
550.9 1.7224794e+08
551 2.0744224e+08
551.1 2.4083547e+08
551.2 2.7203324e+08
551.3 3.0073296e+08
551.4 3.2669991e+08
551.5 3.4975803e+08
551.6 3.6978616e+08
551.7 3.8671614e+08
551.8 4.0053114e+08
551.9 4.1126364e+08
552 4.1899258e+08
552.1 4.2383972e+08
552.2 4.2596529e+08
552.3 4.2556323e+08
552.4 4.2285632e+08
552.5 4.1809138e+08
552.6 4.1153482e+08
552.7 4.0346857e+08
552.8 3.9418625e+08
552.9 3.8398936e+08
553 3.7318315e+08
553.1 3.6207165e+08
553.2 3.5095156e+08
553.3 3.4010472e+08
553.4 3.2978918e+08
553.5 3.2022958e+08
553.6 3.1160752e+08
553.7 3.0405358e+08
553.8 2.9764224e+08
553.9 2.9239103e+08
554 2.8826419e+08
554.1 2.851805e+08
554.2 2.8302383e+08
554.3 2.8165476e+08
554.4 2.8092145e+08
554.5 2.8066876e+08
554.6 2.8074481e+08
554.7 2.8100535e+08
554.8 2.813162e+08
554.9 2.8155447e+08
555 2.8160909e+08
555.1 2.8138116e+08
555.2 2.8078425e+08
555.3 2.7974484e+08
555.4 2.7820279e+08
555.5 2.7611189e+08
555.6 2.7344026e+08
555.7 2.7017062e+08
555.8 2.663005e+08
555.9 2.6184224e+08
556 2.5682308e+08
556.1 2.5128536e+08
556.2 2.4528688e+08
556.3 2.3890171e+08
556.4 2.3222115e+08
556.5 2.2535503e+08
556.6 2.1843253e+08
556.7 2.1160227e+08
556.8 2.0503029e+08
556.9 1.9889488e+08
557 1.9337705e+08
557.1 1.8864577e+08
557.2 1.8483874e+08
557.3 1.8204093e+08
557.4 1.802653e+08
557.5 1.7944063e+08
557.6 1.7941059e+08
557.7 1.7994502e+08
557.8 1.8076104e+08
557.9 1.815494e+08
558 1.8200137e+08
558.1 1.8183221e+08
558.2 1.8079959e+08
558.3 1.7871601e+08
558.4 1.7545576e+08
558.5 1.7095702e+08
558.6 1.6522e+08
558.7 1.583021e+08
558.8 1.50311e+08
558.9 1.4139679e+08
559 1.3174379e+08
559.1 1.2156321e+08
559.2 1.1108706e+08
559.3 1.0056414e+08
559.4 90258392
559.5 80449355
559.6 71433281
559.7 63520196
559.8 57016971
559.9 52182370
560 49150410
560.1 47855120
560.2 48021187
560.3 49244921
560.4 51108906
560.5 53260865
560.6 55439440
560.7 57466581
560.8 59228131
560.9 60654112
561 61702744
561.1 62348993
561.2 62577517
561.3 62379739
561.4 61754836
561.5 60714375
561.6 59290182
561.7 57544771
561.8 55583286
561.9 53565109
562 51711622
562.1 50303579
562.2 49658525
562.3 50081366
562.4 51797096
562.5 54897070
562.6 59330473
562.7 64939817
562.8 71510036
562.9 78804597
563 86582412
563.1 94601950
563.2 1.0262048e+08
563.3 1.1039341e+08
563.4 1.1767566e+08
563.5 1.2422537e+08
563.6 1.2980938e+08
563.7 1.3421034e+08
563.8 1.3723522e+08
563.9 1.3872606e+08
564 1.3857401e+08
564.1 1.3673854e+08
564.2 1.3327433e+08
564.3 1.2836871e+08
564.4 1.2239262e+08
564.5 1.1596352e+08
564.6 1.100039e+08
564.7 1.0573935e+08
564.8 1.0452759e+08
564.9 1.0744767e+08
565 1.1483894e+08
565.1 1.2618632e+08
565.2 1.4043113e+08
565.3 1.5637371e+08
565.4 1.7291655e+08
565.5 1.8914947e+08
565.6 2.0435767e+08
565.7 2.1800504e+08
565.8 2.2971235e+08
565.9 2.3923512e+08
566 2.4644175e+08
566.1 2.5129218e+08
566.2 2.5381744e+08
566.3 2.5410144e+08
566.4 2.5226554e+08
566.5 2.4845691e+08
566.6 2.428408e+08
566.7 2.3559656e+08
566.8 2.2691686e+08
566.9 2.170092e+08
567 2.0609845e+08
567.1 1.9442934e+08
567.2 1.8226767e+08
567.3 1.6989935e+08
567.4 1.5762656e+08
567.5 1.4576095e+08
567.6 1.3461389e+08
567.7 1.2448381e+08
567.8 1.1564098e+08
567.9 1.0830954e+08
568 1.0264775e+08
568.1 98728875
568.2 96527420
568.3 95916266
568.4 96676486
568.5 98516415
568.6 1.0109306e+08
568.7 1.040302e+08
568.8 1.0693154e+08
568.9 1.0939022e+08
569 1.1099742e+08
569.1 1.1135216e+08
569.2 1.1007392e+08
569.3 1.0681875e+08
569.4 1.0129945e+08
569.5 93310541
569.6 82761882
569.7 69735086
569.8 54622031
569.9 38634062
570 26240565
570.1 29211430
570.2 47087639
570.3 70213709
570.4 95084724
570.5 1.2039431e+08
570.6 1.4538922e+08
570.7 1.6953129e+08
570.8 1.9241674e+08
570.9 2.13753e+08
571 2.3334832e+08
571.1 2.511023e+08
571.2 2.6699419e+08
571.3 2.8106893e+08
571.4 2.9342171e+08
571.5 3.0418212e+08
571.6 3.134994e+08
571.7 3.2152937e+08
571.8 3.2842411e+08
571.9 3.3432459e+08
572 3.3935634e+08
572.1 3.4362785e+08
572.2 3.4723123e+08
572.3 3.5024433e+08
572.4 3.5273357e+08
572.5 3.5475686e+08
572.6 3.5636591e+08
572.7 3.576079e+08
572.8 3.5852618e+08
572.9 3.5916046e+08
573 3.5954649e+08
573.1 3.597158e+08
573.2 3.596955e+08
573.3 3.5950844e+08
573.4 3.5917378e+08
573.5 3.587078e+08
573.6 3.5812491e+08
573.7 3.5743875e+08
573.8 3.5666308e+08
573.9 3.5581265e+08
574 3.5490366e+08
574.1 3.5395406e+08
574.2 3.5298355e+08
574.3 3.5201334e+08
574.4 3.5106553e+08
574.5 3.5016233e+08
574.6 3.4932488e+08
574.7 3.4857198e+08
574.8 3.4791868e+08
574.9 3.4737516e+08
575 3.4694589e+08
575.1 3.4662948e+08
575.2 3.4641903e+08
575.3 3.4630325e+08
575.4 3.4626769e+08
575.5 3.4629627e+08
575.6 3.4637236e+08
575.7 3.4647939e+08
575.8 3.4660067e+08
575.9 3.4671851e+08
576 3.4681253e+08
576.1 3.4685767e+08
576.2 3.4682186e+08
576.3 3.4666407e+08
576.4 3.4633273e+08
576.5 3.4576509e+08
576.6 3.4488766e+08
576.7 3.4361798e+08
576.8 3.418678e+08
576.9 3.3954775e+08
577 3.3657331e+08
577.1 3.32872e+08
577.2 3.2839124e+08
577.3 3.2310634e+08
577.4 3.1702775e+08
577.5 3.1020647e+08
577.6 3.0273673e+08
577.7 2.9475467e+08
577.8 2.8643266e+08
577.9 2.7796902e+08
578 2.6957426e+08
578.1 2.6145516e+08
578.2 2.5379925e+08
578.3 2.4676177e+08
578.4 2.404571e+08
578.5 2.349551e+08
578.6 2.3028209e+08
578.7 2.2642474e+08
578.8 2.2333558e+08
578.9 2.2093878e+08
579 2.1913586e+08
579.1 2.1781128e+08
579.2 2.168382e+08
579.3 2.160841e+08
579.4 2.1541598e+08
579.5 2.1470459e+08
579.6 2.1382729e+08
579.7 2.1266953e+08
579.8 2.1112539e+08
579.9 2.0909758e+08
580 2.0649763e+08
580.1 2.0324702e+08
580.2 1.9927977e+08
580.3 1.9454695e+08
580.4 1.8902387e+08
580.5 1.8272002e+08
580.6 1.7569256e+08
580.7 1.6806331e+08
580.8 1.6003911e+08
580.9 1.5193371e+08
581 1.4418603e+08
581.1 1.3736299e+08
581.2 1.3212646e+08
581.3 1.2914119e+08
581.4 1.2892196e+08
581.5 1.3167182e+08
581.6 1.3720366e+08
581.7 1.4499668e+08
581.8 1.543441e+08
581.9 1.6450511e+08
582 1.7480918e+08
582.1 1.8470851e+08
582.2 1.9379522e+08
582.3 2.0179876e+08
582.4 2.0857293e+08
582.5 2.1407722e+08
582.6 2.1835519e+08
582.7 2.2151158e+08
582.8 2.2368979e+08
582.9 2.2505103e+08
583 2.2575612e+08
583.1 2.2595054e+08
583.2 2.2575306e+08
583.3 2.252477e+08
583.4 2.2447888e+08
583.5 2.2344929e+08
583.6 2.2212009e+08
583.7 2.2041323e+08
583.8 2.1821561e+08
583.9 2.1538504e+08
584 2.1175798e+08
584.1 2.0715913e+08
584.2 2.0141283e+08
584.3 1.9435641e+08
584.4 1.8585533e+08
584.5 1.7582059e+08
584.6 1.6422885e+08
584.7 1.5114752e+08
584.8 1.3676959e+08
584.9 1.2146884e+08
585 1.0589723e+08
585.1 91159407
585.2 79070215
585.3 72226315
585.4 73011502
585.5 81616698
585.6 95973388
585.7 1.1366193e+08
585.8 1.3292862e+08
585.9 1.5266029e+08
586 1.721566e+08
586.1 1.9097019e+08
586.2 2.0881696e+08
586.3 2.2552599e+08
586.4 2.41009e+08
586.5 2.5523951e+08
586.6 2.6823695e+08
586.7 2.8005364e+08
586.8 2.9076399e+08
586.9 3.0045549e+08
587 3.0922142e+08
587.1 3.1715521e+08
587.2 3.2434621e+08
587.3 3.3087667e+08
587.4 3.3681984e+08
587.5 3.4223884e+08
587.6 3.4718619e+08
587.7 3.5170393e+08
587.8 3.5582423e+08
587.9 3.5957029e+08
588 3.6295777e+08
588.1 3.6599641e+08
588.2 3.6869196e+08
588.3 3.7104833e+08
588.4 3.7306977e+08
588.5 3.7476301e+08
588.6 3.7613929e+08
588.7 3.7721598e+08
588.8 3.780177e+08
588.9 3.785768e+08
589 3.7893295e+08
589.1 3.791315e+08
589.2 3.7922047e+08
589.3 3.7924597e+08
589.4 3.7924591e+08
589.5 3.7924255e+08
589.6 3.7923487e+08
589.7 3.7919211e+08
589.8 3.7905054e+08
589.9 3.7871482e+08
590 3.7806515e+08
590.1 3.7696975e+08
590.2 3.7530116e+08
590.3 3.7295404e+08
590.4 3.6986134e+08
590.5 3.6600654e+08
590.6 3.6142995e+08
590.7 3.5622841e+08
590.8 3.5054864e+08
590.9 3.445753e+08
591 3.3851546e+08
591.1 3.325814e+08
591.2 3.2697358e+08
591.3 3.2186562e+08
591.4 3.1739267e+08
591.5 3.13644e+08
591.6 3.1066023e+08
591.7 3.0843483e+08
591.8 3.06919e+08
591.9 3.0602886e+08
592 3.0565354e+08
592.1 3.0566313e+08
592.2 3.0591558e+08
592.3 3.0626227e+08
592.4 3.065522e+08
592.5 3.0663503e+08
592.6 3.0636358e+08
592.7 3.0559644e+08
592.8 3.0420147e+08
592.9 3.0206104e+08
593 2.9907998e+08
593.1 2.9519703e+08
593.2 2.9040046e+08
593.3 2.8474813e+08
593.4 2.7839124e+08
593.5 2.7159949e+08
593.6 2.6478241e+08
593.7 2.5849787e+08
593.8 2.5343367e+08
593.9 2.5034717e+08
594 2.499555e+08
594.1 2.527919e+08
594.2 2.5907376e+08
594.3 2.6863901e+08
594.4 2.8097924e+08
594.5 2.9534917e+08
594.6 3.109025e+08
594.7 3.268112e+08
594.8 3.4234873e+08
594.9 3.5693669e+08
595 3.7016243e+08
595.1 3.8177591e+08
595.2 3.9167261e+08
595.3 3.9986777e+08
595.4 4.0646625e+08
595.5 4.1163159e+08
595.6 4.1555721e+08
595.7 4.1844203e+08
595.8 4.204716e+08
595.9 4.2180522e+08
596 4.2256844e+08
596.1 4.2285002e+08
596.2 4.2270205e+08
596.3 4.2214213e+08
596.4 4.2115665e+08
596.5 4.1970474e+08
596.6 4.1772265e+08
596.7 4.1512852e+08
596.8 4.1182777e+08
596.9 4.0771906e+08
597 4.0270093e+08
597.1 3.9667872e+08
597.2 3.8957166e+08
597.3 3.8131938e+08
597.4 3.7188773e+08
597.5 3.6127312e+08
597.6 3.4950535e+08
597.7 3.366486e+08
597.8 3.228008e+08
597.9 3.080915e+08
598 2.9267883e+08
598.1 2.7674603e+08
598.2 2.6049854e+08
598.3 2.4416214e+08
598.4 2.2798321e+08
598.5 2.1223147e+08
598.6 1.9720519e+08
598.7 1.8323779e+08
598.8 1.7070226e+08
598.9 1.6000707e+08
599 1.5157356e+08
599.1 1.4578585e+08
599.2 1.4291488e+08
599.3 1.4303974e+08
599.4 1.460051e+08
599.5 1.5144047e+08
599.6 1.5882937e+08
599.7 1.6759145e+08
599.8 1.7714723e+08
599.9 1.8695675e+08
600 1.9653847e+08
600.1 2.0547787e+08
600.2 2.1343255e+08
600.3 2.2013685e+08
600.4 2.2540654e+08
600.5 2.291428e+08
600.6 2.3133431e+08
600.7 2.3205612e+08
600.8 2.3146443e+08
600.9 2.2978649e+08
601 2.27305e+08
601.1 2.2433698e+08
601.2 2.2120738e+08
601.3 2.1821892e+08
601.4 2.1562125e+08
601.5 2.1358384e+08
601.6 2.1217785e+08
601.7 2.1137116e+08
601.8 2.1103781e+08
601.9 2.1097984e+08
602 2.109564e+08
602.1 2.107149e+08
602.2 2.1001931e+08
602.3 2.0867308e+08
602.4 2.0653558e+08
602.5 2.0353184e+08
602.6 1.996562e+08
602.7 1.9497024e+08
602.8 1.8959569e+08
602.9 1.8370308e+08
603 1.7749696e+08
603.1 1.7119889e+08
603.2 1.650294e+08
603.3 1.5919044e+08
603.4 1.5384964e+08
603.5 1.4912819e+08
603.6 1.4509375e+08
603.7 1.4175927e+08
603.8 1.3908808e+08
603.9 1.3700418e+08
604 1.3540593e+08
604.1 1.3418084e+08
604.2 1.3321958e+08
604.3 1.3242802e+08
604.4 1.3173666e+08
604.5 1.3110777e+08
604.6 1.3054048e+08
604.7 1.3007417e+08
604.8 1.2979005e+08
604.9 1.2981024e+08
605 1.3029334e+08
605.1 1.3142503e+08
605.2 1.3340271e+08
605.3 1.364147e+08
605.4 1.406165e+08
605.5 1.4610869e+08
605.6 1.5292154e+08
605.7 1.610095e+08
605.8 1.7025589e+08
605.9 1.8048502e+08
606 1.914781e+08
606.1 2.029897e+08
606.2 2.1476292e+08
606.3 2.265423e+08
606.4 2.380846e+08
606.5 2.4916749e+08
606.6 2.5959643e+08
606.7 2.6920988e+08
606.8 2.7788282e+08
606.9 2.8552889e+08
607 2.9210089e+08
607.1 2.9759016e+08
607.2 3.0202458e+08
607.3 3.0546571e+08
607.4 3.0800483e+08
607.5 3.0975811e+08
607.6 3.1086088e+08
607.7 3.1146072e+08
607.8 3.1170974e+08
607.9 3.1175593e+08
608 3.1173443e+08
608.1 3.1175932e+08
608.2 3.119171e+08
608.3 3.1226276e+08
608.4 3.1281908e+08
608.5 3.1357923e+08
608.6 3.1451208e+08
608.7 3.1556932e+08
608.8 3.1669317e+08
608.9 3.1782349e+08
609 3.1890363e+08
609.1 3.1988447e+08
609.2 3.2072658e+08
609.3 3.2140078e+08
609.4 3.218872e+08
609.5 3.2217357e+08
609.6 3.2225274e+08
609.7 3.221201e+08
609.8 3.2177105e+08
609.9 3.2119872e+08
610 3.2039226e+08
610.1 3.1933573e+08
610.2 3.1800766e+08
610.3 3.1638133e+08
610.4 3.1442572e+08
610.5 3.1210706e+08
610.6 3.0939077e+08
610.7 3.0624384e+08
610.8 3.026374e+08
610.9 2.9854944e+08
611 2.939676e+08
611.1 2.8889186e+08
611.2 2.8333719e+08
611.3 2.7733583e+08
611.4 2.7093923e+08
611.5 2.6421923e+08
611.6 2.572684e+08
611.7 2.5019903e+08
611.8 2.431406e+08
611.9 2.3623522e+08
612 2.2963108e+08
612.1 2.2347371e+08
612.2 2.1789573e+08
612.3 2.1300587e+08
612.4 2.0887873e+08
612.5 2.0554714e+08
612.6 2.0299854e+08
612.7 2.0117654e+08
612.8 1.9998752e+08
612.9 1.9931113e+08
613 1.9901302e+08
613.1 1.9895771e+08
613.2 1.9901999e+08
613.3 1.990939e+08
613.4 1.9909896e+08
613.5 1.9898376e+08
613.6 1.987273e+08
613.7 1.9833849e+08
613.8 1.9785364e+08
613.9 1.9733184e+08
614 1.9684727e+08
614.1 1.964779e+08
614.2 1.9629028e+08
614.3 1.9632124e+08
614.4 1.9655887e+08
614.5 1.9692644e+08
614.6 1.9727309e+08
614.7 1.9737445e+08
614.8 1.9694418e+08
614.9 1.9565505e+08
615 1.9316638e+08
615.1 1.8915389e+08
615.2 1.8333797e+08
615.3 1.7550716e+08
615.4 1.6553471e+08
615.5 1.5338701e+08
615.6 1.3912385e+08
615.7 1.2289142e+08
615.8 1.049094e+08
615.9 85454361
616 64841292
616.1 43405448
616.2 21486141
616.3 672635.86
616.4 22520384
616.5 44015882
616.6 64839574
616.7 84784146
616.8 1.0368055e+08
616.9 1.2139724e+08
617 1.3783878e+08
617.1 1.5294384e+08
617.2 1.6668274e+08
617.3 1.790548e+08
617.4 1.9008535e+08
617.5 1.9982285e+08
617.6 2.0833574e+08
617.7 2.1570945e+08
617.8 2.2204315e+08
617.9 2.2744649e+08
618 2.3203599e+08
618.1 2.3593124e+08
618.2 2.392508e+08
618.3 2.4210809e+08
618.4 2.4460752e+08
618.5 2.4684121e+08
618.6 2.4888673e+08
618.7 2.5080595e+08
618.8 2.5264523e+08
618.9 2.5443657e+08
619 2.5619973e+08
619.1 2.5794473e+08
619.2 2.5967461e+08
619.3 2.6138804e+08
619.4 2.6308149e+08
619.5 2.6475092e+08
619.6 2.6639269e+08
619.7 2.6800378e+08
619.8 2.6958159e+08
619.9 2.7112336e+08
620 2.7262589e+08
620.1 2.7408564e+08
620.2 2.7549943e+08
620.3 2.768658e+08
620.4 2.7818682e+08
620.5 2.7946998e+08
620.6 2.8073004e+08
620.7 2.8199039e+08
620.8 2.8328382e+08
620.9 2.846526e+08
621 2.8614782e+08
621.1 2.8782801e+08
621.2 2.8975715e+08
621.3 2.9200197e+08
621.4 2.9462882e+08
621.5 2.9769998e+08
621.6 3.0126968e+08
621.7 3.0537988e+08
621.8 3.1005614e+08
621.9 3.1530373e+08
622 3.2110438e+08
622.1 3.2741402e+08
622.2 3.3416173e+08
622.3 3.412502e+08
622.4 3.4855803e+08
622.5 3.559437e+08
622.6 3.6325136e+08
622.7 3.703182e+08
622.8 3.76983e+08
622.9 3.8309535e+08
623 3.8852486e+08
623.1 3.9316958e+08
623.2 3.9696283e+08
623.3 3.9987774e+08
623.4 4.019289e+08
623.5 4.0317111e+08
623.6 4.0369511e+08
623.7 4.0362109e+08
623.8 4.0309054e+08
623.9 4.022575e+08
624 4.0128015e+08
624.1 4.0031334e+08
624.2 3.995024e+08
624.3 3.9897828e+08
624.4 3.9885341e+08
624.5 3.9921774e+08
624.6 4.0013425e+08
624.7 4.0163382e+08
624.8 4.037094e+08
624.9 4.0631055e+08
625 4.0933958e+08
625.1 4.1265081e+08
625.2 4.1605448e+08
625.3 4.1932591e+08
625.4 4.2221989e+08
625.5 4.2448912e+08
625.6 4.2590495e+08
625.7 4.2627789e+08
625.8 4.2547559e+08
625.9 4.2343628e+08
626 4.2017615e+08
626.1 4.1579008e+08
626.2 4.1044592e+08
626.3 4.0437298e+08
626.4 3.9784624e+08
626.5 3.9116768e+08
626.6 3.8464647e+08
626.7 3.7857943e+08
626.8 3.7323306e+08
626.9 3.6882804e+08
627 3.6552672e+08
627.1 3.6342404e+08
627.2 3.6254199e+08
627.3 3.6282749e+08
627.4 3.6415385e+08
627.5 3.6632578e+08
627.6 3.6908813e+08
627.7 3.7213869e+08
627.8 3.7514541e+08
627.9 3.7776812e+08
628 3.7968497e+08
628.1 3.8062276e+08
628.2 3.8039021e+08
628.3 3.7891177e+08
628.4 3.7625845e+08
628.5 3.7267076e+08
628.6 3.6856669e+08
628.7 3.6452649e+08
628.8 3.6124561e+08
628.9 3.5945103e+08
629 3.5978593e+08
629.1 3.6268234e+08
629.2 3.6825472e+08
629.3 3.762471e+08
629.4 3.8604836e+08
629.5 3.9676432e+08
629.6 4.0731896e+08
629.7 4.1655704e+08
629.8 4.2333233e+08
629.9 4.2657706e+08
630 4.2535538e+08
630.1 4.1890495e+08
630.2 4.0666985e+08
630.3 3.8832559e+08
630.4 3.6379592e+08
630.5 3.3326016e+08
630.6 2.9715055e+08
630.7 2.5614119e+08
630.8 2.1113594e+08
630.9 1.6328115e+08
631 1.1411468e+08
631.1 66577436
631.2 34743237
631.3 56633969
631.4 99482997
631.5 1.4295766e+08
631.6 1.838646e+08
631.7 2.2118705e+08
631.8 2.5447664e+08
631.9 2.835729e+08
632 3.0851363e+08
632.1 3.2948518e+08
632.2 3.4678254e+08
632.3 3.6077324e+08
632.4 3.7186418e+08
632.5 3.8047257e+08
632.6 3.8700209e+08
632.7 3.9182525e+08
632.8 3.9527233e+08
632.9 3.976266e+08
633 3.9912523e+08
633.1 3.9996435e+08
633.2 4.003068e+08
633.3 4.0029084e+08
633.4 4.0003821e+08
633.5 3.9966035e+08
633.6 3.9926187e+08
633.7 3.9894116e+08
633.8 3.9878822e+08
633.9 3.9888063e+08
634 3.9927861e+08
634.1 4.0002036e+08
634.2 4.0111889e+08
634.3 4.0256104e+08
634.4 4.0430894e+08
634.5 4.0630396e+08
634.6 4.0847241e+08
634.7 4.107323e+08
634.8 4.1300022e+08
634.9 4.1519765e+08
635 4.1725616e+08
635.1 4.1912106e+08
635.2 4.2075359e+08
635.3 4.2213145e+08
635.4 4.2324815e+08
635.5 4.2411129e+08
635.6 4.2474001e+08
635.7 4.251621e+08
635.8 4.2541095e+08
635.9 4.2552251e+08
636 4.2553269e+08
636.1 4.254751e+08
636.2 4.2537937e+08
636.3 4.2527007e+08
636.4 4.2516621e+08
636.5 4.2508123e+08
636.6 4.2502342e+08
636.7 4.2499672e+08
636.8 4.2500165e+08
636.9 4.2503634e+08
637 4.2509756e+08
637.1 4.2518155e+08
637.2 4.252847e+08
637.3 4.2540391e+08
637.4 4.2553675e+08
637.5 4.2568116e+08
637.6 4.2583499e+08
637.7 4.2599497e+08
637.8 4.2615533e+08
637.9 4.2630579e+08
638 4.2642859e+08
638.1 4.2649445e+08
638.2 4.2645665e+08
638.3 4.2624325e+08
638.4 4.2574682e+08
638.5 4.248122e+08
638.6 4.2322334e+08
638.7 4.2069112e+08
638.8 4.1684508e+08
638.9 4.1123265e+08
639 4.0332896e+08
639.1 3.9255979e+08
639.2 3.7833832e+08
639.3 3.6011447e+08
639.4 3.3743354e+08
639.5 3.0999989e+08
639.6 2.7774179e+08
639.7 2.408782e+08
639.8 2.0000399e+08
639.9 1.5626578e+08
640 1.1194595e+08
640.1 73081870
640.2 58690849
640.3 83376446
640.4 1.2437812e+08
640.5 1.6784791e+08
640.6 2.0959022e+08
640.7 2.4790988e+08
640.8 2.8197775e+08
640.9 3.1142785e+08
641 3.3621248e+08
641.1 3.5651918e+08
641.2 3.7270349e+08
641.3 3.8522808e+08
641.4 3.9460848e+08
641.5 4.0136777e+08
641.6 4.0600244e+08
641.7 4.0895971e+08
641.8 4.1062548e+08
641.9 4.1132056e+08
642 4.1130279e+08
642.1 4.1077227e+08
642.2 4.0987799e+08
642.3 4.0872459e+08
642.4 4.0737872e+08
642.5 4.0587478e+08
642.6 4.0422026e+08
642.7 4.0240047e+08
642.8 4.0038296e+08
642.9 3.9812135e+08
643 3.955587e+08
643.1 3.926305e+08
643.2 3.8926726e+08
643.3 3.8539709e+08
643.4 3.8094835e+08
643.5 3.7585267e+08
643.6 3.7004851e+08
643.7 3.6348542e+08
643.8 3.5612905e+08
643.9 3.4796691e+08
644 3.3901474e+08
644.1 3.2932307e+08
644.2 3.1898353e+08
644.3 3.0813383e+08
644.4 2.9696042e+08
644.5 2.856969e+08
644.6 2.7461656e+08
644.7 2.6401722e+08
644.8 2.5419742e+08
644.9 2.4542509e+08
645 2.3790273e+08
645.1 2.3173632e+08
645.2 2.2691681e+08
645.3 2.2332122e+08
645.4 2.2073465e+08
645.5 2.1888787e+08
645.6 2.1750018e+08
645.7 2.1631767e+08
645.8 2.1513954e+08
645.9 2.1383018e+08
646 2.1231811e+08
646.1 2.1058507e+08
646.2 2.0864955e+08
646.3 2.0654875e+08
646.4 2.043224e+08
646.5 2.0200102e+08
646.6 1.9959982e+08
646.7 1.9711867e+08
646.8 1.9454714e+08
646.9 1.9187327e+08
647 1.8909402e+08
647.1 1.8622525e+08
647.2 1.8330936e+08
647.3 1.8041864e+08
647.4 1.7765324e+08
647.5 1.7513279e+08
647.6 1.7298174e+08
647.7 1.7130986e+08
647.8 1.7019054e+08
647.9 1.6964098e+08
648 1.696086e+08
648.1 1.6996709e+08
648.2 1.7052264e+08
648.3 1.7102896e+08
648.4 1.7120758e+08
648.5 1.7076997e+08
648.6 1.6943938e+08
648.7 1.6697209e+08
648.8 1.6317972e+08
648.9 1.5795637e+08
649 1.5131646e+08
649.1 1.4345159e+08
649.2 1.3481688e+08
649.3 1.2625239e+08
649.4 1.19113e+08
649.5 1.1527966e+08
649.6 1.1678983e+08
649.7 1.2500157e+08
649.8 1.3991848e+08
649.9 1.6038067e+08
650 1.8475781e+08
650.1 2.1144171e+08
650.2 2.3901518e+08
650.3 2.6626932e+08
650.4 2.9219035e+08
650.5 3.1595391e+08
650.6 3.3692906e+08
650.7 3.5468459e+08
650.8 3.689908e+08
650.9 3.7981201e+08
651 3.8728762e+08
651.1 3.9170255e+08
651.2 3.9344923e+08
651.3 3.9298506e+08
651.4 3.9078998e+08
651.5 3.8732839e+08
651.6 3.8301925e+08
651.7 3.7821671e+08
651.8 3.7320203e+08
651.9 3.6818573e+08
652 3.6331765e+08
652.1 3.5870172e+08
652.2 3.5441209e+08
652.3 3.5050777e+08
652.4 3.470437e+08
652.5 3.4407729e+08
652.6 3.4167015e+08
652.7 3.3988576e+08
652.8 3.3878409e+08
652.9 3.384146e+08
653 3.388093e+08
653.1 3.3997693e+08
653.2 3.418995e+08
653.3 3.4453165e+08
653.4 3.4780261e+08
653.5 3.5162052e+08
653.6 3.5587809e+08
653.7 3.604589e+08
653.8 3.6524359e+08
653.9 3.7011527e+08
654 3.7496402e+08
654.1 3.7969026e+08
654.2 3.8420702e+08
654.3 3.8844143e+08
654.4 3.9233531e+08
654.5 3.9584525e+08
654.6 3.9894226e+08
654.7 4.0161104e+08
654.8 4.0384902e+08
654.9 4.0566521e+08
655 4.0707886e+08
655.1 4.08118e+08
655.2 4.088179e+08
655.3 4.0921934e+08
655.4 4.0936697e+08
655.5 4.0930749e+08
655.6 4.0908797e+08
655.7 4.0875422e+08
655.8 4.083493e+08
655.9 4.0791213e+08
656 4.0747646e+08
656.1 4.0706993e+08
656.2 4.0671347e+08
656.3 4.0642092e+08
656.4 4.0619891e+08
656.5 4.0604699e+08
656.6 4.0595796e+08
656.7 4.0591845e+08
656.8 4.0590964e+08
656.9 4.0590814e+08
657 4.0588694e+08
657.1 4.0581648e+08
657.2 4.0566561e+08
657.3 4.0540259e+08
657.4 4.0499602e+08
657.5 4.0441567e+08
657.6 4.0363333e+08
657.7 4.0262366e+08
657.8 4.0136508e+08
657.9 3.9984088e+08
658 3.9804038e+08
658.1 3.9596027e+08
658.2 3.9360597e+08
658.3 3.9099274e+08
658.4 3.8814642e+08
658.5 3.8510335e+08
658.6 3.8190933e+08
658.7 3.7861722e+08
658.8 3.7528322e+08
658.9 3.7196186e+08
659 3.6870014e+08
659.1 3.655312e+08
659.2 3.6246856e+08
659.3 3.5950153e+08
659.4 3.5659265e+08
659.5 3.5367777e+08
659.6 3.5066903e+08
659.7 3.4746061e+08
659.8 3.4393687e+08
659.9 3.3998209e+08
660 3.3549096e+08
660.1 3.3037877e+08
660.2 3.2459021e+08
660.3 3.18106e+08
660.4 3.1094657e+08
660.5 3.0317244e+08
660.6 2.948814e+08
660.7 2.8620286e+08
660.8 2.7729009e+08
660.9 2.683115e+08
661 2.5944183e+08
661.1 2.5085411e+08
661.2 2.4271328e+08
661.3 2.3517137e+08
661.4 2.2836458e+08
661.5 2.224118e+08
661.6 2.1741415e+08
661.7 2.1345502e+08
661.8 2.1060013e+08
661.9 2.0889708e+08
662 2.0837403e+08
662.1 2.0903751e+08
662.2 2.1086914e+08
662.3 2.1382197e+08
662.4 2.1781678e+08
662.5 2.2273938e+08
662.6 2.2843978e+08
662.7 2.3473406e+08
662.8 2.4140936e+08
662.9 2.4823221e+08
663 2.5495952e+08
663.1 2.6135151e+08
663.2 2.671851e+08
663.3 2.7226636e+08
663.4 2.7644047e+08
663.5 2.7959816e+08
663.6 2.8167772e+08
663.7 2.8266253e+08
663.8 2.8257461e+08
663.9 2.8146495e+08
664 2.7940197e+08
664.1 2.7645948e+08
664.2 2.7270536e+08
664.3 2.6819223e+08
664.4 2.6295066e+08
664.5 2.5698567e+08
664.6 2.5027663e+08
664.7 2.4278063e+08
664.8 2.3443936e+08
664.9 2.2518958e+08
665 2.1497748e+08
665.1 2.0377782e+08
665.2 1.9161949e+08
665.3 1.7862043e+08
665.4 1.6503657e+08
665.5 1.5133109e+08
665.6 1.3826689e+08
665.7 1.2700359e+08
665.8 1.191111e+08
665.9 1.1630302e+08
666 1.1976985e+08
666.1 1.2952795e+08
666.2 1.4447268e+08
666.3 1.6301032e+08
666.4 1.8359139e+08
666.5 2.0490847e+08
666.6 2.2590196e+08
666.7 2.4571532e+08
666.8 2.6365397e+08
666.9 2.7915741e+08
667 2.9178099e+08
667.1 3.0118274e+08
667.2 3.0711229e+08
667.3 3.0940054e+08
667.4 3.079503e+08
667.5 3.027286e+08
667.6 2.9376167e+08
667.7 2.8113396e+08
667.8 2.649922e+08
667.9 2.4555636e+08
668 2.2314057e+08
668.1 1.9819172e+08
668.2 1.7136468e+08
668.3 1.4368267e+08
668.4 1.1690497e+08
668.5 94333809
668.6 81783741
668.7 85060128
668.8 1.0281884e+08
668.9 1.2868767e+08
669 1.5781417e+08
669.1 1.8755737e+08
669.2 2.1646416e+08
669.3 2.4367029e+08
669.4 2.6864321e+08
669.5 2.9107094e+08
669.6 3.108072e+08
669.7 3.2783747e+08
669.8 3.4225159e+08
669.9 3.5421784e+08
670 3.6395735e+08
670.1 3.7171948e+08
670.2 3.7775958e+08
670.3 3.8232064e+08
670.4 3.856201e+08
670.5 3.8784225e+08
670.6 3.891363e+08
670.7 3.8961937e+08
670.8 3.8938334e+08
670.9 3.8850416e+08
671 3.8705249e+08
671.1 3.8510426e+08
671.2 3.8275019e+08
671.3 3.8010332e+08
671.4 3.7730353e+08
671.5 3.7451823e+08
671.6 3.7193838e+08
671.7 3.6976941e+08
671.8 3.6821703e+08
671.9 3.6746904e+08
672 3.6767535e+08
672.1 3.6892921e+08
672.2 3.7125322e+08
672.3 3.7459301e+08
672.4 3.7882005e+08
672.5 3.8374296e+08
672.6 3.8912534e+08
672.7 3.947067e+08
672.8 4.0022355e+08
672.9 4.0542792e+08
673 4.10102e+08
673.1 4.1406817e+08
673.2 4.1719457e+08
673.3 4.1939676e+08
673.4 4.206364e+08
673.5 4.2091753e+08
673.6 4.2028133e+08
673.7 4.1879997e+08
673.8 4.1656991e+08
673.9 4.1370499e+08
674 4.103296e+08
674.1 4.0657181e+08
674.2 4.0255697e+08
674.3 3.9840166e+08
674.4 3.9420836e+08
674.5 3.9006117e+08
674.6 3.8602285e+08
674.7 3.8213331e+08
674.8 3.7840987e+08
674.9 3.7484902e+08
675 3.7142956e+08
675.1 3.6811656e+08
675.2 3.6486578e+08
675.3 3.616278e+08
675.4 3.5835136e+08
675.5 3.5498554e+08
675.6 3.5148043e+08
675.7 3.4778617e+08
675.8 3.4385078e+08
675.9 3.3961691e+08
676 3.350185e+08
676.1 3.2997791e+08
676.2 3.244048e+08
676.3 3.1819745e+08
676.4 3.1124733e+08
676.5 3.0344735e+08
676.6 2.9470367e+08
676.7 2.8495067e+08
676.8 2.7416799e+08
676.9 2.6239856e+08
677 2.4976619e+08
677.1 2.364912e+08
677.2 2.2290248e+08
677.3 2.0944347e+08
677.4 1.9666747e+08
677.5 1.8521451e+08
677.6 1.7575882e+08
677.7 1.6891814e+08
677.8 1.6513346e+08
677.9 1.6455774e+08
678 1.6701112e+08
678.1 1.7203238e+08
678.2 1.7899832e+08
678.3 1.8724955e+08
678.4 1.9617883e+08
678.5 2.0527329e+08
678.6 2.1412309e+08
678.7 2.2241243e+08
678.8 2.2990434e+08
678.9 2.3642551e+08
679 2.4185363e+08
679.1 2.4610855e+08
679.2 2.491468e+08
679.3 2.5095944e+08
679.4 2.5157251e+08
679.5 2.5104941e+08
679.6 2.494943e+08
679.7 2.4705569e+08
679.8 2.4392892e+08
679.9 2.4035623e+08
680 2.3662283e+08
680.1 2.3304759e+08
680.2 2.2996684e+08
680.3 2.2771137e+08
680.4 2.2657794e+08
680.5 2.2679926e+08
680.6 2.2851844e+08
680.7 2.3177399e+08
680.8 2.3649931e+08
680.9 2.4253628e+08
681 2.4965887e+08
681.1 2.5760062e+08
681.2 2.6608069e+08
681.3 2.748252e+08
681.4 2.8358277e+08
681.5 2.9213444e+08
681.6 3.0029917e+08
681.7 3.0793557e+08
681.8 3.1494116e+08
681.9 3.2124959e+08
682 3.2682656e+08
682.1 3.3166509e+08
682.2 3.3578058e+08
682.3 3.3920618e+08
682.4 3.4198885e+08
682.5 3.4418605e+08
682.6 3.4586315e+08
682.7 3.470912e+08
682.8 3.4794461e+08
682.9 3.4849865e+08
683 3.4882645e+08
683.1 3.4899568e+08
683.2 3.4906519e+08
683.3 3.490821e+08
683.4 3.4907963e+08
683.5 3.4907634e+08
683.6 3.4907665e+08
683.7 3.4907286e+08
683.8 3.4904834e+08
683.9 3.4898149e+08
684 3.4885002e+08
684.1 3.4863514e+08
684.2 3.4832515e+08
684.3 3.479182e+08
684.4 3.4742401e+08
684.5 3.4686434e+08
684.6 3.4627248e+08
684.7 3.456915e+08
684.8 3.4517183e+08
684.9 3.4476801e+08
685 3.4453509e+08
685.1 3.4452483e+08
685.2 3.4478198e+08
685.3 3.4534088e+08
685.4 3.4622264e+08
685.5 3.4743324e+08
685.6 3.4896252e+08
685.7 3.5078442e+08
685.8 3.5285845e+08
685.9 3.5513231e+08
686 3.5754537e+08
686.1 3.6003299e+08
686.2 3.6253092e+08
686.3 3.6497958e+08
686.4 3.6732774e+08
686.5 3.6953519e+08
686.6 3.7157428e+08
686.7 3.7343026e+08
686.8 3.7510044e+08
686.9 3.7659247e+08
687 3.7792202e+08
687.1 3.7911009e+08
687.2 3.8018048e+08
687.3 3.811575e+08
687.4 3.8206426e+08
687.5 3.829215e+08
687.6 3.8374707e+08
687.7 3.8455575e+08
687.8 3.8535921e+08
687.9 3.8616594e+08
688 3.8698093e+08
688.1 3.8780503e+08
688.2 3.8863415e+08
688.3 3.894584e+08
688.4 3.902615e+08
688.5 3.9102065e+08
688.6 3.9170721e+08
688.7 3.9228801e+08
688.8 3.9272768e+08
688.9 3.9299154e+08
689 3.9304914e+08
689.1 3.9287794e+08
689.2 3.9246692e+08
689.3 3.9181967e+08
689.4 3.9095655e+08
689.5 3.8991547e+08
689.6 3.8875094e+08
689.7 3.8753106e+08
689.8 3.8633246e+08
689.9 3.8523306e+08
690 3.8430322e+08
690.1 3.8359568e+08
690.2 3.8313519e+08
690.3 3.829087e+08
690.4 3.8285711e+08
690.5 3.8286949e+08
690.6 3.8278044e+08
690.7 3.8237144e+08
690.8 3.813766e+08
690.9 3.7949347e+08
691 3.7639925e+08
691.1 3.7177282e+08
691.2 3.6532262e+08
691.3 3.5682001e+08
691.4 3.4613753e+08
691.5 3.3329053e+08
691.6 3.1848052e+08
691.7 3.0213727e+08
691.8 2.8495438e+08
691.9 2.6790727e+08
692 2.5223074e+08
692.1 2.3931777e+08
692.2 2.3049884e+08
692.3 2.2671151e+08
692.4 2.2818616e+08
692.5 2.3434664e+08
692.6 2.4400696e+08
692.7 2.5572793e+08
692.8 2.6813406e+08
692.9 2.8009708e+08
693 2.9080116e+08
693.1 2.9973789e+08
693.2 3.0666841e+08
693.3 3.1157243e+08
693.4 3.1459368e+08
693.5 3.1598603e+08
693.6 3.1606369e+08
693.7 3.1515791e+08
693.8 3.1358266e+08
693.9 3.1161075e+08
694 3.094607e+08
694.1 3.072935e+08
694.2 3.0521715e+08
694.3 3.032964e+08
694.4 3.0156481e+08
694.5 3.00037e+08
694.6 2.9871935e+08
694.7 2.9761805e+08
694.8 2.9674393e+08
694.9 2.9611368e+08
695 2.9574738e+08
695.1 2.9566242e+08
695.2 2.9586477e+08
695.3 2.9633891e+08
695.4 2.9703848e+08
695.5 2.9787994e+08
695.6 2.9874106e+08
695.7 2.9946553e+08
695.8 2.9987329e+08
695.9 2.9977552e+08
696 2.989919e+08
696.1 2.9736797e+08
696.2 2.947902e+08
696.3 2.9119733e+08
696.4 2.8658706e+08
696.5 2.8101785e+08
696.6 2.7460613e+08
696.7 2.6751958e+08
696.8 2.5996711e+08
696.9 2.5218641e+08
697 2.4442966e+08
697.1 2.3694825e+08
697.2 2.2997713e+08
697.3 2.2372016e+08
697.4 2.1833762e+08
697.5 2.1393748e+08
697.6 2.1057185e+08
697.7 2.0823902e+08
697.8 2.0689085e+08
697.9 2.0644386e+08
698 2.067918e+08
698.1 2.0781763e+08
698.2 2.0940308e+08
698.3 2.1143525e+08
698.4 2.1380991e+08
698.5 2.1643242e+08
698.6 2.1921686e+08
698.7 2.2208439e+08
698.8 2.2496169e+08
698.9 2.2778006e+08
699 2.3047572e+08
699.1 2.3299145e+08
699.2 2.3527924e+08
699.3 2.3730335e+08
699.4 2.3904285e+08
699.5 2.4049212e+08
699.6 2.416584e+08
699.7 2.4255568e+08
699.8 2.4319552e+08
699.9 2.4357652e+08
700 2.4367547e+08
700.1 2.4344351e+08
700.2 2.4280975e+08
700.3 2.4169333e+08
700.4 2.4002212e+08
700.5 2.3775427e+08
700.6 2.3489764e+08
700.7 2.3152267e+08
700.8 2.2776577e+08
700.9 2.238231e+08
701 2.1993686e+08
701.1 2.1637769e+08
701.2 2.1342644e+08
701.3 2.1135752e+08
701.4 2.1042351e+08
701.5 2.1083988e+08
701.6 2.1276861e+08
701.7 2.1630172e+08
701.8 2.2144778e+08
701.9 2.281257e+08
702 2.3616879e+08
702.1 2.453392e+08
702.2 2.5535007e+08
702.3 2.6589093e+08
702.4 2.7665225e+08
702.5 2.8734607e+08
702.6 2.9772115e+08
702.7 3.075722e+08
702.8 3.1674381e+08
702.9 3.2512987e+08
703 3.326697e+08
703.1 3.3934204e+08
703.2 3.4515802e+08
703.3 3.5015391e+08
703.4 3.5438432e+08
703.5 3.5791627e+08
703.6 3.6082434e+08
703.7 3.6318678e+08
703.8 3.6508256e+08
703.9 3.6658901e+08
704 3.6777985e+08
704.1 3.6872342e+08
704.2 3.6948078e+08
704.3 3.7010378e+08
704.4 3.7063307e+08
704.5 3.7109614e+08
704.6 3.7150567e+08
704.7 3.7185841e+08
704.8 3.7213474e+08
704.9 3.7229908e+08
705 3.723013e+08
705.1 3.7207895e+08
705.2 3.7156036e+08
705.3 3.7066858e+08
705.4 3.6932589e+08
705.5 3.6745896e+08
705.6 3.6500443e+08
705.7 3.6191467e+08
705.8 3.5816338e+08
705.9 3.5375057e+08
706 3.4870617e+08
706.1 3.4309189e+08
706.2 3.3700049e+08
706.3 3.3055238e+08
706.4 3.2388941e+08
706.5 3.1716629e+08
706.6 3.1054044e+08
706.7 3.0416126e+08
706.8 2.9816023e+08
706.9 2.92643e+08
707 2.8768439e+08
707.1 2.8332695e+08
707.2 2.79583e+08
707.3 2.7643942e+08
707.4 2.7386427e+08
707.5 2.7181384e+08
707.6 2.7023892e+08
707.7 2.6908932e+08
707.8 2.6831601e+08
707.9 2.6787092e+08
708 2.6770494e+08
708.1 2.6776494e+08
708.2 2.6799115e+08
708.3 2.6831615e+08
708.4 2.6866648e+08
708.5 2.689674e+08
708.6 2.6915077e+08
708.7 2.6916485e+08
708.8 2.6898498e+08
708.9 2.6862301e+08
709 2.6813402e+08
709.1 2.6761883e+08
709.2 2.6722179e+08
709.3 2.6712365e+08
709.4 2.6753046e+08
709.5 2.6865971e+08
709.6 2.7072498e+08
709.7 2.7392078e+08
709.8 2.7840852e+08
709.9 2.8430436e+08
710 2.9166916e+08
710.1 3.0050069e+08
710.2 3.1072777e+08
710.3 3.2220652e+08
710.4 3.3471865e+08
710.5 3.4797208e+08
710.6 3.6160422e+08
710.7 3.7518816e+08
710.8 3.8824207e+08
710.9 4.0024203e+08
711 4.1063816e+08
711.1 4.1887392e+08
711.2 4.2440823e+08
711.3 4.2673945e+08
711.4 4.2543057e+08
711.5 4.2013429e+08
711.6 4.10617e+08
711.7 3.9678073e+08
711.8 3.7868275e+08
711.9 3.5655372e+08
712 3.3081676e+08
712.1 3.0211358e+08
712.2 2.7134824e+08
712.3 2.3976779e+08
712.4 2.0910553e+08
712.5 1.817936e+08
712.6 1.6110297e+08
712.7 1.5064272e+08
712.8 1.5255458e+08
712.9 1.657472e+08
713 1.8675509e+08
713.1 2.1196936e+08
713.2 2.3871563e+08
713.3 2.6525051e+08
713.4 2.9048771e+08
713.5 3.1377172e+08
713.6 3.3473268e+08
713.7 3.5319625e+08
713.8 3.6912539e+08
713.9 3.8258036e+08
714 3.9368952e+08
714.1 4.0262738e+08
714.2 4.095976e+08
714.3 4.1481996e+08
714.4 4.1852008e+08
714.5 4.209214e+08
714.6 4.2223885e+08
714.7 4.2267365e+08
714.8 4.2240916e+08
714.9 4.216075e+08
715 4.2040707e+08
715.1 4.1892086e+08
715.2 4.1723573e+08
715.3 4.1541262e+08
715.4 4.1348769e+08
715.5 4.1147421e+08
715.6 4.0936516e+08
715.7 4.0713621e+08
715.8 4.0474904e+08
715.9 4.021548e+08
716 3.9929769e+08
716.1 3.9611859e+08
716.2 3.9255887e+08
716.3 3.8856415e+08
716.4 3.8408801e+08
716.5 3.790952e+08
716.6 3.7356392e+08
716.7 3.6748639e+08
716.8 3.6086701e+08
716.9 3.5371754e+08
717 3.4604916e+08
717.1 3.3786187e+08
717.2 3.2913286e+08
717.3 3.1980624e+08
717.4 3.09787e+08
717.5 2.9894213e+08
717.6 2.8711093e+08
717.7 2.7412475e+08
717.8 2.5983477e+08
717.9 2.4414529e+08
718 2.2704959e+08
718.1 2.0866694e+08
718.2 1.8928212e+08
718.3 1.6939343e+08
718.4 1.4977955e+08
718.5 1.315929e+08
718.6 1.1644854e+08
718.7 1.0634077e+08
718.8 1.0304266e+08
718.9 1.0703219e+08
719 1.1707925e+08
719.1 1.3110985e+08
719.2 1.4721121e+08
719.3 1.63991e+08
719.4 1.8052934e+08
719.5 1.9624558e+08
719.6 2.1079078e+08
719.7 2.2397661e+08
719.8 2.357299e+08
719.9 2.4606237e+08
720 2.5504915e+08
720.1 2.6281211e+08
720.2 2.6950568e+08
720.3 2.7530385e+08
720.4 2.8038759e+08
720.5 2.8493227e+08
720.6 2.8909532e+08
720.7 2.9300418e+08
720.8 2.9674525e+08
720.9 3.0035446e+08
721 3.0381005e+08
721.1 3.0702827e+08
721.2 3.0986256e+08
721.3 3.1210667e+08
721.4 3.1350246e+08
721.5 3.1375277e+08
721.6 3.1254008e+08
721.7 3.0955111e+08
721.8 3.0450768e+08
721.9 2.9720377e+08
722 2.8754889e+08
722.1 2.7561828e+08
722.2 2.6171156e+08
722.3 2.4642128e+08
722.4 2.3070922e+08
722.5 2.159726e+08
722.6 2.0404022e+08
722.7 1.9697466e+08
722.8 1.9656352e+08
722.9 2.0363778e+08
723 2.1771367e+08
723.1 2.372768e+08
723.2 2.6039842e+08
723.3 2.8521564e+08
723.4 3.1014405e+08
723.5 3.3392032e+08
723.6 3.5558058e+08
723.7 3.7442662e+08
723.8 3.8999531e+08
723.9 4.0203251e+08
724 4.104682e+08
724.1 4.1539018e+08
724.2 4.1701477e+08
724.3 4.1565454e+08
724.4 4.1168458e+08
724.5 4.0550941e+08
724.6 3.9753339e+08
724.7 3.8813682e+08
724.8 3.7765953e+08
724.9 3.6639242e+08
725 3.5457653e+08
725.1 3.4240823e+08
725.2 3.3004862e+08
725.3 3.1763502e+08
725.4 3.0529263e+08
725.5 2.9314496e+08
725.6 2.8132189e+08
725.7 2.6996501e+08
725.8 2.5923029e+08
725.9 2.4928829e+08
726 2.4032269e+08
726.1 2.3252742e+08
726.2 2.2610273e+08
726.3 2.2125009e+08
726.4 2.1816507e+08
726.5 2.1702732e+08
726.6 2.1798703e+08
726.7 2.2114775e+08
726.8 2.2654718e+08
726.9 2.3413778e+08
727 2.4376992e+08
727.1 2.5517887e+08
727.2 2.6797649e+08
727.3 2.8164767e+08
727.4 2.9555193e+08
727.5 3.0893131e+08
727.6 3.2092652e+08
727.7 3.3060333e+08
727.8 3.3699092e+08
727.9 3.3913263e+08
728 3.3614752e+08
728.1 3.2729953e+08
728.2 3.1206935e+08
728.3 2.9022426e+08
728.4 2.6188477e+08
728.5 2.2759788e+08
728.6 1.8846159e+08
728.7 1.4646525e+08
728.8 1.0570284e+08
728.9 76729854
729 79241444
729.1 1.1149988e+08
729.2 1.5441809e+08
729.3 1.9881573e+08
729.4 2.4116169e+08
729.5 2.7976608e+08
729.6 3.1371868e+08
729.7 3.4256653e+08
729.8 3.6618559e+08
729.9 3.8470851e+08
730 3.9847001e+08
730.1 4.079579e+08
730.2 4.1376694e+08
730.3 4.1655475e+08
730.4 4.1700049e+08
730.5 4.157669e+08
730.6 4.1346692e+08
730.7 4.1063632e+08
730.8 4.0771379e+08
730.9 4.0502992e+08
731 4.0280577e+08
731.1 4.0116057e+08
731.2 4.0012684e+08
731.3 3.9967029e+08
731.4 3.9971125e+08
731.5 4.0014495e+08
731.6 4.0085826e+08
731.7 4.017422e+08
731.8 4.0269979e+08
731.9 4.0365018e+08
732 4.0453002e+08
732.1 4.0529328e+08
732.2 4.0591063e+08
732.3 4.0636886e+08
732.4 4.0667076e+08
732.5 4.0683514e+08
732.6 4.0689651e+08
732.7 4.0690383e+08
732.8 4.069177e+08
732.9 4.070055e+08
733 4.0723435e+08
733.1 4.0766213e+08
733.2 4.0832737e+08
733.3 4.0923888e+08
733.4 4.1036687e+08
733.5 4.1163667e+08
733.6 4.129266e+08
733.7 4.1407045e+08
733.8 4.1486455e+08
733.9 4.150789e+08
734 4.144708e+08
734.1 4.1279963e+08
734.2 4.0984106e+08
734.3 4.0539946e+08
734.4 3.9931763e+08
734.5 3.9148344e+08
734.6 3.8183325e+08
734.7 3.703528e+08
734.8 3.5707606e+08
734.9 3.4208288e+08
735 3.2549667e+08
735.1 3.0748303e+08
735.2 2.8825078e+08
735.3 2.6805689e+08
735.4 2.4721766e+08
735.5 2.2612905e+08
735.6 2.0529978e+08
735.7 1.8540016e+08
735.8 1.6732217e+08
735.9 1.5222209e+08
736 1.4146283e+08
736.1 1.3632672e+08
736.2 1.3749246e+08
736.3 1.4462934e+08
736.4 1.5652461e+08
736.5 1.7159837e+08
736.6 1.8833906e+08
736.7 2.0548431e+08
736.8 2.2204279e+08
736.9 2.3726869e+08
737 2.5063786e+08
737.1 2.6183406e+08
737.2 2.707393e+08
737.3 2.7741947e+08
737.4 2.8209923e+08
737.5 2.851238e+08
737.6 2.8690965e+08
737.7 2.8789003e+08
737.8 2.8846329e+08
737.9 2.8895192e+08
738 2.8957776e+08
738.1 2.9045472e+08
738.2 2.915962e+08
738.3 2.9293175e+08
738.4 2.9432737e+08
738.5 2.9560521e+08
738.6 2.965608e+08
738.7 2.9697771e+08
738.8 2.9664066e+08
738.9 2.9534788e+08
739 2.9292342e+08
739.1 2.8922935e+08
739.2 2.8417744e+08
739.3 2.777396e+08
739.4 2.699564e+08
739.5 2.609427e+08
739.6 2.5088965e+08
739.7 2.4006201e+08
739.8 2.2878993e+08
739.9 2.1745437e+08
740 2.0646573e+08
740.1 1.962363e+08
740.2 1.871489e+08
740.3 1.7952612e+08
740.4 1.7360739e+08
740.5 1.6954113e+08
740.6 1.6739604e+08
740.7 1.6718863e+08
740.8 1.6891651e+08
740.9 1.7258345e+08
741 1.7820518e+08
741.1 1.8579264e+08
741.2 1.953178e+08
741.3 2.0667317e+08
741.4 2.1963695e+08
741.5 2.338526e+08
741.6 2.4882602e+08
741.7 2.6393964e+08
741.8 2.7848036e+08
741.9 2.9167821e+08
742 3.027526e+08
742.1 3.1096318e+08
742.2 3.1566146e+08
742.3 3.1633865e+08
742.4 3.1266508e+08
742.5 3.0451637e+08
742.6 2.9198347e+08
742.7 2.7536491e+08
742.8 2.5514263e+08
742.9 2.3194454e+08
743 2.0649876e+08
743.1 1.7958533e+08
743.2 1.5199144e+08
743.3 1.2447653e+08
743.4 97755657
743.5 72521479
743.6 49580592
743.7 30485576
743.8 20282717
743.9 25274592
744 36981543
744.1 48909297
744.2 59609406
744.3 68853135
744.4 76744152
744.5 83512506
744.6 89445148
744.7 94851622
744.8 1.0004118e+08
744.9 1.0530503e+08
745 1.1090224e+08
745.1 1.1704923e+08
745.2 1.2391271e+08
745.3 1.3160535e+08
745.4 1.4018345e+08
745.5 1.4964557e+08
745.6 1.5993208e+08
745.7 1.7092611e+08
745.8 1.8245684e+08
745.9 1.9430637e+08
746 2.0622081e+08
746.1 2.1792551e+08
746.2 2.2914366e+08
746.3 2.3961611e+08
746.4 2.4912038e+08
746.5 2.57486e+08
746.6 2.6460436e+08
746.7 2.704319e+08
746.8 2.7498688e+08
746.9 2.7834108e+08
747 2.8060909e+08
747.1 2.8193779e+08
747.2 2.8249881e+08
747.3 2.8248554e+08
747.4 2.8211503e+08
747.5 2.8163371e+08
747.6 2.8132391e+08
747.7 2.8150693e+08
747.8 2.8253727e+08
747.9 2.8478334e+08
748 2.8859183e+08
748.1 2.9423856e+08
748.2 3.0187434e+08
748.3 3.114796e+08
748.4 3.2284108e+08
748.5 3.3555813e+08
748.6 3.4907714e+08
748.7 3.6274622e+08
748.8 3.7587921e+08
748.9 3.8781948e+08
749 3.9799641e+08
749.1 4.0597002e+08
749.2 4.1146097e+08
749.3 4.1436467e+08
749.4 4.1474942e+08
749.5 4.1283967e+08
749.6 4.0898677e+08
749.7 4.0363043e+08
749.8 3.9725512e+08
749.9 3.903459e+08
750 3.8334842e+08
750.1 3.7663713e+08
750.2 3.7049487e+08
750.3 3.6510514e+08
750.4 3.6055658e+08
750.5 3.5685705e+08
750.6 3.5395367e+08
750.7 3.5175464e+08
750.8 3.5014942e+08
750.9 3.4902488e+08
751 3.482765e+08
751.1 3.4781459e+08
751.2 3.4756636e+08
751.3 3.4747502e+08
751.4 3.4749706e+08
751.5 3.4759893e+08
751.6 3.4775381e+08
751.7 3.4793927e+08
751.8 3.4813599e+08
751.9 3.4832765e+08
752 3.4850174e+08
752.1 3.4865093e+08
752.2 3.4877464e+08
752.3 3.488803e+08
752.4 3.4898407e+08
752.5 3.4911071e+08
752.6 3.4929242e+08
752.7 3.4956666e+08
752.8 3.4997276e+08
752.9 3.5054724e+08
753 3.5131794e+08
753.1 3.5229694e+08
753.2 3.5347236e+08
753.3 3.5479949e+08
753.4 3.5619176e+08
753.5 3.5751236e+08
753.6 3.5856745e+08
753.7 3.5910205e+08
753.8 3.587998e+08
753.9 3.5728745e+08
754 3.5414492e+08
754.1 3.4892139e+08
754.2 3.4115724e+08
754.3 3.3041166e+08
754.4 3.1629473e+08
754.5 2.9850312e+08
754.6 2.7685855e+08
754.7 2.513499e+08
754.8 2.221848e+08
754.9 1.8986994e+08
755 1.5538144e+08
755.1 1.2062759e+08
755.2 89869290
755.3 72988658
755.4 81504778
755.5 1.0978915e+08
755.6 1.458656e+08
755.7 1.837178e+08
755.8 2.2070042e+08
755.9 2.5544106e+08
756 2.8713883e+08
756.1 3.1532507e+08
756.2 3.3976472e+08
756.3 3.6040262e+08
756.4 3.7732454e+08
756.5 3.9072376e+08
756.6 4.0087082e+08
756.7 4.0808672e+08
756.8 4.1272019e+08
756.9 4.1512981e+08
757 4.1567102e+08
757.1 4.146878e+08
757.2 4.1250822e+08
757.3 4.0944291e+08
757.4 4.0578512e+08
757.5 4.0181107e+08
757.6 3.9777954e+08
757.7 3.9392962e+08
757.8 3.9047629e+08
757.9 3.876038e+08
758 3.8545782e+08
758.1 3.8413756e+08
758.2 3.8368961e+08
758.3 3.8410508e+08
758.4 3.8532088e+08
758.5 3.8722538e+08
758.6 3.8966753e+08
758.7 3.924678e+08
758.8 3.9542954e+08
758.9 3.98349e+08
759 4.0102323e+08
759.1 4.0325567e+08
759.2 4.0485955e+08
759.3 4.0565992e+08
759.4 4.054951e+08
759.5 4.0421843e+08
759.6 4.0170101e+08
759.7 3.9783587e+08
759.8 3.9254382e+08
759.9 3.8578079e+08
760 3.7754627e+08
760.1 3.6789225e+08
760.2 3.5693149e+08
760.3 3.448442e+08
760.4 3.3188144e+08
760.5 3.1836377e+08
760.6 3.0467341e+08
760.7 2.9123816e+08
760.8 2.7850621e+08
760.9 2.669121e+08
761 2.5683709e+08
761.1 2.485706e+08
761.2 2.4228258e+08
761.3 2.3801687e+08
761.4 2.357105e+08
761.5 2.3523553e+08
761.6 2.3645141e+08
761.7 2.3925213e+08
761.8 2.4359428e+08
761.9 2.4949727e+08
762 2.5701364e+08
762.1 2.6617451e+08
762.2 2.7692164e+08
762.3 2.8904302e+08
762.4 3.0212928e+08
762.5 3.1556378e+08
762.6 3.2855168e+08
762.7 3.401854e+08
762.8 3.4953887e+08
762.9 3.5577992e+08
763 3.5828899e+08
763.1 3.5677112e+08
763.2 3.5134719e+08
763.3 3.4260942e+08
763.4 3.316237e+08
763.5 3.1985769e+08
763.6 3.0901175e+08
763.7 3.0074259e+08
763.8 2.9631739e+08
763.9 2.9631324e+08
764 3.0051184e+08
764.1 3.0805208e+08
764.2 3.177465e+08
764.3 3.283965e+08
764.4 3.389993e+08
764.5 3.4883266e+08
764.6 3.5745391e+08
764.7 3.6465513e+08
764.8 3.7040411e+08
764.9 3.7478731e+08
765 3.7796214e+08
765.1 3.8012044e+08
765.2 3.8146276e+08
765.3 3.8218187e+08
765.4 3.8245327e+08
765.5 3.8243106e+08
765.6 3.8224714e+08
765.7 3.8201242e+08
765.8 3.8181872e+08
765.9 3.8174026e+08
766 3.818341e+08
766.1 3.821392e+08
766.2 3.8267409e+08
766.3 3.8343371e+08
766.4 3.8438645e+08
766.5 3.8547246e+08
766.6 3.8660473e+08
766.7 3.8767363e+08
766.8 3.8855524e+08
766.9 3.8912313e+08
767 3.8926176e+08
767.1 3.8887988e+08
767.2 3.8792143e+08
767.3 3.8637232e+08
767.4 3.8426182e+08
767.5 3.8165861e+08
767.6 3.7866242e+08
767.7 3.7539271e+08
767.8 3.7197629e+08
767.9 3.6853551e+08
768 3.6517823e+08
768.1 3.6199023e+08
768.2 3.5903038e+08
768.3 3.5632848e+08
768.4 3.538854e+08
768.5 3.5167535e+08
768.6 3.4964968e+08
768.7 3.4774188e+08
768.8 3.4587324e+08
768.9 3.4395876e+08
769 3.4191291e+08
769.1 3.3965494e+08
769.2 3.3711352e+08
769.3 3.342307e+08
769.4 3.3096499e+08
769.5 3.2729375e+08
769.6 3.2321467e+08
769.7 3.187465e+08
769.8 3.1392881e+08
769.9 3.0882084e+08
770 3.0349932e+08
770.1 2.9805526e+08
770.2 2.9258991e+08
770.3 2.8720979e+08
770.4 2.8202134e+08
770.5 2.7712528e+08
770.6 2.7261125e+08
770.7 2.6855324e+08
770.8 2.6500635e+08
770.9 2.6200546e+08
771 2.5956631e+08
771.1 2.5768896e+08
771.2 2.5636341e+08
771.3 2.5557661e+08
771.4 2.5532005e+08
771.5 2.5559668e+08
771.6 2.5642654e+08
771.7 2.5785022e+08
771.8 2.5992986e+08
771.9 2.6274721e+08
772 2.6639859e+08
772.1 2.7098659e+08
772.2 2.7660847e+08
772.3 2.8334185e+08
772.4 2.9122855e+08
772.5 3.0025846e+08
772.6 3.1035512e+08
772.7 3.2136517e+08
772.8 3.3305311e+08
772.9 3.4510235e+08
773 3.5712259e+08
773.1 3.6866328e+08
773.2 3.792323e+08
773.3 3.8831885e+08
773.4 3.9541944e+08
773.5 4.0006539e+08
773.6 4.0185037e+08
773.7 4.0045591e+08
773.8 3.9567309e+08
773.9 3.8741833e+08
774 3.7574202e+08
774.1 3.6082879e+08
774.2 3.4298961e+08
774.3 3.2264635e+08
774.4 3.003105e+08
774.5 2.7655825e+08
774.6 2.5200443e+08
774.7 2.2727774e+08
774.8 2.0299906e+08
774.9 1.7976404e+08
775 1.5812951e+08
775.1 1.3860164e+08
775.2 1.2162146e+08
775.3 1.0754162e+08
775.4 96590726
775.5 88834056
775.6 84159684
775.7 82323255
775.8 83046511
775.9 86112269
776 91395579
776.1 98821286
776.2 1.0828609e+08
776.3 1.1959194e+08
776.4 1.3241576e+08
776.5 1.4631544e+08
776.6 1.6075953e+08
776.7 1.7516913e+08
776.8 1.8896476e+08
776.9 2.0161427e+08
777 2.126787e+08
777.1 2.2185218e+08
777.2 2.2899162e+08
777.3 2.3413134e+08
777.4 2.3747896e+08
777.5 2.3938995e+08
777.6 2.4032127e+08
777.7 2.4076795e+08
777.8 2.4119119e+08
777.9 2.4195103e+08
778 2.4325797e+08
778.1 2.4515427e+08
778.2 2.4752692e+08
778.3 2.5014472e+08
778.4 2.5270598e+08
778.5 2.548838e+08
778.6 2.5636072e+08
778.7 2.568507e+08
778.8 2.5611036e+08
778.9 2.5394343e+08
779 2.5020289e+08
779.1 2.4479355e+08
779.2 2.3767716e+08
779.3 2.288804e+08
779.4 2.1850496e+08
779.5 2.0673831e+08
779.6 1.9386338e+08
779.7 1.8026474e+08
779.8 1.6642858e+08
779.9 1.529322e+08
780 1.4041582e+08
780.1 1.2952611e+08
780.2 1.2082235e+08
780.3 1.1465388e+08
780.4 1.1105345e+08
780.5 1.0971517e+08
780.6 1.1008752e+08
780.7 1.1153232e+08
780.8 1.134664e+08
780.9 1.1543945e+08
781 1.1715165e+08
781.1 1.1843557e+08
781.2 1.1922496e+08
781.3 1.195242e+08
781.4 1.1938621e+08
781.5 1.1890235e+08
781.6 1.1820598e+08
781.7 1.1748819e+08
781.8 1.1702128e+08
781.9 1.1717998e+08
782 1.1844453e+08
782.1 1.2136597e+08
782.2 1.264836e+08
782.3 1.3421035e+08
782.4 1.447322e+08
782.5 1.5796767e+08
782.6 1.7359661e+08
782.7 1.9113023e+08
782.8 2.0998735e+08
782.9 2.2955772e+08
783 2.4924886e+08
783.1 2.6851943e+08
783.2 2.8690262e+08
783.3 3.0402177e+08
783.4 3.1959873e+08
783.5 3.3345576e+08
783.6 3.4551117e+08
783.7 3.5576963e+08
783.8 3.6430843e+08
783.9 3.7126084e+08
784 3.7679836e+08
784.1 3.8111322e+08
784.2 3.8440249e+08
784.3 3.8685487e+08
784.4 3.8864104e+08
784.5 3.8990779e+08
784.6 3.9077608e+08
784.7 3.9134241e+08
784.8 3.9168289e+08
784.9 3.9185859e+08
785 3.919212e+08
785.1 3.9191769e+08
785.2 3.9189311e+08
785.3 3.9189119e+08
785.4 3.9195279e+08
785.5 3.9211311e+08
785.6 3.9239836e+08
785.7 3.9282314e+08
785.8 3.9338918e+08
785.9 3.9408575e+08
786 3.9489163e+08
786.1 3.9577811e+08
786.2 3.9671232e+08
786.3 3.9766037e+08
786.4 3.9858988e+08
786.5 3.994717e+08
786.6 4.0028086e+08
786.7 4.0099689e+08
786.8 4.0160373e+08
786.9 4.0208936e+08
787 4.0244531e+08
787.1 4.0266605e+08
787.2 4.0274838e+08
787.3 4.0269065e+08
787.4 4.0249193e+08
787.5 4.021511e+08
787.6 4.0166584e+08
787.7 4.0103182e+08
787.8 4.0024221e+08
787.9 3.9928778e+08
788 3.9815798e+08
788.1 3.9684306e+08
788.2 3.9533736e+08
788.3 3.936435e+08
788.4 3.9177675e+08
788.5 3.8976876e+08
788.6 3.8766932e+08
788.7 3.8554515e+08
788.8 3.8347495e+08
788.9 3.8154105e+08
789 3.7981878e+08
789.1 3.7836568e+08
789.2 3.7721332e+08
789.3 3.7636346e+08
789.4 3.7578987e+08
789.5 3.7544489e+08
789.6 3.752691e+08
789.7 3.7520151e+08
789.8 3.7518808e+08
789.9 3.7518696e+08
790 3.7517039e+08
790.1 3.7512336e+08
790.2 3.7504054e+08
790.3 3.7492245e+08
790.4 3.7477198e+08
790.5 3.7459185e+08
790.6 3.7438306e+08
790.7 3.7414428e+08
790.8 3.7387174e+08
790.9 3.7355934e+08
791 3.7319879e+08
791.1 3.7277967e+08
791.2 3.7228949e+08
791.3 3.7171385e+08
791.4 3.7103683e+08
791.5 3.7024178e+08
791.6 3.6931258e+08
791.7 3.6823539e+08
791.8 3.6700088e+08
791.9 3.6560675e+08
792 3.640602e+08
792.1 3.6238015e+08
792.2 3.6059853e+08
792.3 3.5876047e+08
792.4 3.5692295e+08
792.5 3.5515165e+08
792.6 3.5351638e+08
792.7 3.5208514e+08
792.8 3.509176e+08
792.9 3.5005882e+08
793 3.4953406e+08
793.1 3.4934543e+08
793.2 3.4947112e+08
793.3 3.4986717e+08
793.4 3.5047179e+08
793.5 3.5121169e+08
793.6 3.5200964e+08
793.7 3.5279255e+08
793.8 3.5349933e+08
793.9 3.540879e+08
794 3.5454095e+08
794.1 3.5487019e+08
794.2 3.551186e+08
794.3 3.5536077e+08
794.4 3.5570054e+08
794.5 3.5626573e+08
794.6 3.5719924e+08
794.7 3.5864602e+08
794.8 3.6073596e+08
794.9 3.6356331e+08
795 3.671647e+08
795.1 3.7149834e+08
795.2 3.7642824e+08
795.3 3.817166e+08
795.4 3.8702663e+08
795.5 3.9193632e+08
795.6 3.9596183e+08
795.7 3.9858786e+08
795.8 3.9930153e+08
795.9 3.9762645e+08
796 3.9315384e+08
796.1 3.8556882e+08
796.2 3.7467048e+08
796.3 3.6038597e+08
796.4 3.4277992e+08
796.5 3.22062e+08
796.6 2.9859759e+08
796.7 2.7292888e+08
796.8 2.4581829e+08
796.9 2.1833174e+08
797 1.9198198e+08
797.1 1.6892421e+08
797.2 1.5204635e+08
797.3 1.4444403e+08
797.4 1.4784211e+08
797.5 1.6122862e+08
797.6 1.8161075e+08
797.7 2.0577228e+08
797.8 2.3114454e+08
797.9 2.5584037e+08
798 2.7845925e+08
798.1 2.9792136e+08
798.2 3.1336746e+08
798.3 3.2410722e+08
798.4 3.2959735e+08
798.5 3.2943702e+08
798.6 3.2337254e+08
798.7 3.1130619e+08
798.8 2.9330518e+08
798.9 2.6960743e+08
799 2.4062144e+08
799.1 2.0691815e+08
799.2 1.6921364e+08
799.3 1.283429e+08
799.4 85227476
799.5 40855263
799.6 5012563
799.7 48316017
799.8 91074082
799.9 1.3174918e+08
800 1.6974303e+08
800.1 2.0462069e+08
800.2 2.3609818e+08
800.3 2.6403241e+08
800.4 2.8840532e+08
800.5 3.0930342e+08
800.6 3.2689466e+08
800.7 3.4140481e+08
800.8 3.5309491e+08
800.9 3.6224139e+08
801 3.6911949e+08
801.1 3.739906e+08
801.2 3.7709347e+08
801.3 3.7863923e+08
801.4 3.7880966e+08
801.5 3.7775827e+08
801.6 3.7561348e+08
801.7 3.7248328e+08
801.8 3.6846074e+08
801.9 3.6362959e+08
802 3.5806948e+08
802.1 3.518603e+08
802.2 3.4508533e+08
802.3 3.3783295e+08
802.4 3.3019684e+08
802.5 3.2227494e+08
802.6 3.141671e+08
802.7 3.0597196e+08
802.8 2.9778333e+08
802.9 2.8968636e+08
803 2.8175391e+08
803.1 2.7404355e+08
803.2 2.6659526e+08
803.3 2.5943032e+08
803.4 2.5255142e+08
803.5 2.4594415e+08
803.6 2.3958001e+08
803.7 2.3342078e+08
803.8 2.2742427e+08
803.9 2.2155127e+08
804 2.1577354e+08
804.1 2.1008247e+08
804.2 2.0449798e+08
804.3 1.9907696e+08
804.4 1.9391986e+08
804.5 1.8917364e+08
804.6 1.8502833e+08
804.7 1.8170432e+08
804.8 1.794281e+08
804.9 1.7839713e+08
805 1.7873919e+08
805.1 1.8047647e+08
805.2 1.8350634e+08
805.3 1.8760662e+08
805.4 1.9246472e+08
805.5 1.9772246e+08
805.6 2.030253e+08
805.7 2.08066e+08
805.8 2.1261646e+08
805.9 2.1654463e+08
806 2.1981649e+08
806.1 2.224843e+08
806.2 2.2466431e+08
806.3 2.2650807e+08
806.4 2.2817209e+08
806.5 2.2979078e+08
806.6 2.3145659e+08
806.7 2.3320944e+08
806.8 2.3503577e+08
806.9 2.3687526e+08
807 2.3863247e+08
807.1 2.4019025e+08
807.2 2.4142246e+08
807.3 2.4220441e+08
807.4 2.4242037e+08
807.5 2.4196835e+08
807.6 2.4076242e+08
807.7 2.3873337e+08
807.8 2.3582827e+08
807.9 2.3200933e+08
808 2.2725254e+08
808.1 2.2154629e+08
808.2 2.1489009e+08
808.3 2.0729348e+08
808.4 1.987752e+08
808.5 1.8936254e+08
808.6 1.790911e+08
808.7 1.6800511e+08
808.8 1.5615851e+08
808.9 1.4361797e+08
809 1.3046893e+08
809.1 1.1682803e+08
809.2 1.0286799e+08
809.3 88868611
809.4 75323052
809.5 63153666
809.6 54061094
809.7 50580451
809.8 54578468
809.9 65315668
810 80615119
810.1 98726866
810.2 1.1860367e+08
810.3 1.3961785e+08
810.4 1.6134273e+08
810.5 1.8343897e+08
810.6 2.0560022e+08
810.7 2.2752861e+08
810.8 2.4892629e+08
810.9 2.6949625e+08
811 2.8894907e+08
811.1 3.0701333e+08
811.2 3.2344786e+08
811.3 3.3805412e+08
811.4 3.5068716e+08
811.5 3.6126364e+08
811.6 3.6976603e+08
811.7 3.7624257e+08
811.8 3.8080289e+08
811.9 3.8361022e+08
812 3.8487102e+08
812.1 3.8482327e+08
812.2 3.8372451e+08
812.3 3.8184054e+08
812.4 3.7943538e+08
812.5 3.7676262e+08
812.6 3.7405832e+08
812.7 3.7153514e+08
812.8 3.6937772e+08
812.9 3.6773912e+08
813 3.6673849e+08
813.1 3.6646012e+08
813.2 3.6695405e+08
813.3 3.6823812e+08
813.4 3.7030109e+08
813.5 3.7310617e+08
813.6 3.7659382e+08
813.7 3.8068331e+08
813.8 3.8527253e+08
813.9 3.9023665e+08
814 3.9542704e+08
814.1 4.0067227e+08
814.2 4.0578307e+08
814.3 4.1056203e+08
814.4 4.1481775e+08
814.5 4.1838149e+08
814.6 4.2112362e+08
814.7 4.229669e+08
814.8 4.2389433e+08
814.9 4.2395057e+08
815 4.2323699e+08
815.1 4.2190169e+08
815.2 4.2012607e+08
815.3 4.1810987e+08
815.4 4.1605619e+08
815.5 4.1415775e+08
815.6 4.1258505e+08
815.7 4.1147684e+08
815.8 4.1093298e+08
815.9 4.1100974e+08
816 4.1171704e+08
816.1 4.1301764e+08
816.2 4.1482767e+08
816.3 4.1701828e+08
816.4 4.1941804e+08
816.5 4.2181579e+08
816.6 4.2396404e+08
816.7 4.2558282e+08
816.8 4.2636419e+08
816.9 4.2597777e+08
817 4.2407743e+08
817.1 4.2030946e+08
817.2 4.1432225e+08
817.3 4.057775e+08
817.4 3.9436275e+08
817.5 3.798049e+08
817.6 3.6188444e+08
817.7 3.4044986e+08
817.8 3.1543213e+08
817.9 2.8685919e+08
818 2.5487153e+08
818.1 2.197424e+08
818.2 1.8191476e+08
818.3 1.4209684e+08
818.4 1.0159748e+08
818.5 63932568
818.6 43559549
818.7 62673072
818.8 1.0049288e+08
818.9 1.4169039e+08
819 1.8247433e+08
819.1 2.2139127e+08
819.2 2.5759987e+08
819.3 2.905228e+08
819.4 3.1975601e+08
819.5 3.450411e+08
819.6 3.6625524e+08
819.7 3.8340532e+08
819.8 3.9662153e+08
819.9 4.0614835e+08
820 4.1233193e+08
820.1 4.1560313e+08
820.2 4.1645633e+08
820.3 4.1542401e+08
820.4 4.1304831e+08
820.5 4.0985118e+08
820.6 4.0630574e+08
820.7 4.0281208e+08
820.8 3.9968032e+08
820.9 3.9712353e+08
821 3.9526094e+08
821.1 3.9413039e+08
821.2 3.9370696e+08
821.3 3.9392408e+08
821.4 3.9469351e+08
821.5 3.9592154e+08
821.6 3.9752005e+08
821.7 3.9941247e+08
821.8 4.0153522e+08
821.9 4.0383595e+08
822 4.0626976e+08
822.1 4.0879454e+08
822.2 4.1136629e+08
822.3 4.1393516e+08
822.4 4.1644235e+08
822.5 4.1881843e+08
822.6 4.2098281e+08
822.7 4.2284452e+08
822.8 4.2430414e+08
822.9 4.2525663e+08
823 4.2559486e+08
823.1 4.2521361e+08
823.2 4.240137e+08
823.3 4.2190611e+08
823.4 4.188157e+08
823.5 4.1468441e+08
823.6 4.0947376e+08
823.7 4.0316656e+08
823.8 3.9576768e+08
823.9 3.8730401e+08
824 3.7782361e+08
824.1 3.6739411e+08
824.2 3.5610072e+08
824.3 3.44044e+08
824.4 3.3133768e+08
824.5 3.1810695e+08
824.6 3.0448753e+08
824.7 2.9062594e+08
824.8 2.7668124e+08
824.9 2.628286e+08
825 2.4926473e+08
825.1 2.362149e+08
825.2 2.2394074e+08
825.3 2.1274681e+08
825.4 2.0298229e+08
825.5 1.9503248e+08
825.6 1.8929394e+08
825.7 1.8613017e+08
825.8 1.8581302e+08
825.9 1.8846648e+08
826 1.9403498e+08
826.1 2.0228957e+08
826.2 2.1286697e+08
826.3 2.25323e+08
826.4 2.3918219e+08
826.5 2.5397431e+08
826.6 2.6925765e+08
826.7 2.8463235e+08
826.8 2.997479e+08
826.9 3.143074e+08
827 3.2806964e+08
827.1 3.4084959e+08
827.2 3.5251709e+08
827.3 3.6299372e+08
827.4 3.7224786e+08
827.5 3.8028822e+08
827.6 3.8715626e+08
827.7 3.9291806e+08
827.8 3.9765612e+08
827.9 4.0146163e+08
828 4.0442765e+08
828.1 4.0664329e+08
828.2 4.0818912e+08
828.3 4.0913382e+08
828.4 4.0953182e+08
828.5 4.0942203e+08
828.6 4.0882729e+08
828.7 4.0775449e+08
828.8 4.0619522e+08
828.9 4.041268e+08
829 4.0151374e+08
829.1 3.983095e+08
829.2 3.9445867e+08
829.3 3.8989958e+08
829.4 3.8456749e+08
829.5 3.7839849e+08
829.6 3.7133417e+08
829.7 3.6332721e+08
829.8 3.5434802e+08
829.9 3.4439234e+08
830 3.3348977e+08
830.1 3.2171302e+08
830.2 3.0918734e+08
830.3 2.960995e+08
830.4 2.8270509e+08
830.5 2.6933251e+08
830.6 2.5638096e+08
830.7 2.4430922e+08
830.8 2.3361132e+08
830.9 2.2477614e+08
831 2.1823239e+08
831.1 2.1428794e+08
831.2 2.130809e+08
831.3 2.1456153e+08
831.4 2.1851387e+08
831.5 2.2460828e+08
831.6 2.3246423e+08
831.7 2.4170324e+08
831.8 2.5198194e+08
831.9 2.6300518e+08
832 2.7452447e+08
832.1 2.8632843e+08
832.2 2.9823032e+08
832.3 3.1005635e+08
832.4 3.2163672e+08
832.5 3.3280034e+08
832.6 3.4337345e+08
832.7 3.5318191e+08
832.8 3.6205641e+08
832.9 3.6984014e+08
833 3.7639766e+08
833.1 3.8162434e+08
833.2 3.8545516e+08
833.3 3.8787204e+08
833.4 3.8890864e+08
833.5 3.8865187e+08
833.6 3.8723949e+08
833.7 3.8485354e+08
833.8 3.8170972e+08
833.9 3.7804351e+08
834 3.740942e+08
834.1 3.7008879e+08
834.2 3.6622743e+08
834.3 3.6267245e+08
834.4 3.5954197e+08
834.5 3.5690852e+08
834.6 3.5480179e+08
834.7 3.5321422e+08
834.8 3.5210751e+08
834.9 3.5141851e+08
835 3.5106354e+08
835.1 3.5094079e+08
835.2 3.5093136e+08
835.3 3.5089963e+08
835.4 3.5069404e+08
835.5 3.5014911e+08
835.6 3.4908938e+08
835.7 3.4733549e+08
835.8 3.4471257e+08
835.9 3.4106108e+08
836 3.3624976e+08
836.1 3.3019083e+08
836.2 3.2285702e+08
836.3 3.1429989e+08
836.4 3.0466821e+08
836.5 2.9422449e+08
836.6 2.8335593e+08
836.7 2.7257449e+08
836.8 2.6249843e+08
836.9 2.538068e+08
837 2.4716171e+08
837.1 2.4310474e+08
837.2 2.419519e+08
837.3 2.437259e+08
837.4 2.4815706e+08
837.5 2.547534e+08
837.6 2.6290865e+08
837.7 2.7200771e+08
837.8 2.8150336e+08
837.9 2.9095765e+08
838 3.0005415e+08
838.1 3.08591e+08
838.2 3.1646341e+08
838.3 3.2364173e+08
838.4 3.3014856e+08
838.5 3.3603702e+08
838.6 3.4137098e+08
838.7 3.4620783e+08
838.8 3.5058401e+08
838.9 3.5450389e+08
839 3.5793215e+08
839.1 3.6079034e+08
839.2 3.6295769e+08
839.3 3.6427612e+08
839.4 3.645592e+08
839.5 3.6360419e+08
839.6 3.612062e+08
839.7 3.5717332e+08
839.8 3.5134132e+08
839.9 3.4358669e+08
840 3.338369e+08
840.1 3.2207692e+08
840.2 3.0835171e+08
840.3 2.9276447e+08
840.4 2.7547123e+08
840.5 2.5667256e+08
840.6 2.3660341e+08
840.7 2.1552226e+08
840.8 1.9370061e+08
840.9 1.7141391e+08
841 1.4893469e+08
841.1 1.2652913e+08
841.2 1.04459e+08
841.3 82994463
841.4 62455871
841.5 43359196
841.6 27054030
841.7 18575056
841.8 24435413
841.9 36890256
842 50095740
842.1 62620141
842.2 74047600
842.3 84226976
842.4 93106540
842.5 1.0068637e+08
842.6 1.0700124e+08
842.7 1.1211299e+08
842.8 1.1610592e+08
842.9 1.1908305e+08
843 1.2116225e+08
843.1 1.2247211e+08
843.2 1.2314732e+08
843.3 1.2332402e+08
843.4 1.2313506e+08
843.5 1.2270574e+08
843.6 1.2215011e+08
843.7 1.2156825e+08
843.8 1.2104442e+08
843.9 1.2064639e+08
844 1.2042562e+08
844.1 1.2041829e+08
844.2 1.2064703e+08
844.3 1.2112295e+08
844.4 1.2184816e+08
844.5 1.2281831e+08
844.6 1.2402526e+08
844.7 1.2545974e+08
844.8 1.2711381e+08
844.9 1.2898317e+08
845 1.3106907e+08
845.1 1.3337985e+08
845.2 1.359319e+08
845.3 1.3875018e+08
845.4 1.4186805e+08
845.5 1.4532661e+08
845.6 1.4917347e+08
845.7 1.5346105e+08
845.8 1.5824434e+08
845.9 1.6357827e+08
846 1.695146e+08
846.1 1.7609854e+08
846.2 1.8336512e+08
846.3 1.9133562e+08
846.4 2.000143e+08
846.5 2.0938553e+08
846.6 2.1941165e+08
846.7 2.3003162e+08
846.8 2.4116034e+08
846.9 2.5268888e+08
847 2.6448553e+08
847.1 2.7639782e+08
847.2 2.8825582e+08
847.3 2.9987685e+08
847.4 3.1107185e+08
847.5 3.2165336e+08
847.6 3.3144474e+08
847.7 3.4029008e+08
847.8 3.4806377e+08
847.9 3.5467861e+08
848 3.6009163e+08
848.1 3.6430651e+08
848.2 3.6737257e+08
848.3 3.6938025e+08
848.4 3.7045362e+08
848.5 3.7074104e+08
848.6 3.7040464e+08
848.7 3.6961003e+08
848.8 3.6851674e+08
848.9 3.6727024e+08
849 3.6599587e+08
849.1 3.6479487e+08
849.2 3.6374244e+08
849.3 3.6288772e+08
849.4 3.6225547e+08
849.5 3.6184897e+08
849.6 3.6165397e+08
849.7 3.6164302e+08
849.8 3.6178002e+08
849.9 3.6202453e+08
850 3.6233546e+08
850.1 3.6267408e+08
850.2 3.6300622e+08
850.3 3.6330361e+08
850.4 3.635445e+08
850.5 3.6371386e+08
850.6 3.6380319e+08
850.7 3.6381023e+08
850.8 3.6373852e+08
850.9 3.635968e+08
851 3.633979e+08
851.1 3.6315701e+08
851.2 3.6288907e+08
851.3 3.6260536e+08
851.4 3.6230979e+08
851.5 3.6199541e+08
851.6 3.6164242e+08
851.7 3.6121826e+08
851.8 3.6068071e+08
851.9 3.5998394e+08
852 3.5908711e+08
852.1 3.5796435e+08
852.2 3.5661471e+08
852.3 3.5507052e+08
852.4 3.5340274e+08
852.5 3.5172242e+08
852.6 3.5017769e+08
852.7 3.4894638e+08
852.8 3.4822482e+08
852.9 3.482135e+08
853 3.4910078e+08
853.1 3.5104585e+08
853.2 3.5416201e+08
853.3 3.5850183e+08
853.4 3.6404492e+08
853.5 3.7068966e+08
853.6 3.782492e+08
853.7 3.8645244e+08
853.8 3.949498e+08
853.9 4.0332393e+08
854 4.1110464e+08
854.1 4.1778766e+08
854.2 4.228563e+08
854.3 4.2580477e+08
854.4 4.261619e+08
854.5 4.2351374e+08
854.6 4.1752342e+08
854.7 4.0794724e+08
854.8 3.946456e+08
854.9 3.7758864e+08
855 3.5685622e+08
855.1 3.3263295e+08
855.2 3.0519886e+08
855.3 2.7491698e+08
855.4 2.4221892e+08
855.5 2.0758967e+08
855.6 1.7155312e+08
855.7 1.3466066e+08
855.8 97490348
855.9 60698459
856 25616015
856.1 16071110
856.2 46987065
856.3 78305479
856.4 1.0771562e+08
856.5 1.3481531e+08
856.6 1.5943809e+08
856.7 1.8153528e+08
856.8 2.0114794e+08
856.9 2.1838904e+08
857 2.3342426e+08
857.1 2.4645018e+08
857.2 2.5767101e+08
857.3 2.6727647e+08
857.4 2.7542312e+08
857.5 2.8222152e+08
857.6 2.877303e+08
857.7 2.9195736e+08
857.8 2.9486754e+08
857.9 2.9639553e+08
858 2.9646277e+08
858.1 2.9499734e+08
858.2 2.9195618e+08
858.3 2.8734929e+08
858.4 2.8126564e+08
858.5 2.7389987e+08
858.6 2.6557795e+08
858.7 2.5677737e+08
858.8 2.4813375e+08
858.9 2.4042067e+08
859 2.3448607e+08
859.1 2.3113438e+08
859.2 2.3096721e+08
859.3 2.3423205e+08
859.4 2.4074781e+08
859.5 2.4994502e+08
859.6 2.6099569e+08
859.7 2.7296867e+08
859.8 2.8495738e+08
859.9 2.9615993e+08
860 3.0591637e+08
860.1 3.1371611e+08
860.2 3.1918745e+08
860.3 3.2207801e+08
860.4 3.2223201e+08
860.5 3.1956871e+08
860.6 3.1406548e+08
860.7 3.05748e+08
860.8 2.9468992e+08
860.9 2.8102359e+08
861 2.6496343e+08
861.1 2.4684389e+08
861.2 2.2717546e+08
861.3 2.0672345e+08
861.4 1.8661279e+08
861.5 1.6844217e+08
861.6 1.543152e+08
861.7 1.4654781e+08
861.8 1.4682099e+08
861.9 1.5521498e+08
862 1.7018009e+08
862.1 1.8947436e+08
862.2 2.1102431e+08
862.3 2.3324071e+08
862.4 2.5500432e+08
862.5 2.7556344e+08
862.6 2.9443795e+08
862.7 3.1134713e+08
862.8 3.2615715e+08
862.9 3.3884173e+08
863 3.4945154e+08
863.1 3.5808954e+08
863.2 3.6489084e+08
863.3 3.7000626e+08
863.4 3.7358903e+08
863.5 3.7578458e+08
863.6 3.7672295e+08
863.7 3.7651397e+08
863.8 3.752448e+08
863.9 3.7297974e+08
864 3.6976216e+08
864.1 3.6561807e+08
864.2 3.6056121e+08
864.3 3.5459901e+08
864.4 3.4773917e+08
864.5 3.3999614e+08
864.6 3.3139718e+08
864.7 3.2198733e+08
864.8 3.1183298e+08
864.9 3.0102379e+08
865 2.8967266e+08
865.1 2.7791399e+08
865.2 2.6590024e+08
865.3 2.5379728e+08
865.4 2.4177895e+08
865.5 2.300212e+08
865.6 2.1869643e+08
865.7 2.0796818e+08
865.8 1.9798632e+08
865.9 1.8888281e+08
866 1.807676e+08
866.1 1.7372453e+08
866.2 1.6780729e+08
866.3 1.6303556e+08
866.4 1.5939235e+08
866.5 1.5682355e+08
866.6 1.5524075e+08
866.7 1.5452771e+08
866.8 1.545504e+08
866.9 1.5516911e+08
867 1.5625141e+08
867.1 1.5768413e+08
867.2 1.5938331e+08
867.3 1.6130116e+08
867.4 1.6342971e+08
867.5 1.658012e+08
867.6 1.6848533e+08
867.7 1.7158406e+08
867.8 1.7522432e+08
867.9 1.7954943e+08
868 1.8470978e+08
868.1 1.9085325e+08
868.2 1.9811587e+08
868.3 2.0661289e+08
868.4 2.1643048e+08
868.5 2.2761798e+08
868.6 2.4018069e+08
868.7 2.5407293e+08
868.8 2.6919137e+08
868.9 2.853686e+08
869 3.0236731e+08
869.1 3.1987578e+08
869.2 3.375057e+08
869.3 3.5479358e+08
869.4 3.7120737e+08
869.5 3.8615957e+08
869.6 3.9902776e+08
869.7 4.0918302e+08
869.8 4.1602555e+08
869.9 4.1902577e+08
870 4.1776813e+08
870.1 4.1199408e+08
870.2 4.0163985e+08
870.3 3.8686545e+08
870.4 3.6807144e+08
870.5 3.4590194e+08
870.6 3.212334e+08
870.7 2.9514959e+08
870.8 2.6890215e+08
870.9 2.4385141e+08
871 2.2137276e+08
871.1 2.0270644e+08
871.2 1.8874151e+08
871.3 1.7978602e+08
871.4 1.7545788e+08
871.5 1.7481247e+08
871.6 1.7665625e+08
871.7 1.798621e+08
871.8 1.8355232e+08
871.9 1.871424e+08
872 1.9030276e+08
872.1 1.9289178e+08
872.2 1.9489009e+08
872.3 1.9634779e+08
872.4 1.9734725e+08
872.5 1.9797988e+08
872.6 1.9833376e+08
872.7 1.9848897e+08
872.8 1.9851758e+08
872.9 1.9848615e+08
873 1.9845901e+08
873.1 1.9850144e+08
873.2 1.9868193e+08
873.3 1.9907314e+08
873.4 1.9975086e+08
873.5 2.0079077e+08
873.6 2.0226278e+08
873.7 2.0422324e+08
873.8 2.0670616e+08
873.9 2.0971495e+08
874 2.1321658e+08
874.1 2.1713996e+08
874.2 2.2137916e+08
874.3 2.2580131e+08
874.4 2.3025755e+08
874.5 2.345952e+08
874.6 2.3866891e+08
874.7 2.4234939e+08
874.8 2.4552914e+08
874.9 2.4812543e+08
875 2.500812e+08
875.1 2.513651e+08
875.2 2.5197126e+08
875.3 2.5191943e+08
875.4 2.5125528e+08
875.5 2.500505e+08
875.6 2.4840206e+08
875.7 2.4643004e+08
875.8 2.4427358e+08
875.9 2.4208477e+08
876 2.4002086e+08
876.1 2.3823521e+08
876.2 2.3686795e+08
876.3 2.3603746e+08
876.4 2.3583378e+08
876.5 2.3631474e+08
876.6 2.3750541e+08
876.7 2.3940061e+08
876.8 2.4197014e+08
876.9 2.4516543e+08
877 2.4892682e+08
877.1 2.5319028e+08
877.2 2.5789291e+08
877.3 2.6297658e+08
877.4 2.6838985e+08
877.5 2.7408774e+08
877.6 2.8003001e+08
877.7 2.8617803e+08
877.8 2.9249088e+08
877.9 2.9892131e+08
878 3.0541224e+08
878.1 3.1189438e+08
878.2 3.1828556e+08
878.3 3.2449192e+08
878.4 3.3041103e+08
878.5 3.3593641e+08
878.6 3.4096307e+08
878.7 3.4539311e+08
878.8 3.4914092e+08
878.9 3.5213714e+08
879 3.543312e+08
879.1 3.556922e+08
879.2 3.5620824e+08
879.3 3.5588467e+08
879.4 3.5474147e+08
879.5 3.5281039e+08
879.6 3.5013215e+08
879.7 3.4675406e+08
879.8 3.4272808e+08
879.9 3.3810949e+08
880 3.329559e+08
880.1 3.2732656e+08
880.2 3.2128177e+08
880.3 3.1488227e+08
880.4 3.0818854e+08
880.5 3.0126002e+08
880.6 2.9415421e+08
880.7 2.8692584e+08
880.8 2.7962606e+08
880.9 2.7230183e+08
881 2.6499544e+08
881.1 2.5774428e+08
881.2 2.5058079e+08
881.3 2.4353261e+08
881.4 2.3662285e+08
881.5 2.2987049e+08
881.6 2.2329073e+08
881.7 2.1689551e+08
881.8 2.1069382e+08
881.9 2.0469217e+08
882 1.9889492e+08
882.1 1.9330467e+08
882.2 1.8792269e+08
882.3 1.8274961e+08
882.4 1.7778618e+08
882.5 1.7303463e+08
882.6 1.6850036e+08
882.7 1.6419445e+08
882.8 1.6013694e+08
882.9 1.5636103e+08
883 1.5291825e+08
883.1 1.4988439e+08
883.2 1.473655e+08
883.3 1.4550303e+08
883.4 1.4447614e+08
883.5 1.4449873e+08
883.6 1.4580877e+08
883.7 1.4864851e+08
883.8 1.5323704e+08
883.9 1.5974007e+08
884 1.6824404e+08
884.1 1.7874054e+08
884.2 1.9112319e+08
884.3 2.051947e+08
884.4 2.2068006e+08
884.5 2.3724213e+08
884.6 2.5449788e+08
884.7 2.7203519e+08
884.8 2.8943051e+08
884.9 3.0626776e+08
885 3.2215818e+08
885.1 3.3675994e+08
885.2 3.4979589e+08
885.3 3.6106753e+08
885.4 3.7046359e+08
885.5 3.7796207e+08
885.6 3.8362568e+08
885.7 3.8759142e+08
885.8 3.9005602e+08
885.9 3.9125928e+08
886 3.9146738e+08
886.1 3.9095788e+08
886.2 3.9000725e+08
886.3 3.8888117e+08
886.4 3.8782694e+08
886.5 3.8706712e+08
886.6 3.8679338e+08
886.7 3.8715998e+08
886.8 3.8827658e+08
886.9 3.902011e+08
887 3.9293325e+08
887.1 3.9640999e+08
887.2 4.0050375e+08
887.3 4.0502387e+08
887.4 4.0972122e+08
887.5 4.1429551e+08
887.6 4.1840478e+08
887.7 4.2167621e+08
887.8 4.2371793e+08
887.9 4.2413155e+08
888 4.225254e+08
888.1 4.1852832e+08
888.2 4.1180424e+08
888.3 4.0206704e+08
888.4 3.890954e+08
888.5 3.7274687e+08
888.6 3.5297027e+08
888.7 3.2981526e+08
888.8 3.0343822e+08
888.9 2.7410354e+08
889 2.4217972e+08
889.1 2.0813066e+08
889.2 1.7250296e+08
889.3 1.3591277e+08
889.4 99043664
889.5 62712089
889.6 28576473
889.7 16129454
889.8 43766603
889.9 72991970
890 99905464
890.1 1.2387183e+08
890.2 1.4461249e+08
890.3 1.6199845e+08
890.4 1.7601194e+08
890.5 1.8673615e+08
890.6 1.9435271e+08
890.7 1.9914139e+08
890.8 2.0147852e+08
890.9 2.0183046e+08
891 2.0073756e+08
891.1 1.987847e+08
891.2 1.9655611e+08
891.3 1.9457713e+08
891.4 1.93252e+08
891.5 1.928136e+08
891.6 1.9330153e+08
891.7 1.9457758e+08
891.8 1.963741e+08
891.9 1.9836028e+08
892 2.0020987e+08
892.1 2.0165936e+08
892.2 2.0255375e+08
892.3 2.0288166e+08
892.4 2.0280295e+08
892.5 2.0266824e+08
892.6 2.0302384e+08
892.7 2.0458779e+08
892.8 2.0817855e+08
892.9 2.1458771e+08
893 2.2441626e+08
893.1 2.3792789e+08
893.2 2.5497715e+08
893.3 2.7503205e+08
893.4 2.9726213e+08
893.5 3.2064597e+08
893.6 3.4406668e+08
893.7 3.663863e+08
893.8 3.8650241e+08
893.9 4.0339368e+08
894 4.1615941e+08
894.1 4.2405607e+08
894.2 4.2653245e+08
894.3 4.2326417e+08
894.4 4.1418841e+08
894.5 3.9954037e+08
894.6 3.798938e+08
894.7 3.5620941e+08
894.8 3.2989446e+08
894.9 3.0286978e+08
895 2.7761079e+08
895.1 2.5705376e+08
895.2 2.4415689e+08
895.3 2.4098764e+08
895.4 2.4776407e+08
895.5 2.6274477e+08
895.6 2.8312225e+08
895.7 3.0606423e+08
895.8 3.2927311e+08
895.9 3.5110837e+08
896 3.7051538e+08
896.1 3.869095e+08
896.2 4.0006786e+08
896.3 4.1003842e+08
896.4 4.1706463e+08
896.5 4.215219e+08
896.6 4.2386357e+08
896.7 4.2457491e+08
896.8 4.2413468e+08
896.9 4.2298411e+08
897 4.215036e+08
897.1 4.1999749e+08
897.2 4.1868675e+08
897.3 4.1770939e+08
897.4 4.1712712e+08
897.5 4.1693683e+08
897.6 4.1708457e+08
897.7 4.1748032e+08
897.8 4.180117e+08
897.9 4.1855607e+08
898 4.1899036e+08
898.1 4.1919901e+08
898.2 4.190803e+08
898.3 4.1855128e+08
898.4 4.1755171e+08
898.5 4.16047e+08
898.6 4.1403013e+08
898.7 4.115227e+08
898.8 4.0857497e+08
898.9 4.0526498e+08
899 4.0169681e+08
899.1 3.9799777e+08
899.2 3.9431444e+08
899.3 3.9080727e+08
899.4 3.8764364e+08
899.5 3.849892e+08
899.6 3.8299787e+08
899.7 3.8180104e+08
899.8 3.8149698e+08
899.9 3.8214165e+08
900 3.8374207e+08
900.1 3.8625312e+08
900.2 3.8957809e+08
900.3 3.9357289e+08
900.4 3.9805345e+08
900.5 4.0280569e+08
900.6 4.0759788e+08
900.7 4.121951e+08
900.8 4.1637589e+08
900.9 4.1995097e+08
901 4.2278278e+08
901.1 4.2480379e+08
901.2 4.2602983e+08
901.3 4.2656363e+08
901.4 4.265835e+08
901.5 4.2631419e+08
901.6 4.259808e+08
901.7 4.2575282e+08
901.8 4.2569097e+08
901.9 4.2571188e+08
902 4.2558221e+08
902.1 4.2494536e+08
902.2 4.2337397e+08
902.3 4.2043492e+08
902.4 4.1575216e+08
902.5 4.0905679e+08
902.6 4.0021932e+08
902.7 3.8926431e+08
902.8 3.7637075e+08
902.9 3.6186261e+08
903 3.4619326e+08
903.1 3.29926e+08
903.2 3.1371031e+08
903.3 2.9825143e+08
903.4 2.8426881e+08
903.5 2.7243968e+08
903.6 2.6332836e+08
903.7 2.57312e+08
903.8 2.5452392e+08
903.9 2.5483812e+08
904 2.5790526e+08
904.1 2.632277e+08
904.2 2.702462e+08
904.3 2.7841292e+08
904.4 2.8723858e+08
904.5 2.9631409e+08
904.6 3.0531377e+08
904.7 3.1398792e+08
904.8 3.2215089e+08
904.9 3.2966842e+08
905 3.3644643e+08
905.1 3.4242199e+08
905.2 3.4755675e+08
905.3 3.5183246e+08
905.4 3.5524813e+08
905.5 3.5781831e+08
905.6 3.5957203e+08
905.7 3.6055172e+08
905.8 3.6081211e+08
905.9 3.6041861e+08
906 3.5944535e+08
906.1 3.5797278e+08
906.2 3.5608511e+08
906.3 3.5386775e+08
906.4 3.5140486e+08
906.5 3.4877735e+08
906.6 3.4606126e+08
906.7 3.4332674e+08
906.8 3.4063742e+08
906.9 3.3805033e+08
907 3.3561598e+08
907.1 3.3337872e+08
907.2 3.3137704e+08
907.3 3.2964371e+08
907.4 3.2820565e+08
907.5 3.2708342e+08
907.6 3.2629033e+08
907.7 3.2583115e+08
907.8 3.2570068e+08
907.9 3.2588215e+08
908 3.2634585e+08
908.1 3.2704812e+08
908.2 3.2793077e+08
908.3 3.2892128e+08
908.4 3.2993349e+08
908.5 3.3086886e+08
908.6 3.3161808e+08
908.7 3.320627e+08
908.8 3.3207664e+08
908.9 3.3152735e+08
909 3.3027651e+08
909.1 3.2818047e+08
909.2 3.2509044e+08
909.3 3.2085294e+08
909.4 3.1531088e+08
909.5 3.0830579e+08
909.6 2.996818e+08
909.7 2.8929196e+08
909.8 2.7700781e+08
909.9 2.6273324e+08
910 2.4642447e+08
910.1 2.281198e+08
910.2 2.0798592e+08
910.3 1.8639484e+08
910.4 1.6405961e+08
910.5 1.4227922e+08
910.6 1.2333777e+08
910.7 1.10851e+08
910.8 1.0894831e+08
910.9 1.1931837e+08
911 1.3962403e+08
911.1 1.6591604e+08
911.2 1.9485483e+08
911.3 2.2402801e+08
911.4 2.5165406e+08
911.5 2.7634426e+08
911.6 2.9699166e+08
911.7 3.1273886e+08
911.8 3.2298341e+08
911.9 3.2739581e+08
912 3.2593442e+08
912.1 3.1884892e+08
912.2 3.0666784e+08
912.3 2.901704e+08
912.4 2.7034552e+08
912.5 2.4834275e+08
912.6 2.2541955e+08
912.7 2.028851e+08
912.8 1.820328e+08
912.9 1.6404166e+08
913 1.4982291e+08
913.1 1.3982138e+08
913.2 1.3386215e+08
913.3 1.3118067e+08
913.4 1.3066705e+08
913.5 1.3118056e+08
913.6 1.3177153e+08
913.7 1.3176867e+08
913.8 1.307807e+08
913.9 1.2867036e+08
914 1.2553537e+08
914.1 1.2170888e+08
914.2 1.1777634e+08
914.3 1.1458654e+08
914.4 1.1320729e+08
914.5 1.1475982e+08
914.6 1.2012391e+08
914.7 1.2965735e+08
914.8 1.4313293e+08
914.9 1.5991177e+08
915 1.7918232e+08
915.1 2.0012675e+08
915.2 2.219974e+08
915.3 2.4413935e+08
915.4 2.6599157e+08
915.5 2.8708274e+08
915.6 3.0702743e+08
915.7 3.2552362e+08
915.8 3.4235107e+08
915.9 3.5736959e+08
916 3.7051636e+08
916.1 3.8180149e+08
916.2 3.9130124e+08
916.3 3.9914832e+08
916.4 4.0551906e+08
916.5 4.1061761e+08
916.6 4.1465797e+08
916.7 4.1784521e+08
916.8 4.2035798e+08
916.9 4.2233454e+08
917 4.2386437e+08
917.1 4.2498635e+08
917.2 4.2569356e+08
917.3 4.2594305e+08
917.4 4.2566837e+08
917.5 4.2479208e+08
917.6 4.2323619e+08
917.7 4.2092891e+08
917.8 4.1780742e+08
917.9 4.1381687e+08
918 4.0890675e+08
918.1 4.0302554e+08
918.2 3.9611498e+08
918.3 3.881049e+08
918.4 3.7890926e+08
918.5 3.6842415e+08
918.6 3.5652786e+08
918.7 3.4308342e+08
918.8 3.2794363e+08
918.9 3.1095875e+08
919 2.9198693e+08
919.1 2.7090772e+08
919.2 2.4763939e+08
919.3 2.2216212e+08
919.4 1.9455223e+08
919.5 1.6504244e+08
919.6 1.3415381e+08
919.7 1.0305707e+08
919.8 74763056
919.9 57674421
920 64439565
920.1 90802908
920.2 1.249138e+08
920.3 1.6132982e+08
920.4 1.9777632e+08
920.5 2.3299006e+08
920.6 2.6609784e+08
920.7 2.964386e+08
920.8 3.2351366e+08
920.9 3.4697626e+08
921 3.666315e+08
921.1 3.8243518e+08
921.2 3.9448683e+08
921.3 4.030153e+08
921.4 4.0835715e+08
921.5 4.1092954e+08
921.6 4.1119986e+08
921.7 4.0965521e+08
921.8 4.0677444e+08
921.9 4.0300507e+08
922 3.9874665e+08
922.1 3.9434088e+08
922.2 3.9006793e+08
922.3 3.861476e+08
922.4 3.8274349e+08
922.5 3.7996863e+08
922.6 3.7789127e+08
922.7 3.7654022e+08
922.8 3.7590994e+08
922.9 3.7596547e+08
923 3.766478e+08
923.1 3.7787969e+08
923.2 3.7957186e+08
923.3 3.8162903e+08
923.4 3.8395536e+08
923.5 3.8645879e+08
923.6 3.8905402e+08
923.7 3.9166418e+08
923.8 3.9422139e+08
923.9 3.9666652e+08
924 3.9894873e+08
924.1 4.0102492e+08
924.2 4.0285954e+08
924.3 4.0442453e+08
924.4 4.0569936e+08
924.5 4.0667055e+08
924.6 4.0733022e+08
924.7 4.0767326e+08
924.8 4.0769307e+08
924.9 4.0737635e+08
925 4.0669771e+08
925.1 4.0561557e+08
925.2 4.040703e+08
925.3 4.0198547e+08
925.4 3.9927272e+08
925.5 3.9583976e+08
925.6 3.9160097e+08
925.7 3.8648929e+08
925.8 3.804684e+08
925.9 3.7354363e+08
926 3.6577058e+08
926.1 3.5726e+08
926.2 3.4817798e+08
926.3 3.3874059e+08
926.4 3.2920247e+08
926.5 3.1983964e+08
926.6 3.1092769e+08
926.7 3.0271758e+08
926.8 2.9541263e+08
926.9 2.8915039e+08
927 2.8399305e+08
927.1 2.7992832e+08
927.2 2.7688001e+08
927.3 2.747257e+08
927.4 2.7331703e+08
927.5 2.7249845e+08
927.6 2.721216e+08
927.7 2.7205388e+08
927.8 2.7218182e+08
927.9 2.7241033e+08
928 2.7265989e+08
928.1 2.7286292e+08
928.2 2.7296087e+08
928.3 2.7290233e+08
928.4 2.7264248e+08
928.5 2.7214357e+08
928.6 2.7137594e+08
928.7 2.7031912e+08
928.8 2.6896252e+08
928.9 2.6730554e+08
929 2.6535698e+08
929.1 2.631338e+08
929.2 2.6065944e+08
929.3 2.5796195e+08
929.4 2.5507205e+08
929.5 2.5202143e+08
929.6 2.4884133e+08
929.7 2.4556153e+08
929.8 2.4220968e+08
929.9 2.3881112e+08
930 2.3538892e+08
930.1 2.3196433e+08
930.2 2.285574e+08
930.3 2.2518776e+08
930.4 2.2187551e+08
930.5 2.18642e+08
930.6 2.1551051e+08
930.7 2.1250661e+08
930.8 2.0965815e+08
930.9 2.0699473e+08
931 2.045466e+08
931.1 2.0234299e+08
931.2 2.0041004e+08
931.3 1.9876833e+08
931.4 1.9743038e+08
931.5 1.9639835e+08
931.6 1.9566217e+08
931.7 1.9519837e+08
931.8 1.9496973e+08
931.9 1.9492577e+08
932 1.9500387e+08
932.1 1.9513111e+08
932.2 1.9522634e+08
932.3 1.9520262e+08
932.4 1.9496979e+08
932.5 1.9443733e+08
932.6 1.9351752e+08
932.7 1.9212914e+08
932.8 1.9020168e+08
932.9 1.8768012e+08
933 1.8452996e+08
933.1 1.8074213e+08
933.2 1.7633707e+08
933.3 1.7136744e+08
933.4 1.6591849e+08
933.5 1.6010585e+08
933.6 1.5407032e+08
933.7 1.4796975e+08
933.8 1.4196874e+08
933.9 1.3622683e+08
934 1.3088657e+08
934.1 1.2606276e+08
934.2 1.2183435e+08
934.3 1.1824014e+08
934.4 1.15279e+08
934.5 1.1291437e+08
934.6 1.1108238e+08
934.7 1.0970203e+08
934.8 1.0868615e+08
934.9 1.0795165e+08
935 1.074285e+08
935.1 1.0706701e+08
935.2 1.0684329e+08
935.3 1.0676316e+08
935.4 1.0686433e+08
935.5 1.0721693e+08
935.6 1.0792185e+08
935.7 1.0910624e+08
935.8 1.1091579e+08
935.9 1.1350318e+08
936 1.1701358e+08
936.1 1.2156899e+08
936.2 1.2725389e+08
936.3 1.3410513e+08
936.4 1.421074e+08
936.5 1.5119449e+08
936.6 1.6125476e+08
936.7 1.7213919e+08
936.8 1.8367042e+08
936.9 1.956518e+08
937 2.078762e+08
937.1 2.2013442e+08
937.2 2.322232e+08
937.3 2.4395285e+08
937.4 2.5515413e+08
937.5 2.6568418e+08
937.6 2.7543098e+08
937.7 2.8431606e+08
937.8 2.9229511e+08
937.9 2.9935655e+08
938 3.0551804e+08
938.1 3.1082159e+08
938.2 3.1532764e+08
938.3 3.1910937e+08
938.4 3.2224768e+08
938.5 3.2482818e+08
938.6 3.2694068e+08
938.7 3.2868164e+08
938.8 3.3015942e+08
938.9 3.3150147e+08
939 3.3286147e+08
939.1 3.3442369e+08
939.2 3.364011e+08
939.3 3.3902372e+08
939.4 3.4251556e+08
939.5 3.4706131e+08
939.6 3.5276803e+08
939.7 3.5963112e+08
939.8 3.6751407e+08
939.9 3.7614949e+08
940 3.8516241e+08
940.1 3.9411096e+08
940.2 4.0253557e+08
940.3 4.1000719e+08
940.4 4.1616701e+08
940.5 4.2075361e+08
940.6 4.2361642e+08
940.7 4.2471694e+08
940.8 4.2412004e+08
940.9 4.2197845e+08
941 4.1851321e+08
941.1 4.1399251e+08
941.2 4.0871052e+08
941.3 4.0296764e+08
941.4 3.9705305e+08
941.5 3.9122999e+08
941.6 3.8572433e+08
941.7 3.8071659e+08
941.8 3.7633763e+08
941.9 3.7266774e+08
942 3.697391e+08
942.1 3.6754075e+08
942.2 3.6602571e+08
942.3 3.6511921e+08
942.4 3.647273e+08
942.5 3.6474529e+08
942.6 3.6506537e+08
942.7 3.6558321e+08
942.8 3.6620328e+08
942.9 3.6684299e+08
943 3.6743558e+08
943.1 3.6793192e+08
943.2 3.6830139e+08
943.3 3.6853189e+08
943.4 3.6862907e+08
943.5 3.6861499e+08
943.6 3.6852611e+08
943.7 3.6841069e+08
943.8 3.6832564e+08
943.9 3.6833281e+08
944 3.6849471e+08
944.1 3.6886989e+08
944.2 3.6950827e+08
944.3 3.7044675e+08
944.4 3.7170556e+08
944.5 3.7328609e+08
944.6 3.7517029e+08
944.7 3.7732198e+08
944.8 3.7968998e+08
944.9 3.8221245e+08
945 3.8482203e+08
945.1 3.8745098e+08
945.2 3.9003578e+08
945.3 3.9252061e+08
945.4 3.9485976e+08
945.5 3.9701869e+08
945.6 3.9897405e+08
945.7 4.00713e+08
945.8 4.0223187e+08
945.9 4.0353476e+08
946 4.0463201e+08
946.1 4.0553886e+08
946.2 4.0627431e+08
946.3 4.068602e+08
946.4 4.0732043e+08
946.5 4.0768026e+08
946.6 4.0796563e+08
946.7 4.0820242e+08
946.8 4.0841546e+08
946.9 4.0862756e+08
947 4.0885827e+08
947.1 4.0912269e+08
947.2 4.0943036e+08
947.3 4.0978435e+08
947.4 4.1018069e+08
947.5 4.1060827e+08
947.6 4.1104925e+08
947.7 4.1147997e+08
947.8 4.1187229e+08
947.9 4.1219532e+08
948 4.1241727e+08
948.1 4.1250735e+08
948.2 4.1243753e+08
948.3 4.1218389e+08
948.4 4.1172751e+08
948.5 4.1105478e+08
948.6 4.1015704e+08
948.7 4.0902975e+08
948.8 4.0767129e+08
948.9 4.0608158e+08
949 4.0426094e+08
949.1 4.0220934e+08
949.2 3.9992633e+08
949.3 3.9741171e+08
949.4 3.9466691e+08
949.5 3.91697e+08
949.6 3.8851282e+08
949.7 3.8513319e+08
949.8 3.8158652e+08
949.9 3.779117e+08
950 3.7415801e+08
950.1 3.703839e+08
950.2 3.6665492e+08
950.3 3.6304078e+08
950.4 3.5961204e+08
950.5 3.5643659e+08
950.6 3.5357645e+08
950.7 3.5108486e+08
950.8 3.4900402e+08
950.9 3.4736358e+08
951 3.461798e+08
951.1 3.4545558e+08
951.2 3.4518115e+08
951.3 3.453354e+08
951.4 3.458877e+08
951.5 3.4680001e+08
951.6 3.480291e+08
951.7 3.4952865e+08
951.8 3.5125113e+08
951.9 3.531493e+08
952 3.5517741e+08
952.1 3.572919e+08
952.2 3.5945186e+08
952.3 3.6161913e+08
952.4 3.637581e+08
952.5 3.6583544e+08
952.6 3.6781941e+08
952.7 3.6967918e+08
952.8 3.7138381e+08
952.9 3.7290112e+08
953 3.7419633e+08
953.1 3.7523053e+08
953.2 3.759591e+08
953.3 3.7632997e+08
953.4 3.7628201e+08
953.5 3.7574349e+08
953.6 3.74631e+08
953.7 3.7284878e+08
953.8 3.7028898e+08
953.9 3.6683304e+08
954 3.6235463e+08
954.1 3.5672475e+08
954.2 3.4981943e+08
954.3 3.4153081e+08
954.4 3.3178218e+08
954.5 3.205476e+08
954.6 3.0787658e+08
954.7 2.9392371e+08
954.8 2.7898221e+08
954.9 2.6351819e+08
955 2.4819787e+08
955.1 2.3389143e+08
955.2 2.2162541e+08
955.3 2.1244826e+08
955.4 2.071961e+08
955.5 2.0621878e+08
955.6 2.0920887e+08
955.7 2.1525284e+08
955.8 2.2307544e+08
955.9 2.3133412e+08
956 2.388474e+08
956.1 2.4473027e+08
956.2 2.4846145e+08
956.3 2.4991262e+08
956.4 2.4935602e+08
956.5 2.4745084e+08
956.6 2.4519521e+08
956.7 2.4381976e+08
956.8 2.4460136e+08
956.9 2.4860818e+08
957 2.5644757e+08
957.1 2.6812794e+08
957.2 2.8310034e+08
957.3 3.0044046e+08
957.4 3.1906899e+08
957.5 3.3792953e+08
957.6 3.5609852e+08
957.7 3.7283755e+08
957.8 3.8760817e+08
957.9 4.0006543e+08
958 4.1004022e+08
958.1 4.1751598e+08
958.2 4.2260298e+08
958.3 4.2551171e+08
958.4 4.2652667e+08
958.5 4.2598137e+08
958.6 4.2423511e+08
958.7 4.2165212e+08
958.8 4.1858338e+08
958.9 4.1535128e+08
959 4.1223745e+08
959.1 4.0947352e+08
959.2 4.0723506e+08
959.3 4.0563831e+08
959.4 4.0473975e+08
959.5 4.0453803e+08
959.6 4.0497823e+08
959.7 4.0595783e+08
959.8 4.0733448e+08
959.9 4.0893491e+08
960 4.1056516e+08
960.1 4.1202168e+08
960.2 4.1310304e+08
960.3 4.1362211e+08
960.4 4.1341793e+08
960.5 4.1236691e+08
960.6 4.1039239e+08
960.7 4.0747179e+08
960.8 4.0364049e+08
960.9 3.9899189e+08
961 3.9367305e+08
961.1 3.8787598e+08
961.2 3.8182498e+08
961.3 3.7576091e+08
961.4 3.6992362e+08
961.5 3.6453421e+08
961.6 3.5977887e+08
961.7 3.5579595e+08
961.8 3.5266765e+08
961.9 3.5041709e+08
962 3.4901096e+08
962.1 3.4836708e+08
962.2 3.4836585e+08
962.3 3.4886406e+08
962.4 3.4970931e+08
962.5 3.5075367e+08
962.6 3.5186503e+08
962.7 3.5293539e+08
962.8 3.5388551e+08
962.9 3.5466592e+08
963 3.5525484e+08
963.1 3.556538e+08
963.2 3.5588177e+08
963.3 3.5596891e+08
963.4 3.5595033e+08
963.5 3.5586036e+08
963.6 3.5572738e+08
963.7 3.5556905e+08
963.8 3.5538798e+08
963.9 3.5516794e+08
964 3.5487085e+08
964.1 3.5443525e+08
964.2 3.5377681e+08
964.3 3.5279139e+08
964.4 3.5136106e+08
964.5 3.4936287e+08
964.6 3.4667987e+08
964.7 3.4321358e+08
964.8 3.3889667e+08
964.9 3.3370472e+08
965 3.27666e+08
965.1 3.2086804e+08
965.2 3.1346041e+08
965.3 3.0565262e+08
965.4 2.977066e+08
965.5 2.8992306e+08
965.6 2.826215e+08
965.7 2.7611448e+08
965.8 2.7067812e+08
965.9 2.6652277e+08
966 2.6376902e+08
966.1 2.6243463e+08
966.2 2.6243558e+08
966.3 2.6360095e+08
966.4 2.6569761e+08
966.5 2.6845825e+08
966.6 2.7160686e+08
966.7 2.7487755e+08
966.8 2.780252e+08
966.9 2.8082836e+08
967 2.8308621e+08
967.1 2.8461193e+08
967.2 2.8522475e+08
967.3 2.84743e+08
967.4 2.8297997e+08
967.5 2.7974393e+08
967.6 2.7484339e+08
967.7 2.6809758e+08
967.8 2.59352e+08
967.9 2.4849787e+08
968 2.3549412e+08
968.1 2.2039039e+08
968.2 2.0335025e+08
968.3 1.8467514e+08
968.4 1.6483295e+08
968.5 1.4449936e+08
968.6 1.2462664e+08
968.7 1.0655044e+08
968.8 92084449
968.9 83324316
969 81671738
969.1 86577847
969.2 95817320
969.3 1.0696162e+08
969.4 1.1819637e+08
969.5 1.2833898e+08
969.6 1.3664302e+08
969.7 1.4263766e+08
969.8 1.4602846e+08
969.9 1.4663992e+08
970 1.4438347e+08
970.1 1.392411e+08
970.2 1.3125976e+08
970.3 1.2055421e+08
970.4 1.0731793e+08
970.5 91845652
970.6 74582638
970.7 56263140
970.8 38436597
970.9 25833471
971 28579007
971.1 43629440
971.2 61652494
971.3 79326514
971.4 95403232
971.5 1.0923122e+08
971.6 1.2044837e+08
971.7 1.2890692e+08
971.8 1.346461e+08
971.9 1.378694e+08
972 1.3891536e+08
972.1 1.3822023e+08
972.2 1.3627434e+08
972.3 1.3357566e+08
972.4 1.3058497e+08
972.5 1.2768808e+08
972.6 1.2517133e+08
972.7 1.2321525e+08
972.8 1.2190839e+08
972.9 1.2127759e+08
973 1.2132656e+08
973.1 1.2207257e+08
973.2 1.2357248e+08
973.3 1.2593301e+08
973.4 1.2930378e+08
973.5 1.3385555e+08
973.6 1.397495e+08
973.7 1.4710576e+08
973.8 1.5597921e+08
973.9 1.6634759e+08
974 1.7811192e+08
974.1 1.911058e+08
974.2 2.0510876e+08
974.3 2.1986003e+08
974.4 2.3507095e+08
974.5 2.5043612e+08
974.6 2.6564382e+08
974.7 2.8038678e+08
974.8 2.943737e+08
974.9 3.0734158e+08
975 3.1906806e+08
975.1 3.2938281e+08
975.2 3.381763e+08
975.3 3.4540475e+08
975.4 3.5109008e+08
975.5 3.5531449e+08
975.6 3.5821015e+08
975.7 3.599449e+08
975.8 3.6070585e+08
975.9 3.606826e+08
976 3.60052e+08
976.1 3.589657e+08
976.2 3.5754139e+08
976.3 3.5585808e+08
976.4 3.5395511e+08
976.5 3.5183461e+08
976.6 3.4946669e+08
976.7 3.4679697e+08
976.8 3.4375593e+08
976.9 3.4026971e+08
977 3.3627229e+08
977.1 3.3171865e+08
977.2 3.2659865e+08
977.3 3.2095104e+08
977.4 3.1487623e+08
977.5 3.0854594e+08
977.6 3.0220635e+08
977.7 2.9617071e+08
977.8 2.9079642e+08
977.9 2.8644369e+08
978 2.8341685e+08
978.1 2.818972e+08
978.2 2.8188381e+08
978.3 2.831616e+08
978.4 2.8530972e+08
978.5 2.8775029e+08
978.6 2.8982484e+08
978.7 2.9088011e+08
978.8 2.9034677e+08
978.9 2.8780068e+08
979 2.8300184e+08
979.1 2.7591073e+08
979.2 2.6668395e+08
979.3 2.5565288e+08
979.4 2.4328968e+08
979.5 2.3016494e+08
979.6 2.1690092e+08
979.7 2.0412281e+08
979.8 1.9240963e+08
979.9 1.8224629e+08
980 1.7398084e+08
980.1 1.6779416e+08
980.2 1.636919e+08
980.3 1.615245e+08
980.4 1.6103156e+08
980.5 1.6189742e+08
980.6 1.6380222e+08
980.7 1.664583e+08
980.8 1.6962969e+08
980.9 1.7313824e+08
981 1.7686113e+08
981.1 1.8072458e+08
981.2 1.8469603e+08
981.3 1.8877638e+08
981.4 1.9299245e+08
981.5 1.9738918e+08
981.6 2.0202132e+08
981.7 2.0694385e+08
981.8 2.1220109e+08
981.9 2.1781471e+08
982 2.2377149e+08
982.1 2.30012e+08
982.2 2.3642196e+08
982.3 2.4282776e+08
982.4 2.4899747e+08
982.5 2.5464788e+08
982.6 2.5945758e+08
982.7 2.6308525e+08
982.8 2.6519173e+08
982.9 2.654644e+08
983 2.636422e+08
983.1 2.5954018e+08
983.2 2.530733e+08
983.3 2.4428026e+08
983.4 2.3334982e+08
983.5 2.2065353e+08
983.6 2.0678972e+08
983.7 1.926412e+08
983.8 1.7943632e+08
983.9 1.6876606e+08
984 1.6244608e+08
984.1 1.6209863e+08
984.2 1.6854759e+08
984.3 1.8147552e+08
984.4 1.9966238e+08
984.5 2.2152816e+08
984.6 2.4554441e+08
984.7 2.7040136e+08
984.8 2.9502887e+08
984.9 3.1856925e+08
985 3.4034677e+08
985.1 3.5984604e+08
985.2 3.7669849e+08
985.3 3.9067298e+08
985.4 4.0166698e+08
985.5 4.0969565e+08
985.6 4.1487773e+08
985.7 4.1741812e+08
985.8 4.1758809e+08
985.9 4.1570447e+08
986 4.1210935e+08
986.1 4.0715154e+08
986.2 4.011706e+08
986.3 3.9448401e+08
986.4 3.8737732e+08
986.5 3.8009721e+08
986.6 3.7284733e+08
986.7 3.6578676e+08
986.8 3.5903113e+08
986.9 3.5265645e+08
987 3.4670532e+08
987.1 3.4119524e+08
987.2 3.361279e+08
987.3 3.3149863e+08
987.4 3.2730461e+08
987.5 3.2355089e+08
987.6 3.2025354e+08
987.7 3.1743965e+08
987.8 3.1514441e+08
987.9 3.1340595e+08
988 3.1225889e+08
988.1 3.1172783e+08
988.2 3.1182172e+08
988.3 3.1253031e+08
988.4 3.1382307e+08
988.5 3.1565088e+08
988.6 3.1795026e+08
988.7 3.2064943e+08
988.8 3.2367562e+08
988.9 3.2696256e+08
989 3.3045736e+08
989.1 3.3412595e+08
989.2 3.379565e+08
989.3 3.4195991e+08
989.4 3.4616717e+08
989.5 3.5062316e+08
989.6 3.553769e+08
989.7 3.6046895e+08
989.8 3.6591703e+08
989.9 3.7170154e+08
990 3.7775341e+08
990.1 3.8394618e+08
990.2 3.9009419e+08
990.3 3.959577e+08
990.4 4.0125465e+08
990.5 4.0567796e+08
990.6 4.0891614e+08
990.7 4.1067529e+08
990.8 4.1069993e+08
990.9 4.0879113e+08
991 4.0482046e+08
991.1 3.9873908e+08
991.2 3.9058187e+08
991.3 3.8046665e+08
991.4 3.6858935e+08
991.5 3.5521561e+08
991.6 3.4066978e+08
991.7 3.2532185e+08
991.8 3.0957293e+08
991.9 2.9383928e+08
992 2.7853498e+08
992.1 2.6405279e+08
992.2 2.507435e+08
992.3 2.3889423e+08
992.4 2.2870792e+08
992.5 2.2028754e+08
992.6 2.1362916e+08
992.7 2.0862731e+08
992.8 2.0509281e+08
992.9 2.0277991e+08
993 2.0141664e+08
993.1 2.0073265e+08
993.2 2.0048036e+08
993.3 2.0044809e+08
993.4 2.0046608e+08
993.5 2.0040738e+08
993.6 2.0018555e+08
993.7 1.9975106e+08
993.8 1.9908748e+08
993.9 1.9820775e+08
994 1.9715059e+08
994.1 1.959763e+08
994.2 1.9476156e+08
994.3 1.9359253e+08
994.4 1.9255622e+08
994.5 1.9173072e+08
994.6 1.9117516e+08
994.7 1.9092112e+08
994.8 1.9096712e+08
994.9 1.912774e+08
995 1.9178566e+08
995.1 1.9240324e+08
995.2 1.9303071e+08
995.3 1.9357099e+08
995.4 1.9394202e+08
995.5 1.9408755e+08
995.6 1.939843e+08
995.7 1.9364497e+08
995.8 1.9311662e+08
995.9 1.9247458e+08
996 1.9181266e+08
996.1 1.9123078e+08
996.2 1.9082172e+08
996.3 1.9065868e+08
996.4 1.9078555e+08
996.5 1.9121131e+08
996.6 1.9190907e+08
996.7 1.9281986e+08
996.8 1.9386013e+08
996.9 1.9493175e+08
997 1.9593316e+08
997.1 1.9677061e+08
997.2 1.9736859e+08
997.3 1.9767906e+08
997.4 1.9768903e+08
997.5 1.9742598e+08
997.6 1.9696021e+08
997.7 1.964032e+08
997.8 1.9590031e+08
997.9 1.9561671e+08
998 1.957161e+08
998.1 1.9633369e+08
998.2 1.9754761e+08
998.3 1.9935453e+08
998.4 2.0165652e+08
998.5 2.0426334e+08
998.6 2.06911e+08
998.7 2.0929279e+08
998.8 2.1109688e+08
998.9 2.1204365e+08
999 2.1191764e+08
999.1 2.1059057e+08
999.2 2.0803408e+08
999.3 2.0432222e+08
999.4 1.9962499e+08
999.5 1.9419498e+08
999.6 1.8834943e+08
999.7 1.8245031e+08
999.8 1.7688422e+08
999.9 1.7204399e+08
1000 1.6831273e+08

